annotation_id,label,cell_id,image
1,,21,Data_MC/images/PP_RBCs_NPs_1-10_4_3hrs_4.tif
2,Healthy,32,Data_MC/images/PP_RBCs_NPs_1-200_2_3hrs_4.tif
3,Healthy,17,Data_MC/images/PS_RBCs_NPs_1-50_3_15hrs_3.tif
4,Healthy,33,Data_MC/images/PS_RBCs_NPs_1-10_5_3hrs_2.tif
5,,25,Data_MC/images/PS_RBCs_control_3_15hrs_1.tif
6,Healthy,75,Data_MC/images/PE_RBCs_control_6_3hrs_2.tif
7,Healthy,20,Data_MC/images/PE_RBCs_NPs_1-200_4_3hrs_1.tif
8,Healthy,48,Data_MC/images/PP_RBCs_NPs_1-10_3_3hrs_2.tif
9,,20,Data_MC/images/PS_RBCs_NPs_1-20_1_3hrs_4.tif
10,Stressed,34,Data_MC/images/PE_RBCs_NPs_1-10_5_3hrs_1.tif
11,Healthy,32,Data_MC/images/PE_RBCs_NPs_1-50_4_3hrs_4.tif
12,Healthy,26,Data_MC/images/PP_RBCs_control_3_15hrs_1.tif
13,Stressed,3,Data_MC/images/PE_RBCs_NPs_1-50_2_3hrs_4.tif
14,Healthy,37,Data_MC/images/PP_RBCs_NPs_1-20_1_3hrs_4.tif
15,,22,Data_MC/images/PP_RBCs_NPs_1-50_2_3hrs_2.tif
16,Healthy,12,Data_MC/images/PS_RBCs_control_3_3hrs_4.tif
17,Healthy,23,Data_MC/images/PP_RBCs_control_4_15hrs_1.tif
18,,74,Data_MC/images/PP_RBCs_NPs_1-20_6_3hrs_4.tif
19,Healthy,24,Data_MC/images/PE_RBCs_NPs_1-50_2_3hrs_2.tif
20,Healthy,12,Data_MC/images/PE_RBCs_control_6_15hrs_3.tif
21,Dead,67,Data_MC/images/PS_RBCs_NPs_1-200_2_15hrs_3.tif
22,Dead,25,Data_MC/images/PS_RBCs_NPs_1-10_5_15hrs_3.tif
23,Dead,22,Data_MC/images/PE_RBCs_NPs_1-10_4_15hrs_1.tif
24,Dead,41,Data_MC/images/PS_RBCs_NPs_1-200_3_15hrs_4.tif
25,Stressed,21,Data_MC/images/PP_RBCs_NPs_1-200_1_3hrs_4.tif
26,Crenated,75,Data_MC/images/PP_RBCs_NPs_1-20_1_3hrs_3.tif
27,Stressed,18,Data_MC/images/PS_RBCs_NPs_1-10_4_3hrs_1.tif
28,Healthy,13,Data_MC/images/PP_RBCs_NPs_1-10_2_3hrs_2.tif
29,Stressed,14,Data_MC/images/PE_RBCs_NPs_1-200_4_3hrs_2.tif
30,Dead,66,Data_MC/images/PE_RBCs_control_1_15hrs_3.tif
31,Stressed,34,Data_MC/images/PP_RBCs_NPs_1-10_7_3hrs_4.tif
32,Dead,47,Data_MC/images/PP_RBCs_NPs_1-20_4_15hrs_1.tif
33,Healthy,62,Data_MC/images/PP_RBCs_NPs_1-200_2_3hrs_2.tif
34,,29,Data_MC/images/PE_RBCs_NPs_1-20_6_15hrs_4.tif
35,,21,Data_MC/images/PE_RBCs_NPs_1-20_6_3hrs_2.tif
36,Healthy,21,Data_MC/images/PE_RBCs_NPs_1-200_1_15hrs_3.tif
37,Healthy,78,Data_MC/images/PP_RBCs_NPs_1-20_3_3hrs_1.tif
38,,81,Data_MC/images/PE_RBCs_NPs_1-20_4_15hrs_1.tif
39,Healthy,44,Data_MC/images/PS_RBCs_NPs_1-10_5_3hrs_1.tif
40,,33,Data_MC/images/PP_RBCs_NPs_1-50_4_3hrs_1.tif
41,Healthy,1,Data_MC/images/PE_RBCs_NPs_1-10_3_3hrs_2.tif
42,Stressed,36,Data_MC/images/PP_RBCs_control_6_3hrs_1.tif
43,,20,Data_MC/images/PE_RBCs_control_4_3hrs_3.tif
44,Healthy,57,Data_MC/images/PP_RBCs_NPs_1-10_6_3hrs_2.tif
45,Dead,50,Data_MC/images/PS_RBCs_control_4_15hrs_3.tif
46,,103,Data_MC/images/PP_RBCs_NPs_1-200_4_15hrs_2.tif
47,Dead,40,Data_MC/images/PP_RBCs_NPs_1-200_6_15hrs_2.tif
48,Stressed,34,Data_MC/images/PP_RBCs_NPs_1-10_1_3hrs_1.tif
49,Crenated,87,Data_MC/images/PP_RBCs_NPs_1-10_7_3hrs_1.tif
50,Crenated,65,Data_MC/images/PP_RBCs_control_2_3hrs_4.tif
51,,51,Data_MC/images/PE_RBCs_control_4_3hrs_2.tif
52,Healthy,31,Data_MC/images/PS_RBCs_NPs_1-50_3_15hrs_1.tif
53,Dead,8,Data_MC/images/PE_RBCs_NPs_1-10_3_15hrs_4.tif
54,Healthy,8,Data_MC/images/PP_RBCs_NPs_1-50_3_15hrs_3.tif
55,Healthy,12,Data_MC/images/PE_RBCs_control_1_3hrs_1.tif
56,Healthy,39,Data_MC/images/PE_RBCs_control_4_3hrs_1.tif
57,Crenated,39,Data_MC/images/PE_RBCs_NPs_1-20_7_15hrs_2.tif
58,Dead,63,Data_MC/images/PS_RBCs_NPs_1-50_2_15hrs_2.tif
59,,132,Data_MC/images/PS_RBCs_NPs_1-200_5_15hrs_1.tif
60,Dead,74,Data_MC/images/PS_RBCs_NPs_1-50_2_15hrs_1.tif
61,Healthy,48,Data_MC/images/PS_RBCs_NPs_1-20_2_3hrs_2.tif
62,Healthy,55,Data_MC/images/PS_RBCs_control_4_3hrs_3.tif
63,Healthy,15,Data_MC/images/PP_RBCs_NPs_1-50_2_3hrs_2.tif
64,Healthy,43,Data_MC/images/PS_RBCs_NPs_1-50_1_3hrs_1.tif
65,Healthy,68,Data_MC/images/PP_RBCs_control_2_3hrs_1.tif
66,Healthy,25,Data_MC/images/PE_RBCs_control_4_15hrs_1.tif
67,Healthy,70,Data_MC/images/PP_RBCs_control_2_3hrs_2.tif
68,Stressed,26,Data_MC/images/PE_RBCs_NPs_1-50_1_15hrs_4.tif
69,Healthy,36,Data_MC/images/PS_RBCs_NPs_1-20_3_3hrs_3.tif
70,Healthy,3,Data_MC/images/PE_RBCs_NPs_1-200_3_15hrs_4.tif
71,Healthy,23,Data_MC/images/PS_RBCs_NPs_1-50_2_3hrs_2.tif
72,Healthy,42,Data_MC/images/PE_RBCs_NPs_1-200_3_3hrs_1.tif
73,Crenated,112,Data_MC/images/PP_RBCs_control_3_3hrs_3.tif
74,,24,Data_MC/images/PE_RBCs_NPs_1-20_5_3hrs_2.tif
75,Healthy,78,Data_MC/images/PP_RBCs_NPs_1-10_5_3hrs_4.tif
76,,60,Data_MC/images/PS_RBCs_control_2_3hrs_3.tif
77,Healthy,6,Data_MC/images/PP_RBCs_NPs_1-50_1_3hrs_2.tif
78,Dead,17,Data_MC/images/PE_RBCs_NPs_1-10_4_15hrs_4.tif
79,Stressed,16,Data_MC/images/PP_RBCs_control_5_3hrs_4.tif
80,Healthy,87,Data_MC/images/PE_RBCs_control_4_3hrs_2.tif
81,Dead,36,Data_MC/images/PP_RBCs_NPs_1-20_2_15hrs_2.tif
82,Healthy,26,Data_MC/images/PE_RBCs_control_6_15hrs_2.tif
83,Healthy,49,Data_MC/images/PP_RBCs_NPs_1-20_4_3hrs_1.tif
84,Stressed,11,Data_MC/images/PP_RBCs_NPs_1-20_5_15hrs_2.tif
85,Stressed,19,Data_MC/images/PS_RBCs_NPs_1-10_1_3hrs_4.tif
86,Healthy,2,Data_MC/images/PE_RBCs_control_2_3hrs_2.tif
87,Dead,30,Data_MC/images/PP_RBCs_NPs_1-20_2_15hrs_4.tif
88,Stressed,22,Data_MC/images/PS_RBCs_NPs_1-50_6_3hrs_3.tif
89,Healthy,77,Data_MC/images/PS_RBCs_NPs_1-20_5_3hrs_2.tif
90,,68,Data_MC/images/PE_RBCs_NPs_1-50_3_15hrs_1.tif
91,Healthy,40,Data_MC/images/PS_RBCs_control_3_3hrs_3.tif
92,Healthy,46,Data_MC/images/PE_RBCs_NPs_1-50_1_3hrs_3.tif
93,Stressed,2,Data_MC/images/PS_RBCs_NPs_1-10_2_3hrs_4.tif
94,Healthy,41,Data_MC/images/PS_RBCs_NPs_1-10_5_3hrs_3.tif
95,,50,Data_MC/images/PS_RBCs_NPs_1-10_4_15hrs_4.tif
96,Healthy,7,Data_MC/images/PP_RBCs_control_3_15hrs_1.tif
97,Crenated,61,Data_MC/images/PS_RBCs_NPs_1-200_4_3hrs_3.tif
98,Healthy,59,Data_MC/images/PE_RBCs_NPs_1-200_2_3hrs_2.tif
99,Dead,47,Data_MC/images/PS_RBCs_NPs_1-200_5_15hrs_2.tif
100,Dead,78,Data_MC/images/PS_RBCs_NPs_1-50_6_15hrs_2.tif
101,Healthy,30,Data_MC/images/PE_RBCs_NPs_1-50_1_3hrs_3.tif
102,Healthy,45,Data_MC/images/PE_RBCs_NPs_1-20_2_3hrs_1.tif
103,Stressed,60,Data_MC/images/PP_RBCs_NPs_1-10_7_3hrs_2.tif
104,Dead,52,Data_MC/images/PE_RBCs_NPs_1-200_6_15hrs_3.tif
105,Healthy,21,Data_MC/images/PE_RBCs_NPs_1-50_2_3hrs_2.tif
106,Healthy,16,Data_MC/images/PP_RBCs_NPs_1-50_6_15hrs_2.tif
107,Healthy,60,Data_MC/images/PS_RBCs_NPs_1-20_3_3hrs_4.tif
108,Stressed,10,Data_MC/images/PP_RBCs_NPs_1-200_5_15hrs_3.tif
109,Healthy,48,Data_MC/images/PS_RBCs_NPs_1-20_4_3hrs_1.tif
110,,24,Data_MC/images/PE_RBCs_NPs_1-50_6_15hrs_3.tif
111,Dead,60,Data_MC/images/PS_RBCs_NPs_1-50_6_15hrs_3.tif
112,Healthy,1,Data_MC/images/PP_RBCs_NPs_1-50_1_3hrs_1.tif
113,Healthy,26,Data_MC/images/PP_RBCs_control_6_15hrs_2.tif
114,,48,Data_MC/images/PP_RBCs_NPs_1-200_3_3hrs_1.tif
115,,82,Data_MC/images/PS_RBCs_NPs_1-10_5_15hrs_4.tif
116,Healthy,3,Data_MC/images/PP_RBCs_NPs_1-20_4_15hrs_2.tif
117,Healthy,22,Data_MC/images/PP_RBCs_NPs_1-10_3_3hrs_1.tif
118,Healthy,16,Data_MC/images/PS_RBCs_NPs_1-20_6_15hrs_3.tif
119,Crenated,69,Data_MC/images/PE_RBCs_NPs_1-20_2_3hrs_2.tif
120,Healthy,9,Data_MC/images/PP_RBCs_NPs_1-10_2_3hrs_3.tif
121,Dead,66,Data_MC/images/PE_RBCs_control_1_15hrs_4.tif
122,Stressed,6,Data_MC/images/PP_RBCs_NPs_1-10_5_3hrs_1.tif
123,Stressed,5,Data_MC/images/PS_RBCs_NPs_1-200_1_3hrs_4.tif
124,Dead,48,Data_MC/images/PS_RBCs_NPs_1-10_3_15hrs_4.tif
125,Healthy,63,Data_MC/images/PE_RBCs_control_2_15hrs_2.tif
126,Dead,23,Data_MC/images/PP_RBCs_NPs_1-20_6_15hrs_2.tif
127,Dead,65,Data_MC/images/PS_RBCs_NPs_1-50_6_15hrs_4.tif
128,,10,Data_MC/images/PE_RBCs_control_5_3hrs_3.tif
129,Healthy,43,Data_MC/images/PP_RBCs_NPs_1-50_6_3hrs_4.tif
130,Dead,66,Data_MC/images/PS_RBCs_control_1_15hrs_1.tif
131,Stressed,66,Data_MC/images/PE_RBCs_NPs_1-50_4_3hrs_3.tif
132,Dead,65,Data_MC/images/PE_RBCs_NPs_1-200_2_15hrs_2.tif
133,Healthy,89,Data_MC/images/PP_RBCs_NPs_1-20_3_3hrs_3.tif
134,Stressed,41,Data_MC/images/PE_RBCs_control_4_3hrs_3.tif
135,Dead,53,Data_MC/images/PS_RBCs_NPs_1-20_4_15hrs_2.tif
136,Healthy,60,Data_MC/images/PS_RBCs_NPs_1-50_3_3hrs_4.tif
137,Healthy,35,Data_MC/images/PP_RBCs_NPs_1-200_6_15hrs_3.tif
138,Stressed,7,Data_MC/images/PS_RBCs_NPs_1-50_3_15hrs_4.tif
139,Healthy,41,Data_MC/images/PP_RBCs_NPs_1-200_1_15hrs_4.tif
140,Healthy,29,Data_MC/images/PE_RBCs_control_4_15hrs_1.tif
141,Dead,60,Data_MC/images/PE_RBCs_NPs_1-50_3_15hrs_2.tif
142,Healthy,65,Data_MC/images/PS_RBCs_NPs_1-10_4_3hrs_2.tif
143,Dead,28,Data_MC/images/PP_RBCs_NPs_1-20_1_15hrs_1.tif
144,Healthy,15,Data_MC/images/PE_RBCs_NPs_1-200_5_3hrs_4.tif
145,Stressed,57,Data_MC/images/PE_RBCs_NPs_1-20_5_3hrs_2.tif
146,,56,Data_MC/images/PE_RBCs_NPs_1-50_5_3hrs_1.tif
147,Healthy,110,Data_MC/images/PS_RBCs_NPs_1-50_3_15hrs_4.tif
148,Healthy,17,Data_MC/images/PS_RBCs_NPs_1-50_3_3hrs_3.tif
149,Healthy,26,Data_MC/images/PP_RBCs_NPs_1-10_1_15hrs_1.tif
150,,6,Data_MC/images/PE_RBCs_control_2_15hrs_2.tif
151,Healthy,38,Data_MC/images/PE_RBCs_NPs_1-20_4_3hrs_1.tif
152,Healthy,20,Data_MC/images/PS_RBCs_control_3_15hrs_4.tif
153,Healthy,47,Data_MC/images/PP_RBCs_NPs_1-50_1_3hrs_1.tif
154,,34,Data_MC/images/PE_RBCs_NPs_1-10_5_3hrs_4.tif
155,Healthy,10,Data_MC/images/PE_RBCs_NPs_1-200_4_3hrs_3.tif
156,Crenated,6,Data_MC/images/PE_RBCs_NPs_1-200_1_15hrs_1.tif
157,Dead,70,Data_MC/images/PS_RBCs_NPs_1-20_6_15hrs_4.tif
158,Healthy,76,Data_MC/images/PP_RBCs_control_5_3hrs_1.tif
159,Stressed,19,Data_MC/images/PE_RBCs_control_6_3hrs_4.tif
160,Healthy,42,Data_MC/images/PE_RBCs_NPs_1-10_5_3hrs_1.tif
161,Healthy,37,Data_MC/images/PE_RBCs_NPs_1-50_6_3hrs_2.tif
162,Healthy,62,Data_MC/images/PE_RBCs_NPs_1-50_4_3hrs_3.tif
163,Stressed,13,Data_MC/images/PS_RBCs_NPs_1-10_4_3hrs_4.tif
164,,30,Data_MC/images/PP_RBCs_NPs_1-50_5_3hrs_3.tif
165,Stressed,22,Data_MC/images/PS_RBCs_control_5_3hrs_2.tif
166,Crenated,43,Data_MC/images/PE_RBCs_NPs_1-50_6_15hrs_3.tif
167,Healthy,54,Data_MC/images/PE_RBCs_NPs_1-50_5_3hrs_2.tif
168,Healthy,76,Data_MC/images/PE_RBCs_NPs_1-200_6_15hrs_1.tif
169,Stressed,40,Data_MC/images/PS_RBCs_NPs_1-50_4_15hrs_4.tif
170,Healthy,76,Data_MC/images/PE_RBCs_control_4_3hrs_4.tif
171,Dead,35,Data_MC/images/PE_RBCs_NPs_1-20_5_15hrs_2.tif
172,Dead,17,Data_MC/images/PE_RBCs_NPs_1-10_3_15hrs_1.tif
173,Dead,84,Data_MC/images/PE_RBCs_NPs_1-10_4_3hrs_2.tif
174,,42,Data_MC/images/PE_RBCs_NPs_1-10_2_3hrs_2.tif
175,Healthy,35,Data_MC/images/PP_RBCs_control_6_15hrs_3.tif
176,Healthy,44,Data_MC/images/PE_RBCs_control_3_15hrs_3.tif
177,Healthy,60,Data_MC/images/PE_RBCs_NPs_1-10_4_3hrs_2.tif
178,Healthy,57,Data_MC/images/PS_RBCs_control_4_3hrs_4.tif
179,Dead,25,Data_MC/images/PS_RBCs_NPs_1-10_7_15hrs_3.tif
180,Healthy,14,Data_MC/images/PS_RBCs_NPs_1-50_4_3hrs_3.tif
181,Healthy,13,Data_MC/images/PP_RBCs_NPs_1-20_1_15hrs_4.tif
182,Healthy,4,Data_MC/images/PE_RBCs_NPs_1-20_6_3hrs_3.tif
183,Stressed,95,Data_MC/images/PP_RBCs_control_5_3hrs_3.tif
184,Healthy,90,Data_MC/images/PE_RBCs_NPs_1-200_3_15hrs_1.tif
185,Dead,58,Data_MC/images/PS_RBCs_NPs_1-10_3_15hrs_4.tif
186,Healthy,98,Data_MC/images/PP_RBCs_control_6_3hrs_1.tif
187,Stressed,43,Data_MC/images/PE_RBCs_NPs_1-20_1_3hrs_1.tif
188,Crenated,188,Data_MC/images/PE_RBCs_NPs_1-50_6_3hrs_1.tif
189,Healthy,81,Data_MC/images/PP_RBCs_control_2_3hrs_1.tif
190,Crenated,48,Data_MC/images/PS_RBCs_NPs_1-200_2_3hrs_3.tif
191,Healthy,39,Data_MC/images/PE_RBCs_NPs_1-50_4_3hrs_4.tif
192,Healthy,72,Data_MC/images/PP_RBCs_NPs_1-50_3_3hrs_1.tif
193,Dead,19,Data_MC/images/PP_RBCs_NPs_1-10_5_15hrs_3.tif
194,Healthy,21,Data_MC/images/PS_RBCs_NPs_1-50_4_3hrs_3.tif
195,Healthy,34,Data_MC/images/PE_RBCs_control_1_15hrs_4.tif
196,Dead,56,Data_MC/images/PS_RBCs_NPs_1-200_4_15hrs_3.tif
197,Dead,55,Data_MC/images/PS_RBCs_NPs_1-10_2_15hrs_3.tif
198,Healthy,41,Data_MC/images/PP_RBCs_NPs_1-10_3_3hrs_2.tif
199,Healthy,14,Data_MC/images/PP_RBCs_NPs_1-50_3_15hrs_1.tif
200,Healthy,13,Data_MC/images/PE_RBCs_NPs_1-200_3_3hrs_4.tif
201,Healthy,1,Data_MC/images/PE_RBCs_NPs_1-20_3_3hrs_2.tif
202,Stressed,67,Data_MC/images/PS_RBCs_NPs_1-50_4_3hrs_4.tif
203,Stressed,44,Data_MC/images/PP_RBCs_NPs_1-20_4_3hrs_4.tif
204,Healthy,16,Data_MC/images/PP_RBCs_NPs_1-200_3_3hrs_4.tif
205,Healthy,23,Data_MC/images/PP_RBCs_NPs_1-50_2_15hrs_1.tif
206,Healthy,49,Data_MC/images/PS_RBCs_NPs_1-50_5_3hrs_4.tif
207,Healthy,29,Data_MC/images/PP_RBCs_control_1_15hrs_1.tif
208,Dead,54,Data_MC/images/PS_RBCs_NPs_1-200_3_15hrs_1.tif
209,Dead,55,Data_MC/images/PP_RBCs_NPs_1-50_4_15hrs_1.tif
210,Healthy,16,Data_MC/images/PP_RBCs_NPs_1-20_4_15hrs_2.tif
211,,30,Data_MC/images/PE_RBCs_NPs_1-50_2_15hrs_3.tif
212,,7,Data_MC/images/PS_RBCs_control_5_3hrs_4.tif
213,,65,Data_MC/images/PP_RBCs_NPs_1-200_5_15hrs_2.tif
214,Dead,64,Data_MC/images/PE_RBCs_NPs_1-200_6_15hrs_4.tif
215,Healthy,11,Data_MC/images/PS_RBCs_NPs_1-10_6_15hrs_4.tif
216,Crenated,39,Data_MC/images/PS_RBCs_NPs_1-50_1_15hrs_2.tif
217,Dead,6,Data_MC/images/PP_RBCs_NPs_1-10_5_15hrs_3.tif
218,Stressed,2,Data_MC/images/PP_RBCs_NPs_1-50_6_15hrs_1.tif
219,Healthy,31,Data_MC/images/PP_RBCs_NPs_1-20_5_3hrs_2.tif
220,Healthy,11,Data_MC/images/PP_RBCs_NPs_1-200_5_15hrs_2.tif
221,,36,Data_MC/images/PE_RBCs_NPs_1-50_3_3hrs_1.tif
222,Dead,61,Data_MC/images/PE_RBCs_NPs_1-50_3_15hrs_2.tif
223,Healthy,42,Data_MC/images/PS_RBCs_NPs_1-10_6_3hrs_1.tif
224,Dead,44,Data_MC/images/PP_RBCs_NPs_1-20_2_15hrs_2.tif
225,Healthy,6,Data_MC/images/PS_RBCs_control_6_15hrs_2.tif
226,Healthy,26,Data_MC/images/PP_RBCs_NPs_1-200_2_3hrs_3.tif
227,Stressed,15,Data_MC/images/PE_RBCs_NPs_1-20_1_3hrs_4.tif
228,Healthy,41,Data_MC/images/PP_RBCs_NPs_1-20_5_3hrs_1.tif
229,Stressed,3,Data_MC/images/PE_RBCs_NPs_1-50_3_15hrs_3.tif
230,Healthy,34,Data_MC/images/PP_RBCs_NPs_1-200_3_15hrs_1.tif
231,Healthy,1,Data_MC/images/PP_RBCs_NPs_1-20_1_3hrs_3.tif
232,Healthy,34,Data_MC/images/PE_RBCs_NPs_1-10_3_3hrs_2.tif
233,Healthy,42,Data_MC/images/PS_RBCs_NPs_1-20_5_15hrs_1.tif
234,Healthy,16,Data_MC/images/PS_RBCs_NPs_1-200_3_15hrs_4.tif
235,Healthy,24,Data_MC/images/PE_RBCs_NPs_1-20_5_15hrs_2.tif
236,Dead,55,Data_MC/images/PE_RBCs_NPs_1-20_3_15hrs_1.tif
237,Healthy,42,Data_MC/images/PE_RBCs_NPs_1-50_4_3hrs_2.tif
238,Healthy,32,Data_MC/images/PS_RBCs_NPs_1-20_4_3hrs_3.tif
239,Healthy,31,Data_MC/images/PS_RBCs_NPs_1-20_3_3hrs_4.tif
240,,12,Data_MC/images/PS_RBCs_NPs_1-50_4_15hrs_3.tif
241,Healthy,40,Data_MC/images/PS_RBCs_NPs_1-50_6_3hrs_3.tif
242,Healthy,6,Data_MC/images/PP_RBCs_control_1_15hrs_3.tif
243,Dead,79,Data_MC/images/PS_RBCs_NPs_1-200_5_15hrs_1.tif
244,Healthy,81,Data_MC/images/PP_RBCs_control_1_3hrs_1.tif
245,Healthy,7,Data_MC/images/PP_RBCs_NPs_1-10_5_3hrs_3.tif
246,,9,Data_MC/images/PS_RBCs_NPs_1-50_1_15hrs_4.tif
247,,28,Data_MC/images/PS_RBCs_NPs_1-200_1_3hrs_2.tif
248,Healthy,15,Data_MC/images/PE_RBCs_NPs_1-50_3_15hrs_2.tif
249,Healthy,83,Data_MC/images/PP_RBCs_NPs_1-20_4_3hrs_2.tif
250,Dead,38,Data_MC/images/PE_RBCs_NPs_1-50_4_15hrs_4.tif
251,Stressed,28,Data_MC/images/PP_RBCs_NPs_1-50_2_3hrs_3.tif
252,,23,Data_MC/images/PP_RBCs_NPs_1-200_2_3hrs_3.tif
253,,40,Data_MC/images/PE_RBCs_NPs_1-200_6_3hrs_4.tif
254,Healthy,26,Data_MC/images/PP_RBCs_NPs_1-200_5_15hrs_3.tif
255,Healthy,28,Data_MC/images/PE_RBCs_NPs_1-200_4_3hrs_3.tif
256,Crenated,36,Data_MC/images/PP_RBCs_NPs_1-50_1_15hrs_4.tif
257,Healthy,35,Data_MC/images/PP_RBCs_control_2_3hrs_2.tif
258,Dead,59,Data_MC/images/PP_RBCs_NPs_1-50_5_15hrs_1.tif
259,Healthy,23,Data_MC/images/PS_RBCs_NPs_1-50_2_3hrs_1.tif
260,Healthy,22,Data_MC/images/PS_RBCs_control_3_3hrs_1.tif
261,Stressed,44,Data_MC/images/PP_RBCs_NPs_1-50_6_3hrs_2.tif
262,,94,Data_MC/images/PP_RBCs_NPs_1-20_4_15hrs_3.tif
263,,59,Data_MC/images/PP_RBCs_NPs_1-20_3_3hrs_1.tif
264,Stressed,20,Data_MC/images/PS_RBCs_NPs_1-200_1_15hrs_3.tif
265,,14,Data_MC/images/PS_RBCs_NPs_1-50_2_15hrs_4.tif
266,Stressed,27,Data_MC/images/PS_RBCs_control_4_3hrs_1.tif
267,Healthy,8,Data_MC/images/PS_RBCs_NPs_1-20_1_15hrs_1.tif
268,,7,Data_MC/images/PE_RBCs_NPs_1-200_2_3hrs_3.tif
269,,8,Data_MC/images/PE_RBCs_control_5_3hrs_1.tif
270,Dead,5,Data_MC/images/PE_RBCs_NPs_1-10_3_15hrs_3.tif
271,Healthy,11,Data_MC/images/PE_RBCs_NPs_1-10_4_3hrs_2.tif
272,Stressed,20,Data_MC/images/PP_RBCs_NPs_1-20_3_3hrs_4.tif
273,Stressed,61,Data_MC/images/PP_RBCs_NPs_1-10_3_3hrs_3.tif
274,Healthy,12,Data_MC/images/PE_RBCs_NPs_1-10_4_3hrs_2.tif
275,Healthy,48,Data_MC/images/PP_RBCs_NPs_1-50_2_3hrs_1.tif
276,Stressed,38,Data_MC/images/PS_RBCs_NPs_1-50_5_3hrs_1.tif
277,Dead,47,Data_MC/images/PP_RBCs_control_6_15hrs_3.tif
278,Healthy,61,Data_MC/images/PS_RBCs_NPs_1-200_2_3hrs_3.tif
279,Healthy,32,Data_MC/images/PS_RBCs_NPs_1-50_2_3hrs_3.tif
280,Stressed,30,Data_MC/images/PS_RBCs_NPs_1-20_1_15hrs_1.tif
281,,26,Data_MC/images/PP_RBCs_control_2_15hrs_2.tif
282,,28,Data_MC/images/PP_RBCs_NPs_1-200_1_15hrs_1.tif
283,Dead,46,Data_MC/images/PP_RBCs_NPs_1-50_6_15hrs_2.tif
284,Crenated,28,Data_MC/images/PE_RBCs_control_6_15hrs_4.tif
285,Healthy,25,Data_MC/images/PP_RBCs_control_6_15hrs_4.tif
286,Stressed,65,Data_MC/images/PP_RBCs_NPs_1-50_1_3hrs_4.tif
287,Dead,60,Data_MC/images/PS_RBCs_NPs_1-200_3_15hrs_3.tif
288,Dead,52,Data_MC/images/PE_RBCs_NPs_1-200_3_15hrs_4.tif
289,Healthy,27,Data_MC/images/PE_RBCs_NPs_1-20_5_3hrs_2.tif
290,,35,Data_MC/images/PS_RBCs_NPs_1-200_6_15hrs_4.tif
291,,2,Data_MC/images/PS_RBCs_NPs_1-200_3_3hrs_2.tif
292,,49,Data_MC/images/PE_RBCs_NPs_1-20_1_3hrs_2.tif
293,Dead,32,Data_MC/images/PP_RBCs_NPs_1-10_1_15hrs_2.tif
294,Healthy,20,Data_MC/images/PP_RBCs_NPs_1-200_4_15hrs_3.tif
295,,59,Data_MC/images/PE_RBCs_NPs_1-50_5_3hrs_3.tif
296,Healthy,36,Data_MC/images/PS_RBCs_control_6_15hrs_1.tif
297,Stressed,17,Data_MC/images/PE_RBCs_NPs_1-20_1_3hrs_2.tif
298,Healthy,36,Data_MC/images/PS_RBCs_NPs_1-200_4_3hrs_3.tif
299,Stressed,29,Data_MC/images/PP_RBCs_NPs_1-10_5_3hrs_4.tif
300,Healthy,47,Data_MC/images/PE_RBCs_NPs_1-200_4_3hrs_2.tif
301,Healthy,10,Data_MC/images/PP_RBCs_NPs_1-200_4_15hrs_2.tif
302,Healthy,30,Data_MC/images/PE_RBCs_NPs_1-10_4_3hrs_3.tif
303,,127,Data_MC/images/PP_RBCs_NPs_1-10_2_3hrs_2.tif
304,Healthy,34,Data_MC/images/PS_RBCs_NPs_1-10_7_15hrs_2.tif
305,Stressed,32,Data_MC/images/PS_RBCs_control_1_3hrs_3.tif
306,Stressed,50,Data_MC/images/PS_RBCs_NPs_1-200_1_3hrs_1.tif
307,Healthy,56,Data_MC/images/PE_RBCs_control_2_3hrs_4.tif
308,,18,Data_MC/images/PE_RBCs_NPs_1-200_5_3hrs_3.tif
309,Stressed,30,Data_MC/images/PS_RBCs_control_2_3hrs_3.tif
310,Dead,62,Data_MC/images/PP_RBCs_control_3_15hrs_4.tif
311,Dead,40,Data_MC/images/PS_RBCs_NPs_1-20_1_15hrs_3.tif
312,Dead,53,Data_MC/images/PS_RBCs_NPs_1-20_6_15hrs_2.tif
313,Stressed,79,Data_MC/images/PP_RBCs_control_4_3hrs_2.tif
314,Healthy,16,Data_MC/images/PP_RBCs_NPs_1-200_4_15hrs_2.tif
315,Stressed,12,Data_MC/images/PE_RBCs_NPs_1-50_5_3hrs_3.tif
316,Stressed,42,Data_MC/images/PS_RBCs_NPs_1-50_5_3hrs_1.tif
317,Dead,68,Data_MC/images/PE_RBCs_NPs_1-200_4_15hrs_1.tif
318,Stressed,30,Data_MC/images/PS_RBCs_control_3_15hrs_4.tif
319,,19,Data_MC/images/PS_RBCs_control_5_15hrs_2.tif
320,,35,Data_MC/images/PP_RBCs_control_4_3hrs_4.tif
321,Stressed,15,Data_MC/images/PE_RBCs_NPs_1-10_3_3hrs_3.tif
322,,4,Data_MC/images/PE_RBCs_NPs_1-200_5_3hrs_3.tif
323,Dead,51,Data_MC/images/PS_RBCs_NPs_1-20_4_15hrs_4.tif
324,Stressed,63,Data_MC/images/PP_RBCs_NPs_1-200_1_3hrs_4.tif
325,Dead,3,Data_MC/images/PE_RBCs_NPs_1-10_6_15hrs_2.tif
326,,63,Data_MC/images/PE_RBCs_NPs_1-200_6_3hrs_4.tif
327,Healthy,7,Data_MC/images/PE_RBCs_NPs_1-50_1_3hrs_1.tif
328,,69,Data_MC/images/PS_RBCs_control_3_3hrs_1.tif
329,Crenated,23,Data_MC/images/PP_RBCs_NPs_1-50_6_3hrs_4.tif
330,Stressed,14,Data_MC/images/PS_RBCs_NPs_1-50_5_15hrs_1.tif
331,,64,Data_MC/images/PE_RBCs_control_3_3hrs_2.tif
332,,26,Data_MC/images/PS_RBCs_NPs_1-50_5_3hrs_2.tif
333,,29,Data_MC/images/PS_RBCs_NPs_1-10_4_15hrs_2.tif
334,,40,Data_MC/images/PS_RBCs_NPs_1-200_5_3hrs_2.tif
335,Stressed,89,Data_MC/images/PP_RBCs_control_2_3hrs_3.tif
336,Dead,51,Data_MC/images/PS_RBCs_control_2_15hrs_3.tif
337,Dead,27,Data_MC/images/PP_RBCs_NPs_1-10_3_15hrs_1.tif
338,,55,Data_MC/images/PE_RBCs_NPs_1-200_6_3hrs_3.tif
339,,32,Data_MC/images/PP_RBCs_NPs_1-10_4_15hrs_2.tif
340,,57,Data_MC/images/PP_RBCs_control_4_3hrs_1.tif
341,,8,Data_MC/images/PP_RBCs_NPs_1-200_6_3hrs_3.tif
342,,19,Data_MC/images/PE_RBCs_control_5_3hrs_4.tif
343,,48,Data_MC/images/PP_RBCs_NPs_1-20_6_3hrs_3.tif
344,,47,Data_MC/images/PE_RBCs_NPs_1-200_2_15hrs_3.tif
345,,28,Data_MC/images/PE_RBCs_NPs_1-50_6_3hrs_1.tif
346,,1,Data_MC/images/PE_RBCs_NPs_1-200_5_15hrs_3.tif
347,,15,Data_MC/images/PE_RBCs_NPs_1-20_7_15hrs_3.tif
348,,16,Data_MC/images/PP_RBCs_NPs_1-10_2_3hrs_2.tif
349,,31,Data_MC/images/PP_RBCs_NPs_1-10_4_3hrs_3.tif
350,,29,Data_MC/images/PS_RBCs_NPs_1-10_2_15hrs_2.tif
351,Stressed,45,Data_MC/images/PE_RBCs_NPs_1-50_5_3hrs_4.tif
352,Dead,41,Data_MC/images/PS_RBCs_NPs_1-20_2_15hrs_1.tif
353,Stressed,40,Data_MC/images/PP_RBCs_NPs_1-20_4_3hrs_2.tif
354,,13,Data_MC/images/PP_RBCs_control_1_3hrs_1.tif
355,Stressed,21,Data_MC/images/PP_RBCs_NPs_1-50_4_3hrs_3.tif
356,,13,Data_MC/images/PS_RBCs_NPs_1-10_5_15hrs_2.tif
357,Dead,98,Data_MC/images/PP_RBCs_NPs_1-10_7_3hrs_1.tif
358,,6,Data_MC/images/PS_RBCs_NPs_1-200_3_3hrs_2.tif
359,Stressed,33,Data_MC/images/PP_RBCs_NPs_1-50_1_3hrs_3.tif
360,Dead,40,Data_MC/images/PP_RBCs_NPs_1-50_2_15hrs_4.tif
361,,3,Data_MC/images/PP_RBCs_NPs_1-10_7_3hrs_4.tif
362,Dead,58,Data_MC/images/PP_RBCs_NPs_1-200_1_15hrs_4.tif
363,Crenated,37,Data_MC/images/PE_RBCs_NPs_1-50_6_15hrs_3.tif
364,Crenated,45,Data_MC/images/PS_RBCs_control_5_15hrs_2.tif
365,Stressed,5,Data_MC/images/PS_RBCs_NPs_1-50_5_3hrs_1.tif
366,,13,Data_MC/images/PE_RBCs_control_3_15hrs_3.tif
367,,66,Data_MC/images/PE_RBCs_NPs_1-50_3_3hrs_3.tif
368,Dead,64,Data_MC/images/PE_RBCs_NPs_1-200_1_15hrs_4.tif
369,,6,Data_MC/images/PE_RBCs_NPs_1-200_2_3hrs_2.tif
370,,54,Data_MC/images/PP_RBCs_NPs_1-50_1_15hrs_4.tif
371,,33,Data_MC/images/PS_RBCs_NPs_1-10_2_3hrs_1.tif
372,,6,Data_MC/images/PE_RBCs_NPs_1-20_5_3hrs_1.tif
373,,61,Data_MC/images/PP_RBCs_NPs_1-10_4_3hrs_4.tif
374,Dead,52,Data_MC/images/PP_RBCs_NPs_1-200_6_15hrs_3.tif
375,,67,Data_MC/images/PS_RBCs_NPs_1-20_6_3hrs_4.tif
376,,8,Data_MC/images/PS_RBCs_NPs_1-200_4_15hrs_1.tif
377,,3,Data_MC/images/PP_RBCs_control_2_15hrs_3.tif
378,,25,Data_MC/images/PP_RBCs_NPs_1-10_5_3hrs_2.tif
379,,87,Data_MC/images/PP_RBCs_NPs_1-20_1_3hrs_4.tif
380,,5,Data_MC/images/PE_RBCs_NPs_1-10_5_3hrs_2.tif
381,Crenated,50,Data_MC/images/PS_RBCs_NPs_1-10_4_3hrs_2.tif
382,Dead,51,Data_MC/images/PP_RBCs_NPs_1-50_1_15hrs_3.tif
383,,44,Data_MC/images/PS_RBCs_control_5_3hrs_4.tif
384,,16,Data_MC/images/PP_RBCs_NPs_1-20_6_3hrs_4.tif
385,,41,Data_MC/images/PP_RBCs_NPs_1-10_2_3hrs_2.tif
386,,8,Data_MC/images/PE_RBCs_NPs_1-10_1_3hrs_3.tif
387,,37,Data_MC/images/PE_RBCs_NPs_1-20_5_3hrs_1.tif
388,,7,Data_MC/images/PP_RBCs_NPs_1-10_7_3hrs_4.tif
389,Crenated,56,Data_MC/images/PP_RBCs_NPs_1-50_1_3hrs_4.tif
390,Stressed,24,Data_MC/images/PP_RBCs_NPs_1-20_6_3hrs_1.tif
391,,17,Data_MC/images/PP_RBCs_NPs_1-10_1_3hrs_1.tif
392,,49,Data_MC/images/PP_RBCs_NPs_1-20_1_3hrs_1.tif
393,,42,Data_MC/images/PS_RBCs_control_1_3hrs_4.tif
394,,42,Data_MC/images/PE_RBCs_control_5_15hrs_1.tif
395,,68,Data_MC/images/PP_RBCs_NPs_1-10_2_3hrs_4.tif
396,,24,Data_MC/images/PS_RBCs_NPs_1-200_2_3hrs_2.tif
397,,66,Data_MC/images/PE_RBCs_NPs_1-50_4_3hrs_2.tif
398,,7,Data_MC/images/PS_RBCs_NPs_1-10_6_15hrs_3.tif
399,,48,Data_MC/images/PE_RBCs_NPs_1-20_4_3hrs_2.tif
400,,77,Data_MC/images/PS_RBCs_control_3_3hrs_3.tif
401,,29,Data_MC/images/PE_RBCs_control_2_3hrs_3.tif
402,Stressed,27,Data_MC/images/PS_RBCs_NPs_1-20_2_3hrs_4.tif
403,,65,Data_MC/images/PP_RBCs_NPs_1-200_6_3hrs_4.tif
404,Dead,61,Data_MC/images/PS_RBCs_NPs_1-50_3_15hrs_1.tif
405,,17,Data_MC/images/PS_RBCs_NPs_1-200_4_15hrs_1.tif
406,,48,Data_MC/images/PS_RBCs_NPs_1-10_2_3hrs_4.tif
407,Dead,21,Data_MC/images/PP_RBCs_NPs_1-10_4_15hrs_1.tif
408,,32,Data_MC/images/PE_RBCs_control_3_3hrs_2.tif
409,Stressed,50,Data_MC/images/PE_RBCs_NPs_1-200_4_3hrs_1.tif
410,,40,Data_MC/images/PE_RBCs_NPs_1-50_5_3hrs_3.tif
411,,33,Data_MC/images/PS_RBCs_NPs_1-20_5_3hrs_4.tif
412,,100,Data_MC/images/PP_RBCs_control_1_3hrs_3.tif
413,,35,Data_MC/images/PS_RBCs_NPs_1-200_5_15hrs_1.tif
414,Dead,59,Data_MC/images/PP_RBCs_control_3_15hrs_3.tif
415,,47,Data_MC/images/PP_RBCs_control_4_15hrs_1.tif
416,,76,Data_MC/images/PE_RBCs_NPs_1-200_3_3hrs_4.tif
417,,47,Data_MC/images/PP_RBCs_NPs_1-200_2_3hrs_1.tif
418,Stressed,58,Data_MC/images/PE_RBCs_NPs_1-20_4_3hrs_1.tif
419,Stressed,16,Data_MC/images/PS_RBCs_NPs_1-200_2_3hrs_1.tif
420,,23,Data_MC/images/PP_RBCs_NPs_1-20_5_3hrs_2.tif
421,,38,Data_MC/images/PS_RBCs_NPs_1-200_6_3hrs_1.tif
422,,10,Data_MC/images/PS_RBCs_NPs_1-10_3_15hrs_2.tif
423,Stressed,58,Data_MC/images/PP_RBCs_NPs_1-200_2_3hrs_4.tif
424,Stressed,54,Data_MC/images/PS_RBCs_NPs_1-50_2_3hrs_1.tif
425,Dead,61,Data_MC/images/PS_RBCs_NPs_1-50_4_15hrs_4.tif
426,,99,Data_MC/images/PE_RBCs_control_1_3hrs_4.tif
427,Dead,46,Data_MC/images/PS_RBCs_NPs_1-50_1_15hrs_2.tif
428,,56,Data_MC/images/PS_RBCs_NPs_1-10_3_15hrs_4.tif
429,,7,Data_MC/images/PP_RBCs_control_3_3hrs_3.tif
430,,64,Data_MC/images/PS_RBCs_NPs_1-20_4_3hrs_2.tif
431,,33,Data_MC/images/PS_RBCs_NPs_1-20_4_15hrs_1.tif
432,,41,Data_MC/images/PS_RBCs_NPs_1-50_4_3hrs_3.tif
433,,34,Data_MC/images/PE_RBCs_NPs_1-200_1_15hrs_3.tif
434,Dead,32,Data_MC/images/PS_RBCs_NPs_1-10_1_15hrs_4.tif
435,,33,Data_MC/images/PP_RBCs_NPs_1-50_5_3hrs_2.tif
436,,58,Data_MC/images/PE_RBCs_NPs_1-50_5_3hrs_1.tif
437,,15,Data_MC/images/PE_RBCs_NPs_1-50_5_3hrs_2.tif
438,,31,Data_MC/images/PP_RBCs_NPs_1-10_2_3hrs_1.tif
439,,40,Data_MC/images/PS_RBCs_NPs_1-50_4_3hrs_3.tif
440,,1,Data_MC/images/PP_RBCs_NPs_1-200_6_15hrs_2.tif
441,,6,Data_MC/images/PE_RBCs_NPs_1-20_6_3hrs_3.tif
442,,42,Data_MC/images/PS_RBCs_NPs_1-10_6_3hrs_3.tif
443,,79,Data_MC/images/PE_RBCs_NPs_1-50_6_3hrs_4.tif
444,,67,Data_MC/images/PS_RBCs_NPs_1-10_4_3hrs_4.tif
445,,40,Data_MC/images/PE_RBCs_NPs_1-200_4_15hrs_2.tif
446,,87,Data_MC/images/PP_RBCs_control_1_3hrs_3.tif
447,,39,Data_MC/images/PP_RBCs_NPs_1-200_2_3hrs_2.tif
448,,46,Data_MC/images/PS_RBCs_control_2_3hrs_4.tif
449,Dead,27,Data_MC/images/PP_RBCs_NPs_1-20_3_15hrs_3.tif
450,Dead,72,Data_MC/images/PE_RBCs_NPs_1-200_4_15hrs_3.tif
451,Stressed,63,Data_MC/images/PP_RBCs_NPs_1-20_1_3hrs_2.tif
452,Stressed,67,Data_MC/images/PP_RBCs_NPs_1-10_7_3hrs_3.tif
453,,108,Data_MC/images/PP_RBCs_NPs_1-20_1_3hrs_1.tif
454,,36,Data_MC/images/PP_RBCs_control_5_15hrs_3.tif
455,Dead,48,Data_MC/images/PE_RBCs_control_6_15hrs_4.tif
456,Dead,37,Data_MC/images/PP_RBCs_NPs_1-10_2_15hrs_4.tif
457,,12,Data_MC/images/PS_RBCs_control_6_15hrs_2.tif
458,,7,Data_MC/images/PE_RBCs_NPs_1-50_5_15hrs_2.tif
459,Dead,61,Data_MC/images/PP_RBCs_NPs_1-50_1_15hrs_1.tif
460,,13,Data_MC/images/PE_RBCs_NPs_1-20_5_15hrs_4.tif
461,,79,Data_MC/images/PS_RBCs_NPs_1-50_6_3hrs_2.tif
462,Dead,59,Data_MC/images/PS_RBCs_NPs_1-10_4_15hrs_3.tif
463,,16,Data_MC/images/PE_RBCs_control_4_15hrs_2.tif
464,Dead,7,Data_MC/images/PE_RBCs_NPs_1-10_6_15hrs_3.tif
465,,37,Data_MC/images/PS_RBCs_control_2_3hrs_4.tif
466,,5,Data_MC/images/PE_RBCs_control_4_15hrs_1.tif
467,Crenated,89,Data_MC/images/PP_RBCs_NPs_1-200_6_3hrs_4.tif
468,Dead,48,Data_MC/images/PP_RBCs_control_6_15hrs_3.tif
469,,14,Data_MC/images/PP_RBCs_NPs_1-50_5_15hrs_2.tif
470,Dead,31,Data_MC/images/PE_RBCs_NPs_1-20_2_15hrs_2.tif
471,,4,Data_MC/images/PS_RBCs_NPs_1-200_2_15hrs_4.tif
472,Dead,44,Data_MC/images/PE_RBCs_NPs_1-200_1_15hrs_3.tif
473,,64,Data_MC/images/PE_RBCs_NPs_1-50_4_3hrs_3.tif
474,,28,Data_MC/images/PE_RBCs_NPs_1-50_3_15hrs_3.tif
475,,2,Data_MC/images/PE_RBCs_NPs_1-50_4_3hrs_1.tif
476,,64,Data_MC/images/PS_RBCs_NPs_1-200_2_3hrs_3.tif
477,Stressed,13,Data_MC/images/PE_RBCs_control_6_3hrs_4.tif
478,,87,Data_MC/images/PE_RBCs_NPs_1-20_3_3hrs_3.tif
479,,37,Data_MC/images/PS_RBCs_NPs_1-20_5_15hrs_4.tif
480,,77,Data_MC/images/PE_RBCs_NPs_1-10_2_3hrs_1.tif
481,Dead,4,Data_MC/images/PE_RBCs_NPs_1-10_2_15hrs_4.tif
482,Stressed,38,Data_MC/images/PS_RBCs_NPs_1-200_1_15hrs_3.tif
483,,37,Data_MC/images/PS_RBCs_NPs_1-200_3_3hrs_3.tif
484,Dead,34,Data_MC/images/PP_RBCs_control_5_15hrs_3.tif
485,,77,Data_MC/images/PP_RBCs_NPs_1-20_2_3hrs_1.tif
486,,77,Data_MC/images/PP_RBCs_control_6_3hrs_2.tif
487,Dead,47,Data_MC/images/PE_RBCs_NPs_1-50_4_15hrs_2.tif
488,,35,Data_MC/images/PS_RBCs_NPs_1-20_6_15hrs_4.tif
489,Dead,52,Data_MC/images/PE_RBCs_NPs_1-200_6_15hrs_4.tif
490,,9,Data_MC/images/PE_RBCs_NPs_1-20_7_15hrs_4.tif
491,,18,Data_MC/images/PS_RBCs_NPs_1-200_1_15hrs_1.tif
492,,13,Data_MC/images/PS_RBCs_NPs_1-20_3_3hrs_3.tif
493,,57,Data_MC/images/PE_RBCs_NPs_1-200_2_3hrs_1.tif
494,,28,Data_MC/images/PS_RBCs_NPs_1-20_1_3hrs_2.tif
495,,62,Data_MC/images/PP_RBCs_NPs_1-10_3_3hrs_4.tif
496,,106,Data_MC/images/PE_RBCs_NPs_1-200_3_3hrs_4.tif
497,Dead,75,Data_MC/images/PS_RBCs_control_5_15hrs_4.tif
498,Dead,29,Data_MC/images/PP_RBCs_NPs_1-10_2_15hrs_1.tif
499,,24,Data_MC/images/PS_RBCs_NPs_1-10_5_3hrs_1.tif
500,Dead,60,Data_MC/images/PE_RBCs_NPs_1-200_4_15hrs_1.tif
501,,25,Data_MC/images/PS_RBCs_NPs_1-10_4_15hrs_3.tif
502,,78,Data_MC/images/PP_RBCs_NPs_1-50_3_3hrs_3.tif
503,Dead,19,Data_MC/images/PP_RBCs_NPs_1-20_2_15hrs_2.tif
504,Stressed,31,Data_MC/images/PE_RBCs_NPs_1-50_4_3hrs_1.tif
505,Stressed,24,Data_MC/images/PP_RBCs_NPs_1-10_3_3hrs_4.tif
506,,16,Data_MC/images/PP_RBCs_NPs_1-20_1_3hrs_4.tif
507,,6,Data_MC/images/PS_RBCs_NPs_1-50_6_15hrs_1.tif
508,,42,Data_MC/images/PP_RBCs_NPs_1-50_2_3hrs_2.tif
509,Stressed,1,Data_MC/images/PE_RBCs_NPs_1-20_2_3hrs_3.tif
510,Dead,67,Data_MC/images/PS_RBCs_NPs_1-20_6_15hrs_4.tif
511,Crenated,75,Data_MC/images/PS_RBCs_control_1_3hrs_1.tif
512,Dead,36,Data_MC/images/PS_RBCs_NPs_1-10_3_15hrs_1.tif
513,,19,Data_MC/images/PE_RBCs_control_2_15hrs_2.tif
514,Dead,53,Data_MC/images/PS_RBCs_NPs_1-200_1_15hrs_3.tif
515,,30,Data_MC/images/PS_RBCs_NPs_1-20_2_3hrs_3.tif
516,,24,Data_MC/images/PP_RBCs_NPs_1-50_3_15hrs_1.tif
517,,47,Data_MC/images/PE_RBCs_NPs_1-200_1_15hrs_1.tif
518,,32,Data_MC/images/PS_RBCs_NPs_1-50_6_15hrs_3.tif
519,,24,Data_MC/images/PP_RBCs_NPs_1-200_6_3hrs_2.tif
520,,20,Data_MC/images/PE_RBCs_control_6_3hrs_1.tif
521,Dead,14,Data_MC/images/PP_RBCs_NPs_1-20_4_15hrs_3.tif
522,Stressed,21,Data_MC/images/PS_RBCs_control_3_15hrs_3.tif
523,,17,Data_MC/images/PS_RBCs_NPs_1-200_6_3hrs_3.tif
524,,85,Data_MC/images/PP_RBCs_control_4_3hrs_2.tif
525,,73,Data_MC/images/PS_RBCs_NPs_1-10_2_3hrs_1.tif
526,Crenated,47,Data_MC/images/PS_RBCs_control_1_3hrs_2.tif
527,Crenated,55,Data_MC/images/PP_RBCs_NPs_1-200_2_15hrs_4.tif
528,Dead,37,Data_MC/images/PE_RBCs_NPs_1-200_5_15hrs_4.tif
529,Dead,36,Data_MC/images/PE_RBCs_control_6_15hrs_2.tif
530,Stressed,37,Data_MC/images/PS_RBCs_NPs_1-200_6_15hrs_4.tif
531,,29,Data_MC/images/PP_RBCs_NPs_1-200_3_3hrs_2.tif
532,,7,Data_MC/images/PS_RBCs_NPs_1-10_7_15hrs_2.tif
533,,60,Data_MC/images/PE_RBCs_NPs_1-20_6_3hrs_1.tif
534,,12,Data_MC/images/PS_RBCs_NPs_1-10_1_3hrs_1.tif
535,Stressed,21,Data_MC/images/PS_RBCs_NPs_1-200_2_15hrs_3.tif
536,Dead,36,Data_MC/images/PP_RBCs_NPs_1-50_2_15hrs_1.tif
537,Crenated,75,Data_MC/images/PS_RBCs_control_5_3hrs_2.tif
538,,41,Data_MC/images/PP_RBCs_control_6_15hrs_2.tif
539,,54,Data_MC/images/PS_RBCs_NPs_1-200_6_3hrs_2.tif
540,,14,Data_MC/images/PS_RBCs_NPs_1-50_3_3hrs_4.tif
541,,11,Data_MC/images/PE_RBCs_NPs_1-20_2_15hrs_1.tif
542,,4,Data_MC/images/PS_RBCs_NPs_1-200_4_3hrs_3.tif
543,,26,Data_MC/images/PE_RBCs_control_5_15hrs_2.tif
544,,11,Data_MC/images/PE_RBCs_control_2_15hrs_1.tif
545,,21,Data_MC/images/PP_RBCs_NPs_1-200_4_3hrs_4.tif
546,,16,Data_MC/images/PS_RBCs_NPs_1-200_3_15hrs_3.tif
547,,67,Data_MC/images/PE_RBCs_NPs_1-50_6_15hrs_1.tif
548,,21,Data_MC/images/PE_RBCs_NPs_1-10_4_3hrs_3.tif
549,Stressed,60,Data_MC/images/PE_RBCs_NPs_1-20_6_3hrs_2.tif
550,,16,Data_MC/images/PP_RBCs_NPs_1-20_6_15hrs_1.tif
551,,1,Data_MC/images/PP_RBCs_NPs_1-20_4_15hrs_3.tif
552,,8,Data_MC/images/PS_RBCs_NPs_1-200_5_3hrs_2.tif
553,,42,Data_MC/images/PP_RBCs_NPs_1-50_3_15hrs_4.tif
554,,25,Data_MC/images/PP_RBCs_NPs_1-200_3_3hrs_1.tif
555,,46,Data_MC/images/PP_RBCs_NPs_1-50_3_3hrs_2.tif
556,Dead,51,Data_MC/images/PE_RBCs_NPs_1-50_3_15hrs_3.tif
557,,62,Data_MC/images/PS_RBCs_NPs_1-10_5_15hrs_3.tif
558,,16,Data_MC/images/PP_RBCs_NPs_1-20_1_3hrs_3.tif
559,,4,Data_MC/images/PP_RBCs_NPs_1-200_3_3hrs_4.tif
560,,17,Data_MC/images/PS_RBCs_NPs_1-10_1_3hrs_2.tif
561,,19,Data_MC/images/PP_RBCs_control_6_15hrs_4.tif
562,,57,Data_MC/images/PP_RBCs_NPs_1-200_6_3hrs_2.tif
563,,31,Data_MC/images/PS_RBCs_control_2_15hrs_3.tif
564,,41,Data_MC/images/PS_RBCs_NPs_1-200_5_3hrs_2.tif
565,,11,Data_MC/images/PS_RBCs_control_4_15hrs_1.tif
566,,12,Data_MC/images/PS_RBCs_NPs_1-200_5_15hrs_2.tif
567,,27,Data_MC/images/PE_RBCs_control_4_15hrs_4.tif
568,Stressed,10,Data_MC/images/PP_RBCs_NPs_1-50_6_3hrs_2.tif
569,Dead,39,Data_MC/images/PS_RBCs_NPs_1-10_6_15hrs_2.tif
570,,31,Data_MC/images/PE_RBCs_NPs_1-20_6_3hrs_2.tif
571,,64,Data_MC/images/PP_RBCs_control_6_3hrs_3.tif
572,Stressed,25,Data_MC/images/PE_RBCs_NPs_1-20_3_15hrs_3.tif
573,Dead,19,Data_MC/images/PP_RBCs_NPs_1-20_5_15hrs_3.tif
574,,39,Data_MC/images/PS_RBCs_NPs_1-10_3_3hrs_1.tif
575,Stressed,7,Data_MC/images/PE_RBCs_NPs_1-10_4_3hrs_2.tif
576,,29,Data_MC/images/PE_RBCs_NPs_1-200_1_3hrs_2.tif
577,Dead,47,Data_MC/images/PE_RBCs_NPs_1-20_3_15hrs_4.tif
578,Dead,52,Data_MC/images/PS_RBCs_NPs_1-200_1_15hrs_4.tif
579,,8,Data_MC/images/PE_RBCs_control_1_3hrs_2.tif
580,,3,Data_MC/images/PE_RBCs_NPs_1-20_5_3hrs_4.tif
581,Crenated,81,Data_MC/images/PS_RBCs_control_4_3hrs_2.tif
582,,51,Data_MC/images/PS_RBCs_NPs_1-20_6_3hrs_3.tif
583,Dead,53,Data_MC/images/PS_RBCs_NPs_1-10_7_15hrs_3.tif
584,,9,Data_MC/images/PE_RBCs_NPs_1-20_6_15hrs_1.tif
585,,21,Data_MC/images/PE_RBCs_NPs_1-50_1_15hrs_4.tif
586,,11,Data_MC/images/PP_RBCs_control_6_15hrs_2.tif
587,,59,Data_MC/images/PS_RBCs_NPs_1-200_6_3hrs_2.tif
588,Dead,83,Data_MC/images/PP_RBCs_NPs_1-10_4_3hrs_3.tif
589,,27,Data_MC/images/PP_RBCs_NPs_1-50_5_15hrs_1.tif
590,Dead,55,Data_MC/images/PS_RBCs_NPs_1-10_3_15hrs_4.tif
591,,25,Data_MC/images/PS_RBCs_NPs_1-20_1_15hrs_3.tif
592,,34,Data_MC/images/PS_RBCs_control_4_15hrs_1.tif
593,,64,Data_MC/images/PP_RBCs_NPs_1-20_2_3hrs_4.tif
594,,40,Data_MC/images/PE_RBCs_NPs_1-50_1_3hrs_2.tif
595,Dead,73,Data_MC/images/PE_RBCs_NPs_1-200_6_3hrs_4.tif
596,,21,Data_MC/images/PE_RBCs_NPs_1-200_6_3hrs_1.tif
597,Dead,64,Data_MC/images/PS_RBCs_control_2_15hrs_2.tif
598,,5,Data_MC/images/PS_RBCs_NPs_1-10_3_15hrs_1.tif
599,,14,Data_MC/images/PE_RBCs_control_4_3hrs_3.tif
600,Crenated,9,Data_MC/images/PS_RBCs_NPs_1-50_3_3hrs_3.tif
601,,14,Data_MC/images/PS_RBCs_NPs_1-10_4_15hrs_4.tif
602,,23,Data_MC/images/PE_RBCs_control_4_3hrs_2.tif
603,,38,Data_MC/images/PP_RBCs_control_6_3hrs_2.tif
604,,38,Data_MC/images/PP_RBCs_NPs_1-200_6_3hrs_1.tif
605,,3,Data_MC/images/PS_RBCs_NPs_1-50_6_15hrs_4.tif
606,Dead,70,Data_MC/images/PS_RBCs_control_1_15hrs_1.tif
607,Dead,34,Data_MC/images/PS_RBCs_NPs_1-10_3_15hrs_4.tif
608,Dead,23,Data_MC/images/PP_RBCs_NPs_1-10_6_15hrs_1.tif
609,,8,Data_MC/images/PE_RBCs_NPs_1-20_6_15hrs_1.tif
610,Stressed,79,Data_MC/images/PP_RBCs_NPs_1-20_6_3hrs_1.tif
611,,24,Data_MC/images/PP_RBCs_NPs_1-200_4_15hrs_3.tif
612,,16,Data_MC/images/PS_RBCs_NPs_1-200_3_3hrs_3.tif
613,,9,Data_MC/images/PE_RBCs_NPs_1-200_3_3hrs_4.tif
614,Crenated,13,Data_MC/images/PS_RBCs_control_1_15hrs_1.tif
615,,74,Data_MC/images/PE_RBCs_NPs_1-20_4_3hrs_3.tif
616,,33,Data_MC/images/PP_RBCs_control_5_3hrs_3.tif
617,Dead,39,Data_MC/images/PP_RBCs_NPs_1-20_3_15hrs_3.tif
618,,15,Data_MC/images/PS_RBCs_NPs_1-50_4_3hrs_1.tif
619,Stressed,19,Data_MC/images/PP_RBCs_NPs_1-20_6_3hrs_4.tif
620,,82,Data_MC/images/PS_RBCs_control_5_3hrs_1.tif
621,,1,Data_MC/images/PE_RBCs_NPs_1-50_2_15hrs_1.tif
622,,20,Data_MC/images/PS_RBCs_control_1_3hrs_4.tif
623,,1,Data_MC/images/PS_RBCs_NPs_1-20_6_15hrs_2.tif
624,Dead,40,Data_MC/images/PP_RBCs_NPs_1-50_6_15hrs_1.tif
625,Crenated,75,Data_MC/images/PS_RBCs_control_5_3hrs_3.tif
626,Dead,21,Data_MC/images/PE_RBCs_NPs_1-10_6_15hrs_1.tif
627,Stressed,82,Data_MC/images/PP_RBCs_NPs_1-20_1_3hrs_4.tif
628,Stressed,61,Data_MC/images/PE_RBCs_NPs_1-10_6_3hrs_2.tif
629,Dead,36,Data_MC/images/PP_RBCs_NPs_1-10_3_15hrs_4.tif
630,,7,Data_MC/images/PE_RBCs_control_1_3hrs_2.tif
631,,65,Data_MC/images/PP_RBCs_NPs_1-50_5_3hrs_4.tif
632,,30,Data_MC/images/PP_RBCs_NPs_1-10_5_15hrs_4.tif
633,Stressed,24,Data_MC/images/PP_RBCs_NPs_1-50_4_3hrs_3.tif
634,,17,Data_MC/images/PS_RBCs_NPs_1-20_3_3hrs_4.tif
635,,7,Data_MC/images/PS_RBCs_NPs_1-200_5_3hrs_3.tif
636,,58,Data_MC/images/PP_RBCs_NPs_1-10_6_3hrs_3.tif
637,,7,Data_MC/images/PE_RBCs_control_3_15hrs_3.tif
638,Stressed,25,Data_MC/images/PP_RBCs_NPs_1-50_5_3hrs_1.tif
639,Stressed,7,Data_MC/images/PS_RBCs_NPs_1-50_2_15hrs_1.tif
640,,30,Data_MC/images/PS_RBCs_NPs_1-200_1_3hrs_2.tif
641,,30,Data_MC/images/PE_RBCs_NPs_1-200_3_15hrs_3.tif
642,,4,Data_MC/images/PS_RBCs_NPs_1-50_6_15hrs_1.tif
643,,24,Data_MC/images/PS_RBCs_control_4_15hrs_4.tif
644,Dead,57,Data_MC/images/PP_RBCs_NPs_1-200_2_15hrs_1.tif
645,Dead,47,Data_MC/images/PE_RBCs_NPs_1-50_2_15hrs_3.tif
646,,24,Data_MC/images/PS_RBCs_NPs_1-200_4_15hrs_3.tif
647,,23,Data_MC/images/PP_RBCs_control_5_15hrs_3.tif
648,,17,Data_MC/images/PE_RBCs_NPs_1-20_3_3hrs_4.tif
649,,27,Data_MC/images/PS_RBCs_NPs_1-20_5_15hrs_1.tif
650,,10,Data_MC/images/PE_RBCs_control_5_15hrs_2.tif
651,,7,Data_MC/images/PS_RBCs_NPs_1-10_4_15hrs_2.tif
652,,73,Data_MC/images/PE_RBCs_control_5_3hrs_4.tif
653,,10,Data_MC/images/PS_RBCs_NPs_1-20_6_3hrs_1.tif
654,,15,Data_MC/images/PS_RBCs_NPs_1-200_1_15hrs_4.tif
655,,31,Data_MC/images/PS_RBCs_NPs_1-20_1_3hrs_4.tif
656,Stressed,27,Data_MC/images/PP_RBCs_NPs_1-200_4_15hrs_3.tif
657,,27,Data_MC/images/PP_RBCs_NPs_1-200_3_15hrs_3.tif
658,,67,Data_MC/images/PP_RBCs_NPs_1-200_1_15hrs_1.tif
659,,18,Data_MC/images/PP_RBCs_control_2_3hrs_3.tif
660,,12,Data_MC/images/PE_RBCs_NPs_1-20_7_15hrs_3.tif
661,Stressed,22,Data_MC/images/PS_RBCs_NPs_1-50_4_3hrs_1.tif
662,,83,Data_MC/images/PP_RBCs_control_6_3hrs_1.tif
663,,58,Data_MC/images/PE_RBCs_NPs_1-50_6_3hrs_4.tif
664,Dead,41,Data_MC/images/PS_RBCs_NPs_1-20_4_15hrs_3.tif
665,Stressed,54,Data_MC/images/PE_RBCs_NPs_1-20_3_3hrs_2.tif
666,Dead,9,Data_MC/images/PP_RBCs_NPs_1-10_6_15hrs_3.tif
667,,33,Data_MC/images/PS_RBCs_NPs_1-200_2_3hrs_3.tif
668,Stressed,59,Data_MC/images/PE_RBCs_NPs_1-200_2_3hrs_4.tif
669,Stressed,53,Data_MC/images/PE_RBCs_NPs_1-50_1_3hrs_4.tif
670,,91,Data_MC/images/PP_RBCs_NPs_1-20_2_3hrs_3.tif
671,Dead,43,Data_MC/images/PP_RBCs_NPs_1-20_2_15hrs_3.tif
672,Crenated,27,Data_MC/images/PE_RBCs_NPs_1-50_5_15hrs_1.tif
673,,44,Data_MC/images/PP_RBCs_NPs_1-20_3_3hrs_4.tif
674,Stressed,5,Data_MC/images/PP_RBCs_NPs_1-50_3_3hrs_1.tif
675,,9,Data_MC/images/PE_RBCs_NPs_1-200_2_3hrs_4.tif
676,,21,Data_MC/images/PS_RBCs_NPs_1-200_4_3hrs_1.tif
677,Stressed,20,Data_MC/images/PP_RBCs_NPs_1-20_4_3hrs_2.tif
678,,86,Data_MC/images/PP_RBCs_control_6_3hrs_1.tif
679,,20,Data_MC/images/PE_RBCs_control_5_3hrs_1.tif
680,Stressed,17,Data_MC/images/PP_RBCs_control_2_15hrs_1.tif
681,Dead,78,Data_MC/images/PS_RBCs_NPs_1-20_3_3hrs_3.tif
682,,11,Data_MC/images/PS_RBCs_control_1_15hrs_3.tif
683,,14,Data_MC/images/PS_RBCs_NPs_1-10_7_15hrs_2.tif
684,,30,Data_MC/images/PS_RBCs_control_4_15hrs_1.tif
685,,10,Data_MC/images/PP_RBCs_control_5_3hrs_2.tif
686,,16,Data_MC/images/PS_RBCs_control_6_15hrs_2.tif
687,,74,Data_MC/images/PS_RBCs_NPs_1-50_2_3hrs_4.tif
688,Dead,47,Data_MC/images/PE_RBCs_NPs_1-200_5_15hrs_2.tif
689,,73,Data_MC/images/PS_RBCs_NPs_1-20_1_3hrs_4.tif
690,,51,Data_MC/images/PE_RBCs_NPs_1-10_1_15hrs_2.tif
691,,8,Data_MC/images/PE_RBCs_NPs_1-20_3_3hrs_2.tif
692,,56,Data_MC/images/PE_RBCs_control_4_15hrs_2.tif
693,,57,Data_MC/images/PP_RBCs_NPs_1-200_2_3hrs_2.tif
694,,23,Data_MC/images/PE_RBCs_NPs_1-20_4_3hrs_3.tif
695,Dead,44,Data_MC/images/PS_RBCs_NPs_1-20_4_15hrs_3.tif
696,,73,Data_MC/images/PE_RBCs_control_3_3hrs_1.tif
697,,39,Data_MC/images/PE_RBCs_NPs_1-10_6_3hrs_3.tif
698,,80,Data_MC/images/PS_RBCs_NPs_1-10_2_3hrs_4.tif
699,,38,Data_MC/images/PE_RBCs_NPs_1-200_5_15hrs_1.tif
700,,6,Data_MC/images/PP_RBCs_NPs_1-10_3_3hrs_2.tif
701,Stressed,71,Data_MC/images/PS_RBCs_NPs_1-200_5_3hrs_4.tif
702,,33,Data_MC/images/PE_RBCs_NPs_1-10_5_3hrs_1.tif
703,Dead,3,Data_MC/images/PP_RBCs_NPs_1-10_5_15hrs_1.tif
704,,70,Data_MC/images/PP_RBCs_control_5_3hrs_1.tif
705,,30,Data_MC/images/PP_RBCs_NPs_1-10_6_3hrs_2.tif
706,,90,Data_MC/images/PE_RBCs_control_4_3hrs_2.tif
707,,47,Data_MC/images/PE_RBCs_NPs_1-10_5_3hrs_3.tif
708,,23,Data_MC/images/PP_RBCs_control_4_15hrs_3.tif
709,Crenated,35,Data_MC/images/PS_RBCs_control_3_15hrs_1.tif
710,,44,Data_MC/images/PE_RBCs_control_4_3hrs_3.tif
711,Stressed,20,Data_MC/images/PP_RBCs_NPs_1-50_3_15hrs_4.tif
712,,73,Data_MC/images/PE_RBCs_NPs_1-50_5_15hrs_2.tif
713,Stressed,21,Data_MC/images/PS_RBCs_NPs_1-50_2_15hrs_1.tif
714,,40,Data_MC/images/PS_RBCs_NPs_1-50_5_3hrs_4.tif
715,Stressed,56,Data_MC/images/PP_RBCs_NPs_1-20_1_3hrs_1.tif
716,Crenated,76,Data_MC/images/PE_RBCs_control_4_3hrs_2.tif
717,,69,Data_MC/images/PS_RBCs_control_5_3hrs_2.tif
718,Crenated,33,Data_MC/images/PE_RBCs_NPs_1-10_3_3hrs_1.tif
719,Stressed,79,Data_MC/images/PE_RBCs_control_5_3hrs_1.tif
720,,60,Data_MC/images/PS_RBCs_NPs_1-20_6_3hrs_1.tif
721,Dead,60,Data_MC/images/PS_RBCs_control_5_15hrs_2.tif
722,,4,Data_MC/images/PE_RBCs_NPs_1-20_4_15hrs_3.tif
723,,25,Data_MC/images/PE_RBCs_NPs_1-20_1_3hrs_2.tif
724,Dead,39,Data_MC/images/PS_RBCs_NPs_1-10_5_15hrs_1.tif
725,,32,Data_MC/images/PS_RBCs_NPs_1-200_2_3hrs_2.tif
726,Dead,59,Data_MC/images/PE_RBCs_NPs_1-200_2_15hrs_3.tif
727,Dead,21,Data_MC/images/PE_RBCs_NPs_1-10_5_15hrs_3.tif
728,Crenated,58,Data_MC/images/PS_RBCs_control_5_15hrs_1.tif
729,,40,Data_MC/images/PS_RBCs_NPs_1-200_6_3hrs_1.tif
730,Dead,38,Data_MC/images/PP_RBCs_NPs_1-20_3_15hrs_3.tif
731,Stressed,19,Data_MC/images/PE_RBCs_NPs_1-10_2_3hrs_2.tif
732,Stressed,25,Data_MC/images/PE_RBCs_NPs_1-10_2_3hrs_2.tif
733,,47,Data_MC/images/PS_RBCs_NPs_1-50_6_15hrs_4.tif
734,,61,Data_MC/images/PE_RBCs_NPs_1-10_1_3hrs_3.tif
735,Stressed,21,Data_MC/images/PS_RBCs_NPs_1-50_2_3hrs_1.tif
736,Dead,48,Data_MC/images/PS_RBCs_NPs_1-200_2_15hrs_4.tif
737,Dead,58,Data_MC/images/PS_RBCs_NPs_1-200_5_15hrs_3.tif
738,,1,Data_MC/images/PP_RBCs_control_1_15hrs_3.tif
739,,56,Data_MC/images/PS_RBCs_NPs_1-20_6_3hrs_4.tif
740,,68,Data_MC/images/PE_RBCs_NPs_1-50_1_3hrs_2.tif
741,,6,Data_MC/images/PE_RBCs_control_4_3hrs_2.tif
742,Stressed,67,Data_MC/images/PP_RBCs_NPs_1-20_6_3hrs_3.tif
743,Stressed,45,Data_MC/images/PE_RBCs_NPs_1-20_5_3hrs_4.tif
744,,1,Data_MC/images/PE_RBCs_NPs_1-20_1_15hrs_2.tif
745,Dead,66,Data_MC/images/PP_RBCs_control_4_15hrs_2.tif
746,,15,Data_MC/images/PP_RBCs_NPs_1-200_4_15hrs_4.tif
747,Dead,47,Data_MC/images/PP_RBCs_NPs_1-200_5_15hrs_1.tif
748,,41,Data_MC/images/PS_RBCs_NPs_1-50_5_15hrs_1.tif
749,,45,Data_MC/images/PE_RBCs_NPs_1-50_4_15hrs_3.tif
750,,31,Data_MC/images/PE_RBCs_control_3_3hrs_3.tif
751,,14,Data_MC/images/PS_RBCs_NPs_1-20_4_15hrs_3.tif
752,Dead,41,Data_MC/images/PP_RBCs_control_6_15hrs_1.tif
753,,51,Data_MC/images/PS_RBCs_control_4_3hrs_1.tif
754,,39,Data_MC/images/PP_RBCs_NPs_1-50_3_15hrs_3.tif
755,Dead,43,Data_MC/images/PE_RBCs_NPs_1-50_3_15hrs_2.tif
756,,31,Data_MC/images/PP_RBCs_NPs_1-50_1_3hrs_1.tif
757,Dead,45,Data_MC/images/PP_RBCs_NPs_1-200_5_15hrs_3.tif
758,,4,Data_MC/images/PP_RBCs_NPs_1-20_6_15hrs_1.tif
759,Crenated,62,Data_MC/images/PP_RBCs_NPs_1-50_4_3hrs_3.tif
760,,77,Data_MC/images/PP_RBCs_NPs_1-20_6_3hrs_3.tif
761,,80,Data_MC/images/PP_RBCs_NPs_1-50_3_3hrs_1.tif
762,,46,Data_MC/images/PE_RBCs_NPs_1-200_4_3hrs_2.tif
763,,25,Data_MC/images/PS_RBCs_NPs_1-10_4_15hrs_1.tif
764,,9,Data_MC/images/PE_RBCs_control_6_3hrs_1.tif
765,,69,Data_MC/images/PP_RBCs_NPs_1-50_1_3hrs_3.tif
766,Dead,47,Data_MC/images/PS_RBCs_NPs_1-50_4_15hrs_2.tif
767,,51,Data_MC/images/PE_RBCs_NPs_1-10_1_3hrs_2.tif
768,Stressed,76,Data_MC/images/PP_RBCs_NPs_1-200_2_3hrs_3.tif
769,,45,Data_MC/images/PS_RBCs_NPs_1-50_3_3hrs_1.tif
770,Dead,51,Data_MC/images/PS_RBCs_NPs_1-20_3_15hrs_2.tif
771,Dead,81,Data_MC/images/PP_RBCs_NPs_1-10_7_3hrs_2.tif
772,,22,Data_MC/images/PE_RBCs_NPs_1-200_6_15hrs_1.tif
773,Stressed,17,Data_MC/images/PP_RBCs_NPs_1-10_5_3hrs_3.tif
774,,2,Data_MC/images/PS_RBCs_NPs_1-50_1_15hrs_4.tif
775,,37,Data_MC/images/PS_RBCs_control_1_3hrs_1.tif
776,Crenated,27,Data_MC/images/PE_RBCs_NPs_1-200_2_15hrs_2.tif
777,,6,Data_MC/images/PP_RBCs_NPs_1-50_2_15hrs_4.tif
778,Dead,37,Data_MC/images/PS_RBCs_NPs_1-20_1_15hrs_4.tif
779,,70,Data_MC/images/PS_RBCs_control_1_3hrs_3.tif
780,Dead,71,Data_MC/images/PS_RBCs_NPs_1-10_6_3hrs_3.tif
781,,20,Data_MC/images/PP_RBCs_NPs_1-10_5_3hrs_4.tif
782,Dead,60,Data_MC/images/PP_RBCs_NPs_1-50_3_15hrs_3.tif
783,,8,Data_MC/images/PP_RBCs_NPs_1-200_2_15hrs_4.tif
784,,76,Data_MC/images/PP_RBCs_NPs_1-20_6_3hrs_3.tif
785,,46,Data_MC/images/PS_RBCs_NPs_1-50_2_3hrs_2.tif
786,,25,Data_MC/images/PE_RBCs_NPs_1-20_6_3hrs_2.tif
787,,12,Data_MC/images/PS_RBCs_NPs_1-10_1_15hrs_4.tif
788,,72,Data_MC/images/PE_RBCs_NPs_1-50_6_3hrs_3.tif
789,,3,Data_MC/images/PP_RBCs_NPs_1-50_5_3hrs_1.tif
790,,34,Data_MC/images/PP_RBCs_control_6_3hrs_2.tif
791,Dead,29,Data_MC/images/PE_RBCs_NPs_1-10_1_15hrs_2.tif
792,,4,Data_MC/images/PS_RBCs_NPs_1-20_2_15hrs_3.tif
793,,28,Data_MC/images/PE_RBCs_NPs_1-50_3_15hrs_4.tif
794,,69,Data_MC/images/PP_RBCs_control_5_15hrs_2.tif
795,,39,Data_MC/images/PS_RBCs_NPs_1-50_6_3hrs_2.tif
796,Dead,49,Data_MC/images/PE_RBCs_NPs_1-50_6_15hrs_4.tif
797,Crenated,37,Data_MC/images/PP_RBCs_NPs_1-200_5_3hrs_4.tif
798,Crenated,36,Data_MC/images/PE_RBCs_NPs_1-200_5_15hrs_1.tif
799,,17,Data_MC/images/PS_RBCs_NPs_1-10_3_15hrs_2.tif
800,,24,Data_MC/images/PP_RBCs_NPs_1-200_2_15hrs_1.tif
801,,30,Data_MC/images/PS_RBCs_control_5_3hrs_3.tif
802,,5,Data_MC/images/PE_RBCs_control_2_3hrs_4.tif
803,,7,Data_MC/images/PE_RBCs_NPs_1-50_3_15hrs_3.tif
804,Stressed,79,Data_MC/images/PE_RBCs_control_1_3hrs_2.tif
805,,75,Data_MC/images/PP_RBCs_control_1_15hrs_4.tif
806,Dead,63,Data_MC/images/PP_RBCs_NPs_1-200_1_15hrs_4.tif
807,Stressed,11,Data_MC/images/PP_RBCs_NPs_1-20_2_3hrs_4.tif
808,,39,Data_MC/images/PP_RBCs_control_2_3hrs_1.tif
809,,41,Data_MC/images/PS_RBCs_NPs_1-200_4_3hrs_2.tif
810,,166,Data_MC/images/PS_RBCs_NPs_1-20_4_3hrs_2.tif
811,,15,Data_MC/images/PE_RBCs_NPs_1-200_5_15hrs_2.tif
812,,6,Data_MC/images/PS_RBCs_NPs_1-200_5_3hrs_4.tif
813,,142,Data_MC/images/PS_RBCs_NPs_1-20_1_15hrs_4.tif
814,Crenated,83,Data_MC/images/PS_RBCs_NPs_1-10_4_3hrs_3.tif
815,Crenated,83,Data_MC/images/PP_RBCs_NPs_1-10_4_3hrs_4.tif
816,,2,Data_MC/images/PE_RBCs_NPs_1-10_3_3hrs_1.tif
817,Dead,79,Data_MC/images/PS_RBCs_NPs_1-50_5_3hrs_3.tif
818,Dead,53,Data_MC/images/PE_RBCs_NPs_1-200_3_15hrs_1.tif
819,,4,Data_MC/images/PE_RBCs_NPs_1-200_2_15hrs_3.tif
820,,16,Data_MC/images/PP_RBCs_NPs_1-50_3_3hrs_3.tif
821,Dead,17,Data_MC/images/PP_RBCs_NPs_1-10_3_15hrs_2.tif
822,,64,Data_MC/images/PP_RBCs_NPs_1-200_4_3hrs_4.tif
823,Dead,71,Data_MC/images/PS_RBCs_NPs_1-50_2_15hrs_3.tif
824,,58,Data_MC/images/PE_RBCs_control_1_3hrs_1.tif
825,Crenated,10,Data_MC/images/PP_RBCs_NPs_1-20_4_3hrs_3.tif
826,,48,Data_MC/images/PS_RBCs_control_1_3hrs_4.tif
827,,58,Data_MC/images/PS_RBCs_control_5_3hrs_2.tif
828,Dead,34,Data_MC/images/PP_RBCs_NPs_1-20_2_15hrs_1.tif
829,,57,Data_MC/images/PP_RBCs_NPs_1-50_2_3hrs_1.tif
830,,39,Data_MC/images/PS_RBCs_control_6_15hrs_3.tif
831,,66,Data_MC/images/PP_RBCs_NPs_1-20_3_3hrs_1.tif
832,,24,Data_MC/images/PS_RBCs_NPs_1-50_1_15hrs_2.tif
833,Stressed,13,Data_MC/images/PP_RBCs_NPs_1-200_6_15hrs_3.tif
834,,76,Data_MC/images/PP_RBCs_NPs_1-50_3_3hrs_4.tif
835,,48,Data_MC/images/PP_RBCs_control_6_3hrs_4.tif
836,,66,Data_MC/images/PE_RBCs_NPs_1-20_2_3hrs_4.tif
837,Stressed,27,Data_MC/images/PP_RBCs_control_1_15hrs_2.tif
838,,3,Data_MC/images/PS_RBCs_NPs_1-20_6_3hrs_2.tif
839,,43,Data_MC/images/PE_RBCs_NPs_1-20_2_15hrs_1.tif
840,,84,Data_MC/images/PS_RBCs_NPs_1-200_2_15hrs_4.tif
841,,12,Data_MC/images/PS_RBCs_NPs_1-10_6_3hrs_4.tif
842,,23,Data_MC/images/PP_RBCs_NPs_1-10_3_15hrs_1.tif
843,,61,Data_MC/images/PE_RBCs_NPs_1-50_1_15hrs_2.tif
844,,40,Data_MC/images/PS_RBCs_NPs_1-10_1_3hrs_1.tif
845,,47,Data_MC/images/PP_RBCs_NPs_1-50_6_15hrs_4.tif
846,Stressed,32,Data_MC/images/PP_RBCs_NPs_1-200_6_3hrs_1.tif
847,,58,Data_MC/images/PE_RBCs_NPs_1-10_6_15hrs_3.tif
848,Crenated,21,Data_MC/images/PE_RBCs_NPs_1-50_2_15hrs_2.tif
849,,55,Data_MC/images/PE_RBCs_NPs_1-200_1_15hrs_2.tif
850,,25,Data_MC/images/PS_RBCs_control_1_15hrs_4.tif
851,,62,Data_MC/images/PP_RBCs_control_4_3hrs_4.tif
852,,27,Data_MC/images/PE_RBCs_NPs_1-200_2_15hrs_4.tif
853,,52,Data_MC/images/PE_RBCs_NPs_1-20_2_15hrs_2.tif
854,,44,Data_MC/images/PE_RBCs_control_3_3hrs_4.tif
855,Stressed,14,Data_MC/images/PE_RBCs_NPs_1-10_4_3hrs_4.tif
856,,24,Data_MC/images/PS_RBCs_NPs_1-20_3_15hrs_4.tif
857,,52,Data_MC/images/PS_RBCs_NPs_1-20_3_15hrs_4.tif
858,,41,Data_MC/images/PE_RBCs_NPs_1-200_6_3hrs_3.tif
859,,69,Data_MC/images/PE_RBCs_NPs_1-50_3_15hrs_2.tif
860,,14,Data_MC/images/PP_RBCs_NPs_1-200_6_3hrs_3.tif
861,,54,Data_MC/images/PP_RBCs_NPs_1-200_5_3hrs_3.tif
862,,47,Data_MC/images/PS_RBCs_NPs_1-200_1_15hrs_1.tif
863,,80,Data_MC/images/PP_RBCs_NPs_1-200_6_3hrs_2.tif
864,,35,Data_MC/images/PE_RBCs_NPs_1-200_1_15hrs_2.tif
865,,46,Data_MC/images/PE_RBCs_NPs_1-50_3_15hrs_2.tif
866,,75,Data_MC/images/PE_RBCs_control_3_3hrs_2.tif
867,Stressed,59,Data_MC/images/PE_RBCs_NPs_1-50_3_3hrs_4.tif
868,,64,Data_MC/images/PP_RBCs_NPs_1-200_3_3hrs_3.tif
869,Stressed,61,Data_MC/images/PE_RBCs_NPs_1-10_2_3hrs_1.tif
870,,21,Data_MC/images/PE_RBCs_NPs_1-20_1_3hrs_1.tif
871,,7,Data_MC/images/PE_RBCs_NPs_1-50_6_15hrs_4.tif
872,,16,Data_MC/images/PP_RBCs_NPs_1-200_1_3hrs_2.tif
873,,47,Data_MC/images/PS_RBCs_control_2_3hrs_2.tif
874,,32,Data_MC/images/PP_RBCs_NPs_1-200_5_3hrs_3.tif
875,,42,Data_MC/images/PS_RBCs_NPs_1-20_2_3hrs_3.tif
876,,58,Data_MC/images/PE_RBCs_NPs_1-50_6_15hrs_1.tif
877,,59,Data_MC/images/PS_RBCs_NPs_1-10_7_15hrs_4.tif
878,,69,Data_MC/images/PS_RBCs_NPs_1-200_3_15hrs_1.tif
879,,60,Data_MC/images/PS_RBCs_NPs_1-200_1_15hrs_4.tif
880,,24,Data_MC/images/PS_RBCs_control_2_15hrs_3.tif
881,,53,Data_MC/images/PS_RBCs_NPs_1-20_2_15hrs_4.tif
882,Stressed,30,Data_MC/images/PE_RBCs_NPs_1-200_3_15hrs_2.tif
883,,55,Data_MC/images/PS_RBCs_NPs_1-10_7_15hrs_1.tif
884,,44,Data_MC/images/PE_RBCs_NPs_1-50_6_3hrs_3.tif
885,,83,Data_MC/images/PP_RBCs_NPs_1-20_2_3hrs_4.tif
886,,8,Data_MC/images/PS_RBCs_control_1_15hrs_3.tif
887,,66,Data_MC/images/PP_RBCs_NPs_1-200_4_3hrs_1.tif
888,,29,Data_MC/images/PS_RBCs_NPs_1-10_3_3hrs_4.tif
889,,7,Data_MC/images/PS_RBCs_control_3_3hrs_4.tif
890,,50,Data_MC/images/PS_RBCs_NPs_1-50_4_15hrs_1.tif
891,,33,Data_MC/images/PE_RBCs_NPs_1-20_5_15hrs_3.tif
892,Stressed,72,Data_MC/images/PP_RBCs_control_2_3hrs_4.tif
893,Stressed,28,Data_MC/images/PE_RBCs_NPs_1-20_3_3hrs_1.tif
894,,45,Data_MC/images/PE_RBCs_control_5_15hrs_2.tif
895,,33,Data_MC/images/PS_RBCs_control_3_3hrs_4.tif
896,,36,Data_MC/images/PE_RBCs_control_2_3hrs_3.tif
897,,12,Data_MC/images/PP_RBCs_NPs_1-200_2_3hrs_3.tif
898,,1,Data_MC/images/PS_RBCs_NPs_1-20_6_3hrs_4.tif
899,,73,Data_MC/images/PS_RBCs_control_1_3hrs_3.tif
900,,17,Data_MC/images/PS_RBCs_NPs_1-10_4_15hrs_2.tif
901,,27,Data_MC/images/PP_RBCs_control_2_3hrs_3.tif
902,,59,Data_MC/images/PS_RBCs_NPs_1-20_5_15hrs_4.tif
903,Stressed,29,Data_MC/images/PS_RBCs_NPs_1-200_1_3hrs_2.tif
904,,9,Data_MC/images/PS_RBCs_control_3_15hrs_2.tif
905,,40,Data_MC/images/PP_RBCs_control_1_3hrs_4.tif
906,Stressed,55,Data_MC/images/PP_RBCs_NPs_1-200_5_3hrs_4.tif
907,,46,Data_MC/images/PS_RBCs_NPs_1-20_3_3hrs_1.tif
908,,46,Data_MC/images/PE_RBCs_NPs_1-50_5_3hrs_2.tif
909,,23,Data_MC/images/PE_RBCs_NPs_1-200_1_3hrs_4.tif
910,,36,Data_MC/images/PP_RBCs_NPs_1-50_5_3hrs_4.tif
911,,3,Data_MC/images/PE_RBCs_control_1_3hrs_1.tif
912,,58,Data_MC/images/PP_RBCs_NPs_1-10_7_3hrs_3.tif
913,,96,Data_MC/images/PP_RBCs_control_5_3hrs_1.tif
914,Stressed,34,Data_MC/images/PE_RBCs_control_4_3hrs_3.tif
915,,19,Data_MC/images/PE_RBCs_NPs_1-50_3_15hrs_1.tif
916,,20,Data_MC/images/PS_RBCs_NPs_1-50_2_15hrs_4.tif
917,,87,Data_MC/images/PE_RBCs_NPs_1-10_5_3hrs_3.tif
918,,26,Data_MC/images/PE_RBCs_NPs_1-10_4_15hrs_2.tif
919,,21,Data_MC/images/PP_RBCs_NPs_1-10_3_15hrs_2.tif
920,,3,Data_MC/images/PS_RBCs_NPs_1-10_1_15hrs_2.tif
921,,54,Data_MC/images/PE_RBCs_NPs_1-20_4_15hrs_3.tif
922,,41,Data_MC/images/PS_RBCs_NPs_1-20_6_15hrs_2.tif
923,,28,Data_MC/images/PP_RBCs_NPs_1-200_3_3hrs_3.tif
924,,3,Data_MC/images/PP_RBCs_NPs_1-200_4_3hrs_3.tif
925,,27,Data_MC/images/PE_RBCs_NPs_1-50_4_15hrs_2.tif
926,Stressed,10,Data_MC/images/PE_RBCs_NPs_1-200_1_3hrs_4.tif
927,,72,Data_MC/images/PP_RBCs_NPs_1-50_2_3hrs_1.tif
928,,54,Data_MC/images/PP_RBCs_control_3_15hrs_1.tif
929,,17,Data_MC/images/PE_RBCs_NPs_1-20_1_15hrs_2.tif
930,Stressed,25,Data_MC/images/PE_RBCs_NPs_1-20_3_3hrs_4.tif
931,Stressed,30,Data_MC/images/PS_RBCs_NPs_1-10_2_3hrs_2.tif
932,,43,Data_MC/images/PP_RBCs_control_6_15hrs_4.tif
933,,28,Data_MC/images/PE_RBCs_NPs_1-200_2_3hrs_1.tif
934,,5,Data_MC/images/PE_RBCs_NPs_1-200_3_15hrs_3.tif
935,,10,Data_MC/images/PS_RBCs_control_2_15hrs_4.tif
936,,13,Data_MC/images/PP_RBCs_NPs_1-10_7_3hrs_1.tif
937,,17,Data_MC/images/PE_RBCs_control_2_3hrs_1.tif
938,,29,Data_MC/images/PE_RBCs_NPs_1-20_4_15hrs_4.tif
939,,31,Data_MC/images/PP_RBCs_NPs_1-200_6_15hrs_4.tif
940,,19,Data_MC/images/PS_RBCs_NPs_1-50_6_3hrs_2.tif
941,,89,Data_MC/images/PP_RBCs_control_6_3hrs_3.tif
942,,62,Data_MC/images/PP_RBCs_control_6_15hrs_2.tif
943,,43,Data_MC/images/PP_RBCs_NPs_1-10_2_3hrs_3.tif
944,,37,Data_MC/images/PE_RBCs_control_5_15hrs_3.tif
945,,54,Data_MC/images/PP_RBCs_NPs_1-10_1_3hrs_4.tif
946,,59,Data_MC/images/PE_RBCs_NPs_1-20_3_15hrs_4.tif
947,,35,Data_MC/images/PS_RBCs_NPs_1-50_2_3hrs_1.tif
948,Stressed,5,Data_MC/images/PS_RBCs_NPs_1-50_6_15hrs_4.tif
949,,14,Data_MC/images/PE_RBCs_NPs_1-10_5_3hrs_2.tif
950,,47,Data_MC/images/PP_RBCs_NPs_1-20_5_3hrs_3.tif
951,,11,Data_MC/images/PP_RBCs_NPs_1-200_5_15hrs_3.tif
952,,58,Data_MC/images/PS_RBCs_control_5_15hrs_4.tif
953,,68,Data_MC/images/PS_RBCs_NPs_1-20_5_15hrs_3.tif
954,,11,Data_MC/images/PS_RBCs_control_5_3hrs_2.tif
955,,35,Data_MC/images/PE_RBCs_NPs_1-20_6_15hrs_1.tif
956,,4,Data_MC/images/PS_RBCs_NPs_1-10_3_3hrs_2.tif
957,,56,Data_MC/images/PE_RBCs_NPs_1-20_3_15hrs_1.tif
958,,40,Data_MC/images/PE_RBCs_NPs_1-10_2_15hrs_1.tif
959,,43,Data_MC/images/PP_RBCs_NPs_1-50_4_3hrs_1.tif
960,,5,Data_MC/images/PP_RBCs_NPs_1-20_1_15hrs_3.tif
961,,36,Data_MC/images/PE_RBCs_NPs_1-10_4_15hrs_2.tif
962,Crenated,104,Data_MC/images/PE_RBCs_control_1_3hrs_2.tif
963,,68,Data_MC/images/PS_RBCs_NPs_1-50_4_15hrs_1.tif
964,,16,Data_MC/images/PS_RBCs_control_5_3hrs_3.tif
965,,66,Data_MC/images/PS_RBCs_NPs_1-50_4_3hrs_3.tif
966,,50,Data_MC/images/PS_RBCs_NPs_1-200_3_3hrs_3.tif
967,,33,Data_MC/images/PP_RBCs_control_2_15hrs_4.tif
968,,51,Data_MC/images/PS_RBCs_NPs_1-10_4_15hrs_1.tif
969,,40,Data_MC/images/PS_RBCs_control_4_3hrs_4.tif
970,Stressed,5,Data_MC/images/PE_RBCs_NPs_1-20_4_3hrs_3.tif
971,,1,Data_MC/images/PS_RBCs_NPs_1-50_4_15hrs_3.tif
972,,3,Data_MC/images/PP_RBCs_control_1_15hrs_4.tif
973,Stressed,33,Data_MC/images/PE_RBCs_NPs_1-20_6_3hrs_4.tif
974,,115,Data_MC/images/PS_RBCs_NPs_1-20_5_15hrs_3.tif
975,,79,Data_MC/images/PS_RBCs_NPs_1-200_6_15hrs_3.tif
976,,47,Data_MC/images/PP_RBCs_control_6_15hrs_1.tif
977,Stressed,84,Data_MC/images/PP_RBCs_NPs_1-20_5_3hrs_4.tif
978,,12,Data_MC/images/PE_RBCs_NPs_1-200_1_3hrs_4.tif
979,,8,Data_MC/images/PP_RBCs_NPs_1-50_6_15hrs_3.tif
980,Stressed,66,Data_MC/images/PP_RBCs_NPs_1-10_7_3hrs_2.tif
981,,12,Data_MC/images/PS_RBCs_NPs_1-200_3_15hrs_2.tif
982,,30,Data_MC/images/PP_RBCs_control_5_3hrs_3.tif
983,Stressed,53,Data_MC/images/PE_RBCs_NPs_1-10_6_3hrs_2.tif
984,,5,Data_MC/images/PP_RBCs_NPs_1-50_5_15hrs_2.tif
985,,13,Data_MC/images/PP_RBCs_NPs_1-10_2_3hrs_3.tif
986,,4,Data_MC/images/PP_RBCs_NPs_1-200_6_3hrs_4.tif
987,Crenated,80,Data_MC/images/PS_RBCs_control_4_3hrs_3.tif
988,,23,Data_MC/images/PE_RBCs_NPs_1-200_2_3hrs_3.tif
989,,7,Data_MC/images/PP_RBCs_NPs_1-20_5_3hrs_3.tif
990,,88,Data_MC/images/PP_RBCs_NPs_1-200_3_3hrs_4.tif
991,,37,Data_MC/images/PP_RBCs_NPs_1-10_4_3hrs_2.tif
992,,34,Data_MC/images/PS_RBCs_NPs_1-10_6_3hrs_2.tif
993,,18,Data_MC/images/PS_RBCs_NPs_1-20_4_15hrs_3.tif
994,Stressed,6,Data_MC/images/PS_RBCs_NPs_1-50_4_3hrs_1.tif
995,Crenated,22,Data_MC/images/PS_RBCs_control_1_15hrs_3.tif
996,,17,Data_MC/images/PE_RBCs_NPs_1-20_2_15hrs_4.tif
997,,88,Data_MC/images/PE_RBCs_control_6_3hrs_4.tif
998,Stressed,4,Data_MC/images/PE_RBCs_NPs_1-50_3_3hrs_3.tif
999,Stressed,99,Data_MC/images/PP_RBCs_control_3_3hrs_4.tif
1000,Stressed,58,Data_MC/images/PE_RBCs_NPs_1-200_4_3hrs_1.tif
1001,,54,Data_MC/images/PS_RBCs_NPs_1-200_6_3hrs_3.tif
1002,,44,Data_MC/images/PS_RBCs_NPs_1-10_3_3hrs_4.tif
1003,,27,Data_MC/images/PS_RBCs_NPs_1-10_5_15hrs_1.tif
1004,,69,Data_MC/images/PE_RBCs_NPs_1-50_6_3hrs_3.tif
1005,Stressed,1,Data_MC/images/PS_RBCs_NPs_1-20_2_3hrs_3.tif
1006,,41,Data_MC/images/PP_RBCs_NPs_1-50_5_3hrs_1.tif
1007,,10,Data_MC/images/PP_RBCs_NPs_1-10_3_15hrs_3.tif
1008,,16,Data_MC/images/PP_RBCs_control_5_3hrs_3.tif
1009,,61,Data_MC/images/PS_RBCs_NPs_1-200_6_3hrs_3.tif
1010,,28,Data_MC/images/PS_RBCs_NPs_1-50_4_15hrs_2.tif
1011,,75,Data_MC/images/PE_RBCs_NPs_1-200_6_3hrs_3.tif
1012,,53,Data_MC/images/PS_RBCs_NPs_1-10_6_3hrs_3.tif
1013,,28,Data_MC/images/PS_RBCs_NPs_1-10_6_3hrs_1.tif
1014,,40,Data_MC/images/PE_RBCs_NPs_1-50_4_15hrs_2.tif
1015,,9,Data_MC/images/PE_RBCs_control_6_15hrs_3.tif
1016,Crenated,32,Data_MC/images/PS_RBCs_NPs_1-200_1_15hrs_2.tif
1017,,90,Data_MC/images/PP_RBCs_control_1_3hrs_2.tif
1018,Crenated,27,Data_MC/images/PS_RBCs_NPs_1-200_6_15hrs_3.tif
1019,,119,Data_MC/images/PS_RBCs_NPs_1-50_5_15hrs_4.tif
1020,,14,Data_MC/images/PP_RBCs_NPs_1-200_4_3hrs_4.tif
1021,Crenated,114,Data_MC/images/PE_RBCs_control_2_3hrs_3.tif
1022,,46,Data_MC/images/PS_RBCs_NPs_1-20_5_3hrs_3.tif
1023,,49,Data_MC/images/PS_RBCs_NPs_1-20_1_15hrs_4.tif
1024,,10,Data_MC/images/PS_RBCs_NPs_1-200_2_15hrs_3.tif
1025,,62,Data_MC/images/PS_RBCs_NPs_1-50_4_15hrs_1.tif
1026,,29,Data_MC/images/PP_RBCs_NPs_1-20_6_3hrs_2.tif
1027,,3,Data_MC/images/PP_RBCs_NPs_1-200_6_3hrs_4.tif
1028,,19,Data_MC/images/PP_RBCs_control_6_15hrs_1.tif
1029,,44,Data_MC/images/PE_RBCs_NPs_1-20_4_3hrs_3.tif
1030,,135,Data_MC/images/PS_RBCs_control_4_15hrs_3.tif
1031,,9,Data_MC/images/PP_RBCs_NPs_1-10_3_15hrs_4.tif
1032,Stressed,65,Data_MC/images/PE_RBCs_NPs_1-50_2_3hrs_3.tif
1033,,55,Data_MC/images/PE_RBCs_NPs_1-10_6_3hrs_1.tif
1034,,51,Data_MC/images/PE_RBCs_NPs_1-10_1_15hrs_4.tif
1035,,10,Data_MC/images/PP_RBCs_control_3_3hrs_4.tif
1036,,2,Data_MC/images/PP_RBCs_NPs_1-50_2_15hrs_3.tif
1037,,63,Data_MC/images/PP_RBCs_NPs_1-50_5_15hrs_4.tif
1038,,47,Data_MC/images/PP_RBCs_NPs_1-50_6_15hrs_1.tif
1039,,42,Data_MC/images/PS_RBCs_NPs_1-50_5_3hrs_3.tif
1040,,2,Data_MC/images/PS_RBCs_NPs_1-20_4_3hrs_3.tif
1041,,14,Data_MC/images/PP_RBCs_control_5_3hrs_3.tif
1042,Crenated,20,Data_MC/images/PP_RBCs_NPs_1-50_6_3hrs_2.tif
1043,,69,Data_MC/images/PS_RBCs_NPs_1-10_3_3hrs_3.tif
1044,,54,Data_MC/images/PP_RBCs_NPs_1-200_6_3hrs_4.tif
1045,,1,Data_MC/images/PP_RBCs_control_2_3hrs_2.tif
1046,,24,Data_MC/images/PP_RBCs_control_3_3hrs_2.tif
1047,,69,Data_MC/images/PS_RBCs_NPs_1-50_2_15hrs_4.tif
1048,,20,Data_MC/images/PE_RBCs_control_5_15hrs_1.tif
1049,,19,Data_MC/images/PP_RBCs_NPs_1-200_3_15hrs_4.tif
1050,,16,Data_MC/images/PE_RBCs_NPs_1-20_5_15hrs_2.tif
1051,,24,Data_MC/images/PP_RBCs_control_4_15hrs_2.tif
1052,,4,Data_MC/images/PP_RBCs_NPs_1-10_6_3hrs_2.tif
1053,,23,Data_MC/images/PP_RBCs_NPs_1-10_1_3hrs_1.tif
1054,Stressed,67,Data_MC/images/PS_RBCs_NPs_1-10_1_3hrs_1.tif
1055,Stressed,25,Data_MC/images/PE_RBCs_control_1_3hrs_1.tif
1056,,12,Data_MC/images/PS_RBCs_control_4_3hrs_4.tif
1057,,30,Data_MC/images/PP_RBCs_control_4_15hrs_1.tif
1058,,118,Data_MC/images/PP_RBCs_control_4_15hrs_4.tif
1059,,38,Data_MC/images/PE_RBCs_NPs_1-200_1_3hrs_4.tif
1060,,47,Data_MC/images/PE_RBCs_NPs_1-20_7_15hrs_4.tif
1061,,47,Data_MC/images/PS_RBCs_control_3_3hrs_1.tif
1062,Stressed,23,Data_MC/images/PE_RBCs_NPs_1-10_5_3hrs_4.tif
1063,,45,Data_MC/images/PP_RBCs_NPs_1-50_6_15hrs_3.tif
1064,,21,Data_MC/images/PE_RBCs_NPs_1-20_4_15hrs_1.tif
1065,Stressed,38,Data_MC/images/PS_RBCs_control_5_3hrs_1.tif
1066,,7,Data_MC/images/PP_RBCs_control_4_15hrs_2.tif
1067,,44,Data_MC/images/PE_RBCs_NPs_1-200_4_15hrs_2.tif
1068,,31,Data_MC/images/PS_RBCs_NPs_1-10_6_3hrs_4.tif
1069,,56,Data_MC/images/PE_RBCs_NPs_1-50_3_15hrs_4.tif
1070,,18,Data_MC/images/PS_RBCs_NPs_1-20_1_15hrs_1.tif
1071,,20,Data_MC/images/PP_RBCs_NPs_1-10_5_15hrs_4.tif
1072,,68,Data_MC/images/PE_RBCs_control_5_3hrs_2.tif
1073,,57,Data_MC/images/PE_RBCs_NPs_1-200_3_3hrs_4.tif
1074,Stressed,1,Data_MC/images/PP_RBCs_control_1_3hrs_3.tif
1075,,72,Data_MC/images/PE_RBCs_NPs_1-10_2_3hrs_4.tif
1076,,55,Data_MC/images/PP_RBCs_NPs_1-20_6_3hrs_1.tif
1077,,18,Data_MC/images/PP_RBCs_NPs_1-10_2_15hrs_1.tif
1078,,24,Data_MC/images/PP_RBCs_NPs_1-10_4_15hrs_4.tif
1079,,40,Data_MC/images/PP_RBCs_NPs_1-200_4_3hrs_4.tif
1080,Stressed,54,Data_MC/images/PP_RBCs_NPs_1-20_3_3hrs_3.tif
1081,,71,Data_MC/images/PP_RBCs_control_6_3hrs_4.tif
1082,,13,Data_MC/images/PE_RBCs_NPs_1-50_3_15hrs_3.tif
1083,Crenated,4,Data_MC/images/PS_RBCs_NPs_1-20_4_15hrs_2.tif
1084,Stressed,19,Data_MC/images/PE_RBCs_NPs_1-10_1_3hrs_3.tif
1085,,11,Data_MC/images/PP_RBCs_NPs_1-10_2_3hrs_1.tif
1086,,96,Data_MC/images/PS_RBCs_control_4_3hrs_4.tif
1087,,69,Data_MC/images/PP_RBCs_control_6_3hrs_2.tif
1088,,11,Data_MC/images/PE_RBCs_NPs_1-10_5_15hrs_4.tif
1089,,25,Data_MC/images/PP_RBCs_NPs_1-20_2_3hrs_1.tif
1090,,45,Data_MC/images/PE_RBCs_NPs_1-10_2_3hrs_4.tif
1091,Stressed,57,Data_MC/images/PE_RBCs_NPs_1-20_3_3hrs_1.tif
1092,Stressed,51,Data_MC/images/PS_RBCs_NPs_1-50_5_3hrs_3.tif
1093,,67,Data_MC/images/PS_RBCs_NPs_1-20_5_15hrs_1.tif
1094,,32,Data_MC/images/PS_RBCs_NPs_1-200_2_3hrs_1.tif
1095,Crenated,55,Data_MC/images/PS_RBCs_NPs_1-10_1_3hrs_2.tif
1096,,21,Data_MC/images/PS_RBCs_control_3_15hrs_4.tif
1097,Stressed,21,Data_MC/images/PS_RBCs_NPs_1-200_6_3hrs_3.tif
1098,,67,Data_MC/images/PE_RBCs_NPs_1-10_2_3hrs_4.tif
1099,,26,Data_MC/images/PS_RBCs_NPs_1-50_1_3hrs_2.tif
1100,,2,Data_MC/images/PE_RBCs_NPs_1-50_2_3hrs_4.tif
1101,,26,Data_MC/images/PS_RBCs_NPs_1-20_4_3hrs_1.tif
1102,,59,Data_MC/images/PS_RBCs_control_5_3hrs_1.tif
1103,,42,Data_MC/images/PE_RBCs_NPs_1-20_3_3hrs_4.tif
1104,,18,Data_MC/images/PE_RBCs_NPs_1-200_6_15hrs_2.tif
1105,,87,Data_MC/images/PE_RBCs_NPs_1-200_3_3hrs_3.tif
1106,,45,Data_MC/images/PE_RBCs_NPs_1-20_1_3hrs_3.tif
1107,,65,Data_MC/images/PS_RBCs_control_4_3hrs_2.tif
1108,,59,Data_MC/images/PP_RBCs_NPs_1-10_5_3hrs_4.tif
1109,,90,Data_MC/images/PP_RBCs_NPs_1-200_6_3hrs_4.tif
1110,,62,Data_MC/images/PS_RBCs_NPs_1-200_5_15hrs_2.tif
1111,,61,Data_MC/images/PS_RBCs_NPs_1-10_4_15hrs_3.tif
1112,,34,Data_MC/images/PP_RBCs_control_3_15hrs_3.tif
1113,,28,Data_MC/images/PS_RBCs_NPs_1-50_4_15hrs_1.tif
1114,,27,Data_MC/images/PE_RBCs_control_4_15hrs_2.tif
1115,,62,Data_MC/images/PP_RBCs_NPs_1-50_5_15hrs_1.tif
1116,,50,Data_MC/images/PE_RBCs_NPs_1-200_5_3hrs_1.tif
1117,,69,Data_MC/images/PS_RBCs_control_4_3hrs_3.tif
1118,,50,Data_MC/images/PE_RBCs_NPs_1-50_2_3hrs_4.tif
1119,,18,Data_MC/images/PP_RBCs_NPs_1-10_6_15hrs_2.tif
1120,,14,Data_MC/images/PP_RBCs_control_4_15hrs_2.tif
1121,,2,Data_MC/images/PP_RBCs_NPs_1-200_1_15hrs_2.tif
1122,,3,Data_MC/images/PE_RBCs_NPs_1-200_1_3hrs_2.tif
1123,,48,Data_MC/images/PE_RBCs_NPs_1-20_6_3hrs_2.tif
1124,Stressed,59,Data_MC/images/PE_RBCs_NPs_1-20_3_3hrs_2.tif
1125,,49,Data_MC/images/PP_RBCs_NPs_1-50_3_15hrs_2.tif
1126,,81,Data_MC/images/PP_RBCs_NPs_1-20_6_3hrs_3.tif
1127,,44,Data_MC/images/PE_RBCs_control_1_3hrs_1.tif
1128,,29,Data_MC/images/PE_RBCs_control_5_3hrs_1.tif
1129,,61,Data_MC/images/PS_RBCs_NPs_1-10_6_15hrs_3.tif
1130,,32,Data_MC/images/PE_RBCs_control_1_15hrs_3.tif
1131,,21,Data_MC/images/PP_RBCs_NPs_1-10_4_3hrs_1.tif
1132,,1,Data_MC/images/PS_RBCs_control_4_3hrs_3.tif
1133,,46,Data_MC/images/PS_RBCs_NPs_1-50_4_15hrs_3.tif
1134,,9,Data_MC/images/PP_RBCs_NPs_1-10_5_15hrs_2.tif
1135,,13,Data_MC/images/PP_RBCs_NPs_1-200_3_3hrs_1.tif
1136,,19,Data_MC/images/PE_RBCs_NPs_1-20_3_3hrs_3.tif
1137,,3,Data_MC/images/PS_RBCs_NPs_1-10_5_15hrs_2.tif
1138,,96,Data_MC/images/PP_RBCs_NPs_1-50_3_15hrs_4.tif
1139,,61,Data_MC/images/PS_RBCs_control_5_3hrs_2.tif
1140,,37,Data_MC/images/PS_RBCs_NPs_1-10_1_3hrs_1.tif
1141,Stressed,13,Data_MC/images/PS_RBCs_NPs_1-20_6_3hrs_2.tif
1142,,79,Data_MC/images/PE_RBCs_NPs_1-50_6_3hrs_2.tif
1143,,29,Data_MC/images/PS_RBCs_NPs_1-20_3_3hrs_4.tif
1144,,60,Data_MC/images/PS_RBCs_NPs_1-10_3_3hrs_3.tif
1145,,66,Data_MC/images/PP_RBCs_control_4_3hrs_4.tif
1146,,19,Data_MC/images/PP_RBCs_NPs_1-20_6_15hrs_2.tif
1147,,60,Data_MC/images/PE_RBCs_NPs_1-200_1_3hrs_3.tif
1148,,53,Data_MC/images/PS_RBCs_NPs_1-50_5_3hrs_4.tif
1149,,1,Data_MC/images/PE_RBCs_NPs_1-200_4_15hrs_4.tif
1150,,7,Data_MC/images/PS_RBCs_NPs_1-50_5_15hrs_1.tif
1151,,50,Data_MC/images/PS_RBCs_NPs_1-200_1_3hrs_2.tif
1152,,41,Data_MC/images/PS_RBCs_NPs_1-20_6_15hrs_1.tif
1153,,59,Data_MC/images/PS_RBCs_NPs_1-200_5_15hrs_1.tif
1154,,2,Data_MC/images/PE_RBCs_NPs_1-20_5_15hrs_2.tif
1155,,39,Data_MC/images/PS_RBCs_NPs_1-200_3_3hrs_3.tif
1156,Stressed,53,Data_MC/images/PP_RBCs_control_1_3hrs_4.tif
1157,,67,Data_MC/images/PS_RBCs_NPs_1-200_5_15hrs_2.tif
1158,,50,Data_MC/images/PS_RBCs_NPs_1-20_4_15hrs_4.tif
1159,Crenated,8,Data_MC/images/PS_RBCs_NPs_1-10_7_15hrs_3.tif
1160,,10,Data_MC/images/PE_RBCs_NPs_1-50_2_15hrs_2.tif
1161,,1,Data_MC/images/PP_RBCs_control_1_15hrs_1.tif
1162,,4,Data_MC/images/PS_RBCs_NPs_1-20_5_3hrs_4.tif
1163,,16,Data_MC/images/PP_RBCs_control_4_15hrs_2.tif
1164,,23,Data_MC/images/PE_RBCs_NPs_1-20_3_15hrs_1.tif
1165,,13,Data_MC/images/PP_RBCs_NPs_1-200_6_3hrs_1.tif
1166,,42,Data_MC/images/PP_RBCs_control_5_3hrs_2.tif
1167,,62,Data_MC/images/PE_RBCs_NPs_1-20_6_3hrs_4.tif
1168,,23,Data_MC/images/PE_RBCs_NPs_1-50_6_3hrs_1.tif
1169,,10,Data_MC/images/PE_RBCs_NPs_1-50_4_3hrs_4.tif
1170,,72,Data_MC/images/PS_RBCs_control_6_15hrs_2.tif
1171,,49,Data_MC/images/PS_RBCs_NPs_1-200_6_15hrs_4.tif
1172,,27,Data_MC/images/PP_RBCs_NPs_1-200_4_3hrs_3.tif
1173,,82,Data_MC/images/PE_RBCs_control_4_3hrs_3.tif
1174,,25,Data_MC/images/PE_RBCs_NPs_1-10_3_3hrs_2.tif
1175,,31,Data_MC/images/PS_RBCs_control_4_15hrs_3.tif
1176,,45,Data_MC/images/PP_RBCs_NPs_1-10_1_3hrs_3.tif
1177,Crenated,61,Data_MC/images/PS_RBCs_NPs_1-10_3_3hrs_4.tif
1178,,68,Data_MC/images/PE_RBCs_control_5_3hrs_1.tif
1179,,61,Data_MC/images/PS_RBCs_control_3_15hrs_3.tif
1180,,70,Data_MC/images/PP_RBCs_NPs_1-10_4_3hrs_4.tif
1181,,68,Data_MC/images/PP_RBCs_NPs_1-200_1_15hrs_2.tif
1182,,36,Data_MC/images/PP_RBCs_control_4_3hrs_4.tif
1183,,49,Data_MC/images/PE_RBCs_control_4_3hrs_2.tif
1184,,44,Data_MC/images/PE_RBCs_NPs_1-50_2_3hrs_2.tif
1185,,24,Data_MC/images/PS_RBCs_NPs_1-20_6_15hrs_2.tif
1186,,68,Data_MC/images/PE_RBCs_control_5_3hrs_3.tif
1187,,11,Data_MC/images/PS_RBCs_NPs_1-10_4_3hrs_2.tif
1188,,62,Data_MC/images/PP_RBCs_NPs_1-20_3_3hrs_4.tif
1189,Crenated,44,Data_MC/images/PS_RBCs_control_3_15hrs_4.tif
1190,,15,Data_MC/images/PE_RBCs_NPs_1-20_5_15hrs_4.tif
1191,,14,Data_MC/images/PS_RBCs_control_5_15hrs_2.tif
1192,,25,Data_MC/images/PS_RBCs_NPs_1-200_5_15hrs_3.tif
1193,,9,Data_MC/images/PP_RBCs_NPs_1-10_4_3hrs_1.tif
1194,Crenated,66,Data_MC/images/PS_RBCs_control_2_3hrs_1.tif
1195,,12,Data_MC/images/PE_RBCs_NPs_1-200_5_3hrs_3.tif
1196,,68,Data_MC/images/PE_RBCs_NPs_1-10_5_3hrs_2.tif
1197,,124,Data_MC/images/PE_RBCs_NPs_1-200_6_15hrs_1.tif
1198,,14,Data_MC/images/PS_RBCs_NPs_1-200_4_15hrs_3.tif
1199,,7,Data_MC/images/PS_RBCs_control_1_3hrs_3.tif
1200,,41,Data_MC/images/PS_RBCs_control_6_15hrs_3.tif
1201,,26,Data_MC/images/PE_RBCs_NPs_1-200_5_15hrs_3.tif
1202,,67,Data_MC/images/PS_RBCs_control_2_3hrs_3.tif
1203,,17,Data_MC/images/PE_RBCs_NPs_1-10_5_15hrs_1.tif
1204,,91,Data_MC/images/PP_RBCs_control_5_3hrs_1.tif
1205,,93,Data_MC/images/PE_RBCs_control_5_3hrs_2.tif
1206,,50,Data_MC/images/PE_RBCs_NPs_1-50_4_15hrs_1.tif
1207,,31,Data_MC/images/PP_RBCs_NPs_1-200_1_3hrs_2.tif
1208,,47,Data_MC/images/PE_RBCs_NPs_1-200_2_3hrs_3.tif
1209,,34,Data_MC/images/PS_RBCs_NPs_1-200_6_3hrs_4.tif
1210,,11,Data_MC/images/PP_RBCs_NPs_1-20_1_15hrs_4.tif
1211,,56,Data_MC/images/PE_RBCs_NPs_1-200_6_15hrs_1.tif
1212,,30,Data_MC/images/PE_RBCs_control_3_15hrs_3.tif
1213,Crenated,23,Data_MC/images/PS_RBCs_NPs_1-50_1_3hrs_1.tif
1214,,30,Data_MC/images/PP_RBCs_NPs_1-50_3_15hrs_4.tif
1215,,66,Data_MC/images/PP_RBCs_NPs_1-10_5_15hrs_2.tif
1216,,16,Data_MC/images/PS_RBCs_NPs_1-20_4_3hrs_4.tif
1217,,85,Data_MC/images/PP_RBCs_NPs_1-10_4_3hrs_2.tif
1218,Crenated,47,Data_MC/images/PP_RBCs_NPs_1-10_6_3hrs_3.tif
1219,,46,Data_MC/images/PP_RBCs_NPs_1-50_1_3hrs_3.tif
1220,,51,Data_MC/images/PP_RBCs_NPs_1-200_5_15hrs_4.tif
1221,,4,Data_MC/images/PE_RBCs_NPs_1-200_2_3hrs_2.tif
1222,,60,Data_MC/images/PP_RBCs_NPs_1-200_4_15hrs_3.tif
1223,,21,Data_MC/images/PP_RBCs_control_5_15hrs_4.tif
1224,,74,Data_MC/images/PP_RBCs_NPs_1-200_2_3hrs_2.tif
1225,,43,Data_MC/images/PE_RBCs_NPs_1-20_2_3hrs_2.tif
1226,,65,Data_MC/images/PP_RBCs_control_3_3hrs_4.tif
1227,,11,Data_MC/images/PE_RBCs_NPs_1-50_4_3hrs_3.tif
1228,,104,Data_MC/images/PP_RBCs_NPs_1-10_5_15hrs_2.tif
1229,,28,Data_MC/images/PP_RBCs_NPs_1-10_4_15hrs_3.tif
1230,,39,Data_MC/images/PE_RBCs_NPs_1-10_1_3hrs_1.tif
1231,,38,Data_MC/images/PE_RBCs_NPs_1-20_4_3hrs_4.tif
1232,,19,Data_MC/images/PS_RBCs_NPs_1-200_6_3hrs_1.tif
1233,Crenated,49,Data_MC/images/PE_RBCs_NPs_1-20_4_3hrs_2.tif
1234,,72,Data_MC/images/PP_RBCs_NPs_1-200_1_3hrs_1.tif
1235,,63,Data_MC/images/PP_RBCs_NPs_1-20_3_15hrs_1.tif
1236,,62,Data_MC/images/PS_RBCs_NPs_1-10_3_3hrs_1.tif
1237,,75,Data_MC/images/PE_RBCs_NPs_1-50_4_3hrs_1.tif
1238,,51,Data_MC/images/PS_RBCs_NPs_1-20_3_15hrs_3.tif
1239,,51,Data_MC/images/PE_RBCs_NPs_1-10_3_3hrs_3.tif
1240,,28,Data_MC/images/PE_RBCs_NPs_1-200_3_15hrs_2.tif
1241,,14,Data_MC/images/PS_RBCs_NPs_1-200_1_3hrs_2.tif
1242,,79,Data_MC/images/PP_RBCs_control_3_3hrs_3.tif
1243,,65,Data_MC/images/PE_RBCs_control_1_15hrs_3.tif
1244,,73,Data_MC/images/PP_RBCs_NPs_1-200_3_3hrs_3.tif
1245,,60,Data_MC/images/PS_RBCs_control_6_15hrs_2.tif
1246,,26,Data_MC/images/PP_RBCs_NPs_1-20_4_15hrs_2.tif
1247,,50,Data_MC/images/PE_RBCs_control_3_3hrs_2.tif
1248,,31,Data_MC/images/PP_RBCs_NPs_1-50_2_15hrs_4.tif
1249,,64,Data_MC/images/PE_RBCs_NPs_1-20_7_15hrs_2.tif
1250,,47,Data_MC/images/PS_RBCs_NPs_1-200_6_15hrs_4.tif
1251,,69,Data_MC/images/PP_RBCs_NPs_1-20_1_3hrs_3.tif
1252,,32,Data_MC/images/PE_RBCs_NPs_1-200_3_3hrs_1.tif
1253,,77,Data_MC/images/PS_RBCs_NPs_1-20_3_3hrs_3.tif
1254,,39,Data_MC/images/PE_RBCs_NPs_1-20_5_15hrs_4.tif
1255,,19,Data_MC/images/PE_RBCs_NPs_1-20_5_15hrs_2.tif
1256,,41,Data_MC/images/PP_RBCs_NPs_1-20_3_3hrs_1.tif
1257,,62,Data_MC/images/PE_RBCs_NPs_1-10_2_3hrs_1.tif
1258,,36,Data_MC/images/PP_RBCs_NPs_1-10_5_3hrs_3.tif
1259,,24,Data_MC/images/PE_RBCs_NPs_1-200_4_3hrs_4.tif
1260,,12,Data_MC/images/PP_RBCs_control_1_3hrs_4.tif
1261,,62,Data_MC/images/PE_RBCs_NPs_1-200_6_15hrs_3.tif
1262,,23,Data_MC/images/PS_RBCs_control_6_15hrs_4.tif
1263,,28,Data_MC/images/PS_RBCs_control_2_15hrs_4.tif
1264,,36,Data_MC/images/PS_RBCs_NPs_1-10_1_15hrs_2.tif
1265,,15,Data_MC/images/PE_RBCs_NPs_1-10_3_15hrs_4.tif
1266,,53,Data_MC/images/PE_RBCs_NPs_1-200_2_15hrs_2.tif
1267,,6,Data_MC/images/PE_RBCs_NPs_1-50_4_3hrs_3.tif
1268,,77,Data_MC/images/PE_RBCs_NPs_1-20_6_3hrs_2.tif
1269,,100,Data_MC/images/PE_RBCs_NPs_1-50_4_15hrs_1.tif
1270,,29,Data_MC/images/PE_RBCs_NPs_1-20_1_3hrs_3.tif
1271,,14,Data_MC/images/PP_RBCs_NPs_1-50_3_15hrs_4.tif
1272,,30,Data_MC/images/PP_RBCs_NPs_1-20_1_15hrs_2.tif
1273,,49,Data_MC/images/PE_RBCs_control_4_3hrs_3.tif
1274,,44,Data_MC/images/PE_RBCs_NPs_1-50_3_3hrs_4.tif
1275,,37,Data_MC/images/PE_RBCs_control_3_15hrs_4.tif
1276,,17,Data_MC/images/PE_RBCs_NPs_1-20_5_15hrs_3.tif
1277,,42,Data_MC/images/PP_RBCs_NPs_1-200_3_3hrs_1.tif
1278,,97,Data_MC/images/PP_RBCs_NPs_1-10_5_3hrs_4.tif
1279,,24,Data_MC/images/PE_RBCs_control_3_15hrs_2.tif
1280,,36,Data_MC/images/PP_RBCs_NPs_1-20_4_15hrs_1.tif
1281,,73,Data_MC/images/PS_RBCs_NPs_1-50_1_15hrs_3.tif
1282,,2,Data_MC/images/PE_RBCs_control_6_15hrs_3.tif
1283,,31,Data_MC/images/PE_RBCs_NPs_1-20_1_15hrs_2.tif
1284,,34,Data_MC/images/PE_RBCs_NPs_1-50_6_3hrs_1.tif
1285,,63,Data_MC/images/PS_RBCs_control_5_3hrs_2.tif
1286,,16,Data_MC/images/PS_RBCs_NPs_1-20_2_3hrs_3.tif
1287,,48,Data_MC/images/PE_RBCs_NPs_1-50_4_3hrs_4.tif
1288,,6,Data_MC/images/PE_RBCs_NPs_1-50_1_15hrs_2.tif
1289,,86,Data_MC/images/PP_RBCs_NPs_1-10_2_3hrs_2.tif
1290,,23,Data_MC/images/PS_RBCs_NPs_1-20_2_3hrs_4.tif
1291,,27,Data_MC/images/PE_RBCs_control_3_15hrs_4.tif
1292,,51,Data_MC/images/PE_RBCs_NPs_1-200_6_3hrs_2.tif
1293,,39,Data_MC/images/PE_RBCs_control_3_3hrs_3.tif
1294,,60,Data_MC/images/PE_RBCs_control_6_3hrs_4.tif
1295,,27,Data_MC/images/PE_RBCs_NPs_1-50_2_15hrs_2.tif
1296,,39,Data_MC/images/PE_RBCs_NPs_1-50_3_3hrs_3.tif
1297,,62,Data_MC/images/PE_RBCs_control_1_3hrs_4.tif
1298,,53,Data_MC/images/PE_RBCs_NPs_1-10_3_3hrs_3.tif
1299,,128,Data_MC/images/PS_RBCs_NPs_1-20_3_15hrs_1.tif
1300,,69,Data_MC/images/PE_RBCs_NPs_1-200_1_3hrs_3.tif
1301,,71,Data_MC/images/PP_RBCs_NPs_1-200_1_3hrs_2.tif
1302,,50,Data_MC/images/PP_RBCs_control_2_3hrs_2.tif
1303,,47,Data_MC/images/PS_RBCs_NPs_1-50_4_3hrs_4.tif
1304,,82,Data_MC/images/PS_RBCs_control_2_3hrs_2.tif
1305,,5,Data_MC/images/PE_RBCs_NPs_1-50_5_3hrs_2.tif
1306,,30,Data_MC/images/PS_RBCs_NPs_1-50_5_15hrs_4.tif
1307,Crenated,71,Data_MC/images/PS_RBCs_NPs_1-50_4_3hrs_2.tif
1308,,68,Data_MC/images/PS_RBCs_NPs_1-200_2_15hrs_3.tif
1309,,47,Data_MC/images/PP_RBCs_NPs_1-50_2_15hrs_2.tif
1310,,36,Data_MC/images/PP_RBCs_NPs_1-10_2_15hrs_3.tif
1311,,55,Data_MC/images/PS_RBCs_NPs_1-50_6_15hrs_4.tif
1312,,10,Data_MC/images/PS_RBCs_NPs_1-20_4_3hrs_1.tif
1313,,25,Data_MC/images/PS_RBCs_NPs_1-200_6_15hrs_1.tif
1314,,33,Data_MC/images/PE_RBCs_control_6_3hrs_2.tif
1315,,40,Data_MC/images/PS_RBCs_NPs_1-10_4_3hrs_1.tif
1316,,47,Data_MC/images/PS_RBCs_NPs_1-20_6_3hrs_3.tif
1317,,53,Data_MC/images/PP_RBCs_NPs_1-20_5_3hrs_2.tif
1318,,42,Data_MC/images/PS_RBCs_NPs_1-20_3_3hrs_1.tif
1319,,11,Data_MC/images/PE_RBCs_NPs_1-200_1_15hrs_1.tif
1320,,71,Data_MC/images/PP_RBCs_NPs_1-200_5_3hrs_1.tif
1321,,44,Data_MC/images/PE_RBCs_NPs_1-50_4_15hrs_2.tif
1322,,44,Data_MC/images/PP_RBCs_control_2_3hrs_3.tif
1323,,92,Data_MC/images/PP_RBCs_control_6_3hrs_2.tif
1324,,15,Data_MC/images/PP_RBCs_NPs_1-50_4_3hrs_2.tif
1325,,5,Data_MC/images/PS_RBCs_NPs_1-10_6_3hrs_4.tif
1326,,38,Data_MC/images/PP_RBCs_NPs_1-10_5_3hrs_2.tif
1327,,32,Data_MC/images/PP_RBCs_control_6_3hrs_2.tif
1328,,21,Data_MC/images/PS_RBCs_NPs_1-200_5_15hrs_3.tif
1329,,26,Data_MC/images/PS_RBCs_control_2_3hrs_3.tif
1330,,24,Data_MC/images/PS_RBCs_NPs_1-200_4_3hrs_1.tif
1331,,6,Data_MC/images/PS_RBCs_control_5_15hrs_3.tif
1332,,42,Data_MC/images/PE_RBCs_NPs_1-50_4_15hrs_1.tif
1333,,27,Data_MC/images/PS_RBCs_NPs_1-10_4_3hrs_1.tif
1334,,28,Data_MC/images/PS_RBCs_NPs_1-50_5_3hrs_4.tif
1335,,49,Data_MC/images/PS_RBCs_control_1_3hrs_3.tif
1336,,26,Data_MC/images/PE_RBCs_NPs_1-200_4_3hrs_2.tif
1337,,9,Data_MC/images/PE_RBCs_NPs_1-10_4_3hrs_2.tif
1338,,41,Data_MC/images/PE_RBCs_NPs_1-50_4_15hrs_2.tif
1339,,74,Data_MC/images/PE_RBCs_NPs_1-20_1_15hrs_4.tif
1340,,14,Data_MC/images/PE_RBCs_NPs_1-20_5_3hrs_3.tif
1341,,47,Data_MC/images/PE_RBCs_NPs_1-200_2_3hrs_2.tif
1342,,62,Data_MC/images/PS_RBCs_NPs_1-50_3_3hrs_3.tif
1343,,64,Data_MC/images/PE_RBCs_control_4_3hrs_1.tif
1344,,48,Data_MC/images/PE_RBCs_NPs_1-50_2_15hrs_2.tif
1345,Crenated,59,Data_MC/images/PS_RBCs_control_2_3hrs_4.tif
1346,,24,Data_MC/images/PS_RBCs_control_2_15hrs_4.tif
1347,,4,Data_MC/images/PE_RBCs_NPs_1-10_5_15hrs_4.tif
1348,,41,Data_MC/images/PE_RBCs_NPs_1-20_2_3hrs_2.tif
1349,,30,Data_MC/images/PP_RBCs_NPs_1-20_2_3hrs_3.tif
1350,,41,Data_MC/images/PP_RBCs_control_1_15hrs_1.tif
1351,,41,Data_MC/images/PS_RBCs_NPs_1-10_3_15hrs_4.tif
1352,,34,Data_MC/images/PE_RBCs_NPs_1-50_2_15hrs_3.tif
1353,,34,Data_MC/images/PS_RBCs_NPs_1-10_4_15hrs_4.tif
1354,,27,Data_MC/images/PS_RBCs_NPs_1-200_2_15hrs_4.tif
1355,,18,Data_MC/images/PP_RBCs_control_1_15hrs_2.tif
1356,Crenated,47,Data_MC/images/PS_RBCs_NPs_1-200_1_3hrs_3.tif
1357,Crenated,95,Data_MC/images/PP_RBCs_NPs_1-200_3_3hrs_4.tif
1358,,2,Data_MC/images/PE_RBCs_control_2_15hrs_4.tif
1359,,42,Data_MC/images/PP_RBCs_NPs_1-20_6_15hrs_3.tif
1360,,34,Data_MC/images/PE_RBCs_control_2_3hrs_1.tif
1361,,55,Data_MC/images/PS_RBCs_NPs_1-200_1_15hrs_4.tif
1362,,36,Data_MC/images/PP_RBCs_control_3_15hrs_4.tif
1363,,44,Data_MC/images/PE_RBCs_NPs_1-20_1_3hrs_1.tif
1364,,19,Data_MC/images/PP_RBCs_NPs_1-50_2_3hrs_4.tif
1365,,45,Data_MC/images/PE_RBCs_NPs_1-10_4_3hrs_3.tif
1366,,21,Data_MC/images/PS_RBCs_NPs_1-50_6_3hrs_2.tif
1367,,23,Data_MC/images/PS_RBCs_NPs_1-20_1_3hrs_4.tif
1368,,60,Data_MC/images/PS_RBCs_NPs_1-200_1_15hrs_2.tif
1369,,43,Data_MC/images/PP_RBCs_NPs_1-10_6_3hrs_4.tif
1370,,62,Data_MC/images/PP_RBCs_NPs_1-20_1_15hrs_3.tif
1371,,54,Data_MC/images/PE_RBCs_NPs_1-200_2_15hrs_2.tif
1372,,20,Data_MC/images/PP_RBCs_NPs_1-200_2_3hrs_3.tif
1373,,25,Data_MC/images/PE_RBCs_NPs_1-50_3_15hrs_4.tif
1374,,1,Data_MC/images/PS_RBCs_NPs_1-50_2_3hrs_4.tif
1375,,65,Data_MC/images/PP_RBCs_NPs_1-10_7_3hrs_4.tif
1376,,54,Data_MC/images/PS_RBCs_NPs_1-20_4_15hrs_4.tif
1377,,11,Data_MC/images/PP_RBCs_NPs_1-20_4_3hrs_3.tif
1378,,7,Data_MC/images/PE_RBCs_NPs_1-10_3_15hrs_2.tif
1379,,40,Data_MC/images/PS_RBCs_NPs_1-50_3_3hrs_2.tif
1380,,40,Data_MC/images/PE_RBCs_NPs_1-200_5_3hrs_2.tif
1381,,51,Data_MC/images/PP_RBCs_control_5_3hrs_2.tif
1382,,4,Data_MC/images/PS_RBCs_NPs_1-10_6_3hrs_3.tif
1383,,20,Data_MC/images/PE_RBCs_NPs_1-20_2_15hrs_3.tif
1384,,70,Data_MC/images/PE_RBCs_NPs_1-20_3_3hrs_3.tif
1385,,8,Data_MC/images/PE_RBCs_NPs_1-200_2_15hrs_1.tif
1386,,50,Data_MC/images/PS_RBCs_NPs_1-20_6_15hrs_1.tif
1387,,88,Data_MC/images/PS_RBCs_NPs_1-20_5_3hrs_3.tif
1388,,90,Data_MC/images/PS_RBCs_NPs_1-10_5_3hrs_2.tif
1389,,7,Data_MC/images/PP_RBCs_control_1_3hrs_4.tif
1390,,77,Data_MC/images/PS_RBCs_NPs_1-50_3_15hrs_4.tif
1391,,47,Data_MC/images/PP_RBCs_NPs_1-20_3_3hrs_3.tif
1392,,34,Data_MC/images/PE_RBCs_NPs_1-20_5_3hrs_3.tif
1393,,141,Data_MC/images/PP_RBCs_control_5_15hrs_3.tif
1394,,30,Data_MC/images/PS_RBCs_NPs_1-50_2_3hrs_3.tif
1395,,25,Data_MC/images/PE_RBCs_control_5_3hrs_2.tif
1396,,59,Data_MC/images/PE_RBCs_NPs_1-20_4_3hrs_2.tif
1397,,28,Data_MC/images/PE_RBCs_NPs_1-10_6_15hrs_4.tif
1398,,21,Data_MC/images/PP_RBCs_NPs_1-50_5_3hrs_3.tif
1399,,46,Data_MC/images/PE_RBCs_NPs_1-20_6_15hrs_1.tif
1400,,11,Data_MC/images/PP_RBCs_NPs_1-50_6_3hrs_1.tif
1401,,77,Data_MC/images/PP_RBCs_control_4_3hrs_2.tif
1402,,50,Data_MC/images/PS_RBCs_NPs_1-200_1_15hrs_3.tif
1403,,30,Data_MC/images/PS_RBCs_control_4_3hrs_4.tif
1404,,80,Data_MC/images/PE_RBCs_NPs_1-50_6_3hrs_3.tif
1405,,36,Data_MC/images/PS_RBCs_NPs_1-10_4_3hrs_2.tif
1406,,6,Data_MC/images/PP_RBCs_NPs_1-10_1_15hrs_4.tif
1407,Crenated,96,Data_MC/images/PP_RBCs_NPs_1-20_2_3hrs_4.tif
1408,,25,Data_MC/images/PS_RBCs_NPs_1-20_3_15hrs_2.tif
1409,,28,Data_MC/images/PS_RBCs_control_4_15hrs_2.tif
1410,,18,Data_MC/images/PS_RBCs_control_2_3hrs_4.tif
1411,,30,Data_MC/images/PS_RBCs_NPs_1-10_5_3hrs_4.tif
1412,,51,Data_MC/images/PS_RBCs_NPs_1-50_4_3hrs_2.tif
1413,,22,Data_MC/images/PE_RBCs_NPs_1-10_3_15hrs_4.tif
1414,,7,Data_MC/images/PS_RBCs_NPs_1-10_1_3hrs_4.tif
1415,,23,Data_MC/images/PE_RBCs_NPs_1-50_2_3hrs_4.tif
1416,,39,Data_MC/images/PP_RBCs_NPs_1-10_6_15hrs_2.tif
1417,,55,Data_MC/images/PE_RBCs_control_2_3hrs_3.tif
1418,,1,Data_MC/images/PS_RBCs_NPs_1-20_4_3hrs_3.tif
1419,,67,Data_MC/images/PE_RBCs_NPs_1-200_1_15hrs_3.tif
1420,,27,Data_MC/images/PS_RBCs_control_1_3hrs_1.tif
1421,,38,Data_MC/images/PS_RBCs_NPs_1-10_3_15hrs_1.tif
1422,,14,Data_MC/images/PE_RBCs_NPs_1-200_3_15hrs_3.tif
1423,,24,Data_MC/images/PP_RBCs_NPs_1-10_5_3hrs_2.tif
1424,,94,Data_MC/images/PE_RBCs_control_5_3hrs_3.tif
1425,,45,Data_MC/images/PS_RBCs_NPs_1-10_3_15hrs_2.tif
1426,,28,Data_MC/images/PE_RBCs_NPs_1-50_3_3hrs_1.tif
1427,,36,Data_MC/images/PE_RBCs_control_6_3hrs_2.tif
1428,,38,Data_MC/images/PP_RBCs_NPs_1-20_5_15hrs_4.tif
1429,,88,Data_MC/images/PP_RBCs_control_5_3hrs_4.tif
1430,,47,Data_MC/images/PS_RBCs_NPs_1-20_5_3hrs_2.tif
1431,,2,Data_MC/images/PE_RBCs_NPs_1-20_1_3hrs_3.tif
1432,,33,Data_MC/images/PE_RBCs_NPs_1-200_1_15hrs_4.tif
1433,,11,Data_MC/images/PP_RBCs_NPs_1-200_2_3hrs_4.tif
1434,,1,Data_MC/images/PP_RBCs_NPs_1-200_6_3hrs_3.tif
1435,Crenated,100,Data_MC/images/PE_RBCs_control_2_3hrs_1.tif
1436,,28,Data_MC/images/PE_RBCs_NPs_1-50_2_15hrs_3.tif
1437,,46,Data_MC/images/PS_RBCs_NPs_1-10_2_15hrs_4.tif
1438,,91,Data_MC/images/PP_RBCs_control_3_3hrs_3.tif
1439,,69,Data_MC/images/PP_RBCs_NPs_1-10_5_3hrs_3.tif
1440,,21,Data_MC/images/PS_RBCs_NPs_1-10_2_3hrs_4.tif
1441,,71,Data_MC/images/PE_RBCs_NPs_1-20_3_3hrs_2.tif
1442,,53,Data_MC/images/PP_RBCs_NPs_1-50_3_15hrs_3.tif
1443,,29,Data_MC/images/PP_RBCs_NPs_1-200_3_15hrs_1.tif
1444,,51,Data_MC/images/PS_RBCs_NPs_1-10_3_15hrs_2.tif
1445,,15,Data_MC/images/PP_RBCs_NPs_1-10_6_3hrs_1.tif
1446,,28,Data_MC/images/PS_RBCs_NPs_1-20_2_3hrs_3.tif
1447,Crenated,36,Data_MC/images/PS_RBCs_control_5_15hrs_2.tif
1448,,61,Data_MC/images/PE_RBCs_NPs_1-50_4_15hrs_4.tif
1449,,44,Data_MC/images/PE_RBCs_NPs_1-50_4_15hrs_3.tif
1450,,64,Data_MC/images/PE_RBCs_NPs_1-200_5_15hrs_3.tif
1451,,25,Data_MC/images/PP_RBCs_control_6_3hrs_1.tif
1452,,49,Data_MC/images/PP_RBCs_NPs_1-20_2_3hrs_1.tif
1453,,52,Data_MC/images/PS_RBCs_NPs_1-50_3_3hrs_2.tif
1454,,80,Data_MC/images/PE_RBCs_NPs_1-10_2_3hrs_2.tif
1455,,21,Data_MC/images/PE_RBCs_NPs_1-200_3_15hrs_4.tif
1456,Crenated,93,Data_MC/images/PP_RBCs_NPs_1-20_3_3hrs_3.tif
1457,,45,Data_MC/images/PS_RBCs_control_6_15hrs_1.tif
1458,,79,Data_MC/images/PP_RBCs_NPs_1-20_3_3hrs_4.tif
1459,Crenated,68,Data_MC/images/PP_RBCs_NPs_1-20_5_3hrs_1.tif
1460,,51,Data_MC/images/PE_RBCs_control_3_3hrs_4.tif
1461,,11,Data_MC/images/PP_RBCs_NPs_1-20_6_3hrs_1.tif
1462,,37,Data_MC/images/PP_RBCs_NPs_1-200_6_3hrs_4.tif
1463,,56,Data_MC/images/PS_RBCs_NPs_1-10_2_3hrs_2.tif
1464,,39,Data_MC/images/PP_RBCs_control_6_3hrs_2.tif
1465,,57,Data_MC/images/PP_RBCs_NPs_1-10_7_3hrs_3.tif
1466,,41,Data_MC/images/PP_RBCs_control_3_15hrs_3.tif
1467,,67,Data_MC/images/PS_RBCs_NPs_1-50_3_15hrs_2.tif
1468,,19,Data_MC/images/PE_RBCs_NPs_1-20_3_3hrs_2.tif
1469,,72,Data_MC/images/PS_RBCs_NPs_1-20_2_3hrs_2.tif
1470,,15,Data_MC/images/PS_RBCs_NPs_1-200_6_15hrs_3.tif
1471,,17,Data_MC/images/PP_RBCs_NPs_1-50_5_15hrs_4.tif
1472,,35,Data_MC/images/PE_RBCs_NPs_1-200_5_3hrs_2.tif
1473,,51,Data_MC/images/PP_RBCs_control_4_3hrs_2.tif
1474,,20,Data_MC/images/PE_RBCs_NPs_1-10_1_3hrs_3.tif
1475,,57,Data_MC/images/PS_RBCs_control_1_3hrs_3.tif
1476,,1,Data_MC/images/PP_RBCs_NPs_1-200_6_15hrs_3.tif
1477,,25,Data_MC/images/PP_RBCs_control_3_3hrs_2.tif
1478,,6,Data_MC/images/PS_RBCs_NPs_1-10_5_3hrs_4.tif
1479,,5,Data_MC/images/PE_RBCs_NPs_1-20_7_15hrs_1.tif
1480,,25,Data_MC/images/PS_RBCs_NPs_1-200_4_15hrs_1.tif
1481,Crenated,19,Data_MC/images/PS_RBCs_NPs_1-50_2_15hrs_4.tif
1482,,15,Data_MC/images/PS_RBCs_NPs_1-10_3_15hrs_4.tif
1483,,22,Data_MC/images/PP_RBCs_NPs_1-50_3_3hrs_4.tif
1484,Crenated,50,Data_MC/images/PS_RBCs_NPs_1-20_6_3hrs_3.tif
1485,,79,Data_MC/images/PP_RBCs_NPs_1-20_3_3hrs_1.tif
1486,,18,Data_MC/images/PS_RBCs_control_2_3hrs_1.tif
1487,,6,Data_MC/images/PE_RBCs_NPs_1-10_3_3hrs_2.tif
1488,,13,Data_MC/images/PE_RBCs_NPs_1-10_1_3hrs_2.tif
1489,,19,Data_MC/images/PE_RBCs_control_3_3hrs_4.tif
1490,,25,Data_MC/images/PS_RBCs_control_2_15hrs_2.tif
1491,,68,Data_MC/images/PE_RBCs_control_6_3hrs_2.tif
1492,,16,Data_MC/images/PE_RBCs_NPs_1-200_3_3hrs_4.tif
1493,,73,Data_MC/images/PS_RBCs_control_5_15hrs_4.tif
1494,,68,Data_MC/images/PS_RBCs_NPs_1-200_6_15hrs_1.tif
1495,Crenated,64,Data_MC/images/PE_RBCs_NPs_1-20_1_3hrs_2.tif
1496,,54,Data_MC/images/PS_RBCs_NPs_1-50_2_15hrs_4.tif
1497,,36,Data_MC/images/PE_RBCs_NPs_1-10_1_3hrs_2.tif
1498,,58,Data_MC/images/PS_RBCs_NPs_1-10_2_15hrs_3.tif
1499,,5,Data_MC/images/PS_RBCs_NPs_1-200_1_3hrs_2.tif
1500,,21,Data_MC/images/PE_RBCs_NPs_1-20_1_15hrs_4.tif
1501,Crenated,82,Data_MC/images/PP_RBCs_NPs_1-50_6_3hrs_2.tif
1502,,47,Data_MC/images/PP_RBCs_NPs_1-50_3_3hrs_1.tif
1503,,39,Data_MC/images/PP_RBCs_control_5_3hrs_4.tif
1504,,62,Data_MC/images/PE_RBCs_NPs_1-50_3_15hrs_2.tif
1505,,21,Data_MC/images/PS_RBCs_NPs_1-10_1_3hrs_4.tif
1506,,15,Data_MC/images/PE_RBCs_NPs_1-50_4_15hrs_1.tif
1507,,28,Data_MC/images/PP_RBCs_NPs_1-200_1_3hrs_1.tif
1508,,9,Data_MC/images/PP_RBCs_control_2_3hrs_3.tif
1509,,36,Data_MC/images/PP_RBCs_NPs_1-50_6_15hrs_3.tif
1510,,86,Data_MC/images/PE_RBCs_control_1_3hrs_2.tif
1511,,48,Data_MC/images/PS_RBCs_NPs_1-50_5_3hrs_3.tif
1512,,24,Data_MC/images/PP_RBCs_NPs_1-20_3_3hrs_2.tif
1513,,46,Data_MC/images/PE_RBCs_control_5_3hrs_2.tif
1514,,30,Data_MC/images/PE_RBCs_NPs_1-200_5_3hrs_2.tif
1515,,14,Data_MC/images/PE_RBCs_NPs_1-200_4_15hrs_2.tif
1516,,27,Data_MC/images/PS_RBCs_NPs_1-20_1_15hrs_3.tif
1517,,21,Data_MC/images/PE_RBCs_NPs_1-20_5_3hrs_3.tif
1518,,12,Data_MC/images/PE_RBCs_NPs_1-20_2_15hrs_3.tif
1519,,71,Data_MC/images/PP_RBCs_NPs_1-50_4_3hrs_2.tif
1520,Crenated,83,Data_MC/images/PE_RBCs_NPs_1-200_3_3hrs_1.tif
1521,,34,Data_MC/images/PS_RBCs_NPs_1-10_4_3hrs_3.tif
1522,,6,Data_MC/images/PP_RBCs_NPs_1-200_5_15hrs_3.tif
1523,,12,Data_MC/images/PP_RBCs_control_1_15hrs_1.tif
1524,Crenated,49,Data_MC/images/PP_RBCs_NPs_1-50_2_3hrs_2.tif
1525,,2,Data_MC/images/PS_RBCs_NPs_1-50_4_3hrs_2.tif
1526,,3,Data_MC/images/PE_RBCs_NPs_1-20_6_3hrs_2.tif
1527,,52,Data_MC/images/PP_RBCs_NPs_1-20_1_3hrs_3.tif
1528,,55,Data_MC/images/PE_RBCs_NPs_1-50_6_3hrs_4.tif
1529,,58,Data_MC/images/PP_RBCs_control_2_3hrs_3.tif
1530,,21,Data_MC/images/PS_RBCs_NPs_1-20_6_15hrs_4.tif
1531,,24,Data_MC/images/PE_RBCs_NPs_1-20_5_15hrs_4.tif
1532,,30,Data_MC/images/PS_RBCs_control_1_15hrs_2.tif
1533,,78,Data_MC/images/PE_RBCs_control_1_3hrs_1.tif
1534,,32,Data_MC/images/PE_RBCs_NPs_1-50_2_15hrs_3.tif
1535,,47,Data_MC/images/PE_RBCs_control_4_15hrs_2.tif
1536,,30,Data_MC/images/PS_RBCs_control_5_15hrs_2.tif
1537,,52,Data_MC/images/PS_RBCs_control_2_3hrs_1.tif
1538,,11,Data_MC/images/PE_RBCs_NPs_1-200_5_3hrs_2.tif
1539,,31,Data_MC/images/PS_RBCs_NPs_1-20_3_15hrs_4.tif
1540,,123,Data_MC/images/PE_RBCs_NPs_1-200_1_15hrs_4.tif
1541,,59,Data_MC/images/PS_RBCs_NPs_1-50_2_3hrs_1.tif
1542,,23,Data_MC/images/PE_RBCs_NPs_1-20_3_3hrs_4.tif
1543,,67,Data_MC/images/PP_RBCs_NPs_1-10_1_3hrs_4.tif
1544,,21,Data_MC/images/PE_RBCs_NPs_1-10_6_3hrs_1.tif
1545,,25,Data_MC/images/PS_RBCs_NPs_1-20_6_3hrs_3.tif
1546,Crenated,47,Data_MC/images/PS_RBCs_NPs_1-200_5_15hrs_4.tif
1547,,30,Data_MC/images/PP_RBCs_NPs_1-50_1_15hrs_1.tif
1548,Crenated,46,Data_MC/images/PE_RBCs_NPs_1-50_3_15hrs_1.tif
1549,,19,Data_MC/images/PP_RBCs_NPs_1-20_6_15hrs_3.tif
1550,,54,Data_MC/images/PP_RBCs_control_5_15hrs_4.tif
1551,,103,Data_MC/images/PS_RBCs_NPs_1-20_3_15hrs_4.tif
1552,,49,Data_MC/images/PS_RBCs_NPs_1-200_1_15hrs_1.tif
1553,,26,Data_MC/images/PP_RBCs_NPs_1-200_4_15hrs_1.tif
1554,,53,Data_MC/images/PS_RBCs_NPs_1-200_3_3hrs_4.tif
1555,,23,Data_MC/images/PS_RBCs_NPs_1-10_3_15hrs_1.tif
1556,,22,Data_MC/images/PP_RBCs_NPs_1-20_1_15hrs_3.tif
1557,,34,Data_MC/images/PP_RBCs_NPs_1-20_3_15hrs_4.tif
1558,,47,Data_MC/images/PE_RBCs_NPs_1-200_3_15hrs_1.tif
1559,,49,Data_MC/images/PP_RBCs_NPs_1-20_1_3hrs_4.tif
1560,,59,Data_MC/images/PS_RBCs_NPs_1-20_4_3hrs_3.tif
1561,,23,Data_MC/images/PE_RBCs_NPs_1-50_4_3hrs_1.tif
1562,,58,Data_MC/images/PP_RBCs_NPs_1-20_6_15hrs_2.tif
1563,,39,Data_MC/images/PE_RBCs_NPs_1-200_6_15hrs_4.tif
1564,,47,Data_MC/images/PE_RBCs_NPs_1-50_2_3hrs_4.tif
1565,Crenated,125,Data_MC/images/PS_RBCs_NPs_1-50_2_15hrs_2.tif
1566,,53,Data_MC/images/PE_RBCs_NPs_1-50_5_15hrs_2.tif
1567,,5,Data_MC/images/PP_RBCs_NPs_1-20_3_15hrs_4.tif
1568,Crenated,40,Data_MC/images/PE_RBCs_NPs_1-200_5_15hrs_4.tif
1569,,5,Data_MC/images/PS_RBCs_NPs_1-10_3_3hrs_3.tif
1570,,29,Data_MC/images/PE_RBCs_NPs_1-200_2_3hrs_3.tif
1571,,22,Data_MC/images/PE_RBCs_NPs_1-20_3_15hrs_3.tif
1572,,64,Data_MC/images/PS_RBCs_NPs_1-20_5_3hrs_1.tif
1573,,98,Data_MC/images/PE_RBCs_control_3_3hrs_1.tif
1574,,14,Data_MC/images/PP_RBCs_NPs_1-200_4_3hrs_2.tif
1575,,3,Data_MC/images/PE_RBCs_control_1_15hrs_2.tif
1576,,80,Data_MC/images/PP_RBCs_NPs_1-10_5_3hrs_2.tif
1577,,58,Data_MC/images/PE_RBCs_NPs_1-200_4_3hrs_2.tif
1578,,70,Data_MC/images/PE_RBCs_NPs_1-20_5_15hrs_1.tif
1579,,12,Data_MC/images/PS_RBCs_NPs_1-10_5_15hrs_2.tif
1580,,1,Data_MC/images/PE_RBCs_NPs_1-50_6_15hrs_3.tif
1581,,12,Data_MC/images/PE_RBCs_control_4_3hrs_3.tif
1582,,51,Data_MC/images/PS_RBCs_NPs_1-200_1_3hrs_4.tif
1583,,13,Data_MC/images/PE_RBCs_NPs_1-10_1_3hrs_3.tif
1584,,32,Data_MC/images/PS_RBCs_NPs_1-10_4_15hrs_1.tif
1585,,81,Data_MC/images/PS_RBCs_NPs_1-200_3_15hrs_1.tif
1586,Crenated,87,Data_MC/images/PS_RBCs_NPs_1-20_6_3hrs_1.tif
1587,,32,Data_MC/images/PE_RBCs_NPs_1-20_2_15hrs_3.tif
1588,,78,Data_MC/images/PS_RBCs_control_5_3hrs_2.tif
1589,,44,Data_MC/images/PS_RBCs_NPs_1-10_3_3hrs_2.tif
1590,,20,Data_MC/images/PE_RBCs_NPs_1-50_1_3hrs_2.tif
1591,,68,Data_MC/images/PP_RBCs_NPs_1-10_6_3hrs_1.tif
1592,,3,Data_MC/images/PE_RBCs_NPs_1-200_5_3hrs_4.tif
1593,,46,Data_MC/images/PE_RBCs_NPs_1-50_6_3hrs_1.tif
1594,,46,Data_MC/images/PS_RBCs_NPs_1-200_1_15hrs_3.tif
1595,,14,Data_MC/images/PP_RBCs_control_5_15hrs_3.tif
1596,,25,Data_MC/images/PS_RBCs_NPs_1-200_5_3hrs_4.tif
1597,,34,Data_MC/images/PS_RBCs_control_3_15hrs_1.tif
1598,,22,Data_MC/images/PP_RBCs_NPs_1-20_5_3hrs_1.tif
1599,,88,Data_MC/images/PP_RBCs_NPs_1-20_6_3hrs_1.tif
1600,,78,Data_MC/images/PP_RBCs_control_5_3hrs_4.tif
1601,,60,Data_MC/images/PE_RBCs_control_2_15hrs_2.tif
1602,,8,Data_MC/images/PP_RBCs_NPs_1-10_2_15hrs_1.tif
1603,,7,Data_MC/images/PS_RBCs_NPs_1-10_5_3hrs_1.tif
1604,,24,Data_MC/images/PP_RBCs_control_3_3hrs_1.tif
1605,Crenated,87,Data_MC/images/PE_RBCs_NPs_1-20_1_3hrs_1.tif
1606,,42,Data_MC/images/PS_RBCs_NPs_1-20_4_15hrs_3.tif
1607,,26,Data_MC/images/PS_RBCs_NPs_1-20_6_3hrs_4.tif
1608,,7,Data_MC/images/PS_RBCs_NPs_1-20_1_15hrs_3.tif
1609,,49,Data_MC/images/PS_RBCs_NPs_1-20_5_15hrs_3.tif
1610,,15,Data_MC/images/PE_RBCs_NPs_1-200_6_15hrs_3.tif
1611,,64,Data_MC/images/PP_RBCs_NPs_1-200_6_15hrs_3.tif
1612,,61,Data_MC/images/PS_RBCs_NPs_1-10_5_15hrs_2.tif
1613,,67,Data_MC/images/PS_RBCs_NPs_1-20_1_3hrs_3.tif
1614,,70,Data_MC/images/PP_RBCs_NPs_1-10_6_3hrs_1.tif
1615,,37,Data_MC/images/PE_RBCs_NPs_1-20_6_3hrs_3.tif
1616,,19,Data_MC/images/PP_RBCs_NPs_1-50_5_15hrs_3.tif
1617,,25,Data_MC/images/PE_RBCs_NPs_1-200_3_3hrs_4.tif
1618,,12,Data_MC/images/PP_RBCs_NPs_1-10_3_15hrs_3.tif
1619,,18,Data_MC/images/PP_RBCs_control_5_15hrs_1.tif
1620,,58,Data_MC/images/PP_RBCs_NPs_1-50_6_15hrs_3.tif
1621,,69,Data_MC/images/PP_RBCs_NPs_1-20_3_3hrs_2.tif
1622,,30,Data_MC/images/PP_RBCs_NPs_1-50_1_3hrs_1.tif
1623,,41,Data_MC/images/PS_RBCs_NPs_1-10_6_15hrs_1.tif
1624,,8,Data_MC/images/PP_RBCs_control_6_3hrs_2.tif
1625,,6,Data_MC/images/PE_RBCs_NPs_1-200_6_15hrs_2.tif
1626,Crenated,56,Data_MC/images/PP_RBCs_NPs_1-50_6_3hrs_2.tif
1627,,29,Data_MC/images/PS_RBCs_control_3_3hrs_3.tif
1628,,41,Data_MC/images/PE_RBCs_NPs_1-200_4_15hrs_3.tif
1629,,20,Data_MC/images/PE_RBCs_NPs_1-20_5_3hrs_4.tif
1630,,4,Data_MC/images/PE_RBCs_NPs_1-20_2_15hrs_3.tif
1631,,6,Data_MC/images/PE_RBCs_NPs_1-200_4_15hrs_1.tif
1632,,50,Data_MC/images/PP_RBCs_control_4_15hrs_4.tif
1633,,33,Data_MC/images/PP_RBCs_NPs_1-20_2_15hrs_4.tif
1634,,28,Data_MC/images/PS_RBCs_NPs_1-20_2_15hrs_2.tif
1635,,19,Data_MC/images/PP_RBCs_control_5_3hrs_4.tif
1636,,22,Data_MC/images/PE_RBCs_NPs_1-10_2_3hrs_2.tif
1637,,18,Data_MC/images/PE_RBCs_NPs_1-10_5_3hrs_4.tif
1638,,26,Data_MC/images/PE_RBCs_NPs_1-200_4_3hrs_3.tif
1639,,39,Data_MC/images/PP_RBCs_NPs_1-20_4_3hrs_1.tif
1640,,43,Data_MC/images/PS_RBCs_NPs_1-50_3_15hrs_1.tif
1641,,10,Data_MC/images/PP_RBCs_NPs_1-10_6_15hrs_3.tif
1642,,53,Data_MC/images/PP_RBCs_NPs_1-200_4_15hrs_4.tif
1643,,31,Data_MC/images/PS_RBCs_control_3_15hrs_1.tif
1644,,60,Data_MC/images/PS_RBCs_NPs_1-50_4_15hrs_1.tif
1645,,15,Data_MC/images/PE_RBCs_NPs_1-20_5_3hrs_1.tif
1646,,12,Data_MC/images/PE_RBCs_NPs_1-50_3_3hrs_4.tif
1647,,13,Data_MC/images/PE_RBCs_NPs_1-50_6_3hrs_2.tif
1648,,16,Data_MC/images/PE_RBCs_control_6_3hrs_1.tif
1649,,23,Data_MC/images/PE_RBCs_NPs_1-20_4_3hrs_4.tif
1650,,140,Data_MC/images/PP_RBCs_control_5_15hrs_1.tif
1651,,12,Data_MC/images/PE_RBCs_NPs_1-50_1_15hrs_2.tif
1652,,44,Data_MC/images/PE_RBCs_NPs_1-20_6_3hrs_1.tif
1653,,58,Data_MC/images/PE_RBCs_control_3_15hrs_2.tif
1654,,62,Data_MC/images/PS_RBCs_NPs_1-200_5_3hrs_3.tif
1655,,80,Data_MC/images/PP_RBCs_NPs_1-10_3_3hrs_2.tif
1656,,29,Data_MC/images/PP_RBCs_NPs_1-50_6_15hrs_1.tif
1657,,3,Data_MC/images/PE_RBCs_NPs_1-200_5_15hrs_1.tif
1658,,14,Data_MC/images/PE_RBCs_NPs_1-50_2_15hrs_1.tif
1659,,28,Data_MC/images/PS_RBCs_control_2_3hrs_1.tif
1660,,21,Data_MC/images/PE_RBCs_NPs_1-50_2_15hrs_1.tif
1661,,28,Data_MC/images/PE_RBCs_NPs_1-20_5_3hrs_3.tif
1662,,48,Data_MC/images/PS_RBCs_NPs_1-50_3_15hrs_4.tif
1663,,74,Data_MC/images/PP_RBCs_NPs_1-50_2_3hrs_2.tif
1664,,67,Data_MC/images/PP_RBCs_NPs_1-20_2_3hrs_4.tif
1665,,75,Data_MC/images/PE_RBCs_NPs_1-20_3_3hrs_4.tif
1666,,15,Data_MC/images/PP_RBCs_control_6_3hrs_2.tif
1667,Crenated,70,Data_MC/images/PS_RBCs_NPs_1-50_4_3hrs_2.tif
1668,,75,Data_MC/images/PE_RBCs_NPs_1-50_5_3hrs_2.tif
1669,,23,Data_MC/images/PP_RBCs_NPs_1-200_4_15hrs_4.tif
1670,,13,Data_MC/images/PS_RBCs_NPs_1-20_1_3hrs_3.tif
1671,,53,Data_MC/images/PP_RBCs_NPs_1-20_5_3hrs_3.tif
1672,,8,Data_MC/images/PS_RBCs_NPs_1-200_4_15hrs_2.tif
1673,,39,Data_MC/images/PP_RBCs_NPs_1-10_6_3hrs_1.tif
1674,,25,Data_MC/images/PE_RBCs_control_1_3hrs_4.tif
1675,,43,Data_MC/images/PE_RBCs_NPs_1-20_2_15hrs_2.tif
1676,Crenated,50,Data_MC/images/PE_RBCs_NPs_1-10_5_3hrs_1.tif
1677,,45,Data_MC/images/PS_RBCs_NPs_1-200_5_15hrs_4.tif
1678,,53,Data_MC/images/PE_RBCs_NPs_1-50_1_15hrs_3.tif
1679,,36,Data_MC/images/PS_RBCs_control_1_3hrs_1.tif
1680,,52,Data_MC/images/PS_RBCs_control_2_3hrs_4.tif
1681,,47,Data_MC/images/PP_RBCs_NPs_1-20_1_3hrs_4.tif
1682,,74,Data_MC/images/PP_RBCs_NPs_1-20_2_3hrs_3.tif
1683,,32,Data_MC/images/PS_RBCs_NPs_1-20_6_3hrs_1.tif
1684,,48,Data_MC/images/PS_RBCs_control_4_3hrs_2.tif
1685,,16,Data_MC/images/PP_RBCs_control_2_3hrs_2.tif
1686,,4,Data_MC/images/PP_RBCs_NPs_1-10_5_3hrs_3.tif
1687,,15,Data_MC/images/PP_RBCs_NPs_1-10_7_3hrs_3.tif
1688,,49,Data_MC/images/PP_RBCs_NPs_1-10_7_3hrs_2.tif
1689,,25,Data_MC/images/PS_RBCs_NPs_1-20_2_3hrs_3.tif
1690,,80,Data_MC/images/PP_RBCs_NPs_1-200_4_3hrs_2.tif
1691,,47,Data_MC/images/PE_RBCs_control_3_15hrs_1.tif
1692,,42,Data_MC/images/PE_RBCs_NPs_1-200_1_3hrs_3.tif
1693,,37,Data_MC/images/PE_RBCs_NPs_1-50_6_3hrs_4.tif
1694,,2,Data_MC/images/PP_RBCs_NPs_1-10_6_15hrs_3.tif
1695,,82,Data_MC/images/PE_RBCs_NPs_1-10_1_3hrs_2.tif
1696,,7,Data_MC/images/PE_RBCs_control_6_3hrs_3.tif
1697,,36,Data_MC/images/PS_RBCs_NPs_1-10_4_15hrs_2.tif
1698,,38,Data_MC/images/PE_RBCs_NPs_1-10_4_3hrs_3.tif
1699,,12,Data_MC/images/PS_RBCs_control_3_15hrs_1.tif
1700,,52,Data_MC/images/PE_RBCs_NPs_1-10_1_3hrs_4.tif
1701,,36,Data_MC/images/PP_RBCs_NPs_1-50_3_3hrs_4.tif
1702,,7,Data_MC/images/PP_RBCs_NPs_1-20_2_3hrs_2.tif
1703,,14,Data_MC/images/PS_RBCs_NPs_1-50_4_3hrs_1.tif
1704,,18,Data_MC/images/PP_RBCs_NPs_1-10_1_15hrs_4.tif
1705,,41,Data_MC/images/PS_RBCs_control_5_15hrs_4.tif
1706,,73,Data_MC/images/PS_RBCs_NPs_1-20_6_3hrs_1.tif
1707,,45,Data_MC/images/PE_RBCs_NPs_1-20_7_15hrs_3.tif
1708,,13,Data_MC/images/PS_RBCs_NPs_1-50_6_3hrs_3.tif
1709,,50,Data_MC/images/PS_RBCs_NPs_1-10_2_15hrs_3.tif
1710,,41,Data_MC/images/PP_RBCs_NPs_1-200_5_3hrs_4.tif
1711,,16,Data_MC/images/PS_RBCs_NPs_1-200_1_15hrs_4.tif
1712,,42,Data_MC/images/PP_RBCs_NPs_1-200_5_15hrs_1.tif
1713,,24,Data_MC/images/PP_RBCs_NPs_1-20_1_3hrs_4.tif
1714,,29,Data_MC/images/PP_RBCs_NPs_1-20_6_15hrs_2.tif
1715,,36,Data_MC/images/PS_RBCs_NPs_1-10_4_3hrs_4.tif
1716,,68,Data_MC/images/PP_RBCs_control_1_15hrs_2.tif
1717,,62,Data_MC/images/PS_RBCs_NPs_1-10_2_3hrs_3.tif
1718,,35,Data_MC/images/PE_RBCs_NPs_1-50_5_15hrs_4.tif
1719,,52,Data_MC/images/PE_RBCs_control_1_3hrs_4.tif
1720,,76,Data_MC/images/PE_RBCs_NPs_1-50_1_15hrs_1.tif
1721,,5,Data_MC/images/PP_RBCs_NPs_1-50_1_15hrs_2.tif
1722,,76,Data_MC/images/PP_RBCs_NPs_1-10_5_3hrs_4.tif
1723,,14,Data_MC/images/PS_RBCs_NPs_1-20_6_15hrs_1.tif
1724,,78,Data_MC/images/PE_RBCs_NPs_1-20_4_3hrs_4.tif
1725,,50,Data_MC/images/PS_RBCs_NPs_1-10_6_3hrs_4.tif
1726,,8,Data_MC/images/PS_RBCs_NPs_1-50_4_3hrs_2.tif
1727,,37,Data_MC/images/PE_RBCs_NPs_1-50_5_3hrs_2.tif
1728,,57,Data_MC/images/PS_RBCs_NPs_1-200_5_15hrs_3.tif
1729,,13,Data_MC/images/PS_RBCs_NPs_1-50_5_15hrs_3.tif
1730,,51,Data_MC/images/PS_RBCs_NPs_1-200_4_15hrs_3.tif
1731,,17,Data_MC/images/PE_RBCs_NPs_1-20_2_3hrs_1.tif
1732,,12,Data_MC/images/PP_RBCs_NPs_1-50_1_15hrs_4.tif
1733,,18,Data_MC/images/PE_RBCs_control_1_3hrs_4.tif
1734,,10,Data_MC/images/PP_RBCs_control_3_3hrs_2.tif
1735,,36,Data_MC/images/PS_RBCs_NPs_1-10_4_15hrs_1.tif
1736,,68,Data_MC/images/PS_RBCs_NPs_1-50_3_15hrs_1.tif
1737,,2,Data_MC/images/PE_RBCs_NPs_1-10_3_15hrs_1.tif
1738,,52,Data_MC/images/PE_RBCs_NPs_1-50_4_15hrs_3.tif
1739,,62,Data_MC/images/PP_RBCs_NPs_1-50_1_3hrs_1.tif
1740,,28,Data_MC/images/PP_RBCs_NPs_1-50_4_3hrs_3.tif
1741,,39,Data_MC/images/PS_RBCs_NPs_1-10_6_3hrs_1.tif
1742,,62,Data_MC/images/PS_RBCs_control_4_3hrs_1.tif
1743,,29,Data_MC/images/PE_RBCs_NPs_1-200_5_15hrs_4.tif
1744,,73,Data_MC/images/PS_RBCs_NPs_1-50_1_15hrs_4.tif
1745,,29,Data_MC/images/PE_RBCs_NPs_1-200_6_3hrs_2.tif
1746,,30,Data_MC/images/PP_RBCs_NPs_1-200_2_3hrs_3.tif
1747,,12,Data_MC/images/PE_RBCs_NPs_1-200_5_15hrs_3.tif
1748,,25,Data_MC/images/PE_RBCs_NPs_1-20_5_15hrs_4.tif
1749,,60,Data_MC/images/PS_RBCs_NPs_1-50_6_15hrs_4.tif
1750,,30,Data_MC/images/PE_RBCs_NPs_1-20_4_15hrs_1.tif
1751,,63,Data_MC/images/PS_RBCs_NPs_1-50_3_15hrs_2.tif
1752,,12,Data_MC/images/PP_RBCs_NPs_1-50_5_3hrs_4.tif
1753,,8,Data_MC/images/PE_RBCs_NPs_1-10_2_3hrs_4.tif
1754,,66,Data_MC/images/PS_RBCs_control_5_3hrs_2.tif
1755,,60,Data_MC/images/PE_RBCs_NPs_1-50_3_3hrs_4.tif
1756,Crenated,106,Data_MC/images/PE_RBCs_control_5_3hrs_3.tif
1757,,59,Data_MC/images/PP_RBCs_NPs_1-20_2_3hrs_4.tif
1758,,40,Data_MC/images/PE_RBCs_NPs_1-200_6_15hrs_3.tif
1759,,63,Data_MC/images/PE_RBCs_NPs_1-50_3_3hrs_2.tif
1760,,7,Data_MC/images/PP_RBCs_control_1_3hrs_1.tif
1761,,46,Data_MC/images/PE_RBCs_control_3_15hrs_3.tif
1762,,18,Data_MC/images/PE_RBCs_NPs_1-50_3_15hrs_2.tif
1763,,57,Data_MC/images/PP_RBCs_NPs_1-50_4_3hrs_2.tif
1764,,12,Data_MC/images/PS_RBCs_NPs_1-50_3_3hrs_2.tif
1765,,28,Data_MC/images/PS_RBCs_NPs_1-20_1_3hrs_4.tif
1766,,46,Data_MC/images/PS_RBCs_NPs_1-20_5_15hrs_3.tif
1767,,36,Data_MC/images/PS_RBCs_control_3_15hrs_4.tif
1768,,10,Data_MC/images/PP_RBCs_NPs_1-10_6_3hrs_3.tif
1769,,45,Data_MC/images/PS_RBCs_control_1_3hrs_1.tif
1770,,44,Data_MC/images/PS_RBCs_NPs_1-200_1_3hrs_4.tif
1771,,24,Data_MC/images/PP_RBCs_NPs_1-50_2_3hrs_4.tif
1772,,54,Data_MC/images/PE_RBCs_NPs_1-200_4_3hrs_4.tif
1773,,57,Data_MC/images/PE_RBCs_NPs_1-10_1_3hrs_4.tif
1774,,74,Data_MC/images/PP_RBCs_NPs_1-50_4_3hrs_4.tif
1775,,58,Data_MC/images/PS_RBCs_NPs_1-10_7_15hrs_3.tif
1776,,72,Data_MC/images/PP_RBCs_control_1_3hrs_2.tif
1777,,3,Data_MC/images/PS_RBCs_NPs_1-10_5_3hrs_3.tif
1778,,22,Data_MC/images/PS_RBCs_NPs_1-20_2_15hrs_3.tif
1779,,24,Data_MC/images/PP_RBCs_NPs_1-10_1_3hrs_4.tif
1780,,39,Data_MC/images/PS_RBCs_control_1_15hrs_2.tif
1781,,50,Data_MC/images/PE_RBCs_NPs_1-200_6_15hrs_4.tif
1782,,48,Data_MC/images/PS_RBCs_NPs_1-200_1_3hrs_4.tif
1783,,47,Data_MC/images/PE_RBCs_control_5_3hrs_3.tif
1784,,48,Data_MC/images/PS_RBCs_NPs_1-20_6_3hrs_4.tif
1785,,33,Data_MC/images/PP_RBCs_NPs_1-50_6_3hrs_1.tif
1786,,3,Data_MC/images/PS_RBCs_NPs_1-10_7_15hrs_1.tif
1787,,10,Data_MC/images/PS_RBCs_NPs_1-10_6_15hrs_1.tif
1788,,39,Data_MC/images/PE_RBCs_NPs_1-50_6_3hrs_3.tif
1789,,50,Data_MC/images/PS_RBCs_NPs_1-200_1_15hrs_1.tif
1790,,39,Data_MC/images/PS_RBCs_NPs_1-10_4_15hrs_3.tif
1791,,59,Data_MC/images/PE_RBCs_control_1_3hrs_3.tif
1792,,6,Data_MC/images/PS_RBCs_NPs_1-10_6_15hrs_3.tif
1793,,8,Data_MC/images/PS_RBCs_NPs_1-200_5_3hrs_1.tif
1794,,6,Data_MC/images/PP_RBCs_NPs_1-200_5_15hrs_2.tif
1795,,54,Data_MC/images/PE_RBCs_NPs_1-50_3_3hrs_2.tif
1796,,40,Data_MC/images/PP_RBCs_NPs_1-50_5_3hrs_3.tif
1797,,17,Data_MC/images/PP_RBCs_NPs_1-20_1_3hrs_1.tif
1798,,67,Data_MC/images/PE_RBCs_NPs_1-50_2_3hrs_1.tif
1799,,65,Data_MC/images/PP_RBCs_NPs_1-200_5_3hrs_1.tif
1800,,74,Data_MC/images/PS_RBCs_NPs_1-20_5_3hrs_1.tif
1801,,3,Data_MC/images/PE_RBCs_NPs_1-50_4_15hrs_4.tif
1802,,47,Data_MC/images/PE_RBCs_NPs_1-200_6_15hrs_1.tif
1803,,24,Data_MC/images/PE_RBCs_NPs_1-50_1_15hrs_2.tif
1804,,24,Data_MC/images/PE_RBCs_NPs_1-200_5_15hrs_4.tif
1805,,31,Data_MC/images/PP_RBCs_NPs_1-10_5_3hrs_4.tif
1806,,22,Data_MC/images/PS_RBCs_NPs_1-10_4_3hrs_2.tif
1807,,24,Data_MC/images/PP_RBCs_NPs_1-200_4_3hrs_1.tif
1808,,57,Data_MC/images/PS_RBCs_NPs_1-50_5_3hrs_4.tif
1809,,11,Data_MC/images/PS_RBCs_control_5_15hrs_1.tif
1810,,46,Data_MC/images/PS_RBCs_NPs_1-20_4_15hrs_3.tif
1811,,27,Data_MC/images/PS_RBCs_NPs_1-20_4_15hrs_2.tif
1812,,20,Data_MC/images/PE_RBCs_NPs_1-200_3_3hrs_2.tif
1813,,3,Data_MC/images/PE_RBCs_NPs_1-50_1_15hrs_4.tif
1814,,17,Data_MC/images/PP_RBCs_NPs_1-50_4_3hrs_1.tif
1815,,42,Data_MC/images/PS_RBCs_NPs_1-20_1_3hrs_3.tif
1816,,36,Data_MC/images/PE_RBCs_control_1_15hrs_2.tif
1817,,76,Data_MC/images/PE_RBCs_NPs_1-200_3_3hrs_3.tif
1818,,29,Data_MC/images/PE_RBCs_NPs_1-20_3_3hrs_4.tif
1819,,48,Data_MC/images/PP_RBCs_control_6_3hrs_3.tif
1820,,33,Data_MC/images/PS_RBCs_NPs_1-50_3_3hrs_2.tif
1821,,33,Data_MC/images/PE_RBCs_NPs_1-200_2_3hrs_1.tif
1822,,59,Data_MC/images/PS_RBCs_control_2_3hrs_2.tif
1823,,46,Data_MC/images/PS_RBCs_NPs_1-20_5_3hrs_4.tif
1824,,5,Data_MC/images/PS_RBCs_NPs_1-50_3_3hrs_3.tif
1825,,49,Data_MC/images/PE_RBCs_NPs_1-200_4_15hrs_4.tif
1826,,66,Data_MC/images/PS_RBCs_NPs_1-200_1_3hrs_1.tif
1827,,22,Data_MC/images/PE_RBCs_NPs_1-50_2_15hrs_4.tif
1828,,21,Data_MC/images/PS_RBCs_NPs_1-10_3_3hrs_1.tif
1829,,12,Data_MC/images/PP_RBCs_NPs_1-20_2_3hrs_1.tif
1830,,41,Data_MC/images/PE_RBCs_NPs_1-20_3_3hrs_4.tif
1831,,51,Data_MC/images/PP_RBCs_control_1_3hrs_1.tif
1832,,8,Data_MC/images/PP_RBCs_NPs_1-20_4_15hrs_1.tif
1833,,36,Data_MC/images/PS_RBCs_control_2_15hrs_3.tif
1834,,20,Data_MC/images/PP_RBCs_NPs_1-200_4_15hrs_2.tif
1835,,24,Data_MC/images/PP_RBCs_NPs_1-20_3_3hrs_1.tif
1836,,70,Data_MC/images/PS_RBCs_NPs_1-10_7_15hrs_4.tif
1837,Crenated,41,Data_MC/images/PP_RBCs_control_4_15hrs_3.tif
1838,,8,Data_MC/images/PP_RBCs_NPs_1-20_2_3hrs_1.tif
1839,,29,Data_MC/images/PP_RBCs_NPs_1-10_5_15hrs_2.tif
1840,,38,Data_MC/images/PS_RBCs_control_3_3hrs_1.tif
1841,,39,Data_MC/images/PP_RBCs_control_6_15hrs_3.tif
1842,,79,Data_MC/images/PP_RBCs_NPs_1-50_5_3hrs_3.tif
1843,,66,Data_MC/images/PP_RBCs_NPs_1-200_3_3hrs_2.tif
1844,,44,Data_MC/images/PE_RBCs_NPs_1-200_3_3hrs_1.tif
1845,,71,Data_MC/images/PP_RBCs_NPs_1-50_4_3hrs_4.tif
1846,,32,Data_MC/images/PP_RBCs_NPs_1-50_6_15hrs_2.tif
1847,,46,Data_MC/images/PE_RBCs_NPs_1-200_2_3hrs_4.tif
1848,,89,Data_MC/images/PP_RBCs_control_4_3hrs_2.tif
1849,,56,Data_MC/images/PE_RBCs_NPs_1-20_2_3hrs_3.tif
1850,,87,Data_MC/images/PS_RBCs_NPs_1-10_3_15hrs_1.tif
1851,,2,Data_MC/images/PE_RBCs_NPs_1-50_3_3hrs_4.tif
1852,,13,Data_MC/images/PS_RBCs_NPs_1-10_1_15hrs_4.tif
1853,,65,Data_MC/images/PP_RBCs_NPs_1-20_6_3hrs_3.tif
1854,,40,Data_MC/images/PP_RBCs_NPs_1-50_2_3hrs_4.tif
1855,,55,Data_MC/images/PS_RBCs_NPs_1-200_2_15hrs_2.tif
1856,,30,Data_MC/images/PE_RBCs_NPs_1-10_1_15hrs_2.tif
1857,,5,Data_MC/images/PS_RBCs_NPs_1-10_6_15hrs_2.tif
1858,,37,Data_MC/images/PE_RBCs_NPs_1-50_4_15hrs_2.tif
1859,Crenated,39,Data_MC/images/PS_RBCs_NPs_1-200_3_15hrs_2.tif
1860,,32,Data_MC/images/PP_RBCs_NPs_1-10_5_3hrs_2.tif
1861,,29,Data_MC/images/PS_RBCs_NPs_1-50_4_15hrs_3.tif
1862,,27,Data_MC/images/PP_RBCs_NPs_1-50_3_3hrs_3.tif
1863,,40,Data_MC/images/PS_RBCs_NPs_1-20_3_15hrs_4.tif
1864,,33,Data_MC/images/PP_RBCs_NPs_1-10_1_15hrs_1.tif
1865,,74,Data_MC/images/PE_RBCs_NPs_1-20_5_3hrs_2.tif
1866,,56,Data_MC/images/PS_RBCs_control_2_3hrs_4.tif
1867,,82,Data_MC/images/PP_RBCs_NPs_1-20_2_3hrs_2.tif
1868,,6,Data_MC/images/PE_RBCs_control_6_15hrs_2.tif
1869,,11,Data_MC/images/PE_RBCs_NPs_1-200_1_3hrs_4.tif
1870,,72,Data_MC/images/PE_RBCs_NPs_1-200_5_3hrs_1.tif
1871,,60,Data_MC/images/PE_RBCs_NPs_1-20_1_3hrs_4.tif
1872,,42,Data_MC/images/PS_RBCs_control_5_3hrs_3.tif
1873,,7,Data_MC/images/PE_RBCs_NPs_1-10_3_15hrs_4.tif
1874,,13,Data_MC/images/PS_RBCs_NPs_1-20_4_3hrs_3.tif
1875,,30,Data_MC/images/PS_RBCs_NPs_1-10_4_15hrs_3.tif
1876,,9,Data_MC/images/PE_RBCs_NPs_1-10_6_3hrs_4.tif
1877,,69,Data_MC/images/PS_RBCs_NPs_1-10_4_3hrs_2.tif
1878,,47,Data_MC/images/PS_RBCs_NPs_1-50_3_3hrs_3.tif
1879,,92,Data_MC/images/PE_RBCs_control_1_3hrs_3.tif
1880,,35,Data_MC/images/PP_RBCs_NPs_1-50_1_3hrs_4.tif
1881,Crenated,81,Data_MC/images/PP_RBCs_NPs_1-10_5_3hrs_2.tif
1882,,37,Data_MC/images/PE_RBCs_NPs_1-50_3_3hrs_4.tif
1883,,28,Data_MC/images/PP_RBCs_NPs_1-50_2_3hrs_4.tif
1884,,45,Data_MC/images/PP_RBCs_NPs_1-200_5_3hrs_1.tif
1885,,13,Data_MC/images/PE_RBCs_control_2_3hrs_3.tif
1886,,46,Data_MC/images/PE_RBCs_NPs_1-20_1_15hrs_4.tif
1887,,22,Data_MC/images/PS_RBCs_NPs_1-50_2_3hrs_3.tif
1888,,54,Data_MC/images/PP_RBCs_control_5_3hrs_1.tif
1889,,26,Data_MC/images/PP_RBCs_NPs_1-20_5_3hrs_2.tif
1890,,7,Data_MC/images/PE_RBCs_NPs_1-20_4_3hrs_2.tif
1891,,99,Data_MC/images/PE_RBCs_NPs_1-50_4_15hrs_3.tif
1892,,38,Data_MC/images/PE_RBCs_NPs_1-20_7_15hrs_2.tif
1893,,61,Data_MC/images/PS_RBCs_NPs_1-50_6_15hrs_2.tif
1894,,4,Data_MC/images/PS_RBCs_NPs_1-20_1_15hrs_2.tif
1895,,83,Data_MC/images/PE_RBCs_control_1_3hrs_4.tif
1896,,62,Data_MC/images/PS_RBCs_control_1_3hrs_2.tif
1897,,18,Data_MC/images/PS_RBCs_NPs_1-20_4_3hrs_4.tif
1898,,71,Data_MC/images/PS_RBCs_NPs_1-20_3_3hrs_4.tif
1899,,26,Data_MC/images/PP_RBCs_control_4_3hrs_4.tif
1900,,2,Data_MC/images/PS_RBCs_NPs_1-10_3_15hrs_2.tif
1901,,40,Data_MC/images/PE_RBCs_NPs_1-200_4_3hrs_3.tif
1902,,59,Data_MC/images/PP_RBCs_control_2_15hrs_3.tif
1903,,22,Data_MC/images/PE_RBCs_control_3_3hrs_3.tif
1904,,35,Data_MC/images/PE_RBCs_NPs_1-200_5_3hrs_4.tif
1905,,5,Data_MC/images/PS_RBCs_NPs_1-20_2_3hrs_4.tif
1906,,17,Data_MC/images/PE_RBCs_NPs_1-20_5_3hrs_4.tif
1907,,18,Data_MC/images/PS_RBCs_control_5_15hrs_3.tif
1908,,74,Data_MC/images/PE_RBCs_NPs_1-50_1_3hrs_2.tif
1909,,35,Data_MC/images/PE_RBCs_NPs_1-10_4_3hrs_1.tif
1910,,5,Data_MC/images/PS_RBCs_NPs_1-50_6_3hrs_4.tif
1911,,19,Data_MC/images/PS_RBCs_NPs_1-200_6_15hrs_3.tif
1912,,13,Data_MC/images/PE_RBCs_NPs_1-200_3_15hrs_2.tif
1913,,34,Data_MC/images/PE_RBCs_NPs_1-10_5_15hrs_1.tif
1914,,17,Data_MC/images/PE_RBCs_NPs_1-10_3_3hrs_3.tif
1915,,27,Data_MC/images/PE_RBCs_NPs_1-200_5_15hrs_4.tif
1916,,50,Data_MC/images/PP_RBCs_control_6_3hrs_4.tif
1917,,54,Data_MC/images/PS_RBCs_NPs_1-20_6_3hrs_1.tif
1918,,53,Data_MC/images/PE_RBCs_control_6_3hrs_2.tif
1919,,79,Data_MC/images/PP_RBCs_control_1_3hrs_1.tif
1920,,64,Data_MC/images/PS_RBCs_NPs_1-50_1_3hrs_1.tif
1921,,68,Data_MC/images/PS_RBCs_control_1_15hrs_3.tif
1922,,69,Data_MC/images/PE_RBCs_NPs_1-50_5_3hrs_3.tif
1923,,20,Data_MC/images/PS_RBCs_NPs_1-20_5_15hrs_2.tif
1924,,57,Data_MC/images/PS_RBCs_NPs_1-200_3_15hrs_3.tif
1925,Crenated,79,Data_MC/images/PP_RBCs_NPs_1-50_6_3hrs_3.tif
1926,,6,Data_MC/images/PE_RBCs_NPs_1-20_3_15hrs_4.tif
1927,,20,Data_MC/images/PP_RBCs_NPs_1-10_2_15hrs_4.tif
1928,,59,Data_MC/images/PS_RBCs_NPs_1-200_2_3hrs_4.tif
1929,,56,Data_MC/images/PE_RBCs_NPs_1-200_3_3hrs_4.tif
1930,,9,Data_MC/images/PS_RBCs_NPs_1-20_3_15hrs_1.tif
1931,,80,Data_MC/images/PS_RBCs_NPs_1-50_5_15hrs_2.tif
1932,,58,Data_MC/images/PE_RBCs_NPs_1-200_2_3hrs_3.tif
1933,,72,Data_MC/images/PP_RBCs_control_5_3hrs_1.tif
1934,,18,Data_MC/images/PP_RBCs_control_4_15hrs_2.tif
1935,,22,Data_MC/images/PS_RBCs_NPs_1-200_4_15hrs_3.tif
1936,,53,Data_MC/images/PP_RBCs_NPs_1-200_5_15hrs_3.tif
1937,,65,Data_MC/images/PS_RBCs_control_5_3hrs_4.tif
1938,,7,Data_MC/images/PE_RBCs_NPs_1-200_5_15hrs_4.tif
1939,,32,Data_MC/images/PS_RBCs_control_6_15hrs_2.tif
1940,,59,Data_MC/images/PS_RBCs_NPs_1-50_5_3hrs_3.tif
1941,,1,Data_MC/images/PS_RBCs_NPs_1-200_2_15hrs_4.tif
1942,,55,Data_MC/images/PS_RBCs_NPs_1-10_5_3hrs_4.tif
1943,,43,Data_MC/images/PE_RBCs_control_1_15hrs_2.tif
1944,,7,Data_MC/images/PE_RBCs_NPs_1-200_4_15hrs_4.tif
1945,,42,Data_MC/images/PE_RBCs_NPs_1-200_6_3hrs_4.tif
1946,,73,Data_MC/images/PP_RBCs_control_4_3hrs_3.tif
1947,,18,Data_MC/images/PS_RBCs_NPs_1-200_5_3hrs_3.tif
1948,,12,Data_MC/images/PE_RBCs_NPs_1-20_7_15hrs_2.tif
1949,,31,Data_MC/images/PP_RBCs_NPs_1-200_6_3hrs_2.tif
1950,,10,Data_MC/images/PS_RBCs_NPs_1-10_2_15hrs_2.tif
1951,,33,Data_MC/images/PE_RBCs_NPs_1-200_1_3hrs_4.tif
1952,,34,Data_MC/images/PP_RBCs_NPs_1-10_4_3hrs_4.tif
1953,,78,Data_MC/images/PE_RBCs_NPs_1-200_3_3hrs_4.tif
1954,,55,Data_MC/images/PE_RBCs_control_3_3hrs_1.tif
1955,,23,Data_MC/images/PS_RBCs_control_5_15hrs_4.tif
1956,,56,Data_MC/images/PS_RBCs_control_4_3hrs_3.tif
1957,,38,Data_MC/images/PS_RBCs_NPs_1-200_6_3hrs_2.tif
1958,,19,Data_MC/images/PP_RBCs_NPs_1-50_2_3hrs_3.tif
1959,Crenated,98,Data_MC/images/PP_RBCs_control_1_3hrs_2.tif
1960,,10,Data_MC/images/PE_RBCs_NPs_1-200_1_15hrs_1.tif
1961,,47,Data_MC/images/PS_RBCs_NPs_1-20_1_3hrs_1.tif
1962,,78,Data_MC/images/PP_RBCs_NPs_1-20_6_3hrs_3.tif
1963,,49,Data_MC/images/PP_RBCs_NPs_1-10_6_3hrs_3.tif
1964,,19,Data_MC/images/PE_RBCs_NPs_1-10_2_15hrs_4.tif
1965,,20,Data_MC/images/PS_RBCs_NPs_1-50_6_3hrs_2.tif
1966,,24,Data_MC/images/PP_RBCs_control_1_15hrs_1.tif
1967,,24,Data_MC/images/PP_RBCs_NPs_1-200_1_3hrs_3.tif
1968,,2,Data_MC/images/PS_RBCs_NPs_1-20_2_15hrs_1.tif
1969,,42,Data_MC/images/PE_RBCs_NPs_1-50_3_3hrs_1.tif
1970,,11,Data_MC/images/PS_RBCs_NPs_1-50_1_3hrs_1.tif
1971,,3,Data_MC/images/PE_RBCs_NPs_1-200_4_15hrs_1.tif
1972,,56,Data_MC/images/PE_RBCs_NPs_1-20_7_15hrs_2.tif
1973,Crenated,45,Data_MC/images/PP_RBCs_NPs_1-200_5_3hrs_3.tif
1974,,4,Data_MC/images/PP_RBCs_NPs_1-200_1_3hrs_1.tif
1975,,49,Data_MC/images/PE_RBCs_NPs_1-20_7_15hrs_4.tif
1976,,6,Data_MC/images/PE_RBCs_NPs_1-10_5_3hrs_3.tif
1977,,44,Data_MC/images/PE_RBCs_NPs_1-200_2_15hrs_4.tif
1978,,64,Data_MC/images/PE_RBCs_control_5_3hrs_3.tif
1979,,43,Data_MC/images/PP_RBCs_NPs_1-50_6_15hrs_2.tif
1980,,53,Data_MC/images/PS_RBCs_NPs_1-200_1_3hrs_3.tif
1981,,8,Data_MC/images/PP_RBCs_NPs_1-10_3_3hrs_4.tif
1982,,8,Data_MC/images/PE_RBCs_NPs_1-50_6_15hrs_1.tif
1983,,88,Data_MC/images/PS_RBCs_control_3_15hrs_3.tif
1984,,3,Data_MC/images/PP_RBCs_NPs_1-10_2_3hrs_3.tif
1985,,50,Data_MC/images/PS_RBCs_NPs_1-50_1_3hrs_3.tif
1986,,22,Data_MC/images/PE_RBCs_NPs_1-10_3_3hrs_2.tif
1987,,43,Data_MC/images/PS_RBCs_NPs_1-50_5_3hrs_4.tif
1988,,84,Data_MC/images/PP_RBCs_NPs_1-200_4_3hrs_2.tif
1989,,34,Data_MC/images/PS_RBCs_NPs_1-50_4_15hrs_2.tif
1990,,58,Data_MC/images/PS_RBCs_NPs_1-10_2_3hrs_4.tif
1991,,35,Data_MC/images/PP_RBCs_NPs_1-20_4_15hrs_3.tif
1992,,39,Data_MC/images/PE_RBCs_NPs_1-200_2_15hrs_4.tif
1993,,57,Data_MC/images/PE_RBCs_NPs_1-200_4_3hrs_3.tif
1994,,20,Data_MC/images/PE_RBCs_NPs_1-200_4_3hrs_4.tif
1995,,16,Data_MC/images/PP_RBCs_NPs_1-200_4_15hrs_4.tif
1996,,39,Data_MC/images/PE_RBCs_control_6_15hrs_3.tif
1997,,57,Data_MC/images/PE_RBCs_control_6_3hrs_3.tif
1998,,44,Data_MC/images/PE_RBCs_NPs_1-50_3_3hrs_3.tif
1999,,59,Data_MC/images/PP_RBCs_NPs_1-20_2_3hrs_3.tif
2000,,1,Data_MC/images/PS_RBCs_NPs_1-10_7_15hrs_4.tif
2001,,60,Data_MC/images/PE_RBCs_NPs_1-200_6_3hrs_2.tif
2002,,50,Data_MC/images/PS_RBCs_NPs_1-200_3_15hrs_3.tif
2003,,14,Data_MC/images/PE_RBCs_NPs_1-200_1_3hrs_4.tif
2004,,10,Data_MC/images/PS_RBCs_NPs_1-20_1_15hrs_4.tif
2005,Crenated,75,Data_MC/images/PP_RBCs_NPs_1-20_2_3hrs_2.tif
2006,,51,Data_MC/images/PP_RBCs_NPs_1-200_6_15hrs_3.tif
2007,,57,Data_MC/images/PE_RBCs_NPs_1-50_6_15hrs_3.tif
2008,Crenated,81,Data_MC/images/PE_RBCs_NPs_1-50_1_3hrs_4.tif
2009,,30,Data_MC/images/PP_RBCs_NPs_1-20_3_15hrs_4.tif
2010,,3,Data_MC/images/PE_RBCs_NPs_1-50_2_15hrs_3.tif
2011,,65,Data_MC/images/PP_RBCs_control_6_15hrs_3.tif
2012,,31,Data_MC/images/PP_RBCs_NPs_1-200_6_15hrs_3.tif
2013,,89,Data_MC/images/PP_RBCs_control_1_3hrs_4.tif
2014,,15,Data_MC/images/PE_RBCs_NPs_1-20_6_15hrs_2.tif
2015,,29,Data_MC/images/PS_RBCs_NPs_1-50_6_15hrs_2.tif
2016,,46,Data_MC/images/PP_RBCs_control_5_15hrs_2.tif
2017,,31,Data_MC/images/PP_RBCs_NPs_1-20_2_15hrs_4.tif
2018,,30,Data_MC/images/PP_RBCs_NPs_1-20_6_15hrs_2.tif
2019,,1,Data_MC/images/PS_RBCs_control_5_15hrs_4.tif
2020,,6,Data_MC/images/PS_RBCs_NPs_1-200_6_15hrs_2.tif
2021,,60,Data_MC/images/PE_RBCs_NPs_1-20_2_15hrs_2.tif
2022,,67,Data_MC/images/PS_RBCs_NPs_1-200_1_15hrs_1.tif
2023,,51,Data_MC/images/PS_RBCs_control_3_3hrs_3.tif
2024,,24,Data_MC/images/PE_RBCs_NPs_1-10_1_15hrs_4.tif
2025,,10,Data_MC/images/PE_RBCs_NPs_1-50_4_15hrs_3.tif
2026,,28,Data_MC/images/PS_RBCs_control_5_15hrs_2.tif
2027,,46,Data_MC/images/PS_RBCs_NPs_1-10_6_15hrs_4.tif
2028,,30,Data_MC/images/PP_RBCs_NPs_1-200_1_3hrs_3.tif
2029,,31,Data_MC/images/PE_RBCs_NPs_1-10_4_3hrs_3.tif
2030,,37,Data_MC/images/PS_RBCs_NPs_1-50_4_15hrs_3.tif
2031,,59,Data_MC/images/PS_RBCs_NPs_1-20_3_15hrs_3.tif
2032,,17,Data_MC/images/PS_RBCs_NPs_1-10_5_15hrs_4.tif
2033,,54,Data_MC/images/PP_RBCs_NPs_1-20_1_3hrs_1.tif
2034,,36,Data_MC/images/PP_RBCs_NPs_1-20_5_15hrs_1.tif
2035,,59,Data_MC/images/PE_RBCs_NPs_1-200_3_3hrs_4.tif
2036,,26,Data_MC/images/PE_RBCs_NPs_1-50_6_15hrs_1.tif
2037,,58,Data_MC/images/PE_RBCs_NPs_1-200_4_3hrs_4.tif
2038,,22,Data_MC/images/PE_RBCs_NPs_1-50_5_3hrs_3.tif
2039,,41,Data_MC/images/PP_RBCs_NPs_1-50_3_3hrs_1.tif
2040,,52,Data_MC/images/PS_RBCs_NPs_1-20_6_3hrs_1.tif
2041,,38,Data_MC/images/PP_RBCs_NPs_1-50_4_3hrs_4.tif
2042,,47,Data_MC/images/PE_RBCs_NPs_1-50_1_3hrs_1.tif
2043,Crenated,22,Data_MC/images/PS_RBCs_NPs_1-20_5_15hrs_4.tif
2044,,60,Data_MC/images/PE_RBCs_NPs_1-10_1_3hrs_4.tif
2045,,27,Data_MC/images/PP_RBCs_control_4_15hrs_3.tif
2046,,82,Data_MC/images/PE_RBCs_control_5_3hrs_2.tif
2047,,31,Data_MC/images/PS_RBCs_NPs_1-10_1_3hrs_1.tif
2048,,82,Data_MC/images/PP_RBCs_control_3_3hrs_2.tif
2049,,10,Data_MC/images/PE_RBCs_NPs_1-50_4_15hrs_4.tif
2050,Crenated,58,Data_MC/images/PP_RBCs_NPs_1-200_1_3hrs_4.tif
2051,,5,Data_MC/images/PP_RBCs_control_5_15hrs_2.tif
2052,,7,Data_MC/images/PE_RBCs_NPs_1-50_5_3hrs_3.tif
2053,,74,Data_MC/images/PP_RBCs_control_3_3hrs_4.tif
2054,,5,Data_MC/images/PE_RBCs_control_5_3hrs_2.tif
2055,,50,Data_MC/images/PE_RBCs_NPs_1-200_6_3hrs_1.tif
2056,,35,Data_MC/images/PS_RBCs_control_4_15hrs_1.tif
2057,,13,Data_MC/images/PE_RBCs_NPs_1-50_6_15hrs_4.tif
2058,,31,Data_MC/images/PP_RBCs_control_4_3hrs_1.tif
2059,,10,Data_MC/images/PP_RBCs_NPs_1-50_6_15hrs_1.tif
2060,,95,Data_MC/images/PP_RBCs_control_1_3hrs_3.tif
2061,,36,Data_MC/images/PS_RBCs_NPs_1-200_2_3hrs_3.tif
2062,,3,Data_MC/images/PE_RBCs_NPs_1-10_2_3hrs_3.tif
2063,,66,Data_MC/images/PS_RBCs_NPs_1-10_1_3hrs_1.tif
2064,,37,Data_MC/images/PP_RBCs_control_2_3hrs_4.tif
2065,,15,Data_MC/images/PE_RBCs_NPs_1-10_2_15hrs_2.tif
2066,,59,Data_MC/images/PS_RBCs_NPs_1-10_2_15hrs_4.tif
2067,,64,Data_MC/images/PE_RBCs_NPs_1-20_4_3hrs_4.tif
2068,,34,Data_MC/images/PS_RBCs_NPs_1-20_4_15hrs_4.tif
2069,,69,Data_MC/images/PE_RBCs_NPs_1-200_3_3hrs_2.tif
2070,,75,Data_MC/images/PP_RBCs_control_4_3hrs_4.tif
2071,,32,Data_MC/images/PS_RBCs_NPs_1-200_5_15hrs_1.tif
2072,,15,Data_MC/images/PE_RBCs_NPs_1-20_4_3hrs_2.tif
2073,,37,Data_MC/images/PP_RBCs_NPs_1-10_1_3hrs_2.tif
2074,,20,Data_MC/images/PP_RBCs_NPs_1-200_5_15hrs_2.tif
2075,,53,Data_MC/images/PS_RBCs_NPs_1-10_2_3hrs_1.tif
2076,,42,Data_MC/images/PE_RBCs_control_1_15hrs_1.tif
2077,,48,Data_MC/images/PP_RBCs_NPs_1-20_4_3hrs_2.tif
2078,,24,Data_MC/images/PS_RBCs_control_5_15hrs_3.tif
2079,,52,Data_MC/images/PS_RBCs_NPs_1-50_6_15hrs_3.tif
2080,,8,Data_MC/images/PP_RBCs_NPs_1-200_1_15hrs_1.tif
2081,,44,Data_MC/images/PP_RBCs_NPs_1-10_6_3hrs_1.tif
2082,,50,Data_MC/images/PS_RBCs_NPs_1-10_4_15hrs_2.tif
2083,,26,Data_MC/images/PP_RBCs_control_4_15hrs_4.tif
2084,,56,Data_MC/images/PP_RBCs_NPs_1-20_3_3hrs_3.tif
2085,Crenated,56,Data_MC/images/PE_RBCs_NPs_1-50_1_3hrs_1.tif
2086,,28,Data_MC/images/PS_RBCs_control_4_15hrs_3.tif
2087,,18,Data_MC/images/PP_RBCs_NPs_1-200_2_15hrs_4.tif
2088,,19,Data_MC/images/PS_RBCs_control_1_15hrs_3.tif
2089,,65,Data_MC/images/PS_RBCs_NPs_1-200_5_3hrs_2.tif
2090,,49,Data_MC/images/PE_RBCs_NPs_1-10_1_15hrs_4.tif
2091,,13,Data_MC/images/PP_RBCs_NPs_1-10_3_3hrs_2.tif
2092,,56,Data_MC/images/PE_RBCs_NPs_1-50_6_3hrs_4.tif
2093,,37,Data_MC/images/PP_RBCs_control_6_15hrs_3.tif
2094,,63,Data_MC/images/PE_RBCs_control_6_3hrs_2.tif
2095,,48,Data_MC/images/PS_RBCs_NPs_1-50_2_15hrs_2.tif
2096,,31,Data_MC/images/PS_RBCs_NPs_1-200_5_3hrs_2.tif
2097,,49,Data_MC/images/PE_RBCs_NPs_1-200_1_3hrs_2.tif
2098,,48,Data_MC/images/PS_RBCs_control_3_15hrs_4.tif
2099,,30,Data_MC/images/PE_RBCs_control_6_3hrs_4.tif
2100,,22,Data_MC/images/PP_RBCs_control_4_3hrs_2.tif
2101,,23,Data_MC/images/PP_RBCs_control_6_15hrs_4.tif
2102,Crenated,48,Data_MC/images/PS_RBCs_NPs_1-200_2_3hrs_4.tif
2103,,37,Data_MC/images/PE_RBCs_control_4_15hrs_2.tif
2104,,15,Data_MC/images/PE_RBCs_control_2_3hrs_1.tif
2105,,54,Data_MC/images/PS_RBCs_NPs_1-50_3_15hrs_2.tif
2106,,36,Data_MC/images/PE_RBCs_NPs_1-200_6_3hrs_4.tif
2107,,11,Data_MC/images/PP_RBCs_NPs_1-10_1_15hrs_1.tif
2108,,69,Data_MC/images/PE_RBCs_NPs_1-50_1_3hrs_1.tif
2109,,28,Data_MC/images/PE_RBCs_NPs_1-20_2_3hrs_2.tif
2110,,42,Data_MC/images/PS_RBCs_control_1_15hrs_1.tif
2111,,58,Data_MC/images/PS_RBCs_NPs_1-50_5_3hrs_2.tif
2112,,41,Data_MC/images/PE_RBCs_control_1_15hrs_4.tif
2113,,35,Data_MC/images/PP_RBCs_NPs_1-10_2_3hrs_4.tif
2114,,81,Data_MC/images/PS_RBCs_NPs_1-10_5_3hrs_1.tif
2115,,78,Data_MC/images/PP_RBCs_NPs_1-50_2_3hrs_2.tif
2116,,34,Data_MC/images/PS_RBCs_NPs_1-20_5_3hrs_1.tif
2117,,31,Data_MC/images/PE_RBCs_NPs_1-20_7_15hrs_4.tif
2118,,37,Data_MC/images/PS_RBCs_NPs_1-10_1_15hrs_4.tif
2119,,82,Data_MC/images/PP_RBCs_NPs_1-200_3_3hrs_1.tif
2120,,44,Data_MC/images/PE_RBCs_control_4_15hrs_3.tif
2121,,21,Data_MC/images/PP_RBCs_control_4_3hrs_1.tif
2122,Crenated,26,Data_MC/images/PS_RBCs_NPs_1-200_4_15hrs_3.tif
2123,,24,Data_MC/images/PE_RBCs_NPs_1-10_2_15hrs_2.tif
2124,,24,Data_MC/images/PS_RBCs_NPs_1-20_2_3hrs_4.tif
2125,,32,Data_MC/images/PE_RBCs_NPs_1-10_4_15hrs_1.tif
2126,,14,Data_MC/images/PP_RBCs_NPs_1-10_6_3hrs_1.tif
2127,,66,Data_MC/images/PE_RBCs_control_1_15hrs_1.tif
2128,,49,Data_MC/images/PP_RBCs_NPs_1-200_1_3hrs_1.tif
2129,,21,Data_MC/images/PP_RBCs_NPs_1-50_4_15hrs_2.tif
2130,,52,Data_MC/images/PS_RBCs_NPs_1-20_5_3hrs_3.tif
2131,,5,Data_MC/images/PP_RBCs_NPs_1-200_3_3hrs_4.tif
2132,,12,Data_MC/images/PS_RBCs_NPs_1-10_6_3hrs_3.tif
2133,,58,Data_MC/images/PP_RBCs_NPs_1-20_4_3hrs_1.tif
2134,,39,Data_MC/images/PS_RBCs_control_2_15hrs_2.tif
2135,,9,Data_MC/images/PE_RBCs_control_2_15hrs_3.tif
2136,,32,Data_MC/images/PS_RBCs_NPs_1-50_2_3hrs_4.tif
2137,,6,Data_MC/images/PE_RBCs_NPs_1-20_5_15hrs_3.tif
2138,,72,Data_MC/images/PP_RBCs_NPs_1-20_6_3hrs_2.tif
2139,,2,Data_MC/images/PP_RBCs_NPs_1-200_1_3hrs_4.tif
2140,,11,Data_MC/images/PS_RBCs_NPs_1-200_4_3hrs_2.tif
2141,,66,Data_MC/images/PP_RBCs_NPs_1-10_4_3hrs_3.tif
2142,,74,Data_MC/images/PS_RBCs_NPs_1-50_6_15hrs_4.tif
2143,,78,Data_MC/images/PP_RBCs_NPs_1-50_4_3hrs_4.tif
2144,,86,Data_MC/images/PP_RBCs_NPs_1-200_4_3hrs_2.tif
2145,,18,Data_MC/images/PP_RBCs_NPs_1-20_4_15hrs_3.tif
2146,,62,Data_MC/images/PS_RBCs_NPs_1-200_1_15hrs_4.tif
2147,,4,Data_MC/images/PP_RBCs_control_5_15hrs_1.tif
2148,Crenated,61,Data_MC/images/PP_RBCs_NPs_1-10_3_3hrs_2.tif
2149,,47,Data_MC/images/PE_RBCs_NPs_1-10_1_15hrs_4.tif
2150,,20,Data_MC/images/PP_RBCs_NPs_1-10_7_3hrs_1.tif
2151,,95,Data_MC/images/PE_RBCs_control_2_3hrs_2.tif
2152,,68,Data_MC/images/PP_RBCs_NPs_1-200_2_3hrs_4.tif
2153,,3,Data_MC/images/PE_RBCs_control_1_15hrs_4.tif
2154,,75,Data_MC/images/PP_RBCs_control_5_3hrs_1.tif
2155,,54,Data_MC/images/PE_RBCs_NPs_1-200_3_15hrs_1.tif
2156,,3,Data_MC/images/PP_RBCs_NPs_1-200_6_15hrs_1.tif
2157,,66,Data_MC/images/PE_RBCs_control_2_15hrs_2.tif
2158,,30,Data_MC/images/PS_RBCs_NPs_1-20_6_15hrs_3.tif
2159,,9,Data_MC/images/PS_RBCs_NPs_1-10_3_3hrs_1.tif
2160,,39,Data_MC/images/PE_RBCs_NPs_1-10_3_15hrs_3.tif
2161,,55,Data_MC/images/PP_RBCs_NPs_1-200_2_3hrs_2.tif
2162,,44,Data_MC/images/PE_RBCs_NPs_1-50_1_15hrs_4.tif
2163,,54,Data_MC/images/PE_RBCs_NPs_1-20_1_15hrs_3.tif
2164,,67,Data_MC/images/PS_RBCs_NPs_1-10_5_3hrs_1.tif
2165,,26,Data_MC/images/PP_RBCs_NPs_1-20_4_15hrs_3.tif
2166,,56,Data_MC/images/PS_RBCs_NPs_1-200_6_3hrs_2.tif
2167,,6,Data_MC/images/PP_RBCs_NPs_1-10_2_15hrs_4.tif
2168,,28,Data_MC/images/PS_RBCs_NPs_1-200_1_3hrs_4.tif
2169,,57,Data_MC/images/PS_RBCs_NPs_1-200_6_15hrs_2.tif
2170,,68,Data_MC/images/PP_RBCs_NPs_1-200_5_3hrs_3.tif
2171,,63,Data_MC/images/PP_RBCs_NPs_1-50_3_3hrs_2.tif
2172,,52,Data_MC/images/PE_RBCs_control_1_15hrs_2.tif
2173,,1,Data_MC/images/PP_RBCs_NPs_1-20_5_3hrs_2.tif
2174,,4,Data_MC/images/PP_RBCs_NPs_1-10_2_15hrs_2.tif
2175,,71,Data_MC/images/PP_RBCs_NPs_1-20_3_3hrs_4.tif
2176,Crenated,68,Data_MC/images/PP_RBCs_NPs_1-10_3_3hrs_1.tif
2177,,81,Data_MC/images/PE_RBCs_control_6_3hrs_4.tif
2178,,3,Data_MC/images/PS_RBCs_NPs_1-10_3_15hrs_2.tif
2179,,96,Data_MC/images/PS_RBCs_NPs_1-10_7_15hrs_2.tif
2180,,67,Data_MC/images/PS_RBCs_NPs_1-50_2_3hrs_3.tif
2181,,36,Data_MC/images/PP_RBCs_NPs_1-50_4_3hrs_3.tif
2182,,2,Data_MC/images/PS_RBCs_NPs_1-20_2_3hrs_1.tif
2183,,57,Data_MC/images/PP_RBCs_NPs_1-200_1_15hrs_4.tif
2184,,16,Data_MC/images/PS_RBCs_NPs_1-10_2_15hrs_4.tif
2185,,90,Data_MC/images/PP_RBCs_NPs_1-20_2_3hrs_3.tif
2186,,78,Data_MC/images/PE_RBCs_NPs_1-20_5_3hrs_1.tif
2187,,29,Data_MC/images/PE_RBCs_NPs_1-10_2_3hrs_3.tif
2188,,50,Data_MC/images/PE_RBCs_NPs_1-50_6_3hrs_3.tif
2189,,31,Data_MC/images/PE_RBCs_NPs_1-20_3_15hrs_2.tif
2190,,30,Data_MC/images/PP_RBCs_NPs_1-50_4_15hrs_2.tif
2191,Crenated,29,Data_MC/images/PE_RBCs_NPs_1-10_6_3hrs_3.tif
2192,,56,Data_MC/images/PE_RBCs_NPs_1-200_2_15hrs_1.tif
2193,,22,Data_MC/images/PE_RBCs_NPs_1-50_5_15hrs_4.tif
2194,,2,Data_MC/images/PE_RBCs_NPs_1-10_1_15hrs_2.tif
2195,,21,Data_MC/images/PS_RBCs_control_4_3hrs_2.tif
2196,,22,Data_MC/images/PE_RBCs_NPs_1-10_6_3hrs_1.tif
2197,,52,Data_MC/images/PE_RBCs_NPs_1-50_4_3hrs_1.tif
2198,,12,Data_MC/images/PE_RBCs_NPs_1-50_5_3hrs_2.tif
2199,,42,Data_MC/images/PS_RBCs_NPs_1-200_2_3hrs_2.tif
2200,,1,Data_MC/images/PP_RBCs_NPs_1-200_2_3hrs_4.tif
2201,,88,Data_MC/images/PP_RBCs_control_6_3hrs_2.tif
2202,,38,Data_MC/images/PP_RBCs_control_3_3hrs_2.tif
2203,,7,Data_MC/images/PS_RBCs_control_1_3hrs_4.tif
2204,,45,Data_MC/images/PP_RBCs_NPs_1-20_6_3hrs_4.tif
2205,,50,Data_MC/images/PP_RBCs_NPs_1-200_1_3hrs_1.tif
2206,,4,Data_MC/images/PS_RBCs_control_6_15hrs_3.tif
2207,Crenated,47,Data_MC/images/PS_RBCs_NPs_1-20_5_15hrs_3.tif
2208,,12,Data_MC/images/PE_RBCs_NPs_1-20_4_15hrs_4.tif
2209,,207,Data_MC/images/PS_RBCs_NPs_1-200_3_15hrs_1.tif
2210,,29,Data_MC/images/PP_RBCs_control_4_3hrs_2.tif
2211,,13,Data_MC/images/PS_RBCs_NPs_1-200_5_3hrs_3.tif
2212,,33,Data_MC/images/PP_RBCs_control_5_3hrs_2.tif
2213,,59,Data_MC/images/PS_RBCs_NPs_1-20_4_15hrs_4.tif
2214,,44,Data_MC/images/PP_RBCs_NPs_1-20_1_15hrs_1.tif
2215,,38,Data_MC/images/PS_RBCs_NPs_1-10_1_15hrs_1.tif
2216,,71,Data_MC/images/PE_RBCs_NPs_1-50_4_3hrs_1.tif
2217,,54,Data_MC/images/PE_RBCs_NPs_1-200_4_15hrs_4.tif
2218,,34,Data_MC/images/PS_RBCs_NPs_1-10_3_3hrs_1.tif
2219,,20,Data_MC/images/PP_RBCs_control_2_3hrs_4.tif
2220,,73,Data_MC/images/PS_RBCs_NPs_1-20_5_3hrs_1.tif
2221,,14,Data_MC/images/PE_RBCs_NPs_1-50_3_15hrs_3.tif
2222,,23,Data_MC/images/PS_RBCs_NPs_1-20_3_3hrs_4.tif
2223,,84,Data_MC/images/PP_RBCs_NPs_1-50_6_3hrs_2.tif
2224,,70,Data_MC/images/PE_RBCs_NPs_1-20_4_3hrs_4.tif
2225,,31,Data_MC/images/PE_RBCs_NPs_1-10_2_3hrs_4.tif
2226,,90,Data_MC/images/PP_RBCs_control_4_3hrs_1.tif
2227,,26,Data_MC/images/PP_RBCs_NPs_1-200_5_3hrs_3.tif
2228,,30,Data_MC/images/PE_RBCs_NPs_1-200_2_3hrs_2.tif
2229,,29,Data_MC/images/PS_RBCs_NPs_1-200_4_3hrs_4.tif
2230,,39,Data_MC/images/PE_RBCs_NPs_1-50_6_15hrs_1.tif
2231,,50,Data_MC/images/PE_RBCs_control_1_15hrs_3.tif
2232,,57,Data_MC/images/PS_RBCs_control_5_3hrs_2.tif
2233,,15,Data_MC/images/PP_RBCs_NPs_1-200_4_15hrs_1.tif
2234,,21,Data_MC/images/PS_RBCs_NPs_1-200_4_15hrs_2.tif
2235,,40,Data_MC/images/PP_RBCs_NPs_1-200_1_3hrs_4.tif
2236,,1,Data_MC/images/PE_RBCs_NPs_1-200_1_15hrs_3.tif
2237,,24,Data_MC/images/PE_RBCs_NPs_1-10_3_15hrs_1.tif
2238,,43,Data_MC/images/PS_RBCs_NPs_1-50_5_15hrs_4.tif
2239,,14,Data_MC/images/PE_RBCs_NPs_1-50_4_15hrs_4.tif
2240,,24,Data_MC/images/PS_RBCs_NPs_1-20_2_15hrs_4.tif
2241,,51,Data_MC/images/PE_RBCs_NPs_1-200_2_3hrs_2.tif
2242,,8,Data_MC/images/PS_RBCs_NPs_1-200_1_3hrs_1.tif
2243,,24,Data_MC/images/PP_RBCs_NPs_1-200_5_15hrs_1.tif
2244,,62,Data_MC/images/PP_RBCs_control_6_15hrs_4.tif
2245,,31,Data_MC/images/PE_RBCs_NPs_1-50_5_15hrs_3.tif
2246,,35,Data_MC/images/PS_RBCs_NPs_1-10_6_3hrs_3.tif
2247,,48,Data_MC/images/PS_RBCs_NPs_1-10_6_3hrs_4.tif
2248,,35,Data_MC/images/PE_RBCs_NPs_1-200_5_15hrs_2.tif
2249,,22,Data_MC/images/PS_RBCs_NPs_1-200_4_3hrs_1.tif
2250,,72,Data_MC/images/PP_RBCs_NPs_1-10_3_3hrs_3.tif
2251,,81,Data_MC/images/PS_RBCs_NPs_1-50_2_15hrs_2.tif
2252,,41,Data_MC/images/PS_RBCs_NPs_1-50_6_3hrs_1.tif
2253,,63,Data_MC/images/PP_RBCs_NPs_1-200_3_3hrs_1.tif
2254,,22,Data_MC/images/PE_RBCs_NPs_1-10_5_3hrs_2.tif
2255,,66,Data_MC/images/PP_RBCs_NPs_1-20_4_3hrs_1.tif
2256,,37,Data_MC/images/PP_RBCs_NPs_1-20_5_15hrs_2.tif
2257,,7,Data_MC/images/PS_RBCs_NPs_1-200_3_3hrs_4.tif
2258,Crenated,73,Data_MC/images/PE_RBCs_NPs_1-50_1_3hrs_4.tif
2259,,45,Data_MC/images/PP_RBCs_control_3_3hrs_2.tif
2260,,61,Data_MC/images/PE_RBCs_NPs_1-50_5_3hrs_2.tif
2261,,11,Data_MC/images/PE_RBCs_control_6_15hrs_1.tif
2262,,13,Data_MC/images/PS_RBCs_NPs_1-20_4_15hrs_2.tif
2263,,1,Data_MC/images/PS_RBCs_NPs_1-10_4_15hrs_2.tif
2264,,55,Data_MC/images/PS_RBCs_control_4_15hrs_3.tif
2265,,10,Data_MC/images/PS_RBCs_NPs_1-200_4_3hrs_3.tif
2266,,10,Data_MC/images/PP_RBCs_NPs_1-200_5_15hrs_2.tif
2267,,79,Data_MC/images/PP_RBCs_NPs_1-200_6_15hrs_2.tif
2268,,54,Data_MC/images/PE_RBCs_NPs_1-200_1_3hrs_2.tif
2269,,4,Data_MC/images/PP_RBCs_NPs_1-10_5_15hrs_2.tif
2270,,67,Data_MC/images/PP_RBCs_NPs_1-10_2_3hrs_4.tif
2271,,76,Data_MC/images/PP_RBCs_control_4_3hrs_4.tif
2272,,83,Data_MC/images/PS_RBCs_control_3_15hrs_3.tif
2273,,40,Data_MC/images/PP_RBCs_NPs_1-10_3_3hrs_4.tif
2274,,56,Data_MC/images/PS_RBCs_control_3_3hrs_4.tif
2275,,13,Data_MC/images/PE_RBCs_NPs_1-20_1_3hrs_4.tif
2276,,24,Data_MC/images/PS_RBCs_NPs_1-50_4_3hrs_1.tif
2277,,23,Data_MC/images/PP_RBCs_NPs_1-20_1_15hrs_2.tif
2278,,18,Data_MC/images/PP_RBCs_NPs_1-200_5_3hrs_1.tif
2279,,57,Data_MC/images/PS_RBCs_control_2_3hrs_4.tif
2280,,53,Data_MC/images/PP_RBCs_NPs_1-10_7_3hrs_3.tif
2281,,1,Data_MC/images/PP_RBCs_NPs_1-50_4_15hrs_4.tif
2282,,65,Data_MC/images/PE_RBCs_NPs_1-50_5_3hrs_1.tif
2283,,31,Data_MC/images/PS_RBCs_control_1_15hrs_4.tif
2284,,55,Data_MC/images/PS_RBCs_NPs_1-20_4_3hrs_1.tif
2285,,16,Data_MC/images/PS_RBCs_NPs_1-200_6_3hrs_2.tif
2286,,6,Data_MC/images/PE_RBCs_control_2_15hrs_4.tif
2287,,92,Data_MC/images/PP_RBCs_control_5_3hrs_1.tif
2288,,3,Data_MC/images/PS_RBCs_NPs_1-200_6_15hrs_4.tif
2289,,86,Data_MC/images/PE_RBCs_control_2_3hrs_2.tif
2290,,31,Data_MC/images/PP_RBCs_NPs_1-20_1_15hrs_2.tif
2291,,10,Data_MC/images/PE_RBCs_control_3_3hrs_4.tif
2292,,27,Data_MC/images/PE_RBCs_NPs_1-20_1_15hrs_1.tif
2293,,40,Data_MC/images/PE_RBCs_NPs_1-200_1_3hrs_3.tif
2294,,22,Data_MC/images/PP_RBCs_control_4_3hrs_4.tif
2295,,46,Data_MC/images/PE_RBCs_NPs_1-200_2_3hrs_1.tif
2296,,21,Data_MC/images/PE_RBCs_NPs_1-20_1_15hrs_3.tif
2297,,71,Data_MC/images/PS_RBCs_NPs_1-50_1_3hrs_4.tif
2298,,8,Data_MC/images/PE_RBCs_control_1_15hrs_4.tif
2299,,56,Data_MC/images/PE_RBCs_NPs_1-10_3_3hrs_2.tif
2300,,20,Data_MC/images/PP_RBCs_NPs_1-20_3_15hrs_2.tif
2301,,8,Data_MC/images/PE_RBCs_NPs_1-50_3_3hrs_2.tif
2302,,118,Data_MC/images/PP_RBCs_NPs_1-20_2_3hrs_3.tif
2303,,44,Data_MC/images/PP_RBCs_control_2_15hrs_1.tif
2304,,69,Data_MC/images/PE_RBCs_control_5_3hrs_1.tif
2305,,10,Data_MC/images/PE_RBCs_NPs_1-50_5_3hrs_3.tif
2306,,38,Data_MC/images/PS_RBCs_NPs_1-10_6_3hrs_1.tif
2307,Crenated,20,Data_MC/images/PE_RBCs_control_2_15hrs_4.tif
2308,,58,Data_MC/images/PE_RBCs_NPs_1-50_5_15hrs_1.tif
2309,,36,Data_MC/images/PS_RBCs_NPs_1-10_7_15hrs_4.tif
2310,,15,Data_MC/images/PE_RBCs_NPs_1-10_4_15hrs_1.tif
2311,,8,Data_MC/images/PE_RBCs_NPs_1-200_2_3hrs_2.tif
2312,,4,Data_MC/images/PS_RBCs_NPs_1-20_2_3hrs_2.tif
2313,,38,Data_MC/images/PS_RBCs_NPs_1-20_2_15hrs_2.tif
2314,,65,Data_MC/images/PE_RBCs_NPs_1-200_6_15hrs_4.tif
2315,,39,Data_MC/images/PP_RBCs_NPs_1-200_3_15hrs_1.tif
2316,,81,Data_MC/images/PP_RBCs_NPs_1-20_1_3hrs_2.tif
2317,,28,Data_MC/images/PP_RBCs_NPs_1-50_6_3hrs_1.tif
2318,,101,Data_MC/images/PE_RBCs_control_4_3hrs_2.tif
2319,,12,Data_MC/images/PE_RBCs_NPs_1-20_2_3hrs_3.tif
2320,,37,Data_MC/images/PE_RBCs_NPs_1-50_1_15hrs_3.tif
2321,,8,Data_MC/images/PS_RBCs_control_1_15hrs_2.tif
2322,,6,Data_MC/images/PS_RBCs_NPs_1-20_6_3hrs_1.tif
2323,,40,Data_MC/images/PP_RBCs_NPs_1-20_6_3hrs_2.tif
2324,,27,Data_MC/images/PP_RBCs_NPs_1-50_6_3hrs_4.tif
2325,,9,Data_MC/images/PP_RBCs_NPs_1-10_7_3hrs_3.tif
2326,,43,Data_MC/images/PP_RBCs_NPs_1-20_4_15hrs_2.tif
2327,,6,Data_MC/images/PP_RBCs_NPs_1-10_2_3hrs_1.tif
2328,,69,Data_MC/images/PP_RBCs_NPs_1-200_6_3hrs_4.tif
2329,,65,Data_MC/images/PE_RBCs_NPs_1-200_2_15hrs_1.tif
2330,,51,Data_MC/images/PP_RBCs_NPs_1-50_5_15hrs_3.tif
2331,,13,Data_MC/images/PE_RBCs_NPs_1-10_3_15hrs_1.tif
2332,,15,Data_MC/images/PS_RBCs_NPs_1-20_4_3hrs_3.tif
2333,,33,Data_MC/images/PS_RBCs_control_1_15hrs_3.tif
2334,,42,Data_MC/images/PE_RBCs_NPs_1-10_5_3hrs_3.tif
2335,,62,Data_MC/images/PE_RBCs_NPs_1-200_2_15hrs_1.tif
2336,,65,Data_MC/images/PS_RBCs_NPs_1-20_1_3hrs_3.tif
2337,,56,Data_MC/images/PE_RBCs_control_4_15hrs_3.tif
2338,,48,Data_MC/images/PS_RBCs_NPs_1-10_2_15hrs_2.tif
2339,,34,Data_MC/images/PE_RBCs_NPs_1-200_6_15hrs_4.tif
2340,,34,Data_MC/images/PS_RBCs_NPs_1-200_1_3hrs_4.tif
2341,,11,Data_MC/images/PP_RBCs_NPs_1-50_1_15hrs_3.tif
2342,,11,Data_MC/images/PS_RBCs_NPs_1-200_1_3hrs_3.tif
2343,,34,Data_MC/images/PS_RBCs_control_6_15hrs_2.tif
2344,,85,Data_MC/images/PE_RBCs_NPs_1-20_1_3hrs_3.tif
2345,Crenated,85,Data_MC/images/PP_RBCs_NPs_1-10_4_3hrs_4.tif
2346,,34,Data_MC/images/PE_RBCs_NPs_1-20_6_3hrs_4.tif
2347,,44,Data_MC/images/PS_RBCs_control_4_15hrs_2.tif
2348,,31,Data_MC/images/PP_RBCs_NPs_1-200_1_15hrs_1.tif
2349,,53,Data_MC/images/PE_RBCs_NPs_1-200_1_3hrs_1.tif
2350,,63,Data_MC/images/PP_RBCs_NPs_1-200_4_3hrs_1.tif
2351,,54,Data_MC/images/PS_RBCs_NPs_1-200_1_15hrs_4.tif
2352,,8,Data_MC/images/PE_RBCs_NPs_1-50_4_15hrs_1.tif
2353,,37,Data_MC/images/PS_RBCs_NPs_1-200_1_3hrs_4.tif
2354,,39,Data_MC/images/PS_RBCs_NPs_1-20_4_15hrs_3.tif
2355,,94,Data_MC/images/PP_RBCs_NPs_1-20_2_3hrs_2.tif
2356,,15,Data_MC/images/PE_RBCs_control_6_3hrs_4.tif
2357,,76,Data_MC/images/PE_RBCs_NPs_1-20_1_3hrs_4.tif
2358,,31,Data_MC/images/PE_RBCs_NPs_1-10_6_15hrs_1.tif
2359,,33,Data_MC/images/PE_RBCs_NPs_1-50_3_15hrs_4.tif
2360,,70,Data_MC/images/PS_RBCs_NPs_1-20_5_3hrs_4.tif
2361,,12,Data_MC/images/PE_RBCs_NPs_1-20_3_15hrs_3.tif
2362,,41,Data_MC/images/PE_RBCs_NPs_1-200_1_15hrs_2.tif
2363,,5,Data_MC/images/PE_RBCs_NPs_1-20_1_3hrs_2.tif
2364,,27,Data_MC/images/PS_RBCs_NPs_1-10_6_15hrs_1.tif
2365,,46,Data_MC/images/PS_RBCs_NPs_1-20_1_15hrs_1.tif
2366,,48,Data_MC/images/PP_RBCs_NPs_1-10_6_3hrs_3.tif
2367,,73,Data_MC/images/PE_RBCs_NPs_1-50_6_3hrs_1.tif
2368,,13,Data_MC/images/PP_RBCs_NPs_1-10_5_3hrs_3.tif
2369,,64,Data_MC/images/PE_RBCs_NPs_1-20_2_3hrs_1.tif
2370,,40,Data_MC/images/PP_RBCs_NPs_1-20_3_15hrs_4.tif
2371,,10,Data_MC/images/PP_RBCs_NPs_1-50_3_3hrs_1.tif
2372,,46,Data_MC/images/PS_RBCs_NPs_1-200_5_3hrs_3.tif
2373,,17,Data_MC/images/PP_RBCs_control_3_3hrs_3.tif
2374,,54,Data_MC/images/PP_RBCs_NPs_1-50_2_15hrs_1.tif
2375,,27,Data_MC/images/PP_RBCs_NPs_1-10_7_3hrs_2.tif
2376,,20,Data_MC/images/PP_RBCs_NPs_1-50_1_3hrs_1.tif
2377,,28,Data_MC/images/PP_RBCs_NPs_1-10_4_15hrs_1.tif
2378,,25,Data_MC/images/PS_RBCs_NPs_1-10_2_3hrs_1.tif
2379,,7,Data_MC/images/PP_RBCs_NPs_1-50_4_15hrs_4.tif
2380,,12,Data_MC/images/PE_RBCs_NPs_1-20_1_3hrs_1.tif
2381,,2,Data_MC/images/PP_RBCs_NPs_1-20_3_15hrs_1.tif
2382,,26,Data_MC/images/PP_RBCs_NPs_1-10_4_15hrs_3.tif
2383,,32,Data_MC/images/PS_RBCs_NPs_1-50_1_15hrs_2.tif
2384,,34,Data_MC/images/PP_RBCs_control_2_15hrs_1.tif
2385,,35,Data_MC/images/PP_RBCs_control_3_3hrs_1.tif
2386,,4,Data_MC/images/PE_RBCs_NPs_1-20_2_15hrs_1.tif
2387,,93,Data_MC/images/PP_RBCs_NPs_1-20_3_15hrs_1.tif
2388,,15,Data_MC/images/PP_RBCs_NPs_1-10_6_3hrs_4.tif
2389,,26,Data_MC/images/PE_RBCs_NPs_1-200_1_3hrs_1.tif
2390,,31,Data_MC/images/PE_RBCs_NPs_1-50_5_3hrs_1.tif
2391,,61,Data_MC/images/PS_RBCs_NPs_1-20_1_3hrs_1.tif
2392,,66,Data_MC/images/PP_RBCs_control_6_3hrs_4.tif
2393,,12,Data_MC/images/PS_RBCs_control_6_15hrs_3.tif
2394,,44,Data_MC/images/PS_RBCs_NPs_1-200_4_3hrs_4.tif
2395,,25,Data_MC/images/PP_RBCs_NPs_1-20_5_3hrs_4.tif
2396,,59,Data_MC/images/PS_RBCs_NPs_1-200_5_3hrs_1.tif
2397,,31,Data_MC/images/PS_RBCs_NPs_1-20_3_3hrs_3.tif
2398,,62,Data_MC/images/PS_RBCs_NPs_1-20_4_3hrs_1.tif
2399,,21,Data_MC/images/PS_RBCs_control_6_15hrs_2.tif
2400,,40,Data_MC/images/PP_RBCs_NPs_1-50_6_15hrs_3.tif
2401,,70,Data_MC/images/PE_RBCs_NPs_1-50_3_3hrs_1.tif
2402,,27,Data_MC/images/PS_RBCs_NPs_1-200_5_3hrs_2.tif
2403,,7,Data_MC/images/PE_RBCs_NPs_1-10_3_15hrs_3.tif
2404,,35,Data_MC/images/PP_RBCs_NPs_1-50_3_15hrs_2.tif
2405,,7,Data_MC/images/PP_RBCs_control_5_3hrs_2.tif
2406,,50,Data_MC/images/PP_RBCs_NPs_1-50_3_15hrs_4.tif
2407,,39,Data_MC/images/PS_RBCs_NPs_1-20_4_3hrs_1.tif
2408,,20,Data_MC/images/PS_RBCs_NPs_1-200_6_3hrs_2.tif
2409,,83,Data_MC/images/PP_RBCs_control_6_3hrs_3.tif
2410,,58,Data_MC/images/PS_RBCs_NPs_1-20_2_15hrs_1.tif
2411,,58,Data_MC/images/PP_RBCs_NPs_1-20_2_3hrs_1.tif
2412,,72,Data_MC/images/PP_RBCs_control_3_15hrs_1.tif
2413,,26,Data_MC/images/PS_RBCs_control_6_15hrs_3.tif
2414,,18,Data_MC/images/PP_RBCs_NPs_1-50_5_15hrs_4.tif
2415,,24,Data_MC/images/PP_RBCs_NPs_1-20_2_3hrs_4.tif
2416,,1,Data_MC/images/PP_RBCs_NPs_1-200_3_15hrs_4.tif
2417,,17,Data_MC/images/PE_RBCs_NPs_1-200_5_3hrs_4.tif
2418,,15,Data_MC/images/PP_RBCs_NPs_1-20_3_3hrs_4.tif
2419,,21,Data_MC/images/PP_RBCs_NPs_1-20_3_3hrs_2.tif
2420,,19,Data_MC/images/PE_RBCs_NPs_1-200_4_15hrs_2.tif
2421,,18,Data_MC/images/PS_RBCs_NPs_1-200_4_3hrs_1.tif
2422,,74,Data_MC/images/PP_RBCs_control_1_15hrs_3.tif
2423,,35,Data_MC/images/PP_RBCs_control_5_15hrs_3.tif
2424,,44,Data_MC/images/PS_RBCs_NPs_1-20_3_15hrs_3.tif
2425,,37,Data_MC/images/PS_RBCs_control_5_15hrs_3.tif
2426,,6,Data_MC/images/PP_RBCs_control_5_15hrs_4.tif
2427,,21,Data_MC/images/PP_RBCs_control_6_15hrs_3.tif
2428,,33,Data_MC/images/PE_RBCs_NPs_1-10_3_15hrs_2.tif
2429,,73,Data_MC/images/PE_RBCs_NPs_1-20_1_3hrs_3.tif
2430,,19,Data_MC/images/PP_RBCs_NPs_1-200_5_15hrs_3.tif
2431,,36,Data_MC/images/PS_RBCs_NPs_1-10_3_15hrs_4.tif
2432,,38,Data_MC/images/PE_RBCs_control_5_15hrs_3.tif
2433,,21,Data_MC/images/PP_RBCs_NPs_1-20_2_15hrs_3.tif
2434,,57,Data_MC/images/PE_RBCs_NPs_1-20_6_3hrs_1.tif
2435,,4,Data_MC/images/PP_RBCs_NPs_1-200_6_15hrs_2.tif
2436,,8,Data_MC/images/PE_RBCs_NPs_1-20_2_3hrs_4.tif
2437,,26,Data_MC/images/PS_RBCs_NPs_1-50_6_15hrs_3.tif
2438,,44,Data_MC/images/PP_RBCs_NPs_1-20_4_3hrs_3.tif
2439,,50,Data_MC/images/PP_RBCs_control_5_3hrs_1.tif
2440,,58,Data_MC/images/PP_RBCs_NPs_1-50_3_3hrs_1.tif
2441,,34,Data_MC/images/PE_RBCs_NPs_1-200_4_15hrs_4.tif
2442,,21,Data_MC/images/PS_RBCs_NPs_1-50_3_15hrs_2.tif
2443,,48,Data_MC/images/PE_RBCs_NPs_1-200_5_3hrs_4.tif
2444,,10,Data_MC/images/PS_RBCs_NPs_1-50_2_15hrs_3.tif
2445,,55,Data_MC/images/PP_RBCs_NPs_1-50_4_3hrs_3.tif
2446,,25,Data_MC/images/PE_RBCs_NPs_1-10_6_15hrs_4.tif
2447,,60,Data_MC/images/PS_RBCs_NPs_1-20_5_3hrs_3.tif
2448,,12,Data_MC/images/PE_RBCs_NPs_1-10_1_15hrs_2.tif
2449,,45,Data_MC/images/PS_RBCs_NPs_1-200_2_15hrs_2.tif
2450,,15,Data_MC/images/PS_RBCs_NPs_1-20_3_15hrs_3.tif
2451,,38,Data_MC/images/PP_RBCs_NPs_1-200_5_15hrs_4.tif
2452,,5,Data_MC/images/PP_RBCs_NPs_1-10_5_15hrs_1.tif
2453,,64,Data_MC/images/PP_RBCs_NPs_1-200_2_15hrs_1.tif
2454,,54,Data_MC/images/PS_RBCs_NPs_1-200_3_3hrs_1.tif
2455,,10,Data_MC/images/PS_RBCs_NPs_1-50_5_15hrs_4.tif
2456,,24,Data_MC/images/PE_RBCs_NPs_1-200_6_3hrs_4.tif
2457,,21,Data_MC/images/PE_RBCs_NPs_1-20_1_3hrs_3.tif
2458,,82,Data_MC/images/PS_RBCs_NPs_1-10_2_3hrs_4.tif
2459,,38,Data_MC/images/PE_RBCs_NPs_1-20_5_3hrs_2.tif
2460,,30,Data_MC/images/PP_RBCs_NPs_1-10_5_3hrs_1.tif
2461,,64,Data_MC/images/PE_RBCs_NPs_1-50_3_15hrs_1.tif
2462,,5,Data_MC/images/PS_RBCs_NPs_1-20_1_15hrs_1.tif
2463,,41,Data_MC/images/PE_RBCs_control_3_3hrs_3.tif
2464,,43,Data_MC/images/PP_RBCs_NPs_1-200_5_3hrs_2.tif
2465,,16,Data_MC/images/PE_RBCs_NPs_1-20_5_15hrs_3.tif
2466,,14,Data_MC/images/PS_RBCs_NPs_1-10_1_3hrs_1.tif
2467,,82,Data_MC/images/PE_RBCs_control_3_3hrs_3.tif
2468,,7,Data_MC/images/PS_RBCs_NPs_1-10_2_15hrs_1.tif
2469,,59,Data_MC/images/PP_RBCs_NPs_1-20_6_3hrs_3.tif
2470,,85,Data_MC/images/PE_RBCs_control_3_3hrs_4.tif
2471,,24,Data_MC/images/PS_RBCs_control_3_15hrs_2.tif
2472,,22,Data_MC/images/PE_RBCs_NPs_1-20_6_15hrs_4.tif
2473,,116,Data_MC/images/PS_RBCs_NPs_1-50_4_15hrs_1.tif
2474,,39,Data_MC/images/PS_RBCs_NPs_1-200_4_15hrs_3.tif
2475,,36,Data_MC/images/PE_RBCs_control_1_15hrs_4.tif
2476,,40,Data_MC/images/PS_RBCs_NPs_1-20_5_3hrs_4.tif
2477,,19,Data_MC/images/PP_RBCs_NPs_1-20_4_3hrs_2.tif
2478,,51,Data_MC/images/PS_RBCs_NPs_1-10_4_15hrs_2.tif
2479,,21,Data_MC/images/PE_RBCs_control_5_3hrs_3.tif
2480,,16,Data_MC/images/PE_RBCs_NPs_1-200_2_15hrs_2.tif
2481,,33,Data_MC/images/PE_RBCs_NPs_1-200_1_3hrs_1.tif
2482,,43,Data_MC/images/PS_RBCs_NPs_1-200_5_15hrs_4.tif
2483,,24,Data_MC/images/PE_RBCs_NPs_1-50_2_3hrs_1.tif
2484,,77,Data_MC/images/PE_RBCs_control_1_3hrs_1.tif
2485,,55,Data_MC/images/PS_RBCs_NPs_1-20_6_3hrs_4.tif
2486,,8,Data_MC/images/PE_RBCs_NPs_1-50_2_15hrs_1.tif
2487,,59,Data_MC/images/PP_RBCs_NPs_1-20_5_3hrs_1.tif
2488,,48,Data_MC/images/PS_RBCs_NPs_1-200_3_3hrs_2.tif
2489,,21,Data_MC/images/PP_RBCs_NPs_1-200_3_15hrs_2.tif
2490,,1,Data_MC/images/PS_RBCs_NPs_1-200_2_3hrs_1.tif
2491,,60,Data_MC/images/PS_RBCs_NPs_1-10_5_3hrs_2.tif
2492,,2,Data_MC/images/PS_RBCs_NPs_1-50_5_3hrs_3.tif
2493,,39,Data_MC/images/PE_RBCs_control_6_15hrs_1.tif
2494,,8,Data_MC/images/PS_RBCs_NPs_1-10_5_3hrs_2.tif
2495,,51,Data_MC/images/PE_RBCs_NPs_1-20_4_3hrs_3.tif
2496,,39,Data_MC/images/PE_RBCs_NPs_1-10_3_3hrs_4.tif
2497,,54,Data_MC/images/PP_RBCs_NPs_1-50_3_15hrs_4.tif
2498,,28,Data_MC/images/PP_RBCs_NPs_1-200_5_3hrs_2.tif
2499,,70,Data_MC/images/PP_RBCs_NPs_1-200_3_3hrs_4.tif
2500,,15,Data_MC/images/PE_RBCs_NPs_1-20_4_3hrs_3.tif