image,cell_id,label,ml_prediction,ml_confidence,final_decision,review_flag,review_reason,crenation_score,texture_score,prob_Crenated,prob_Dead,prob_Healthy,prob_Stressed
Data_for_model/images/Control1_15_hrs_PE_2.tif,2,,Healthy,0.9,Healthy,True,healthy_but_irregular_or_textured; ,0.0194474466643364,0.9648205580911852,0.023333333333333334,0.006666666666666667,0.9,0.07
Data_for_model/images/Control1_15_hrs_PE_2.tif,3,,Healthy,0.5933333333333334,Healthy,True,low_confidence; ,0.048264867734229444,0.8003177588866808,0.09333333333333334,0.02,0.5933333333333334,0.29333333333333333
Data_for_model/images/Control1_15_hrs_PE_2.tif,4,,Healthy,0.9,Healthy,True,healthy_but_irregular_or_textured; ,0.0387753759691829,0.9676290865373378,0.023333333333333334,0.01,0.9,0.06666666666666667
Data_for_model/images/Control1_15_hrs_PE_2.tif,5,,Healthy,0.9766666666666667,Healthy,True,healthy_but_irregular_or_textured; ,-0.005408099473989236,1.0483586609521405,0.006666666666666667,0.01,0.9766666666666667,0.006666666666666667
Data_for_model/images/Control1_15_hrs_PE_2.tif,6,,Healthy,0.7933333333333333,Healthy,True,healthy_but_irregular_or_textured; ,0.06451433413927465,0.9332118286211496,0.07,0.02666666666666667,0.7933333333333333,0.11
Data_for_model/images/Control1_15_hrs_PE_2.tif,7,,Healthy,0.93,Healthy,True,healthy_but_irregular_or_textured; ,-0.021359507078455575,1.0817276357825472,0.02,0.013333333333333334,0.93,0.03666666666666667
Data_for_model/images/Control1_15_hrs_PE_2.tif,8,Healthy,Healthy,0.8533333333333334,Healthy,False,,0.0036088572109076456,0.7336098103211319,0.07333333333333333,0.07,0.8533333333333334,0.0033333333333333335
Data_for_model/images/Control1_15_hrs_PE_2.tif,9,Healthy,Healthy,0.9633333333333334,Healthy,False,,0.015769122760630472,0.938322426111574,0.006666666666666667,0.02,0.9633333333333334,0.01
Data_for_model/images/Control1_15_hrs_PE_2.tif,10,,Healthy,0.9766666666666667,Healthy,False,,0.03310437279097678,0.9398606938072736,0.0,0.0,0.9766666666666667,0.023333333333333334
Data_for_model/images/Control1_15_hrs_PE_2.tif,11,Healthy,Healthy,1.0,Healthy,False,,0.03504385784966191,0.8930149281041261,0.0,0.0,1.0,0.0
Data_for_model/images/Control1_15_hrs_PE_2.tif,13,Healthy,Healthy,0.9833333333333333,Healthy,True,healthy_but_irregular_or_textured; ,0.013374548926917806,0.987418922407291,0.0033333333333333335,0.006666666666666667,0.9833333333333333,0.006666666666666667
Data_for_model/images/Control1_15_hrs_PE_2.tif,14,,Healthy,0.8133333333333334,Healthy,True,healthy_but_irregular_or_textured; ,0.045763965636951176,1.0795510253733986,0.04,0.013333333333333334,0.8133333333333334,0.13333333333333333
Data_for_model/images/Control1_15_hrs_PE_2.tif,15,,Healthy,0.9266666666666666,Healthy,False,,0.031072454336078303,0.842008911143893,0.013333333333333334,0.056666666666666664,0.9266666666666666,0.0033333333333333335
Data_for_model/images/Control1_15_hrs_PE_2.tif,16,Healthy,Healthy,0.9533333333333334,Healthy,True,healthy_but_irregular_or_textured; ,0.06237613628769911,0.9037318454401048,0.013333333333333334,0.01,0.9533333333333334,0.023333333333333334
Data_for_model/images/Control1_15_hrs_PE_2.tif,17,,Healthy,0.99,Healthy,False,,-0.011890637996745834,0.9158335864290648,0.0033333333333333335,0.006666666666666667,0.99,0.0
Data_for_model/images/Control1_15_hrs_PE_2.tif,18,,Healthy,0.86,Healthy,True,healthy_but_irregular_or_textured; ,-0.006990472333824105,1.0664893500202202,0.08333333333333333,0.023333333333333334,0.86,0.03333333333333333
Data_for_model/images/Control1_15_hrs_PE_2.tif,19,,Healthy,0.9033333333333333,Healthy,True,healthy_but_irregular_or_textured; ,0.08616173684245465,1.0145432136378647,0.02,0.04,0.9033333333333333,0.03666666666666667
Data_for_model/images/Control1_15_hrs_PE_2.tif,20,,Healthy,0.7433333333333333,Healthy,False,,-0.012016908065045184,0.7807232421387289,0.09,0.13666666666666666,0.7433333333333333,0.03
Data_for_model/images/Control1_15_hrs_PE_2.tif,22,,Healthy,0.9433333333333334,Healthy,False,,0.0083479913157124,0.9273333775026956,0.01,0.043333333333333335,0.9433333333333334,0.0033333333333333335
Data_for_model/images/Control1_15_hrs_PE_2.tif,24,Healthy,Healthy,1.0,Healthy,True,healthy_but_irregular_or_textured; ,0.02965861839355266,0.9924145512275055,0.0,0.0,1.0,0.0
Data_for_model/images/Control1_15_hrs_PE_2.tif,26,,Healthy,0.64,Healthy,True,healthy_but_irregular_or_textured; ,0.09200561974505139,0.8057891941525223,0.14,0.07,0.64,0.15
Data_for_model/images/Control1_15_hrs_PE_2.tif,27,,Healthy,0.9866666666666667,Healthy,True,healthy_but_irregular_or_textured; ,0.02351153294035513,1.0254296848103144,0.0033333333333333335,0.006666666666666667,0.9866666666666667,0.0033333333333333335
Data_for_model/images/Control1_15_hrs_PE_2.tif,28,,Healthy,0.8366666666666667,Healthy,True,healthy_but_irregular_or_textured; ,0.021425080202079227,1.0978107778496042,0.03333333333333333,0.01,0.8366666666666667,0.12
Data_for_model/images/Control1_15_hrs_PE_2.tif,29,,Healthy,0.8133333333333334,Healthy,True,healthy_but_irregular_or_textured; ,0.06324435084323643,0.9103807718214184,0.04,0.0,0.8133333333333334,0.14666666666666667
Data_for_model/images/Control1_15_hrs_PE_2.tif,30,,Healthy,0.7333333333333333,Healthy,True,healthy_but_irregular_or_textured; ,0.074123830172944,0.9761282202801104,0.05333333333333334,0.013333333333333334,0.7333333333333333,0.2
Data_for_model/images/Control1_15_hrs_PE_2.tif,31,Healthy,Healthy,0.9966666666666667,Healthy,True,healthy_but_irregular_or_textured; ,0.04995644863607385,0.966415996907502,0.0,0.0,0.9966666666666667,0.0033333333333333335
Data_for_model/images/Control1_15_hrs_PE_2.tif,32,,Healthy,0.98,Healthy,False,,0.021099567800084817,0.82283944124001,0.01,0.006666666666666667,0.98,0.0033333333333333335
Data_for_model/images/Control1_15_hrs_PE_2.tif,33,,Healthy,0.9566666666666667,Healthy,False,,0.04277319448785788,0.8453329678013847,0.0,0.013333333333333334,0.9566666666666667,0.03
Data_for_model/images/Control1_15_hrs_PE_2.tif,34,,Healthy,0.6966666666666667,Healthy,False,,0.019137698544483994,0.9185057520058938,0.06333333333333334,0.0,0.6966666666666667,0.24
Data_for_model/images/Control1_15_hrs_PE_2.tif,35,,Healthy,0.98,Healthy,False,,0.005143411862021274,0.846954858052748,0.0033333333333333335,0.0033333333333333335,0.98,0.013333333333333334
Data_for_model/images/Control1_15_hrs_PE_2.tif,36,,Healthy,0.69,Healthy,True,healthy_but_irregular_or_textured; ,0.006569869294507535,1.0622028336029758,0.016666666666666666,0.12666666666666668,0.69,0.16666666666666666
Data_for_model/images/Control1_15_hrs_PE_2.tif,37,,Healthy,0.99,Healthy,True,healthy_but_irregular_or_textured; ,-0.019542694366457503,0.9792121077652328,0.0033333333333333335,0.0,0.99,0.006666666666666667
Data_for_model/images/Control1_15_hrs_PE_2.tif,38,,Healthy,0.93,Healthy,False,,0.011418305875005696,0.8761528334718166,0.0033333333333333335,0.056666666666666664,0.93,0.01
Data_for_model/images/Control1_15_hrs_PE_2.tif,39,,Healthy,0.99,Healthy,True,healthy_but_irregular_or_textured; ,0.07864667468831577,1.0041656114520574,0.0033333333333333335,0.0033333333333333335,0.99,0.0033333333333333335
Data_for_model/images/Control1_15_hrs_PE_2.tif,40,Healthy,Healthy,0.9833333333333333,Healthy,False,,0.014728570895900961,0.910753649355307,0.0033333333333333335,0.01,0.9833333333333333,0.0033333333333333335
Data_for_model/images/Control1_15_hrs_PE_2.tif,41,,Healthy,0.53,Healthy,True,low_confidence; ,0.009170912223335548,0.7860822666150484,0.16666666666666666,0.0,0.53,0.30333333333333334
Data_for_model/images/Control1_15_hrs_PE_2.tif,42,,Healthy,0.95,Healthy,False,,0.014504856599639737,0.8187857128030144,0.0033333333333333335,0.03,0.95,0.016666666666666666
Data_for_model/images/Control1_15_hrs_PE_2.tif,43,,Dead,0.9933333333333333,Dead,False,,0.10467429536687622,0.656456298154867,0.0,0.9933333333333333,0.006666666666666667,0.0
Data_for_model/images/Control1_15_hrs_PE_2.tif,45,,Healthy,0.9933333333333333,Healthy,True,healthy_but_irregular_or_textured; ,0.042442146288775295,0.9978308437044374,0.0,0.0,0.9933333333333333,0.006666666666666667
Data_for_model/images/Control1_15_hrs_PE_2.tif,46,,Healthy,0.7966666666666666,Healthy,True,healthy_but_irregular_or_textured; ,0.04301399448175991,1.004159091111723,0.03,0.016666666666666666,0.7966666666666666,0.15666666666666668
Data_for_model/images/Control1_15_hrs_PE_2.tif,47,Dead,Dead,0.93,Dead,False,,0.15970388008447378,0.5865038694056522,0.016666666666666666,0.93,0.02666666666666667,0.02666666666666667
Data_for_model/images/Control1_15_hrs_PE_2.tif,49,Dead,Dead,0.9733333333333334,Dead,False,,0.10608054188459326,0.5684006334392034,0.0,0.9733333333333334,0.02666666666666667,0.0
Data_for_model/images/Control1_15_hrs_PE_2.tif,50,,Dead,0.8933333333333333,Dead,False,,0.05040667635359797,0.4993793469852508,0.0033333333333333335,0.8933333333333333,0.10333333333333333,0.0
Data_for_model/images/Control1_15_hrs_PE_2.tif,51,Dead,Dead,0.9366666666666666,Dead,False,,0.0890412829012236,0.6290945818691352,0.0,0.9366666666666666,0.06333333333333334,0.0
Data_for_model/images/Control1_15_hrs_PE_2.tif,53,,Dead,0.9566666666666667,Dead,False,,0.11150749607288069,0.5903038807685408,0.0,0.9566666666666667,0.043333333333333335,0.0
Data_for_model/images/Control1_15_hrs_PE_2.tif,54,,Dead,0.9933333333333333,Dead,False,,0.29600794106099126,0.6729238218027502,0.0,0.9933333333333333,0.006666666666666667,0.0
Data_for_model/images/Control1_15_hrs_PE_2.tif,55,,Dead,0.94,Dead,False,,0.03567237898525333,0.5624074478403412,0.0033333333333333335,0.94,0.056666666666666664,0.0
Data_for_model/images/Control1_15_hrs_PE_2.tif,58,,Dead,0.8566666666666667,Dead,False,,0.06132652089629653,0.632897797425151,0.0033333333333333335,0.8566666666666667,0.14,0.0
Data_for_model/images/Control1_15_hrs_PE_2.tif,59,,Dead,0.9833333333333333,Dead,False,,0.10477379593767522,0.4881114808274469,0.0033333333333333335,0.9833333333333333,0.01,0.0033333333333333335
Data_for_model/images/Control1_15_hrs_PE_2.tif,64,,Dead,0.9933333333333333,Dead,False,,0.22793347654612384,0.4342967795162165,0.0,0.9933333333333333,0.006666666666666667,0.0
Data_for_model/images/Control1_15_hrs_PE_3.tif,2,,Healthy,0.9766666666666667,Healthy,False,,0.03397039227976184,0.8241578446968606,0.0,0.0033333333333333335,0.9766666666666667,0.02
Data_for_model/images/Control1_15_hrs_PE_3.tif,3,,Healthy,0.9633333333333334,Healthy,True,healthy_but_irregular_or_textured; ,0.005829213576031278,1.0320095119940218,0.006666666666666667,0.0,0.9633333333333334,0.03
Data_for_model/images/Control1_15_hrs_PE_3.tif,4,Healthy,Healthy,1.0,Healthy,True,healthy_but_irregular_or_textured; ,0.015554360044707671,1.0217735968951618,0.0,0.0,1.0,0.0
Data_for_model/images/Control1_15_hrs_PE_3.tif,5,Healthy,Healthy,0.86,Healthy,True,healthy_but_irregular_or_textured; ,0.03111418988233483,1.0400429791637318,0.0033333333333333335,0.13666666666666666,0.86,0.0
Data_for_model/images/Control1_15_hrs_PE_3.tif,6,,Healthy,0.9666666666666667,Healthy,True,healthy_but_irregular_or_textured; ,0.044284834382241955,0.9573361621780014,0.013333333333333334,0.02,0.9666666666666667,0.0
Data_for_model/images/Control1_15_hrs_PE_3.tif,7,,Healthy,0.9933333333333333,Healthy,True,healthy_but_irregular_or_textured; ,0.013857030132156,1.0287322526018514,0.0033333333333333335,0.0033333333333333335,0.9933333333333333,0.0
Data_for_model/images/Control1_15_hrs_PE_3.tif,8,,Healthy,0.9133333333333333,Healthy,False,,0.04063185161272431,0.9407730316414724,0.05,0.03333333333333333,0.9133333333333333,0.0033333333333333335
Data_for_model/images/Control1_15_hrs_PE_3.tif,10,,Healthy,0.87,Healthy,True,healthy_but_irregular_or_textured; ,0.0982133477463667,0.969801198061586,0.02,0.02666666666666667,0.87,0.08333333333333333
Data_for_model/images/Control1_15_hrs_PE_3.tif,12,,Healthy,0.9966666666666667,Healthy,True,healthy_but_irregular_or_textured; ,0.038624628994852306,1.033187486780232,0.0033333333333333335,0.0,0.9966666666666667,0.0
Data_for_model/images/Control1_15_hrs_PE_3.tif,13,,Healthy,0.5233333333333333,Healthy,True,low_confidence; ,0.02886594310614199,0.9100517313181812,0.06333333333333334,0.41333333333333333,0.5233333333333333,0.0
Data_for_model/images/Control1_15_hrs_PE_3.tif,14,,Healthy,0.98,Healthy,True,healthy_but_irregular_or_textured; ,0.01777135925729989,0.9959610782295986,0.0,0.006666666666666667,0.98,0.013333333333333334
Data_for_model/images/Control1_15_hrs_PE_3.tif,15,,Stressed,0.5866666666666667,Stressed,True,low_confidence; ,0.1848009153003396,0.9212519485017728,0.016666666666666666,0.016666666666666666,0.38,0.5866666666666667
Data_for_model/images/Control1_15_hrs_PE_3.tif,16,,Healthy,0.9966666666666667,Healthy,False,,0.015209511761879013,0.9486694034716864,0.0033333333333333335,0.0,0.9966666666666667,0.0
Data_for_model/images/Control1_15_hrs_PE_3.tif,17,,Healthy,0.9,Healthy,True,healthy_but_irregular_or_textured; ,0.09990567366816161,0.7534229959651714,0.02666666666666667,0.006666666666666667,0.9,0.06666666666666667
Data_for_model/images/Control1_15_hrs_PE_3.tif,18,,Healthy,0.9666666666666667,Healthy,False,,0.056754338370165525,0.9165026449996064,0.0,0.023333333333333334,0.9666666666666667,0.01
Data_for_model/images/Control1_15_hrs_PE_3.tif,19,Healthy,Healthy,0.9666666666666667,Healthy,False,,0.010787844097274957,0.8911349960351673,0.01,0.0033333333333333335,0.9666666666666667,0.02
Data_for_model/images/Control1_15_hrs_PE_3.tif,22,,Healthy,0.9333333333333333,Healthy,True,healthy_but_irregular_or_textured; ,-0.016647886110336074,0.9985446508397388,0.02666666666666667,0.03333333333333333,0.9333333333333333,0.006666666666666667
Data_for_model/images/Control1_15_hrs_PE_3.tif,24,,Healthy,0.9933333333333333,Healthy,True,healthy_but_irregular_or_textured; ,0.049943365733948974,0.95746892471486,0.0,0.006666666666666667,0.9933333333333333,0.0
Data_for_model/images/Control1_15_hrs_PE_3.tif,26,Healthy,Healthy,1.0,Healthy,True,healthy_but_irregular_or_textured; ,0.008054005263033903,0.9645422466536192,0.0,0.0,1.0,0.0
Data_for_model/images/Control1_15_hrs_PE_3.tif,27,,Stressed,0.4166666666666667,Stressed,True,low_confidence; ,0.12722818699407568,0.940186017417868,0.19333333333333333,0.10666666666666667,0.2833333333333333,0.4166666666666667
Data_for_model/images/Control1_15_hrs_PE_3.tif,28,Healthy,Healthy,1.0,Healthy,False,,0.04992547583328533,0.903576529495207,0.0,0.0,1.0,0.0
Data_for_model/images/Control1_15_hrs_PE_3.tif,29,Healthy,Healthy,0.99,Healthy,False,,0.03935163936632369,0.9337665574501464,0.0,0.0,0.99,0.01
Data_for_model/images/Control1_15_hrs_PE_3.tif,30,,Healthy,0.78,Healthy,False,,0.015854188338713215,0.9288462410000584,0.016666666666666666,0.20333333333333334,0.78,0.0
Data_for_model/images/Control1_15_hrs_PE_3.tif,31,,Stressed,0.75,Stressed,False,,0.19235084888777332,0.6596372925621687,0.09666666666666666,0.0,0.15333333333333332,0.75
Data_for_model/images/Control1_15_hrs_PE_3.tif,32,,Healthy,0.9933333333333333,Healthy,True,healthy_but_irregular_or_textured; ,4.4558056402244084e-05,1.0274979413281344,0.0,0.006666666666666667,0.9933333333333333,0.0
Data_for_model/images/Control1_15_hrs_PE_3.tif,33,Healthy,Healthy,1.0,Healthy,True,healthy_but_irregular_or_textured; ,-0.01187161868087927,1.0646154405986348,0.0,0.0,1.0,0.0
Data_for_model/images/Control1_15_hrs_PE_3.tif,34,,Healthy,0.97,Healthy,False,,0.008006202347976332,0.909879687442022,0.0033333333333333335,0.0,0.97,0.02666666666666667
Data_for_model/images/Control1_15_hrs_PE_3.tif,35,Healthy,Healthy,0.9666666666666667,Healthy,True,healthy_but_irregular_or_textured; ,0.07757994278724323,0.889132796913771,0.006666666666666667,0.006666666666666667,0.9666666666666667,0.02
Data_for_model/images/Control1_15_hrs_PE_3.tif,36,,Healthy,0.9933333333333333,Healthy,True,healthy_but_irregular_or_textured; ,0.00923779489095955,1.0612698530521163,0.0,0.0,0.9933333333333333,0.006666666666666667
Data_for_model/images/Control1_15_hrs_PE_3.tif,37,Healthy,Healthy,0.9966666666666667,Healthy,False,,0.002414967495945053,0.944027642427976,0.0,0.0,0.9966666666666667,0.0033333333333333335
Data_for_model/images/Control1_15_hrs_PE_3.tif,39,,Healthy,0.82,Healthy,False,,-0.0017148437635349234,0.7575602397530565,0.02,0.16,0.82,0.0
Data_for_model/images/Control1_15_hrs_PE_3.tif,40,Stressed,Stressed,0.77,Stressed,False,,0.13673159372237664,0.8143370093261545,0.02666666666666667,0.0,0.20333333333333334,0.77
Data_for_model/images/Control1_15_hrs_PE_3.tif,41,Healthy,Healthy,0.9933333333333333,Healthy,False,,0.050726255746740834,0.808610679009399,0.0,0.0033333333333333335,0.9933333333333333,0.0033333333333333335
Data_for_model/images/Control1_15_hrs_PE_3.tif,42,,Healthy,1.0,Healthy,False,,0.010578722069038649,0.9361473206767166,0.0,0.0,1.0,0.0
Data_for_model/images/Control1_15_hrs_PE_3.tif,43,Healthy,Healthy,1.0,Healthy,False,,0.026757519009075748,0.9075012616588968,0.0,0.0,1.0,0.0
Data_for_model/images/Control1_15_hrs_PE_3.tif,44,,Healthy,0.94,Healthy,False,,0.028663012755167028,0.8553934902585973,0.02666666666666667,0.013333333333333334,0.94,0.02
Data_for_model/images/Control1_15_hrs_PE_3.tif,45,,Healthy,0.7733333333333333,Healthy,True,healthy_but_irregular_or_textured; ,0.0815497488389435,0.8664884429647478,0.016666666666666666,0.0033333333333333335,0.7733333333333333,0.20666666666666667
Data_for_model/images/Control1_15_hrs_PE_3.tif,46,,Healthy,0.7966666666666666,Healthy,True,healthy_but_irregular_or_textured; ,0.027040877287980547,0.9980211148421452,0.006666666666666667,0.19,0.7966666666666666,0.006666666666666667
Data_for_model/images/Control1_15_hrs_PE_3.tif,47,,Healthy,0.92,Healthy,True,healthy_but_irregular_or_textured; ,0.06242901250694899,0.8594733699152625,0.006666666666666667,0.02666666666666667,0.92,0.04666666666666667
Data_for_model/images/Control1_15_hrs_PE_3.tif,48,,Healthy,0.9166666666666666,Healthy,False,,0.014768760759733102,0.8646340769875783,0.006666666666666667,0.0,0.9166666666666666,0.07666666666666666
Data_for_model/images/Control1_15_hrs_PE_3.tif,49,,Healthy,0.43666666666666665,Healthy,True,low_confidence; healthy_but_irregular_or_textured; ,0.08516324144304199,0.9594575982242785,0.23,0.19,0.43666666666666665,0.14333333333333334
Data_for_model/images/Control1_15_hrs_PE_3.tif,50,Healthy,Healthy,0.9766666666666667,Healthy,False,,0.0533032159665654,0.8604860088832905,0.0,0.013333333333333334,0.9766666666666667,0.01
Data_for_model/images/Control1_15_hrs_PE_3.tif,51,Healthy,Healthy,0.9733333333333334,Healthy,True,healthy_but_irregular_or_textured; ,0.026377033797482907,1.0658870320445613,0.006666666666666667,0.0,0.9733333333333334,0.02
Data_for_model/images/Control1_15_hrs_PE_3.tif,53,,Stressed,0.43,Stressed,True,low_confidence; ,0.042480239022730126,0.6538767789398767,0.3,0.0033333333333333335,0.26666666666666666,0.43
Data_for_model/images/Control1_15_hrs_PE_3.tif,55,,Crenated,0.7566666666666667,Crenated,False,,0.46918515037056996,0.4820480584712209,0.7566666666666667,0.0,0.0,0.24333333333333335
Data_for_model/images/Control1_15_hrs_PE_3.tif,56,,Healthy,1.0,Healthy,True,healthy_but_irregular_or_textured; ,0.07215491643640781,0.8914366307049499,0.0,0.0,1.0,0.0
Data_for_model/images/Control1_15_hrs_PE_3.tif,57,Dead,Dead,0.9533333333333334,Dead,False,,0.023195468625857862,0.7332581491240036,0.0,0.9533333333333334,0.04666666666666667,0.0
Data_for_model/images/Control1_15_hrs_PE_3.tif,58,Crenated,Crenated,0.89,Crenated,False,,0.4206463056134564,0.442709782903026,0.89,0.0,0.0033333333333333335,0.10666666666666667
Data_for_model/images/Control1_15_hrs_PE_3.tif,59,Dead,Dead,0.9466666666666667,Dead,False,,0.13992139238898138,0.5536801403304283,0.0,0.9466666666666667,0.05333333333333334,0.0
Data_for_model/images/Control1_15_hrs_PE_3.tif,60,,Dead,0.9966666666666667,Dead,False,,0.2120715335846236,0.5577880384209307,0.0,0.9966666666666667,0.0033333333333333335,0.0
Data_for_model/images/Control1_15_hrs_PE_3.tif,64,,Dead,0.97,Dead,False,,0.2847004050487587,0.4825187351062946,0.0,0.97,0.03,0.0
Data_for_model/images/Control1_15_hrs_PE_3.tif,65,,Dead,0.9933333333333333,Dead,False,,0.05377456948876125,0.5405181039767483,0.0,0.9933333333333333,0.006666666666666667,0.0
Data_for_model/images/Control1_15_hrs_PE_3.tif,66,,Dead,0.84,Dead,False,,0.19451249829242434,0.5410048120922983,0.0,0.84,0.15666666666666668,0.0033333333333333335
Data_for_model/images/Control1_15_hrs_PE_3.tif,67,Dead,Dead,0.9866666666666667,Dead,False,,0.14444303264802383,0.5367627546104858,0.0033333333333333335,0.9866666666666667,0.01,0.0
Data_for_model/images/Control1_15_hrs_PE_4.tif,1,Healthy,Healthy,0.9633333333333334,Healthy,True,healthy_but_irregular_or_textured; ,0.0008255285139868729,1.0278527636057049,0.0,0.03333333333333333,0.9633333333333334,0.0033333333333333335
Data_for_model/images/Control1_15_hrs_PE_4.tif,2,Healthy,Healthy,0.9933333333333333,Healthy,True,healthy_but_irregular_or_textured; ,0.02992069569412481,1.026065751856938,0.0,0.0,0.9933333333333333,0.006666666666666667
Data_for_model/images/Control1_15_hrs_PE_4.tif,4,,Healthy,0.67,Healthy,False,,0.029054898645433203,0.8103004796388723,0.04,0.25,0.67,0.04
Data_for_model/images/Control1_15_hrs_PE_4.tif,6,,Healthy,0.84,Healthy,True,healthy_but_irregular_or_textured; ,0.051603177913789766,1.0618373628989248,0.01,0.0033333333333333335,0.84,0.14666666666666667
Data_for_model/images/Control1_15_hrs_PE_4.tif,7,,Healthy,0.9033333333333333,Healthy,False,,0.026930087206438413,0.8093401441219336,0.006666666666666667,0.0,0.9033333333333333,0.09
Data_for_model/images/Control1_15_hrs_PE_4.tif,8,,Healthy,0.91,Healthy,False,,0.03466576952108791,0.8867256327828215,0.016666666666666666,0.06666666666666667,0.91,0.006666666666666667
Data_for_model/images/Control1_15_hrs_PE_4.tif,9,Healthy,Healthy,0.9866666666666667,Healthy,False,,0.02164947471752876,0.907274030415186,0.0,0.0,0.9866666666666667,0.013333333333333334
Data_for_model/images/Control1_15_hrs_PE_4.tif,10,Healthy,Healthy,0.9766666666666667,Healthy,False,,0.027057998117467674,0.8907282325495963,0.006666666666666667,0.006666666666666667,0.9766666666666667,0.01
Data_for_model/images/Control1_15_hrs_PE_4.tif,11,,Healthy,1.0,Healthy,False,,0.05435438050525487,0.8232504662354507,0.0,0.0,1.0,0.0
Data_for_model/images/Control1_15_hrs_PE_4.tif,14,,Healthy,1.0,Healthy,False,,0.027553630510404492,0.9260500907281058,0.0,0.0,1.0,0.0
Data_for_model/images/Control1_15_hrs_PE_4.tif,15,Healthy,Healthy,0.9833333333333333,Healthy,False,,0.003222948626517619,0.819324358407378,0.006666666666666667,0.0,0.9833333333333333,0.01
Data_for_model/images/Control1_15_hrs_PE_4.tif,16,,Healthy,0.96,Healthy,True,healthy_but_irregular_or_textured; ,0.04867162929059876,0.9905121584809014,0.006666666666666667,0.0,0.96,0.03333333333333333
Data_for_model/images/Control1_15_hrs_PE_4.tif,17,,Healthy,0.9733333333333334,Healthy,True,healthy_but_irregular_or_textured; ,0.00996279608122852,1.052949204980214,0.01,0.013333333333333334,0.9733333333333334,0.0033333333333333335
Data_for_model/images/Control1_15_hrs_PE_4.tif,18,,Healthy,0.8833333333333333,Healthy,True,healthy_but_irregular_or_textured; ,0.06362768924744111,0.933443960902187,0.006666666666666667,0.11,0.8833333333333333,0.0
Data_for_model/images/Control1_15_hrs_PE_4.tif,19,,Healthy,0.9966666666666667,Healthy,True,healthy_but_irregular_or_textured; ,0.05912027890738747,0.9936621950471114,0.0,0.0033333333333333335,0.9966666666666667,0.0
Data_for_model/images/Control1_15_hrs_PE_4.tif,20,,Healthy,0.85,Healthy,True,healthy_but_irregular_or_textured; ,0.07222137204839396,0.9492577906933276,0.006666666666666667,0.12666666666666668,0.85,0.016666666666666666
Data_for_model/images/Control1_15_hrs_PE_4.tif,21,Healthy,Healthy,0.9866666666666667,Healthy,True,healthy_but_irregular_or_textured; ,0.026188546125475054,0.9818224332392436,0.013333333333333334,0.0,0.9866666666666667,0.0
Data_for_model/images/Control1_15_hrs_PE_4.tif,22,,Healthy,0.9533333333333334,Healthy,True,healthy_but_irregular_or_textured; ,0.021234931203992224,0.9630151532764568,0.013333333333333334,0.0033333333333333335,0.9533333333333334,0.03
Data_for_model/images/Control1_15_hrs_PE_4.tif,23,Healthy,Healthy,0.9366666666666666,Healthy,True,healthy_but_irregular_or_textured; ,0.02053421432757707,0.9869324194448744,0.01,0.05,0.9366666666666666,0.0033333333333333335
Data_for_model/images/Control1_15_hrs_PE_4.tif,24,,Healthy,0.9833333333333333,Healthy,False,,-0.014400933696588458,0.9269602407839124,0.0033333333333333335,0.0,0.9833333333333333,0.013333333333333334
Data_for_model/images/Control1_15_hrs_PE_4.tif,25,,Healthy,0.8833333333333333,Healthy,False,,0.01730637199078866,0.8911290413930243,0.02,0.05,0.8833333333333333,0.04666666666666667
Data_for_model/images/Control1_15_hrs_PE_4.tif,26,,Healthy,0.9566666666666667,Healthy,True,healthy_but_irregular_or_textured; ,0.023974769759956605,0.9641695624857194,0.01,0.0,0.9566666666666667,0.03333333333333333
Data_for_model/images/Control1_15_hrs_PE_4.tif,27,,Healthy,0.8866666666666667,Healthy,False,,0.03404156236271483,0.9371411762249118,0.02,0.0033333333333333335,0.8866666666666667,0.09
Data_for_model/images/Control1_15_hrs_PE_4.tif,28,,Healthy,0.5733333333333334,Healthy,True,low_confidence; healthy_but_irregular_or_textured; ,0.14380610885400558,0.961386673599436,0.06333333333333334,0.016666666666666666,0.5733333333333334,0.3466666666666667
Data_for_model/images/Control1_15_hrs_PE_4.tif,29,Healthy,Healthy,1.0,Healthy,True,healthy_but_irregular_or_textured; ,0.05840297837918851,0.9957775242436766,0.0,0.0,1.0,0.0
Data_for_model/images/Control1_15_hrs_PE_4.tif,30,,Healthy,0.9733333333333334,Healthy,True,healthy_but_irregular_or_textured; ,0.01925527265824234,0.9775793871449324,0.01,0.01,0.9733333333333334,0.006666666666666667
Data_for_model/images/Control1_15_hrs_PE_4.tif,32,,Healthy,0.9333333333333333,Healthy,True,healthy_but_irregular_or_textured; ,0.0034665111889333744,0.9616761594542972,0.01,0.02,0.9333333333333333,0.03666666666666667
Data_for_model/images/Control1_15_hrs_PE_4.tif,35,,Healthy,0.9866666666666667,Healthy,True,healthy_but_irregular_or_textured; ,0.025862078120361787,0.9965591690906836,0.0033333333333333335,0.0033333333333333335,0.9866666666666667,0.006666666666666667
Data_for_model/images/Control1_15_hrs_PE_4.tif,36,Healthy,Healthy,0.9833333333333333,Healthy,True,healthy_but_irregular_or_textured; ,0.020281114442736725,1.02399822496348,0.0033333333333333335,0.01,0.9833333333333333,0.0033333333333333335
Data_for_model/images/Control1_15_hrs_PE_4.tif,37,,Healthy,0.8266666666666667,Healthy,False,,0.02900457109569221,0.9365171759919968,0.02666666666666667,0.0033333333333333335,0.8266666666666667,0.14333333333333334
Data_for_model/images/Control1_15_hrs_PE_4.tif,38,,Healthy,0.8566666666666667,Healthy,True,healthy_but_irregular_or_textured; ,0.059193268602434124,1.0148557783904342,0.05,0.03,0.8566666666666667,0.06333333333333334
Data_for_model/images/Control1_15_hrs_PE_4.tif,39,,Healthy,0.9833333333333333,Healthy,True,healthy_but_irregular_or_textured; ,0.077628701462372,0.9753937093185624,0.0,0.013333333333333334,0.9833333333333333,0.0033333333333333335
Data_for_model/images/Control1_15_hrs_PE_4.tif,40,,Healthy,0.96,Healthy,True,healthy_but_irregular_or_textured; ,0.08736397105707339,0.9152001685801642,0.006666666666666667,0.023333333333333334,0.96,0.01
Data_for_model/images/Control1_15_hrs_PE_4.tif,41,,Healthy,0.7566666666666667,Healthy,True,healthy_but_irregular_or_textured; ,0.06346661015178379,0.90832968598718,0.03666666666666667,0.0033333333333333335,0.7566666666666667,0.20333333333333334
Data_for_model/images/Control1_15_hrs_PE_4.tif,42,,Healthy,0.9933333333333333,Healthy,False,,0.05227224562607047,0.9113793126316612,0.0,0.0033333333333333335,0.9933333333333333,0.0033333333333333335
Data_for_model/images/Control1_15_hrs_PE_4.tif,44,,Healthy,0.8966666666666666,Healthy,True,healthy_but_irregular_or_textured; ,0.07851880505704201,0.8987035525031535,0.016666666666666666,0.013333333333333334,0.8966666666666666,0.07333333333333333
Data_for_model/images/Control1_15_hrs_PE_4.tif,45,,Healthy,0.8933333333333333,Healthy,False,,0.04971868097232657,0.923479357113382,0.03333333333333333,0.0,0.8933333333333333,0.07333333333333333
Data_for_model/images/Control1_15_hrs_PE_4.tif,47,,Healthy,0.7533333333333333,Healthy,True,healthy_but_irregular_or_textured; ,0.1190190168761831,0.8186408502026273,0.023333333333333334,0.0,0.7533333333333333,0.22333333333333333
Data_for_model/images/Control1_15_hrs_PE_4.tif,48,,Healthy,0.48333333333333334,Healthy,True,low_confidence; healthy_but_irregular_or_textured; ,0.11129066710758406,0.8636291583504646,0.006666666666666667,0.48,0.48333333333333334,0.03
Data_for_model/images/Control1_15_hrs_PE_4.tif,49,,Stressed,0.48333333333333334,Stressed,True,low_confidence; ,0.41526404270464146,0.9711544014101524,0.23333333333333334,0.09333333333333334,0.19,0.48333333333333334
Data_for_model/images/Control1_15_hrs_PE_4.tif,50,,Healthy,0.9266666666666666,Healthy,True,healthy_but_irregular_or_textured; ,0.09054606423756417,0.7745818555441847,0.0033333333333333335,0.0,0.9266666666666666,0.07
Data_for_model/images/Control1_15_hrs_PE_4.tif,51,,Stressed,0.54,Stressed,True,low_confidence; ,0.2811670135519957,0.7131319352019558,0.22,0.0033333333333333335,0.23666666666666666,0.54
Data_for_model/images/Control1_15_hrs_PE_4.tif,52,,Healthy,0.98,Healthy,True,healthy_but_irregular_or_textured; ,0.03693674837573091,0.9508938220091342,0.0,0.0,0.98,0.02
Data_for_model/images/Control1_15_hrs_PE_4.tif,53,,Healthy,0.6266666666666667,Healthy,False,,0.014607452507867658,0.9046539993303028,0.02,0.3466666666666667,0.6266666666666667,0.006666666666666667
Data_for_model/images/Control1_15_hrs_PE_4.tif,54,,Healthy,0.97,Healthy,True,healthy_but_irregular_or_textured; ,-0.006903010208967997,1.0422908234574122,0.006666666666666667,0.016666666666666666,0.97,0.006666666666666667
Data_for_model/images/Control1_15_hrs_PE_4.tif,56,,Dead,1.0,Dead,False,,0.36461976885557634,0.63348969466115,0.0,1.0,0.0,0.0
Data_for_model/images/Control1_15_hrs_PE_4.tif,57,,Dead,0.8233333333333334,Dead,False,,0.08064567803506184,0.5249100146026007,0.013333333333333334,0.8233333333333334,0.16333333333333333,0.0
Data_for_model/images/Control1_15_hrs_PE_4.tif,58,,Dead,0.95,Dead,False,,0.13778109986703813,0.5737094782158143,0.0,0.95,0.04666666666666667,0.0033333333333333335
Data_for_model/images/Control1_15_hrs_PE_4.tif,59,,Dead,0.9666666666666667,Dead,False,,0.07297333939307249,0.5720666990512456,0.0,0.9666666666666667,0.03333333333333333,0.0
Data_for_model/images/Control1_15_hrs_PE_4.tif,60,,Dead,0.9666666666666667,Dead,False,,0.1865324307777636,0.645085230132859,0.0,0.9666666666666667,0.03,0.0033333333333333335
Data_for_model/images/Control1_15_hrs_PE_4.tif,61,Dead,Dead,0.9766666666666667,Dead,False,,0.11956283435957882,0.6136930085251106,0.0,0.9766666666666667,0.023333333333333334,0.0
Data_for_model/images/Control1_15_hrs_PE_4.tif,64,Dead,Dead,0.9966666666666667,Dead,False,,0.04897821088770371,0.5364893856329003,0.0,0.9966666666666667,0.0033333333333333335,0.0
Data_for_model/images/Control1_15_hrs_PE_4.tif,65,Dead,Dead,0.9966666666666667,Dead,False,,0.0717091204180288,0.6236669901865763,0.0033333333333333335,0.9966666666666667,0.0,0.0
Data_for_model/images/Control1_15_hrs_PE_4.tif,66,,Dead,0.93,Dead,False,,0.13455049028967536,0.511912012622292,0.0,0.93,0.07,0.0
Data_for_model/images/Control1_15_hrs_PE_4.tif,67,,Dead,0.98,Dead,False,,0.16959062633153432,0.6549241749476162,0.0033333333333333335,0.98,0.01,0.006666666666666667
Data_for_model/images/Control1_15_hrs_PE_4.tif,69,,Dead,0.8833333333333333,Dead,False,,0.07807003534874368,0.4990405518138323,0.0033333333333333335,0.8833333333333333,0.11333333333333333,0.0
Data_for_model/images/Control1_15_hrs_PE_4.tif,71,,Dead,0.9233333333333333,Dead,False,,0.4409652736321903,0.312115586840186,0.0,0.9233333333333333,0.05333333333333334,0.023333333333333334
Data_for_model/images/Control2_15_hrs_PE_1.tif,1,,Healthy,0.86,Healthy,False,,0.04651407920735362,0.8135194484053383,0.0033333333333333335,0.02,0.86,0.11666666666666667
Data_for_model/images/Control2_15_hrs_PE_1.tif,2,,Healthy,0.9866666666666667,Healthy,False,,0.019448824500403195,0.9195572738822874,0.0,0.013333333333333334,0.9866666666666667,0.0
Data_for_model/images/Control2_15_hrs_PE_1.tif,3,,Healthy,0.6566666666666666,Healthy,False,,0.03952240321853173,0.8415768967505851,0.06,0.0,0.6566666666666666,0.2833333333333333
Data_for_model/images/Control2_15_hrs_PE_1.tif,4,Healthy,Healthy,0.99,Healthy,False,,0.025861295240865223,0.920840172795704,0.0033333333333333335,0.0,0.99,0.006666666666666667
Data_for_model/images/Control2_15_hrs_PE_1.tif,5,,Healthy,0.94,Healthy,False,,0.009039161172003318,0.7995933221140372,0.01,0.0033333333333333335,0.94,0.04666666666666667
Data_for_model/images/Control2_15_hrs_PE_1.tif,6,,Healthy,0.96,Healthy,True,healthy_but_irregular_or_textured; ,0.031493595513838235,1.010031142327449,0.0,0.0033333333333333335,0.96,0.03666666666666667
Data_for_model/images/Control2_15_hrs_PE_1.tif,7,,Healthy,0.98,Healthy,False,,0.05462788853075873,0.9297283444301204,0.0,0.0,0.98,0.02
Data_for_model/images/Control2_15_hrs_PE_1.tif,8,,Healthy,0.9433333333333334,Healthy,True,healthy_but_irregular_or_textured; ,0.024444173755894694,0.969270500305051,0.006666666666666667,0.0033333333333333335,0.9433333333333334,0.04666666666666667
Data_for_model/images/Control2_15_hrs_PE_1.tif,10,,Healthy,0.79,Healthy,True,healthy_but_irregular_or_textured; ,-0.018081879014853697,0.9778749742889268,0.07666666666666666,0.006666666666666667,0.79,0.12666666666666668
Data_for_model/images/Control2_15_hrs_PE_1.tif,11,Healthy,Healthy,0.9866666666666667,Healthy,False,,0.018762689829261103,0.9496618489692386,0.0033333333333333335,0.006666666666666667,0.9866666666666667,0.0033333333333333335
Data_for_model/images/Control2_15_hrs_PE_1.tif,12,Healthy,Healthy,1.0,Healthy,False,,0.024139523178791644,0.918066806639293,0.0,0.0,1.0,0.0
Data_for_model/images/Control2_15_hrs_PE_1.tif,14,,Healthy,0.8433333333333334,Healthy,True,healthy_but_irregular_or_textured; ,0.027056869582594234,1.036880827455911,0.06,0.09666666666666666,0.8433333333333334,0.0
Data_for_model/images/Control2_15_hrs_PE_1.tif,15,Healthy,Healthy,0.9966666666666667,Healthy,False,,0.02597629948788005,0.9316813044522227,0.0,0.0,0.9966666666666667,0.0033333333333333335
Data_for_model/images/Control2_15_hrs_PE_1.tif,16,,Healthy,0.9966666666666667,Healthy,False,,0.007580379607582732,0.944352369353814,0.0,0.0,0.9966666666666667,0.0033333333333333335
Data_for_model/images/Control2_15_hrs_PE_1.tif,17,Healthy,Healthy,0.9366666666666666,Healthy,False,,-0.0054331860956562394,0.7789301578516888,0.0033333333333333335,0.0,0.9366666666666666,0.06
Data_for_model/images/Control2_15_hrs_PE_1.tif,18,Healthy,Healthy,0.9933333333333333,Healthy,False,,0.011297552097801589,0.7496520503265687,0.0,0.0,0.9933333333333333,0.006666666666666667
Data_for_model/images/Control2_15_hrs_PE_1.tif,19,,Healthy,0.9466666666666667,Healthy,True,healthy_but_irregular_or_textured; ,0.014091983389215579,0.9999283280576288,0.023333333333333334,0.02,0.9466666666666667,0.01
Data_for_model/images/Control2_15_hrs_PE_1.tif,20,,Healthy,0.7833333333333333,Healthy,True,healthy_but_irregular_or_textured; ,0.0924318437560433,0.701052821617306,0.056666666666666664,0.01,0.7833333333333333,0.15
Data_for_model/images/Control2_15_hrs_PE_1.tif,21,Healthy,Healthy,0.9533333333333334,Healthy,False,,0.03295775054187544,0.7486668296219041,0.013333333333333334,0.0033333333333333335,0.9533333333333334,0.03
Data_for_model/images/Control2_15_hrs_PE_1.tif,22,,Healthy,0.9266666666666666,Healthy,True,healthy_but_irregular_or_textured; ,0.11380222108946758,0.9588621891321512,0.016666666666666666,0.013333333333333334,0.9266666666666666,0.043333333333333335
Data_for_model/images/Control2_15_hrs_PE_1.tif,23,Healthy,Healthy,0.9766666666666667,Healthy,False,,0.033951022105979556,0.9386993228531866,0.0033333333333333335,0.0,0.9766666666666667,0.02
Data_for_model/images/Control2_15_hrs_PE_1.tif,24,Healthy,Healthy,1.0,Healthy,False,,0.026428362504790193,0.8594909554367891,0.0,0.0,1.0,0.0
Data_for_model/images/Control2_15_hrs_PE_1.tif,25,,Healthy,1.0,Healthy,False,,0.01681595245722367,0.9393542289896036,0.0,0.0,1.0,0.0
Data_for_model/images/Control2_15_hrs_PE_1.tif,26,,Healthy,0.62,Healthy,False,,0.011246224745805944,0.6292421752419523,0.15666666666666668,0.07,0.62,0.15333333333333332
Data_for_model/images/Control2_15_hrs_PE_1.tif,27,,Healthy,0.9866666666666667,Healthy,True,healthy_but_irregular_or_textured; ,0.07257200160873212,0.9504172117198804,0.0,0.0033333333333333335,0.9866666666666667,0.01
Data_for_model/images/Control2_15_hrs_PE_1.tif,28,,Healthy,0.9,Healthy,False,,0.027336331003404157,0.9495363367585616,0.016666666666666666,0.013333333333333334,0.9,0.07
Data_for_model/images/Control2_15_hrs_PE_1.tif,30,,Healthy,0.8333333333333334,Healthy,True,healthy_but_irregular_or_textured; ,0.08998956033718963,0.8031993579137588,0.013333333333333334,0.006666666666666667,0.8333333333333334,0.14666666666666667
Data_for_model/images/Control2_15_hrs_PE_1.tif,31,,Healthy,0.9333333333333333,Healthy,False,,0.04304602371885102,0.8225929654496038,0.0,0.0,0.9333333333333333,0.06666666666666667
Data_for_model/images/Control2_15_hrs_PE_1.tif,32,,Healthy,0.9233333333333333,Healthy,False,,0.034850299179520206,0.8604226471166782,0.016666666666666666,0.02,0.9233333333333333,0.04
Data_for_model/images/Control2_15_hrs_PE_1.tif,33,,Healthy,0.9,Healthy,True,healthy_but_irregular_or_textured; ,0.037839423896686375,0.9895920375271766,0.05333333333333334,0.043333333333333335,0.9,0.0033333333333333335
Data_for_model/images/Control2_15_hrs_PE_1.tif,34,Healthy,Healthy,0.9866666666666667,Healthy,False,,0.03420101982328183,0.912814137081788,0.0033333333333333335,0.0,0.9866666666666667,0.01
Data_for_model/images/Control2_15_hrs_PE_1.tif,35,Healthy,Healthy,1.0,Healthy,False,,0.03365823976291682,0.8752649848112698,0.0,0.0,1.0,0.0
Data_for_model/images/Control2_15_hrs_PE_1.tif,36,,Healthy,0.9766666666666667,Healthy,False,,0.012477513272016072,0.8701493068719139,0.01,0.013333333333333334,0.9766666666666667,0.0
Data_for_model/images/Control2_15_hrs_PE_1.tif,38,Healthy,Healthy,1.0,Healthy,True,healthy_but_irregular_or_textured; ,-0.013433963383933323,1.0155641059018865,0.0,0.0,1.0,0.0
Data_for_model/images/Control2_15_hrs_PE_1.tif,39,,Healthy,0.95,Healthy,False,,0.012962827798079557,0.8493216144276671,0.01,0.0033333333333333335,0.95,0.03666666666666667
Data_for_model/images/Control2_15_hrs_PE_1.tif,40,,Healthy,0.5366666666666666,Healthy,True,low_confidence; healthy_but_irregular_or_textured; ,0.09179274281944927,0.6983064381114091,0.09666666666666666,0.006666666666666667,0.5366666666666666,0.36
Data_for_model/images/Control2_15_hrs_PE_1.tif,41,,Healthy,0.8966666666666666,Healthy,True,healthy_but_irregular_or_textured; ,0.010977423735869962,1.006169369961592,0.04666666666666667,0.056666666666666664,0.8966666666666666,0.0
Data_for_model/images/Control2_15_hrs_PE_1.tif,42,,Healthy,0.98,Healthy,False,,0.044932865818998136,0.9354723731940212,0.0,0.016666666666666666,0.98,0.0033333333333333335
Data_for_model/images/Control2_15_hrs_PE_1.tif,43,,Healthy,0.9966666666666667,Healthy,False,,0.015604562583733661,0.9301470075744938,0.0,0.0,0.9966666666666667,0.0033333333333333335
Data_for_model/images/Control2_15_hrs_PE_1.tif,44,,Healthy,0.9966666666666667,Healthy,False,,0.02299384986831654,0.8816743900455463,0.0,0.0,0.9966666666666667,0.0033333333333333335
Data_for_model/images/Control2_15_hrs_PE_1.tif,46,,Healthy,0.9866666666666667,Healthy,False,,0.047559267590349785,0.8886297295798123,0.0,0.01,0.9866666666666667,0.0033333333333333335
Data_for_model/images/Control2_15_hrs_PE_1.tif,47,,Healthy,1.0,Healthy,True,healthy_but_irregular_or_textured; ,0.04870127386701051,0.9610818531263904,0.0,0.0,1.0,0.0
Data_for_model/images/Control2_15_hrs_PE_1.tif,49,,Healthy,1.0,Healthy,False,,0.042304637261426636,0.8673969440425928,0.0,0.0,1.0,0.0
Data_for_model/images/Control2_15_hrs_PE_1.tif,50,,Healthy,0.75,Healthy,False,,-0.004819806240730196,0.8600726967141361,0.02666666666666667,0.22333333333333333,0.75,0.0
Data_for_model/images/Control2_15_hrs_PE_1.tif,51,,Healthy,0.96,Healthy,False,,0.014020428509510019,0.9019312850510808,0.0033333333333333335,0.0,0.96,0.03666666666666667
Data_for_model/images/Control2_15_hrs_PE_1.tif,52,,Healthy,0.9366666666666666,Healthy,False,,0.04675844039571597,0.8253578265650776,0.0033333333333333335,0.0033333333333333335,0.9366666666666666,0.056666666666666664
Data_for_model/images/Control2_15_hrs_PE_1.tif,53,,Healthy,0.7933333333333333,Healthy,True,healthy_but_irregular_or_textured; ,0.14573601010519854,0.8635048426102295,0.0033333333333333335,0.006666666666666667,0.7933333333333333,0.19666666666666666
Data_for_model/images/Control2_15_hrs_PE_1.tif,55,,Healthy,0.9933333333333333,Healthy,False,,0.017417519852355512,0.9482721361156952,0.0,0.0,0.9933333333333333,0.006666666666666667
Data_for_model/images/Control2_15_hrs_PE_1.tif,56,,Healthy,0.9266666666666666,Healthy,True,healthy_but_irregular_or_textured; ,0.030262886613297235,0.9800156164166556,0.03,0.043333333333333335,0.9266666666666666,0.0
Data_for_model/images/Control2_15_hrs_PE_1.tif,57,,Healthy,0.75,Healthy,False,,0.028789225813621422,0.8173687149468452,0.04,0.20333333333333334,0.75,0.006666666666666667
Data_for_model/images/Control2_15_hrs_PE_1.tif,59,,Healthy,0.9766666666666667,Healthy,False,,0.03674297782816904,0.8576209139930003,0.0,0.01,0.9766666666666667,0.013333333333333334
Data_for_model/images/Control2_15_hrs_PE_1.tif,60,,Healthy,0.7733333333333333,Healthy,True,healthy_but_irregular_or_textured; ,0.03120677945295658,1.0126902481510134,0.006666666666666667,0.21666666666666667,0.7733333333333333,0.0033333333333333335
Data_for_model/images/Control2_15_hrs_PE_1.tif,61,,Healthy,0.9666666666666667,Healthy,False,,0.01954154055863877,0.9458519013225474,0.01,0.006666666666666667,0.9666666666666667,0.016666666666666666
Data_for_model/images/Control2_15_hrs_PE_1.tif,62,,Dead,0.49333333333333335,Dead,True,low_confidence; uncertain_dead; ,-0.000728419803219249,0.998414671883952,0.023333333333333334,0.49333333333333335,0.48333333333333334,0.0
Data_for_model/images/Control2_15_hrs_PE_1.tif,64,,Healthy,0.62,Healthy,True,healthy_but_irregular_or_textured; ,0.11176997682015177,0.7229994404539504,0.056666666666666664,0.006666666666666667,0.62,0.31666666666666665
Data_for_model/images/Control2_15_hrs_PE_1.tif,67,Crenated,Crenated,0.7933333333333333,Crenated,False,,0.33305172413602824,0.4494659896028903,0.7933333333333333,0.0,0.006666666666666667,0.2
Data_for_model/images/Control2_15_hrs_PE_1.tif,68,Healthy,Healthy,1.0,Healthy,False,,0.03436103322987716,0.8715290843042693,0.0,0.0,1.0,0.0
Data_for_model/images/Control2_15_hrs_PE_1.tif,71,,Dead,0.88,Dead,False,,0.07318984356368707,0.5408853172760126,0.0,0.88,0.12,0.0
Data_for_model/images/Control2_15_hrs_PE_1.tif,75,,Dead,0.9733333333333334,Dead,False,,0.362036626161087,0.7031866526809359,0.0,0.9733333333333334,0.016666666666666666,0.01
Data_for_model/images/Control2_15_hrs_PE_1.tif,78,,Dead,0.92,Dead,False,,0.20969935382853466,0.5807787827531282,0.0033333333333333335,0.92,0.07,0.006666666666666667
Data_for_model/images/Control2_15_hrs_PE_2.tif,1,,Healthy,0.89,Healthy,False,,0.048559348065771224,0.9281749469509222,0.013333333333333334,0.013333333333333334,0.89,0.08333333333333333
Data_for_model/images/Control2_15_hrs_PE_2.tif,2,,Healthy,0.9833333333333333,Healthy,False,,0.0523843766190224,0.9283378334934436,0.0,0.0033333333333333335,0.9833333333333333,0.013333333333333334
Data_for_model/images/Control2_15_hrs_PE_2.tif,3,,Healthy,0.79,Healthy,False,,0.05018306808059558,0.7982138355888996,0.01,0.0,0.79,0.2
Data_for_model/images/Control2_15_hrs_PE_2.tif,5,,Healthy,0.9933333333333333,Healthy,True,healthy_but_irregular_or_textured; ,0.030340622110724524,1.0224134561454934,0.0,0.0,0.9933333333333333,0.006666666666666667
Data_for_model/images/Control2_15_hrs_PE_2.tif,6,Healthy,Healthy,1.0,Healthy,False,,0.010937442329632452,0.8289529545947071,0.0,0.0,1.0,0.0
Data_for_model/images/Control2_15_hrs_PE_2.tif,7,,Healthy,1.0,Healthy,False,,0.007477575385980484,0.945731561504211,0.0,0.0,1.0,0.0
Data_for_model/images/Control2_15_hrs_PE_2.tif,8,Healthy,Healthy,1.0,Healthy,True,healthy_but_irregular_or_textured; ,0.056828794635864766,0.9734752296141284,0.0,0.0,1.0,0.0
Data_for_model/images/Control2_15_hrs_PE_2.tif,9,Healthy,Healthy,0.9566666666666667,Healthy,False,,0.023930736372171912,0.9413127222104264,0.0,0.006666666666666667,0.9566666666666667,0.03666666666666667
Data_for_model/images/Control2_15_hrs_PE_2.tif,10,,Healthy,0.9433333333333334,Healthy,False,,-0.011363247468014981,0.8404907042193412,0.02,0.0033333333333333335,0.9433333333333334,0.03333333333333333
Data_for_model/images/Control2_15_hrs_PE_2.tif,11,,Healthy,0.9933333333333333,Healthy,True,healthy_but_irregular_or_textured; ,0.07720296420845163,0.946220511631876,0.0,0.0,0.9933333333333333,0.006666666666666667
Data_for_model/images/Control2_15_hrs_PE_2.tif,12,Healthy,Healthy,0.9733333333333334,Healthy,True,healthy_but_irregular_or_textured; ,0.07863172704987886,0.9562505838835328,0.006666666666666667,0.0033333333333333335,0.9733333333333334,0.016666666666666666
Data_for_model/images/Control2_15_hrs_PE_2.tif,14,Healthy,Healthy,0.99,Healthy,True,healthy_but_irregular_or_textured; ,0.0221763378430323,0.9858915272873102,0.0033333333333333335,0.006666666666666667,0.99,0.0
Data_for_model/images/Control2_15_hrs_PE_2.tif,15,,Healthy,0.9666666666666667,Healthy,True,healthy_but_irregular_or_textured; ,-0.0020533242905843574,0.9507327631049114,0.0033333333333333335,0.016666666666666666,0.9666666666666667,0.013333333333333334
Data_for_model/images/Control2_15_hrs_PE_2.tif,16,,Stressed,0.41,Stressed,True,low_confidence; ,0.13885530523965672,0.7521946300437806,0.22666666666666666,0.03,0.3333333333333333,0.41
Data_for_model/images/Control2_15_hrs_PE_2.tif,17,,Healthy,0.9266666666666666,Healthy,False,,0.023846076840628005,0.8575516575000794,0.03,0.043333333333333335,0.9266666666666666,0.0
Data_for_model/images/Control2_15_hrs_PE_2.tif,18,,Healthy,0.9766666666666667,Healthy,False,,0.0005622110955013637,0.8621908196196229,0.0,0.006666666666666667,0.9766666666666667,0.016666666666666666
Data_for_model/images/Control2_15_hrs_PE_2.tif,19,Healthy,Healthy,1.0,Healthy,False,,0.018862824148757174,0.847891196506514,0.0,0.0,1.0,0.0
Data_for_model/images/Control2_15_hrs_PE_2.tif,20,,Healthy,0.9833333333333333,Healthy,True,healthy_but_irregular_or_textured; ,0.008854585438079599,1.006912686837217,0.0,0.0,0.9833333333333333,0.016666666666666666
Data_for_model/images/Control2_15_hrs_PE_2.tif,21,,Healthy,0.8566666666666667,Healthy,True,healthy_but_irregular_or_textured; ,0.05132989281696909,1.0875649947009869,0.016666666666666666,0.013333333333333334,0.8566666666666667,0.11333333333333333
Data_for_model/images/Control2_15_hrs_PE_2.tif,22,,Healthy,0.9566666666666667,Healthy,True,healthy_but_irregular_or_textured; ,0.024164033164924326,0.994256153519795,0.0,0.03666666666666667,0.9566666666666667,0.006666666666666667
Data_for_model/images/Control2_15_hrs_PE_2.tif,23,,Healthy,0.88,Healthy,True,healthy_but_irregular_or_textured; ,0.03285997837791921,0.9553013753640968,0.016666666666666666,0.0,0.88,0.10333333333333333
Data_for_model/images/Control2_15_hrs_PE_2.tif,24,Healthy,Healthy,0.9866666666666667,Healthy,True,healthy_but_irregular_or_textured; ,0.037015015981882504,0.9759447475618002,0.0,0.0,0.9866666666666667,0.013333333333333334
Data_for_model/images/Control2_15_hrs_PE_2.tif,25,Healthy,Healthy,1.0,Healthy,True,healthy_but_irregular_or_textured; ,0.008822769359195237,0.9889050928558482,0.0,0.0,1.0,0.0
Data_for_model/images/Control2_15_hrs_PE_2.tif,26,,Healthy,1.0,Healthy,True,healthy_but_irregular_or_textured; ,0.057317225243295855,0.990996147933554,0.0,0.0,1.0,0.0
Data_for_model/images/Control2_15_hrs_PE_2.tif,27,,Healthy,0.99,Healthy,True,healthy_but_irregular_or_textured; ,0.04955719237430933,0.9891244725781004,0.0033333333333333335,0.0033333333333333335,0.99,0.0033333333333333335
Data_for_model/images/Control2_15_hrs_PE_2.tif,28,,Healthy,0.81,Healthy,False,,0.04293227872046779,0.784571968449638,0.03,0.006666666666666667,0.81,0.15333333333333332
Data_for_model/images/Control2_15_hrs_PE_2.tif,29,,Healthy,0.8666666666666667,Healthy,True,healthy_but_irregular_or_textured; ,0.0798636422297554,0.7867766805652087,0.016666666666666666,0.0033333333333333335,0.8666666666666667,0.11333333333333333
Data_for_model/images/Control2_15_hrs_PE_2.tif,30,,Healthy,0.9366666666666666,Healthy,True,healthy_but_irregular_or_textured; ,0.08926649531410791,0.7865779250424951,0.006666666666666667,0.01,0.9366666666666666,0.04666666666666667
Data_for_model/images/Control2_15_hrs_PE_2.tif,31,,Healthy,0.99,Healthy,False,,-0.007133544426181193,0.9192629029922532,0.0,0.0033333333333333335,0.99,0.006666666666666667
Data_for_model/images/Control2_15_hrs_PE_2.tif,32,Healthy,Healthy,0.9833333333333333,Healthy,True,healthy_but_irregular_or_textured; ,0.06058831948100207,0.973218619542352,0.0,0.013333333333333334,0.9833333333333333,0.0033333333333333335
Data_for_model/images/Control2_15_hrs_PE_2.tif,33,,Healthy,0.9133333333333333,Healthy,False,,0.0186560783886367,0.8800429543234635,0.01,0.016666666666666666,0.9133333333333333,0.06
Data_for_model/images/Control2_15_hrs_PE_2.tif,34,,Healthy,0.9866666666666667,Healthy,True,healthy_but_irregular_or_textured; ,0.05034902005033859,1.062588438745924,0.0033333333333333335,0.0033333333333333335,0.9866666666666667,0.006666666666666667
Data_for_model/images/Control2_15_hrs_PE_2.tif,36,,Healthy,0.9966666666666667,Healthy,True,healthy_but_irregular_or_textured; ,0.0008890844069534554,0.9758948879587774,0.0,0.0033333333333333335,0.9966666666666667,0.0
Data_for_model/images/Control2_15_hrs_PE_2.tif,37,,Healthy,0.8733333333333333,Healthy,False,,0.044476552948348846,0.7684624098574653,0.01,0.01,0.8733333333333333,0.10666666666666667
Data_for_model/images/Control2_15_hrs_PE_2.tif,38,,Healthy,0.9766666666666667,Healthy,False,,0.05728005467886321,0.9054310036942692,0.006666666666666667,0.006666666666666667,0.9766666666666667,0.01
Data_for_model/images/Control2_15_hrs_PE_2.tif,40,Healthy,Healthy,0.9666666666666667,Healthy,True,healthy_but_irregular_or_textured; ,0.10420440936017372,1.0156053821851436,0.0033333333333333335,0.01,0.9666666666666667,0.02
Data_for_model/images/Control2_15_hrs_PE_2.tif,41,,Healthy,0.7166666666666667,Healthy,True,healthy_but_irregular_or_textured; ,0.12642485876337428,0.9970675529323336,0.03666666666666667,0.19333333333333333,0.7166666666666667,0.05333333333333334
Data_for_model/images/Control2_15_hrs_PE_2.tif,42,,Healthy,0.9633333333333334,Healthy,True,healthy_but_irregular_or_textured; ,0.050793147387253934,0.982346227331192,0.006666666666666667,0.016666666666666666,0.9633333333333334,0.013333333333333334
Data_for_model/images/Control2_15_hrs_PE_2.tif,43,Healthy,Healthy,1.0,Healthy,False,,0.02424600261805665,0.8794480335224898,0.0,0.0,1.0,0.0
Data_for_model/images/Control2_15_hrs_PE_2.tif,44,,Healthy,0.8666666666666667,Healthy,False,,0.05577199692294288,0.8253148613400132,0.02,0.01,0.8666666666666667,0.10333333333333333
Data_for_model/images/Control2_15_hrs_PE_2.tif,45,,Healthy,0.9366666666666666,Healthy,False,,0.0228640697979694,0.7856137222649662,0.02,0.03333333333333333,0.9366666666666666,0.01
Data_for_model/images/Control2_15_hrs_PE_2.tif,46,Crenated,Crenated,0.7733333333333333,Crenated,False,,0.2418675449300366,0.6826361432481759,0.7733333333333333,0.02666666666666667,0.04,0.16
Data_for_model/images/Control2_15_hrs_PE_2.tif,47,,Healthy,0.9933333333333333,Healthy,False,,0.004611063740800558,0.8589178903420129,0.0,0.0,0.9933333333333333,0.006666666666666667
Data_for_model/images/Control2_15_hrs_PE_2.tif,49,,Healthy,0.96,Healthy,False,,0.008403343236439764,0.9101756615336708,0.0,0.006666666666666667,0.96,0.03333333333333333
Data_for_model/images/Control2_15_hrs_PE_2.tif,50,,Healthy,0.5733333333333334,Healthy,True,low_confidence; healthy_but_irregular_or_textured; ,0.09973079309703303,0.9066857287136092,0.05333333333333334,0.35,0.5733333333333334,0.023333333333333334
Data_for_model/images/Control2_15_hrs_PE_2.tif,51,Healthy,Healthy,0.9733333333333334,Healthy,False,,0.02228107314527783,0.934892655545998,0.0,0.01,0.9733333333333334,0.016666666666666666
Data_for_model/images/Control2_15_hrs_PE_2.tif,52,Healthy,Healthy,0.9466666666666667,Healthy,False,,0.015357431248043674,0.7941816916536213,0.0,0.0,0.9466666666666667,0.05333333333333334
Data_for_model/images/Control2_15_hrs_PE_2.tif,53,,Healthy,0.5733333333333334,Healthy,True,low_confidence; ,0.02227000079089847,0.8891318934566507,0.13666666666666666,0.02666666666666667,0.5733333333333334,0.2633333333333333
Data_for_model/images/Control2_15_hrs_PE_2.tif,55,,Healthy,0.78,Healthy,False,,0.05640092094027327,0.9448692253789052,0.03666666666666667,0.17333333333333334,0.78,0.01
Data_for_model/images/Control2_15_hrs_PE_2.tif,56,,Healthy,0.83,Healthy,True,healthy_but_irregular_or_textured; ,0.12258530707764903,0.9905533223923508,0.013333333333333334,0.006666666666666667,0.83,0.15
Data_for_model/images/Control2_15_hrs_PE_2.tif,57,Stressed,Stressed,0.8066666666666666,Stressed,False,,0.053759841000479036,0.622061201881415,0.03666666666666667,0.0033333333333333335,0.15333333333333332,0.8066666666666666
Data_for_model/images/Control2_15_hrs_PE_2.tif,58,,Healthy,0.9133333333333333,Healthy,True,healthy_but_irregular_or_textured; ,0.05927166348197954,0.6956799147976637,0.016666666666666666,0.06,0.9133333333333333,0.01
Data_for_model/images/Control2_15_hrs_PE_2.tif,59,,Healthy,1.0,Healthy,True,healthy_but_irregular_or_textured; ,0.0219020167104087,0.9537115677987456,0.0,0.0,1.0,0.0
Data_for_model/images/Control2_15_hrs_PE_2.tif,61,,Dead,0.9566666666666667,Dead,False,,0.053958850869008534,0.6025882500713687,0.0,0.9566666666666667,0.043333333333333335,0.0
Data_for_model/images/Control2_15_hrs_PE_2.tif,62,,Dead,1.0,Dead,False,,0.12780530952941116,0.5357508582634573,0.0,1.0,0.0,0.0
Data_for_model/images/Control2_15_hrs_PE_2.tif,63,,Healthy,0.79,Healthy,False,,0.025502992266125846,0.8900322780423698,0.02,0.19,0.79,0.0
Data_for_model/images/Control2_15_hrs_PE_2.tif,64,Crenated,Crenated,0.73,Crenated,False,,0.21244049842919865,0.4720675798125961,0.73,0.0,0.013333333333333334,0.25666666666666665
Data_for_model/images/Control2_15_hrs_PE_2.tif,66,,Dead,0.9966666666666667,Dead,False,,0.09192698696993529,0.6226209681238517,0.0,0.9966666666666667,0.0033333333333333335,0.0
Data_for_model/images/Control2_15_hrs_PE_2.tif,67,Dead,Dead,0.96,Dead,False,,0.08622384278582629,0.5682403459146002,0.006666666666666667,0.96,0.03333333333333333,0.0
Data_for_model/images/Control2_15_hrs_PE_2.tif,68,Dead,Dead,1.0,Dead,False,,0.09144681664448473,0.5932262247329966,0.0,1.0,0.0,0.0
Data_for_model/images/Control2_15_hrs_PE_2.tif,70,,Dead,0.9766666666666667,Dead,False,,0.03954542621485746,0.5465911290357091,0.0,0.9766666666666667,0.023333333333333334,0.0
Data_for_model/images/Control2_15_hrs_PE_2.tif,71,,Dead,0.5733333333333334,Dead,True,low_confidence; uncertain_dead; ,0.13565311403585634,0.5820087743291668,0.12333333333333334,0.5733333333333334,0.21666666666666667,0.08666666666666667
Data_for_model/images/Control2_15_hrs_PE_2.tif,72,,Dead,1.0,Dead,False,,0.1724868025116465,0.5718116602639517,0.0,1.0,0.0,0.0
Data_for_model/images/Control2_15_hrs_PE_2.tif,74,,Dead,0.9833333333333333,Dead,False,,0.17382596325684663,0.6995878545756452,0.0,0.9833333333333333,0.016666666666666666,0.0
Data_for_model/images/Control2_15_hrs_PE_2.tif,75,,Dead,1.0,Dead,False,,0.1363942565961639,0.6766139133266342,0.0,1.0,0.0,0.0
Data_for_model/images/Control2_15_hrs_PE_2.tif,76,,Dead,0.99,Dead,False,,0.41867170412926635,0.6677277642236432,0.0,0.99,0.01,0.0
Data_for_model/images/Control2_15_hrs_PE_2.tif,80,,Dead,0.9433333333333334,Dead,False,,0.13418634125939488,0.5582128742612703,0.0,0.9433333333333334,0.056666666666666664,0.0
Data_for_model/images/Control2_15_hrs_PE_3.tif,1,,Healthy,0.7966666666666666,Healthy,False,,0.003202864426665064,0.7767323332775299,0.04,0.006666666666666667,0.7966666666666666,0.15666666666666668
Data_for_model/images/Control2_15_hrs_PE_3.tif,2,,Healthy,0.9266666666666666,Healthy,False,,0.013870244508512153,0.9042037342958292,0.01,0.0033333333333333335,0.9266666666666666,0.06
Data_for_model/images/Control2_15_hrs_PE_3.tif,3,,Healthy,1.0,Healthy,False,,0.011719630609072329,0.8755370092061124,0.0,0.0,1.0,0.0
Data_for_model/images/Control2_15_hrs_PE_3.tif,6,,Healthy,0.88,Healthy,False,,0.04024964839413536,0.942544556652506,0.023333333333333334,0.0033333333333333335,0.88,0.09333333333333334
Data_for_model/images/Control2_15_hrs_PE_3.tif,7,Healthy,Healthy,0.9133333333333333,Healthy,True,healthy_but_irregular_or_textured; ,0.08733833611871122,0.7981118586948761,0.006666666666666667,0.0033333333333333335,0.9133333333333333,0.07666666666666666
Data_for_model/images/Control2_15_hrs_PE_3.tif,8,,Dead,0.9533333333333334,Dead,False,,0.039995144713700026,0.6428202056174906,0.0,0.9533333333333334,0.04666666666666667,0.0
Data_for_model/images/Control2_15_hrs_PE_3.tif,9,,Healthy,0.89,Healthy,False,,0.043528229999571955,0.8472226183529666,0.0033333333333333335,0.0033333333333333335,0.89,0.10333333333333333
Data_for_model/images/Control2_15_hrs_PE_3.tif,10,,Stressed,0.51,Stressed,True,low_confidence; ,0.13946446293258163,0.642482422107235,0.45,0.0033333333333333335,0.03666666666666667,0.51
Data_for_model/images/Control2_15_hrs_PE_3.tif,12,Healthy,Healthy,0.9966666666666667,Healthy,False,,0.023924011437177928,0.8931103974970922,0.0033333333333333335,0.0,0.9966666666666667,0.0
Data_for_model/images/Control2_15_hrs_PE_3.tif,13,,Healthy,0.9866666666666667,Healthy,True,healthy_but_irregular_or_textured; ,0.06425481198601468,0.91905507502002,0.0033333333333333335,0.0,0.9866666666666667,0.01
Data_for_model/images/Control2_15_hrs_PE_3.tif,14,,Healthy,0.9933333333333333,Healthy,True,healthy_but_irregular_or_textured; ,-0.0011491681844322255,0.966499047870692,0.0033333333333333335,0.0033333333333333335,0.9933333333333333,0.0
Data_for_model/images/Control2_15_hrs_PE_3.tif,15,Healthy,Healthy,0.9933333333333333,Healthy,True,healthy_but_irregular_or_textured; ,0.01866569862455758,1.021874986092604,0.0033333333333333335,0.0033333333333333335,0.9933333333333333,0.0
Data_for_model/images/Control2_15_hrs_PE_3.tif,16,,Healthy,0.98,Healthy,True,healthy_but_irregular_or_textured; ,0.01778710805183048,1.0065273639351202,0.0033333333333333335,0.016666666666666666,0.98,0.0
Data_for_model/images/Control2_15_hrs_PE_3.tif,18,,Healthy,0.88,Healthy,False,,0.026949495813938795,0.934489954512371,0.05,0.043333333333333335,0.88,0.02666666666666667
Data_for_model/images/Control2_15_hrs_PE_3.tif,19,Healthy,Healthy,0.99,Healthy,True,healthy_but_irregular_or_textured; ,0.033047936772930386,1.0069968010853472,0.0033333333333333335,0.0,0.99,0.006666666666666667
Data_for_model/images/Control2_15_hrs_PE_3.tif,20,,Healthy,0.9766666666666667,Healthy,False,,0.0281088307509455,0.9053027279779396,0.013333333333333334,0.01,0.9766666666666667,0.0
Data_for_model/images/Control2_15_hrs_PE_3.tif,21,,Dead,0.8366666666666667,Dead,False,,0.024999107952158095,0.7317141270978377,0.0,0.8366666666666667,0.16333333333333333,0.0
Data_for_model/images/Control2_15_hrs_PE_3.tif,22,Healthy,Healthy,0.9566666666666667,Healthy,True,healthy_but_irregular_or_textured; ,0.005308420203210984,0.996343799978833,0.0,0.043333333333333335,0.9566666666666667,0.0
Data_for_model/images/Control2_15_hrs_PE_3.tif,23,,Healthy,0.82,Healthy,False,,0.029915961873708485,0.6681937881201783,0.03333333333333333,0.023333333333333334,0.82,0.12333333333333334
Data_for_model/images/Control2_15_hrs_PE_3.tif,24,Stressed,Stressed,0.8866666666666667,Stressed,False,,0.18719177065652504,0.6093128213430347,0.08333333333333333,0.006666666666666667,0.023333333333333334,0.8866666666666667
Data_for_model/images/Control2_15_hrs_PE_3.tif,25,Healthy,Healthy,1.0,Healthy,True,healthy_but_irregular_or_textured; ,0.058832837695418916,0.857103650715661,0.0,0.0,1.0,0.0
Data_for_model/images/Control2_15_hrs_PE_3.tif,26,,Healthy,0.9966666666666667,Healthy,False,,0.03742732080167366,0.9035168712925784,0.0,0.0033333333333333335,0.9966666666666667,0.0
Data_for_model/images/Control2_15_hrs_PE_3.tif,27,,Healthy,0.9933333333333333,Healthy,True,healthy_but_irregular_or_textured; ,-0.00574325197212866,0.9736381012465076,0.0,0.0033333333333333335,0.9933333333333333,0.0033333333333333335
Data_for_model/images/Control2_15_hrs_PE_3.tif,28,Healthy,Healthy,1.0,Healthy,True,healthy_but_irregular_or_textured; ,0.014167749889176906,0.9712523930910472,0.0,0.0,1.0,0.0
Data_for_model/images/Control2_15_hrs_PE_3.tif,30,,Healthy,0.9333333333333333,Healthy,False,,0.01938901351903466,0.8017830647774168,0.02,0.006666666666666667,0.9333333333333333,0.04
Data_for_model/images/Control2_15_hrs_PE_3.tif,31,,Healthy,0.9833333333333333,Healthy,True,healthy_but_irregular_or_textured; ,0.0325733313166664,0.9674018019331592,0.0,0.0,0.9833333333333333,0.016666666666666666
Data_for_model/images/Control2_15_hrs_PE_3.tif,32,Stressed,Stressed,0.8766666666666667,Stressed,False,,0.27043990464312495,0.6682159943549355,0.04666666666666667,0.0033333333333333335,0.07333333333333333,0.8766666666666667
Data_for_model/images/Control2_15_hrs_PE_3.tif,33,,Healthy,0.3566666666666667,Healthy,True,low_confidence; healthy_but_irregular_or_textured; ,0.20623226913599335,0.9006417609233944,0.18333333333333332,0.19,0.3566666666666667,0.27
Data_for_model/images/Control2_15_hrs_PE_3.tif,34,,Dead,0.9266666666666666,Dead,False,,0.039016701618164173,0.6322672217928681,0.0,0.9266666666666666,0.07333333333333333,0.0
Data_for_model/images/Control2_15_hrs_PE_3.tif,35,,Healthy,0.9866666666666667,Healthy,False,,0.029747521433396207,0.7583969246102157,0.0033333333333333335,0.0,0.9866666666666667,0.01
Data_for_model/images/Control2_15_hrs_PE_3.tif,36,Healthy,Healthy,0.9966666666666667,Healthy,True,healthy_but_irregular_or_textured; ,0.06650719392326543,0.8041638553898599,0.0,0.0033333333333333335,0.9966666666666667,0.0
Data_for_model/images/Control2_15_hrs_PE_3.tif,37,Healthy,Healthy,0.98,Healthy,True,healthy_but_irregular_or_textured; ,0.09271526215576464,1.0047419840445964,0.0,0.0033333333333333335,0.98,0.016666666666666666
Data_for_model/images/Control2_15_hrs_PE_3.tif,38,,Healthy,0.87,Healthy,False,,0.05330831639673739,0.9387616934531182,0.02666666666666667,0.10333333333333333,0.87,0.0
Data_for_model/images/Control2_15_hrs_PE_3.tif,39,,Healthy,0.9233333333333333,Healthy,True,healthy_but_irregular_or_textured; ,0.09411730577386479,0.9155226532130653,0.016666666666666666,0.03,0.9233333333333333,0.03
Data_for_model/images/Control2_15_hrs_PE_3.tif,40,Healthy,Healthy,0.9366666666666666,Healthy,False,,0.05616734868062234,0.8137588841314269,0.016666666666666666,0.013333333333333334,0.9366666666666666,0.03333333333333333
Data_for_model/images/Control2_15_hrs_PE_3.tif,42,,Healthy,0.9466666666666667,Healthy,True,healthy_but_irregular_or_textured; ,0.11106384513987333,0.9153494240983232,0.01,0.01,0.9466666666666667,0.03333333333333333
Data_for_model/images/Control2_15_hrs_PE_3.tif,44,Healthy,Healthy,0.9866666666666667,Healthy,True,healthy_but_irregular_or_textured; ,0.08417652810704457,0.9262553149325696,0.0033333333333333335,0.0033333333333333335,0.9866666666666667,0.006666666666666667
Data_for_model/images/Control2_15_hrs_PE_3.tif,45,,Stressed,0.6166666666666667,Stressed,False,,0.2519026102675652,0.7069745294163141,0.20666666666666667,0.0,0.17666666666666667,0.6166666666666667
Data_for_model/images/Control2_15_hrs_PE_3.tif,46,,Healthy,0.9233333333333333,Healthy,False,,0.04764302752187721,0.88887999669927,0.02,0.01,0.9233333333333333,0.04666666666666667
Data_for_model/images/Control2_15_hrs_PE_3.tif,47,Healthy,Healthy,0.9866666666666667,Healthy,True,healthy_but_irregular_or_textured; ,0.006963240546503768,0.9501497442896768,0.0,0.0033333333333333335,0.9866666666666667,0.01
Data_for_model/images/Control2_15_hrs_PE_3.tif,48,,Healthy,0.85,Healthy,False,,0.00947108245323458,0.8875033456955169,0.013333333333333334,0.13333333333333333,0.85,0.0033333333333333335
Data_for_model/images/Control2_15_hrs_PE_3.tif,49,,Stressed,0.54,Stressed,True,low_confidence; ,0.24727522621477005,0.6077205120168652,0.44333333333333336,0.0033333333333333335,0.013333333333333334,0.54
Data_for_model/images/Control2_15_hrs_PE_3.tif,50,,Healthy,0.88,Healthy,False,,0.0379750871582315,0.8191917240535374,0.023333333333333334,0.0033333333333333335,0.88,0.09333333333333334
Data_for_model/images/Control2_15_hrs_PE_3.tif,51,Healthy,Healthy,0.93,Healthy,True,healthy_but_irregular_or_textured; ,0.00182819199130968,0.9605872165726692,0.016666666666666666,0.013333333333333334,0.93,0.04
Data_for_model/images/Control2_15_hrs_PE_3.tif,53,,Dead,0.9333333333333333,Dead,False,,0.12158024932412148,0.6383334848259401,0.0,0.9333333333333333,0.06666666666666667,0.0
Data_for_model/images/Control2_15_hrs_PE_3.tif,54,,Dead,0.9066666666666666,Dead,False,,0.03893151750415891,0.6141620459104353,0.0,0.9066666666666666,0.09333333333333334,0.0
Data_for_model/images/Control2_15_hrs_PE_3.tif,55,,Dead,0.9266666666666666,Dead,False,,0.044746082370713425,0.6694891305418188,0.0,0.9266666666666666,0.07333333333333333,0.0
Data_for_model/images/Control2_15_hrs_PE_3.tif,56,,Dead,0.9866666666666667,Dead,False,,0.19687447949623815,0.5593030591330266,0.0,0.9866666666666667,0.013333333333333334,0.0
Data_for_model/images/Control2_15_hrs_PE_3.tif,57,,Dead,0.9433333333333334,Dead,False,,0.053973957339290335,0.6803245459533547,0.0,0.9433333333333334,0.056666666666666664,0.0
Data_for_model/images/Control2_15_hrs_PE_3.tif,58,,Dead,0.9633333333333334,Dead,False,,0.1001277174207944,0.4589244575845506,0.0,0.9633333333333334,0.03666666666666667,0.0
Data_for_model/images/Control2_15_hrs_PE_3.tif,59,,Dead,1.0,Dead,False,,0.17248697145849756,0.5194076067659391,0.0,1.0,0.0,0.0
Data_for_model/images/Control2_15_hrs_PE_3.tif,61,,Dead,0.5833333333333334,Dead,True,low_confidence; uncertain_dead; ,0.11354850229376268,0.5588742521399784,0.21666666666666667,0.5833333333333334,0.13333333333333333,0.06666666666666667
Data_for_model/images/Control2_15_hrs_PE_3.tif,62,,Dead,0.9933333333333333,Dead,False,,0.14468446083806363,0.5958070707495211,0.0033333333333333335,0.9933333333333333,0.0033333333333333335,0.0
Data_for_model/images/Control2_15_hrs_PE_3.tif,64,,Dead,0.9,Dead,False,,0.32798230985078436,0.4311376329744902,0.0033333333333333335,0.9,0.09333333333333334,0.0033333333333333335
Data_for_model/images/Control2_15_hrs_PE_3.tif,67,,Dead,0.9833333333333333,Dead,False,,0.3699228965331156,0.5014424635348231,0.0033333333333333335,0.9833333333333333,0.01,0.0033333333333333335
Data_for_model/images/Control2_15_hrs_PE_3.tif,68,,Dead,0.98,Dead,False,,0.1840171700799189,0.5542474712269866,0.0033333333333333335,0.98,0.01,0.006666666666666667
Data_for_model/images/Crenated_1.tif,2,Stressed,Stressed,0.9566666666666667,Stressed,False,,0.03444372756237368,0.439769956866265,0.0,0.0,0.043333333333333335,0.9566666666666667
Data_for_model/images/Crenated_1.tif,4,,Stressed,0.5,Stressed,True,low_confidence; ,0.11308654715143795,0.6816592330326088,0.043333333333333335,0.0,0.45666666666666667,0.5
Data_for_model/images/Crenated_1.tif,6,Stressed,Stressed,0.9266666666666666,Stressed,False,,0.1719057084767336,0.5601502195882812,0.023333333333333334,0.0,0.05,0.9266666666666666
Data_for_model/images/Crenated_1.tif,7,,Stressed,0.6966666666666667,Stressed,False,,0.17655580461245723,0.4994871920698193,0.29333333333333333,0.0,0.01,0.6966666666666667
Data_for_model/images/Crenated_1.tif,8,,Stressed,0.9366666666666666,Stressed,False,,0.08723325116178515,0.5635210173137113,0.0033333333333333335,0.0,0.06,0.9366666666666666
Data_for_model/images/Crenated_1.tif,9,,Stressed,0.7733333333333333,Stressed,False,,0.09488758873887182,0.643373886201568,0.013333333333333334,0.0,0.21333333333333335,0.7733333333333333
Data_for_model/images/Crenated_1.tif,10,,Healthy,0.6333333333333333,Healthy,True,healthy_but_irregular_or_textured; ,0.12256815579262137,0.6520697427116822,0.01,0.0033333333333333335,0.6333333333333333,0.35333333333333333
Data_for_model/images/Crenated_1.tif,11,Stressed,Stressed,0.9233333333333333,Stressed,False,,0.11872565918918843,0.6354592205235723,0.05333333333333334,0.0,0.023333333333333334,0.9233333333333333
Data_for_model/images/Crenated_1.tif,12,Stressed,Stressed,0.85,Stressed,False,,0.10835434642118358,0.4768078813466077,0.13333333333333333,0.0,0.016666666666666666,0.85
Data_for_model/images/Crenated_1.tif,14,Stressed,Stressed,0.9733333333333334,Stressed,False,,0.4991582020681916,0.41021382217984,0.02666666666666667,0.0,0.0,0.9733333333333334
Data_for_model/images/Crenated_1.tif,15,,Stressed,0.8333333333333334,Stressed,False,,0.021570487646042635,0.5075385552940052,0.05333333333333334,0.0,0.11333333333333333,0.8333333333333334
Data_for_model/images/Crenated_1.tif,16,,Crenated,0.6166666666666667,Crenated,True,crenated_but_low_crenation_score; ,0.0731353979459618,0.3436050377573237,0.6166666666666667,0.0,0.08666666666666667,0.2966666666666667
Data_for_model/images/Crenated_1.tif,17,,Stressed,0.67,Stressed,False,,0.06298459338891371,0.5606600582494689,0.013333333333333334,0.0,0.31666666666666665,0.67
Data_for_model/images/Crenated_1.tif,18,,Stressed,0.5,Stressed,True,low_confidence; ,0.08249117710578124,0.7731671912681549,0.03333333333333333,0.006666666666666667,0.46,0.5
Data_for_model/images/Crenated_1.tif,19,,Stressed,0.62,Stressed,False,,0.08460477109576858,0.4210082369318192,0.3,0.0,0.08,0.62
Data_for_model/images/Crenated_1.tif,20,,Stressed,0.78,Stressed,False,,0.1264427997176949,0.4055281947840554,0.17666666666666667,0.0,0.043333333333333335,0.78
Data_for_model/images/Crenated_1.tif,21,,Stressed,0.65,Stressed,False,,0.0106362142120906,0.520061220562589,0.06333333333333334,0.0,0.2866666666666667,0.65
Data_for_model/images/Crenated_1.tif,22,Stressed,Stressed,0.8066666666666666,Stressed,False,,0.5547828759037866,0.4270403123885521,0.19333333333333333,0.0,0.0,0.8066666666666666
Data_for_model/images/Crenated_1.tif,23,,Stressed,0.9533333333333334,Stressed,False,,0.19712489826657076,0.630746333242036,0.01,0.0,0.03666666666666667,0.9533333333333334
Data_for_model/images/Crenated_1.tif,24,,Healthy,0.6066666666666667,Healthy,True,healthy_but_irregular_or_textured; ,0.2092214800869031,0.7978159118612969,0.04666666666666667,0.0033333333333333335,0.6066666666666667,0.3433333333333333
Data_for_model/images/Crenated_1.tif,25,,Crenated,0.7233333333333334,Crenated,False,,0.178854343518561,0.3561039583905849,0.7233333333333334,0.0,0.006666666666666667,0.27
Data_for_model/images/Crenated_1.tif,26,,Crenated,0.8833333333333333,Crenated,False,,0.22192315032401122,0.3510351721065965,0.8833333333333333,0.0,0.01,0.10666666666666667
Data_for_model/images/Crenated_1.tif,27,Healthy,Healthy,0.7566666666666667,Healthy,True,healthy_but_irregular_or_textured; ,0.19358456622275,0.7154363308334838,0.043333333333333335,0.0033333333333333335,0.7566666666666667,0.19666666666666666
Data_for_model/images/Crenated_1.tif,28,Stressed,Stressed,0.9633333333333334,Stressed,False,,0.1581599693689224,0.4110741897580649,0.0,0.0,0.03666666666666667,0.9633333333333334
Data_for_model/images/Crenated_1.tif,29,,Crenated,1.0,Crenated,False,,0.13554817965497923,0.2991472653146986,1.0,0.0,0.0,0.0
Data_for_model/images/Crenated_1.tif,30,,Crenated,0.86,Crenated,True,crenated_but_low_crenation_score; ,0.1331018757929826,0.3969745489209771,0.86,0.0,0.006666666666666667,0.13333333333333333
Data_for_model/images/Crenated_1.tif,32,,Stressed,0.64,Stressed,False,,0.2921886804904762,0.3447005157912104,0.3433333333333333,0.0,0.016666666666666666,0.64
Data_for_model/images/Crenated_1.tif,33,,Healthy,0.49666666666666665,Healthy,True,low_confidence; healthy_but_irregular_or_textured; ,0.2194521688269202,0.6949933363024898,0.023333333333333334,0.01,0.49666666666666665,0.47
Data_for_model/images/Crenated_1.tif,35,Healthy,Healthy,0.93,Healthy,False,,0.0470111766041873,0.7033445035817267,0.0,0.0,0.93,0.07
Data_for_model/images/Crenated_1.tif,36,Crenated,Crenated,0.9833333333333333,Crenated,True,crenated_but_low_crenation_score; ,0.09949603555382547,0.3248378354026111,0.9833333333333333,0.0,0.0,0.016666666666666666
Data_for_model/images/Crenated_1.tif,37,,Healthy,0.72,Healthy,True,healthy_but_irregular_or_textured; ,0.15621310647798148,0.8950800578844084,0.016666666666666666,0.0,0.72,0.2633333333333333
Data_for_model/images/Crenated_1.tif,38,Stressed,Stressed,0.9433333333333334,Stressed,False,,0.029515831904629475,0.3691891320673003,0.04,0.0,0.016666666666666666,0.9433333333333334
Data_for_model/images/Crenated_1.tif,39,,Stressed,0.9533333333333334,Stressed,False,,0.1257951259283473,0.4351029914399058,0.013333333333333334,0.0,0.03333333333333333,0.9533333333333334
Data_for_model/images/Crenated_1.tif,41,,Crenated,0.6466666666666666,Crenated,False,,0.2661487211304848,0.282604214245647,0.6466666666666666,0.0,0.006666666666666667,0.3466666666666667
Data_for_model/images/Crenated_1.tif,42,Crenated,Crenated,0.8766666666666667,Crenated,False,,0.2586017645893709,0.3340819810086401,0.8766666666666667,0.0,0.0,0.12333333333333334
Data_for_model/images/Crenated_1.tif,43,,Stressed,0.6,Stressed,False,,0.8436489363330874,0.8147011819942408,0.13,0.04666666666666667,0.22333333333333333,0.6
Data_for_model/images/Crenated_1.tif,44,,Stressed,0.7166666666666667,Stressed,False,,0.650520169429547,0.6723850711728374,0.09666666666666666,0.006666666666666667,0.18,0.7166666666666667
Data_for_model/images/Crenated_1.tif,45,,Healthy,0.5533333333333333,Healthy,True,low_confidence; ,0.039111949681639335,0.6716390405312174,0.023333333333333334,0.0,0.5533333333333333,0.42333333333333334
Data_for_model/images/Crenated_1.tif,47,,Stressed,0.65,Stressed,False,,0.09818245461272668,0.5105262607304668,0.07666666666666666,0.016666666666666666,0.25666666666666665,0.65
Data_for_model/images/Crenated_1.tif,48,,Crenated,0.95,Crenated,False,,0.4105573042643277,0.303186149211347,0.95,0.0,0.01,0.04
Data_for_model/images/Crenated_1.tif,49,Stressed,Stressed,0.79,Stressed,False,,0.09049446109399317,0.4125763425900021,0.19,0.0,0.02,0.79
Data_for_model/images/Crenated_1.tif,50,Crenated,Crenated,1.0,Crenated,False,,0.2961243550760192,0.2525156523230425,1.0,0.0,0.0,0.0
Data_for_model/images/Crenated_1.tif,51,Crenated,Crenated,1.0,Crenated,False,,0.29725744068592364,0.2473028181850074,1.0,0.0,0.0,0.0
Data_for_model/images/Crenated_1.tif,54,Crenated,Crenated,0.99,Crenated,False,,0.8263568868876306,0.3902728196246091,0.99,0.0,0.0,0.01
Data_for_model/images/Crenated_1.tif,55,,Crenated,0.9933333333333333,Crenated,True,crenated_but_low_crenation_score; ,0.10896392437092128,0.3209847477089348,0.9933333333333333,0.0,0.0,0.006666666666666667
Data_for_model/images/Crenated_1.tif,56,Crenated,Crenated,1.0,Crenated,False,,0.34300854799583325,0.2410357894342207,1.0,0.0,0.0,0.0
Data_for_model/images/Crenated_1.tif,57,,Crenated,0.9833333333333333,Crenated,False,,0.19312764050709896,0.2732242905503669,0.9833333333333333,0.0,0.0,0.016666666666666666
Data_for_model/images/Crenated_1.tif,58,,Crenated,0.7833333333333333,Crenated,False,,0.19390723358039097,0.310476960717238,0.7833333333333333,0.0,0.01,0.20666666666666667
Data_for_model/images/Crenated_1.tif,62,Crenated,Crenated,1.0,Crenated,False,,0.28502029245414695,0.2817543102880221,1.0,0.0,0.0,0.0
Data_for_model/images/Crenated_1.tif,63,,Dead,0.9233333333333333,Dead,False,,0.0651734250474093,0.6173471160671243,0.0,0.9233333333333333,0.07666666666666666,0.0
Data_for_model/images/Crenated_1.tif,64,,Crenated,1.0,Crenated,False,,0.6308686438972357,0.2653470651385691,1.0,0.0,0.0,0.0
Data_for_model/images/Crenated_1.tif,65,,Crenated,0.7666666666666667,Crenated,False,,0.14587927917512356,0.2413168261354761,0.7666666666666667,0.006666666666666667,0.06333333333333334,0.16333333333333333
Data_for_model/images/Crenated_1.tif,67,,Crenated,1.0,Crenated,False,,0.3617888353982439,0.2365401373432294,1.0,0.0,0.0,0.0
Data_for_model/images/Crenated_1.tif,68,,Crenated,0.99,Crenated,False,,0.37953421714001945,0.310537070044348,0.99,0.0,0.0,0.01
Data_for_model/images/Crenated_1.tif,69,,Crenated,0.9566666666666667,Crenated,False,,0.24845605030735096,0.2539628967919286,0.9566666666666667,0.006666666666666667,0.023333333333333334,0.013333333333333334
Data_for_model/images/Crenated_1.tif,70,,Crenated,0.9666666666666667,Crenated,False,,0.3503258627254554,0.3007533099270232,0.9666666666666667,0.0,0.0033333333333333335,0.03
Data_for_model/images/Crenated_1.tif,71,Crenated,Crenated,1.0,Crenated,False,,0.585244737148437,0.283619699391835,1.0,0.0,0.0,0.0
Data_for_model/images/Crenated_1.tif,72,,Stressed,0.5,Stressed,True,low_confidence; ,0.7109211899688663,0.4136223264391417,0.4666666666666667,0.0,0.03333333333333333,0.5
Data_for_model/images/Crenated_1.tif,73,,Crenated,0.5733333333333334,Crenated,True,low_confidence; ,0.9535056248592108,0.4994557870612335,0.5733333333333334,0.0,0.03666666666666667,0.39
Data_for_model/images/Crenated_1.tif,145,,Healthy,0.30333333333333334,Healthy,True,low_confidence; ,,,0.18,0.22,0.30333333333333334,0.2966666666666667
Data_for_model/images/Crenated_10.tif,3,Healthy,Healthy,0.84,Healthy,False,,0.03729813473695298,0.6908119056916069,0.013333333333333334,0.0,0.84,0.14666666666666667
Data_for_model/images/Crenated_10.tif,4,,Stressed,0.9133333333333333,Stressed,False,,0.04887667854604294,0.4055247961314467,0.05,0.0,0.03666666666666667,0.9133333333333333
Data_for_model/images/Crenated_10.tif,5,Healthy,Healthy,0.84,Healthy,True,healthy_but_irregular_or_textured; ,0.18206534574340882,0.8147874577773155,0.0033333333333333335,0.0,0.84,0.15666666666666668
Data_for_model/images/Crenated_10.tif,6,,Healthy,0.6633333333333333,Healthy,False,,0.01822148152376546,0.7090285243630082,0.006666666666666667,0.0,0.6633333333333333,0.33
Data_for_model/images/Crenated_10.tif,7,,Healthy,0.9233333333333333,Healthy,False,,0.008796880121826223,0.8055199379155239,0.0033333333333333335,0.0,0.9233333333333333,0.07333333333333333
Data_for_model/images/Crenated_10.tif,8,Stressed,Stressed,0.8666666666666667,Stressed,False,,0.047946131866996144,0.6273349914839473,0.0,0.0,0.13333333333333333,0.8666666666666667
Data_for_model/images/Crenated_10.tif,9,Stressed,Stressed,0.9166666666666666,Stressed,False,,0.10641287891823525,0.3388708436376441,0.07666666666666666,0.0,0.006666666666666667,0.9166666666666666
Data_for_model/images/Crenated_10.tif,10,,Healthy,0.8466666666666667,Healthy,True,healthy_but_irregular_or_textured; ,0.07502906529081554,0.8111064885314383,0.006666666666666667,0.0,0.8466666666666667,0.14666666666666667
Data_for_model/images/Crenated_10.tif,12,,Stressed,0.49,Stressed,True,low_confidence; ,0.1804925078564401,0.4580217933321837,0.45666666666666667,0.0,0.05333333333333334,0.49
Data_for_model/images/Crenated_10.tif,14,,Healthy,0.76,Healthy,True,healthy_but_irregular_or_textured; ,0.06535115452319273,0.7622309918475364,0.0,0.0,0.76,0.24
Data_for_model/images/Crenated_10.tif,15,Stressed,Stressed,0.9533333333333334,Stressed,False,,0.1094485004301331,0.4754435085152536,0.023333333333333334,0.0,0.023333333333333334,0.9533333333333334
Data_for_model/images/Crenated_10.tif,16,,Stressed,0.76,Stressed,False,,0.1484832246146056,0.5431542027744477,0.0,0.0,0.24,0.76
Data_for_model/images/Crenated_10.tif,17,,Stressed,0.52,Stressed,True,low_confidence; ,0.5189828100994626,0.9488238954429024,0.07,0.13,0.28,0.52
Data_for_model/images/Crenated_10.tif,19,,Stressed,0.7866666666666666,Stressed,False,,-0.0022157439419356884,0.5641408836740677,0.01,0.0,0.20333333333333334,0.7866666666666666
Data_for_model/images/Crenated_10.tif,20,,Healthy,0.69,Healthy,False,,0.027839766895470075,0.7039774198869367,0.07666666666666666,0.0,0.69,0.23333333333333334
Data_for_model/images/Crenated_10.tif,21,,Stressed,0.5466666666666666,Stressed,True,low_confidence; ,0.3763395753601454,1.0196640347285406,0.03,0.02666666666666667,0.39666666666666667,0.5466666666666666
Data_for_model/images/Crenated_10.tif,22,,Crenated,0.9866666666666667,Crenated,False,,0.19765373614461712,0.2430024946545007,0.9866666666666667,0.0,0.0,0.013333333333333334
Data_for_model/images/Crenated_10.tif,24,,Stressed,0.4866666666666667,Stressed,True,low_confidence; ,0.07398494139232614,0.4862346699913626,0.2966666666666667,0.0,0.21666666666666667,0.4866666666666667
Data_for_model/images/Crenated_10.tif,25,,Healthy,0.5733333333333334,Healthy,True,low_confidence; healthy_but_irregular_or_textured; ,0.32672965883889893,0.7977084757259865,0.04,0.0033333333333333335,0.5733333333333334,0.38333333333333336
Data_for_model/images/Crenated_10.tif,28,,Crenated,0.6066666666666667,Crenated,True,crenated_but_low_crenation_score; ,0.09928598080974294,0.3262209775220502,0.6066666666666667,0.0,0.006666666666666667,0.38666666666666666
Data_for_model/images/Crenated_10.tif,29,,Stressed,0.93,Stressed,False,,0.23927854227453094,0.4591683023152212,0.04,0.0,0.03,0.93
Data_for_model/images/Crenated_10.tif,30,,Stressed,0.6966666666666667,Stressed,False,,0.15676796835547646,0.6477708928319414,0.08666666666666667,0.0,0.21666666666666667,0.6966666666666667
Data_for_model/images/Crenated_10.tif,31,,Stressed,0.5666666666666667,Stressed,True,low_confidence; ,0.2114556220475653,0.4187091744802134,0.41333333333333333,0.0,0.02,0.5666666666666667
Data_for_model/images/Crenated_10.tif,32,,Crenated,0.8866666666666667,Crenated,True,crenated_but_low_crenation_score; ,0.0541054055932072,0.407006698020619,0.8866666666666667,0.0,0.006666666666666667,0.10666666666666667
Data_for_model/images/Crenated_10.tif,33,Crenated,Crenated,0.86,Crenated,True,crenated_but_low_crenation_score; ,0.028063446376703438,0.3169609123819312,0.86,0.0,0.01,0.13
Data_for_model/images/Crenated_10.tif,34,,Healthy,0.9333333333333333,Healthy,False,,0.04473367005175022,0.8992218336511376,0.01,0.0,0.9333333333333333,0.056666666666666664
Data_for_model/images/Crenated_10.tif,35,,Crenated,0.9966666666666667,Crenated,False,,0.3851117575474359,0.2714480732681474,0.9966666666666667,0.0,0.0,0.0033333333333333335
Data_for_model/images/Crenated_10.tif,36,Crenated,Crenated,0.97,Crenated,False,,0.2941453729686938,0.2276252361082275,0.97,0.0,0.0033333333333333335,0.02666666666666667
Data_for_model/images/Crenated_10.tif,39,,Crenated,0.8833333333333333,Crenated,False,,0.3357060582789593,0.3104390491350535,0.8833333333333333,0.0,0.0033333333333333335,0.11333333333333333
Data_for_model/images/Crenated_10.tif,40,,Crenated,0.98,Crenated,True,crenated_but_low_crenation_score; ,0.12434043355018054,0.3058352692062262,0.98,0.0,0.0,0.02
Data_for_model/images/Crenated_10.tif,41,,Stressed,0.57,Stressed,True,low_confidence; ,0.2666342596493837,0.8722871038993643,0.056666666666666664,0.016666666666666666,0.3566666666666667,0.57
Data_for_model/images/Crenated_10.tif,44,,Stressed,0.7166666666666667,Stressed,False,,0.10023277905535433,0.4083333310899036,0.25666666666666665,0.0,0.02666666666666667,0.7166666666666667
Data_for_model/images/Crenated_10.tif,46,,Crenated,0.9933333333333333,Crenated,False,,0.5595053226397116,0.27232321144574,0.9933333333333333,0.0,0.0,0.006666666666666667
Data_for_model/images/Crenated_10.tif,47,Crenated,Crenated,0.96,Crenated,True,crenated_but_low_crenation_score; ,0.033586489994628876,0.3497905545253252,0.96,0.0,0.0033333333333333335,0.03666666666666667
Data_for_model/images/Crenated_10.tif,48,,Crenated,0.82,Crenated,False,,0.6742658663564912,0.3764282723997836,0.82,0.0,0.0033333333333333335,0.17666666666666667
Data_for_model/images/Crenated_10.tif,49,,Dead,0.8666666666666667,Dead,False,,0.039220516142483786,0.6471396088911877,0.0,0.8666666666666667,0.13,0.0033333333333333335
Data_for_model/images/Crenated_10.tif,51,,Crenated,0.8433333333333334,Crenated,False,,0.4589282842162645,0.373022599956257,0.8433333333333334,0.0033333333333333335,0.013333333333333334,0.14
Data_for_model/images/Crenated_10.tif,52,Crenated,Crenated,0.98,Crenated,False,,0.24328461621241926,0.2988899945707059,0.98,0.006666666666666667,0.0033333333333333335,0.01
Data_for_model/images/Crenated_10.tif,54,,Crenated,0.99,Crenated,False,,0.2860439352595797,0.2469197814945287,0.99,0.0,0.0,0.01
Data_for_model/images/Crenated_10.tif,55,,Crenated,0.9833333333333333,Crenated,False,,0.23351428512533268,0.2454722247581251,0.9833333333333333,0.0,0.006666666666666667,0.01
Data_for_model/images/Crenated_10.tif,56,,Crenated,0.9633333333333334,Crenated,False,,0.25033747061819445,0.2153680192593926,0.9633333333333334,0.0,0.0033333333333333335,0.03333333333333333
Data_for_model/images/Crenated_10.tif,57,,Dead,0.3233333333333333,Dead,True,low_confidence; uncertain_dead; ,0.22100946058727544,0.3934262684385204,0.20666666666666667,0.3233333333333333,0.21333333333333335,0.25666666666666665
Data_for_model/images/Crenated_10.tif,59,,Crenated,0.98,Crenated,False,,0.30908022781394173,0.2366842844238214,0.98,0.0,0.0033333333333333335,0.016666666666666666
Data_for_model/images/Crenated_10.tif,61,,Crenated,1.0,Crenated,False,,0.3651747606318225,0.2780968963472813,1.0,0.0,0.0,0.0
Data_for_model/images/Crenated_10.tif,64,,Crenated,0.9933333333333333,Crenated,False,,0.4349758459835992,0.2805269531654403,0.9933333333333333,0.0,0.0,0.006666666666666667
Data_for_model/images/Crenated_10.tif,65,Crenated,Crenated,0.9966666666666667,Crenated,False,,0.46490642639061497,0.2322396785519958,0.9966666666666667,0.0,0.0,0.0033333333333333335
Data_for_model/images/Crenated_10.tif,67,Crenated,Crenated,1.0,Crenated,False,,0.45471953325662506,0.2492440545889295,1.0,0.0,0.0,0.0
Data_for_model/images/Crenated_10.tif,68,Crenated,Crenated,1.0,Crenated,False,,0.2459127765503698,0.3030059667472169,1.0,0.0,0.0,0.0
Data_for_model/images/Crenated_10.tif,69,,Crenated,0.82,Crenated,False,,0.919094754197324,0.2920774495477076,0.82,0.013333333333333334,0.06,0.10666666666666667
Data_for_model/images/Crenated_10.tif,72,,Crenated,1.0,Crenated,False,,0.4747508109990344,0.2222293909785322,1.0,0.0,0.0,0.0
Data_for_model/images/Crenated_11.tif,1,,Stressed,0.7166666666666667,Stressed,False,,0.09106051951047112,0.6165916276679958,0.02666666666666667,0.0,0.25666666666666665,0.7166666666666667
Data_for_model/images/Crenated_11.tif,2,,Healthy,0.8,Healthy,True,healthy_but_irregular_or_textured; ,0.09269650757278802,0.8364644337068963,0.006666666666666667,0.0,0.8,0.19333333333333333
Data_for_model/images/Crenated_11.tif,3,,Healthy,0.6833333333333333,Healthy,True,healthy_but_irregular_or_textured; ,0.06713196446031644,0.7808035529717146,0.02666666666666667,0.0,0.6833333333333333,0.29
Data_for_model/images/Crenated_11.tif,5,,Stressed,0.6966666666666667,Stressed,False,,0.0981754237479523,0.5138574849134885,0.1,0.0,0.20333333333333334,0.6966666666666667
Data_for_model/images/Crenated_11.tif,6,,Stressed,0.7733333333333333,Stressed,False,,0.01637391069903038,0.5144080448016761,0.006666666666666667,0.0,0.22,0.7733333333333333
Data_for_model/images/Crenated_11.tif,7,,Healthy,0.94,Healthy,True,healthy_but_irregular_or_textured; ,0.06804714423984093,0.8979295743835958,0.006666666666666667,0.0033333333333333335,0.94,0.05
Data_for_model/images/Crenated_11.tif,8,Stressed,Stressed,0.9333333333333333,Stressed,False,,0.07693839037984151,0.6185249978886144,0.0033333333333333335,0.0,0.06333333333333334,0.9333333333333333
Data_for_model/images/Crenated_11.tif,9,,Stressed,0.6333333333333333,Stressed,False,,0.20269074079570237,1.050135285451304,0.14,0.04,0.18666666666666668,0.6333333333333333
Data_for_model/images/Crenated_11.tif,10,Stressed,Stressed,0.8966666666666666,Stressed,False,,0.00927402459615323,0.5595929198327054,0.02,0.0,0.08333333333333333,0.8966666666666666
Data_for_model/images/Crenated_11.tif,11,Stressed,Stressed,0.97,Stressed,False,,0.03344395663264366,0.4631308227950355,0.006666666666666667,0.0,0.023333333333333334,0.97
Data_for_model/images/Crenated_11.tif,12,,Stressed,0.8266666666666667,Stressed,False,,0.017084425009926463,0.4870032529738096,0.08,0.0,0.09333333333333334,0.8266666666666667
Data_for_model/images/Crenated_11.tif,13,,Healthy,0.7733333333333333,Healthy,False,,0.054108483730995305,0.7932066766655057,0.03333333333333333,0.0033333333333333335,0.7733333333333333,0.19
Data_for_model/images/Crenated_11.tif,14,Stressed,Stressed,0.81,Stressed,False,,0.2846227230329931,0.4509012349529345,0.18333333333333332,0.0,0.006666666666666667,0.81
Data_for_model/images/Crenated_11.tif,15,Stressed,Stressed,0.9133333333333333,Stressed,False,,0.17437595055280208,0.5781956501486568,0.0033333333333333335,0.0,0.08333333333333333,0.9133333333333333
Data_for_model/images/Crenated_11.tif,16,,Healthy,0.78,Healthy,True,healthy_but_irregular_or_textured; ,0.06508749674632752,0.8054328473508061,0.02666666666666667,0.0,0.78,0.19333333333333333
Data_for_model/images/Crenated_11.tif,17,,Stressed,0.8466666666666667,Stressed,False,,0.08738564379439606,0.645709229536957,0.01,0.0,0.14333333333333334,0.8466666666666667
Data_for_model/images/Crenated_11.tif,18,,Healthy,0.6266666666666667,Healthy,True,healthy_but_irregular_or_textured; ,0.059365476409624196,0.7372940182182559,0.01,0.0,0.6266666666666667,0.36333333333333334
Data_for_model/images/Crenated_11.tif,19,Stressed,Stressed,0.92,Stressed,False,,0.18702445697554781,0.5313734703861426,0.07,0.0,0.01,0.92
Data_for_model/images/Crenated_11.tif,21,Stressed,Stressed,0.9133333333333333,Stressed,False,,0.17367849141450353,0.4441261444285553,0.07333333333333333,0.0,0.013333333333333334,0.9133333333333333
Data_for_model/images/Crenated_11.tif,22,,Healthy,0.6033333333333334,Healthy,True,healthy_but_irregular_or_textured; ,0.06975238554312002,0.7820495487721874,0.09333333333333334,0.0,0.6033333333333334,0.30333333333333334
Data_for_model/images/Crenated_11.tif,23,Stressed,Stressed,0.9666666666666667,Stressed,False,,0.09479804599039798,0.457690236905044,0.006666666666666667,0.0,0.02666666666666667,0.9666666666666667
Data_for_model/images/Crenated_11.tif,24,Stressed,Stressed,0.82,Stressed,False,,0.1996049805852863,0.3527264055908009,0.13333333333333333,0.0,0.04666666666666667,0.82
Data_for_model/images/Crenated_11.tif,25,,Stressed,0.5066666666666667,Stressed,True,low_confidence; ,0.2904393218521021,0.7239766341563143,0.06333333333333334,0.006666666666666667,0.42333333333333334,0.5066666666666667
Data_for_model/images/Crenated_11.tif,26,Stressed,Stressed,0.9533333333333334,Stressed,False,,0.07300910213410572,0.5829979818535317,0.0,0.0,0.04666666666666667,0.9533333333333334
Data_for_model/images/Crenated_11.tif,29,Stressed,Stressed,0.79,Stressed,False,,0.20535724586848647,0.5541700374974026,0.20333333333333334,0.0,0.006666666666666667,0.79
Data_for_model/images/Crenated_11.tif,30,,Stressed,0.5033333333333333,Stressed,True,low_confidence; ,0.059743574861462756,0.6260686602311986,0.05,0.0,0.44666666666666666,0.5033333333333333
Data_for_model/images/Crenated_11.tif,31,Crenated,Crenated,0.71,Crenated,True,crenated_but_low_crenation_score; ,0.08149772487052509,0.4770072587901036,0.71,0.0,0.006666666666666667,0.2833333333333333
Data_for_model/images/Crenated_11.tif,32,Crenated,Crenated,0.7633333333333333,Crenated,False,,0.4123576258656205,0.4796860387260929,0.7633333333333333,0.0,0.023333333333333334,0.21333333333333335
Data_for_model/images/Crenated_11.tif,33,Crenated,Crenated,0.8833333333333333,Crenated,True,crenated_but_low_crenation_score; ,0.10780569023843156,0.3310535075247497,0.8833333333333333,0.0,0.0,0.11666666666666667
Data_for_model/images/Crenated_11.tif,34,Crenated,Crenated,0.95,Crenated,True,crenated_but_low_crenation_score; ,0.07467794091398039,0.3588002019841739,0.95,0.0,0.0033333333333333335,0.04666666666666667
Data_for_model/images/Crenated_11.tif,35,,Healthy,0.6433333333333333,Healthy,True,healthy_but_irregular_or_textured; ,0.060637082914855256,0.6882533599184691,0.0033333333333333335,0.0,0.6433333333333333,0.35333333333333333
Data_for_model/images/Crenated_11.tif,36,,Crenated,0.9966666666666667,Crenated,False,,0.24086347715451117,0.3368661221115921,0.9966666666666667,0.0,0.0,0.0033333333333333335
Data_for_model/images/Crenated_11.tif,38,,Stressed,0.8133333333333334,Stressed,False,,0.09263968216457741,0.3943781268904585,0.08333333333333333,0.0,0.10333333333333333,0.8133333333333334
Data_for_model/images/Crenated_11.tif,39,Crenated,Crenated,0.9833333333333333,Crenated,False,,0.6464849188822216,0.2641170842948288,0.9833333333333333,0.0,0.0,0.016666666666666666
Data_for_model/images/Crenated_11.tif,40,Stressed,Stressed,0.8433333333333334,Stressed,False,,0.2369145782771449,0.3987987422503588,0.13,0.0,0.02666666666666667,0.8433333333333334
Data_for_model/images/Crenated_11.tif,41,,Healthy,0.6333333333333333,Healthy,False,,0.04462776402213686,0.6370376448260897,0.013333333333333334,0.0033333333333333335,0.6333333333333333,0.35
Data_for_model/images/Crenated_11.tif,42,Crenated,Crenated,0.7933333333333333,Crenated,False,,0.32791452355999917,0.3899646042697115,0.7933333333333333,0.0,0.0033333333333333335,0.20333333333333334
Data_for_model/images/Crenated_11.tif,43,Crenated,Crenated,0.9733333333333334,Crenated,False,,0.3841023590711612,0.2557531270212334,0.9733333333333334,0.0,0.0,0.02666666666666667
Data_for_model/images/Crenated_11.tif,45,,Crenated,0.86,Crenated,False,,0.3200339727394037,0.3568390469538887,0.86,0.0,0.01,0.13
Data_for_model/images/Crenated_11.tif,46,Crenated,Crenated,0.71,Crenated,False,,0.1409659294476473,0.4289624029732435,0.71,0.0,0.006666666666666667,0.2833333333333333
Data_for_model/images/Crenated_11.tif,48,,Crenated,0.99,Crenated,False,,0.19447255849786194,0.2994225981189364,0.99,0.0,0.0,0.01
Data_for_model/images/Crenated_11.tif,49,,Healthy,0.8066666666666666,Healthy,True,healthy_but_irregular_or_textured; ,0.06579236927470611,0.6914560278018084,0.006666666666666667,0.013333333333333334,0.8066666666666666,0.17333333333333334
Data_for_model/images/Crenated_11.tif,50,,Crenated,1.0,Crenated,True,crenated_but_low_crenation_score; ,0.12107506102313248,0.2558446255103836,1.0,0.0,0.0,0.0
Data_for_model/images/Crenated_11.tif,51,Crenated,Crenated,0.95,Crenated,False,,0.3079927464863992,0.3469883760685117,0.95,0.0,0.006666666666666667,0.043333333333333335
Data_for_model/images/Crenated_11.tif,53,,Crenated,0.46,Crenated,True,low_confidence; ,0.20229823708216066,0.3974601518259721,0.46,0.0,0.11666666666666667,0.42333333333333334
Data_for_model/images/Crenated_11.tif,54,,Crenated,1.0,Crenated,False,,0.36702364816847277,0.3188494813684716,1.0,0.0,0.0,0.0
Data_for_model/images/Crenated_11.tif,60,Crenated,Crenated,0.99,Crenated,False,,0.297554547198416,0.3764479336627886,0.99,0.0,0.0,0.01
Data_for_model/images/Crenated_11.tif,62,,Crenated,0.94,Crenated,False,,0.5970861506183716,0.2093123653952529,0.94,0.0,0.006666666666666667,0.05333333333333334
Data_for_model/images/Crenated_11.tif,63,Crenated,Crenated,0.9966666666666667,Crenated,True,crenated_but_low_crenation_score; ,0.1280239098454764,0.220940979177062,0.9966666666666667,0.0,0.0,0.0033333333333333335
Data_for_model/images/Crenated_11.tif,65,Crenated,Crenated,0.9833333333333333,Crenated,False,,0.6623841014484871,0.2963428643736088,0.9833333333333333,0.0,0.0,0.016666666666666666
Data_for_model/images/Crenated_11.tif,66,Crenated,Crenated,0.9966666666666667,Crenated,False,,0.478930603909261,0.2856613310966797,0.9966666666666667,0.0,0.0,0.0033333333333333335
Data_for_model/images/Crenated_11.tif,67,Crenated,Crenated,1.0,Crenated,False,,0.536950946275687,0.2623718037402932,1.0,0.0,0.0,0.0
Data_for_model/images/Crenated_12.tif,2,Stressed,Stressed,0.93,Stressed,False,,0.015957180665282955,0.460326685604177,0.0,0.0,0.07,0.93
Data_for_model/images/Crenated_12.tif,4,Healthy,Healthy,0.9366666666666666,Healthy,True,healthy_but_irregular_or_textured; ,0.10298394122212362,0.7694668557027093,0.0033333333333333335,0.0,0.9366666666666666,0.06
Data_for_model/images/Crenated_12.tif,5,,Stressed,0.7866666666666666,Stressed,False,,0.10737482556387323,0.6833903804896191,0.016666666666666666,0.0,0.19666666666666666,0.7866666666666666
Data_for_model/images/Crenated_12.tif,7,,Stressed,0.8433333333333334,Stressed,False,,0.23309704552063615,0.4818662327098668,0.09666666666666666,0.0,0.06,0.8433333333333334
Data_for_model/images/Crenated_12.tif,8,Healthy,Healthy,0.73,Healthy,False,,0.03199824705749532,0.6488050778435609,0.0033333333333333335,0.0,0.73,0.26666666666666666
Data_for_model/images/Crenated_12.tif,9,,Stressed,0.9133333333333333,Stressed,False,,0.12432612287209877,0.4667858473012116,0.016666666666666666,0.0,0.07,0.9133333333333333
Data_for_model/images/Crenated_12.tif,10,Stressed,Stressed,0.9133333333333333,Stressed,False,,0.07406859169581803,0.5544761163597336,0.02666666666666667,0.0,0.06,0.9133333333333333
Data_for_model/images/Crenated_12.tif,11,,Stressed,0.5933333333333334,Stressed,True,low_confidence; ,0.08548466381681818,0.6246177564512689,0.36666666666666664,0.0,0.04,0.5933333333333334
Data_for_model/images/Crenated_12.tif,12,,Healthy,0.91,Healthy,False,,0.04423910386238539,0.8526622004330894,0.006666666666666667,0.0,0.91,0.08333333333333333
Data_for_model/images/Crenated_12.tif,13,,Stressed,0.8766666666666667,Stressed,False,,0.10938203445312467,0.3691618467593927,0.08666666666666667,0.0,0.03666666666666667,0.8766666666666667
Data_for_model/images/Crenated_12.tif,14,,Healthy,0.8833333333333333,Healthy,False,,0.053882992072389335,0.6910894023637242,0.006666666666666667,0.0,0.8833333333333333,0.11
Data_for_model/images/Crenated_12.tif,15,Healthy,Healthy,0.7266666666666667,Healthy,True,healthy_but_irregular_or_textured; ,0.13447284711599095,0.5845670919586989,0.0,0.0,0.7266666666666667,0.2733333333333333
Data_for_model/images/Crenated_12.tif,16,,Healthy,0.7333333333333333,Healthy,True,healthy_but_irregular_or_textured; ,0.07198664168736102,0.7207641961402896,0.006666666666666667,0.0,0.7333333333333333,0.26
Data_for_model/images/Crenated_12.tif,17,,Stressed,0.49666666666666665,Stressed,True,low_confidence; ,0.007891925285469004,0.5911412869396738,0.08666666666666667,0.0,0.4166666666666667,0.49666666666666665
Data_for_model/images/Crenated_12.tif,18,,Stressed,0.6733333333333333,Stressed,False,,0.27513035371779604,0.5579815277160964,0.24666666666666667,0.0033333333333333335,0.07666666666666666,0.6733333333333333
Data_for_model/images/Crenated_12.tif,19,,Stressed,0.53,Stressed,True,low_confidence; ,0.010652977880298953,0.6069267414047916,0.01,0.0,0.46,0.53
Data_for_model/images/Crenated_12.tif,20,,Stressed,0.92,Stressed,False,,0.17182509114267563,0.5752755916213271,0.04,0.0,0.04,0.92
Data_for_model/images/Crenated_12.tif,21,Stressed,Stressed,0.9566666666666667,Stressed,False,,0.03784765937830459,0.5863748842366533,0.02,0.0,0.023333333333333334,0.9566666666666667
Data_for_model/images/Crenated_12.tif,22,,Healthy,0.7733333333333333,Healthy,True,healthy_but_irregular_or_textured; ,0.12552673282825,0.8158881654567471,0.0033333333333333335,0.0,0.7733333333333333,0.22333333333333333
Data_for_model/images/Crenated_12.tif,23,,Stressed,0.8233333333333334,Stressed,False,,0.11655697934678166,0.6175883499510167,0.12333333333333334,0.0,0.05333333333333334,0.8233333333333334
Data_for_model/images/Crenated_12.tif,24,Crenated,Crenated,0.8066666666666666,Crenated,False,,0.2338433064262282,0.366996234310924,0.8066666666666666,0.0,0.01,0.18333333333333332
Data_for_model/images/Crenated_12.tif,26,Stressed,Stressed,0.9466666666666667,Stressed,False,,0.19315149337282955,0.6125092951949705,0.016666666666666666,0.0,0.03666666666666667,0.9466666666666667
Data_for_model/images/Crenated_12.tif,27,,Stressed,0.8633333333333333,Stressed,False,,0.27364446634267126,0.5988811121884066,0.09333333333333334,0.0,0.043333333333333335,0.8633333333333333
Data_for_model/images/Crenated_12.tif,28,,Stressed,0.9266666666666666,Stressed,False,,0.19247108645593158,0.4754408572866795,0.03666666666666667,0.0,0.03666666666666667,0.9266666666666666
Data_for_model/images/Crenated_12.tif,29,Stressed,Stressed,0.92,Stressed,False,,0.06697750957949444,0.3594573147100142,0.05333333333333334,0.0,0.02666666666666667,0.92
Data_for_model/images/Crenated_12.tif,30,,Healthy,0.7233333333333334,Healthy,True,healthy_but_irregular_or_textured; ,0.16566801042995427,0.8720369248065124,0.0033333333333333335,0.0,0.7233333333333334,0.2733333333333333
Data_for_model/images/Crenated_12.tif,31,Stressed,Stressed,0.9333333333333333,Stressed,False,,0.1366211291192423,0.578448912134712,0.016666666666666666,0.0,0.05,0.9333333333333333
Data_for_model/images/Crenated_12.tif,32,Stressed,Stressed,0.8833333333333333,Stressed,False,,0.1901937853297061,0.601778912720892,0.02666666666666667,0.0033333333333333335,0.08666666666666667,0.8833333333333333
Data_for_model/images/Crenated_12.tif,33,,Stressed,0.73,Stressed,False,,0.14436187441881676,0.5719804696138073,0.22333333333333333,0.0,0.04666666666666667,0.73
Data_for_model/images/Crenated_12.tif,34,Crenated,Crenated,0.9266666666666666,Crenated,False,,0.41109050916009215,0.3253034093007932,0.9266666666666666,0.0,0.0,0.07333333333333333
Data_for_model/images/Crenated_12.tif,35,Healthy,Healthy,0.79,Healthy,True,healthy_but_irregular_or_textured; ,0.08281875878919265,0.8577113010845847,0.03333333333333333,0.0,0.79,0.17666666666666667
Data_for_model/images/Crenated_12.tif,36,Stressed,Stressed,0.7666666666666667,Stressed,False,,0.1613100868602786,0.9023248759103808,0.02,0.006666666666666667,0.20666666666666667,0.7666666666666667
Data_for_model/images/Crenated_12.tif,37,Stressed,Stressed,0.8866666666666667,Stressed,False,,0.32748955806525515,0.6659891273223105,0.043333333333333335,0.0,0.07,0.8866666666666667
Data_for_model/images/Crenated_12.tif,38,,Crenated,0.9233333333333333,Crenated,True,crenated_but_low_crenation_score; ,0.08756915563728085,0.3003857625426535,0.9233333333333333,0.0,0.013333333333333334,0.06333333333333334
Data_for_model/images/Crenated_12.tif,39,,Crenated,0.69,Crenated,True,crenated_but_low_crenation_score; ,0.11367313702008341,0.3101732844444007,0.69,0.0,0.01,0.3
Data_for_model/images/Crenated_12.tif,41,,Healthy,0.8366666666666667,Healthy,False,,0.039515046814681765,0.7160051803255801,0.01,0.0,0.8366666666666667,0.15333333333333332
Data_for_model/images/Crenated_12.tif,42,,Crenated,0.87,Crenated,True,crenated_but_low_crenation_score; ,0.07274576661435384,0.3267537902413247,0.87,0.0,0.023333333333333334,0.10666666666666667
Data_for_model/images/Crenated_12.tif,43,,Stressed,0.74,Stressed,False,,0.13910842725225758,0.6081389264995488,0.006666666666666667,0.0,0.25333333333333335,0.74
Data_for_model/images/Crenated_12.tif,44,,Crenated,0.9366666666666666,Crenated,False,,0.14496040595413118,0.4455692629763822,0.9366666666666666,0.0,0.0033333333333333335,0.06
Data_for_model/images/Crenated_12.tif,45,Crenated,Crenated,0.77,Crenated,False,,0.32898769295794217,0.5427086387441682,0.77,0.0,0.03333333333333333,0.19666666666666666
Data_for_model/images/Crenated_12.tif,48,Crenated,Crenated,0.7133333333333334,Crenated,False,,0.15503911573638074,0.3421702441320056,0.7133333333333334,0.0,0.0033333333333333335,0.2833333333333333
Data_for_model/images/Crenated_12.tif,50,Crenated,Crenated,0.9933333333333333,Crenated,False,,0.30736461354196054,0.2221383524810895,0.9933333333333333,0.0,0.0,0.006666666666666667
Data_for_model/images/Crenated_12.tif,51,,Crenated,0.9566666666666667,Crenated,False,,0.5592748614282174,0.2187061616107288,0.9566666666666667,0.013333333333333334,0.0033333333333333335,0.02666666666666667
Data_for_model/images/Crenated_12.tif,52,Crenated,Crenated,0.93,Crenated,False,,0.26240086235533244,0.3081956347698538,0.93,0.0,0.01,0.06
Data_for_model/images/Crenated_12.tif,53,,Crenated,0.9866666666666667,Crenated,False,,0.20186795127268675,0.2632700940230041,0.9866666666666667,0.0,0.0,0.013333333333333334
Data_for_model/images/Crenated_12.tif,55,,Crenated,1.0,Crenated,False,,0.4243647089292202,0.2839854270110942,1.0,0.0,0.0,0.0
Data_for_model/images/Crenated_12.tif,56,,Crenated,0.8933333333333333,Crenated,False,,0.16158427825787103,0.344082040081704,0.8933333333333333,0.0,0.0033333333333333335,0.10333333333333333
Data_for_model/images/Crenated_12.tif,57,,Crenated,0.82,Crenated,False,,0.20191740122082025,0.3885432049054937,0.82,0.0,0.0,0.18
Data_for_model/images/Crenated_12.tif,58,Crenated,Crenated,1.0,Crenated,False,,0.2808699788417207,0.2376783338572438,1.0,0.0,0.0,0.0
Data_for_model/images/Crenated_12.tif,62,,Crenated,0.8566666666666667,Crenated,False,,0.7022209946962509,0.2674174913047415,0.8566666666666667,0.0,0.01,0.13333333333333333
Data_for_model/images/Crenated_12.tif,63,,Crenated,0.7966666666666666,Crenated,False,,0.20463380326974756,0.3667716032059439,0.7966666666666666,0.0,0.01,0.19333333333333333
Data_for_model/images/Crenated_12.tif,64,,Crenated,1.0,Crenated,True,crenated_but_low_crenation_score; ,0.09769953786672769,0.2475188911043976,1.0,0.0,0.0,0.0
Data_for_model/images/Crenated_12.tif,66,,Crenated,0.9966666666666667,Crenated,False,,0.3443825011208672,0.246222150313401,0.9966666666666667,0.0,0.0,0.0033333333333333335
Data_for_model/images/Crenated_12.tif,67,,Crenated,0.9333333333333333,Crenated,False,,0.6720793889684036,0.2697011793471404,0.9333333333333333,0.013333333333333334,0.013333333333333334,0.04
Data_for_model/images/Crenated_12.tif,68,,Crenated,0.9633333333333334,Crenated,False,,0.28005424869930173,0.2135433235806183,0.9633333333333334,0.0033333333333333335,0.013333333333333334,0.02
Data_for_model/images/Crenated_12.tif,69,Crenated,Crenated,1.0,Crenated,True,crenated_but_low_crenation_score; ,0.048570213837684006,0.2733431323818886,1.0,0.0,0.0,0.0
Data_for_model/images/Crenated_12.tif,70,,Crenated,0.9866666666666667,Crenated,False,,0.24291834874066953,0.2346381844219548,0.9866666666666667,0.0,0.0,0.013333333333333334
Data_for_model/images/Crenated_12.tif,72,Crenated,Crenated,0.92,Crenated,False,,0.3467829779313263,0.6399279681832551,0.92,0.0033333333333333335,0.023333333333333334,0.05333333333333334
Data_for_model/images/Crenated_12.tif,73,,Crenated,1.0,Crenated,True,crenated_but_low_crenation_score; ,0.1010341586486031,0.2724924281950503,1.0,0.0,0.0,0.0
Data_for_model/images/Crenated_12.tif,76,,Crenated,1.0,Crenated,False,,0.6727901330476548,0.3458609982806078,1.0,0.0,0.0,0.0
Data_for_model/images/Crenated_12.tif,77,,Crenated,1.0,Crenated,False,,0.16341866354840395,0.238378047151985,1.0,0.0,0.0,0.0
Data_for_model/images/Crenated_12.tif,78,,Crenated,0.9766666666666667,Crenated,False,,0.3170542804533497,0.2771859552937133,0.9766666666666667,0.0,0.0,0.023333333333333334
Data_for_model/images/Crenated_12.tif,80,,Crenated,0.98,Crenated,False,,0.21448121034398437,0.2277837380328583,0.98,0.0,0.0,0.02
Data_for_model/images/Crenated_12.tif,83,Crenated,Crenated,1.0,Crenated,False,,0.26071101939526786,0.2250707328314986,1.0,0.0,0.0,0.0
Data_for_model/images/Crenated_13.tif,1,Stressed,Stressed,0.8766666666666667,Stressed,False,,0.0893554606062521,0.5239551954984021,0.09666666666666666,0.0,0.02666666666666667,0.8766666666666667
Data_for_model/images/Crenated_13.tif,2,Healthy,Healthy,0.84,Healthy,True,healthy_but_irregular_or_textured; ,0.07228852431115662,0.6455909147487308,0.0,0.0,0.84,0.16
Data_for_model/images/Crenated_13.tif,3,,Stressed,0.8333333333333334,Stressed,False,,0.04715533449385578,0.5817422464584034,0.0033333333333333335,0.0,0.16333333333333333,0.8333333333333334
Data_for_model/images/Crenated_13.tif,4,Healthy,Healthy,0.72,Healthy,True,healthy_but_irregular_or_textured; ,0.1384143140443196,0.6714013373388928,0.0033333333333333335,0.0033333333333333335,0.72,0.2733333333333333
Data_for_model/images/Crenated_13.tif,5,,Healthy,0.5333333333333333,Healthy,True,low_confidence; healthy_but_irregular_or_textured; ,0.061396619570346145,0.5756613291484034,0.0033333333333333335,0.0,0.5333333333333333,0.4633333333333333
Data_for_model/images/Crenated_13.tif,6,,Stressed,0.7833333333333333,Stressed,False,,0.05211528570080537,0.6077690410225769,0.02666666666666667,0.0,0.19,0.7833333333333333
Data_for_model/images/Crenated_13.tif,7,Stressed,Stressed,0.9333333333333333,Stressed,False,,0.18695914756906817,0.4387762403003387,0.05333333333333334,0.0,0.013333333333333334,0.9333333333333333
Data_for_model/images/Crenated_13.tif,8,Healthy,Healthy,0.8333333333333334,Healthy,False,,0.05203372771640935,0.792970241315712,0.013333333333333334,0.0,0.8333333333333334,0.15333333333333332
Data_for_model/images/Crenated_13.tif,9,Stressed,Stressed,0.8966666666666666,Stressed,False,,0.07513407535761507,0.583552247600173,0.016666666666666666,0.0,0.08666666666666667,0.8966666666666666
Data_for_model/images/Crenated_13.tif,10,,Stressed,0.84,Stressed,False,,0.10677446818633496,0.5950605569577965,0.0033333333333333335,0.0,0.15666666666666668,0.84
Data_for_model/images/Crenated_13.tif,11,,Healthy,0.8066666666666666,Healthy,True,healthy_but_irregular_or_textured; ,0.1164440710556982,0.8784583034430175,0.023333333333333334,0.0033333333333333335,0.8066666666666666,0.16666666666666666
Data_for_model/images/Crenated_13.tif,12,,Healthy,0.4,Healthy,True,low_confidence; healthy_but_irregular_or_textured; ,0.1052458818771056,0.6478959911806831,0.31,0.12666666666666668,0.4,0.16333333333333333
Data_for_model/images/Crenated_13.tif,13,Healthy,Healthy,0.7766666666666666,Healthy,False,,0.0406698037057327,0.615719099778601,0.006666666666666667,0.0,0.7766666666666666,0.21666666666666667
Data_for_model/images/Crenated_13.tif,14,,Stressed,0.8133333333333334,Stressed,False,,0.11544549636820634,0.602454268159543,0.02666666666666667,0.0,0.16,0.8133333333333334
Data_for_model/images/Crenated_13.tif,15,,Stressed,0.5433333333333333,Stressed,True,low_confidence; ,0.22029612367019513,0.7208324438032226,0.01,0.01,0.43666666666666665,0.5433333333333333
Data_for_model/images/Crenated_13.tif,16,,Crenated,0.5766666666666667,Crenated,True,low_confidence; ,0.1371800091367924,0.399508306219105,0.5766666666666667,0.0,0.06,0.36333333333333334
Data_for_model/images/Crenated_13.tif,17,,Stressed,0.6733333333333333,Stressed,False,,0.03217906315354513,0.5582145903638674,0.006666666666666667,0.0,0.32,0.6733333333333333
Data_for_model/images/Crenated_13.tif,18,,Stressed,0.8366666666666667,Stressed,False,,0.14463356591101806,0.5565751739824406,0.05333333333333334,0.0,0.11,0.8366666666666667
Data_for_model/images/Crenated_13.tif,19,,Stressed,0.6066666666666667,Stressed,False,,0.2330665065483627,0.4661922921891585,0.38333333333333336,0.0,0.01,0.6066666666666667
Data_for_model/images/Crenated_13.tif,20,,Stressed,0.6333333333333333,Stressed,False,,0.28805133334197874,0.6988666641114738,0.11,0.006666666666666667,0.25,0.6333333333333333
Data_for_model/images/Crenated_13.tif,21,,Healthy,0.94,Healthy,True,healthy_but_irregular_or_textured; ,0.06897276603160574,0.8191782417304346,0.006666666666666667,0.0033333333333333335,0.94,0.05
Data_for_model/images/Crenated_13.tif,22,,Healthy,0.7333333333333333,Healthy,True,healthy_but_irregular_or_textured; ,0.13760368120942545,0.9792869921047492,0.01,0.013333333333333334,0.7333333333333333,0.24333333333333335
Data_for_model/images/Crenated_13.tif,23,,Stressed,0.88,Stressed,False,,0.07177948434943804,0.5507911838229724,0.03666666666666667,0.0,0.08333333333333333,0.88
Data_for_model/images/Crenated_13.tif,24,,Stressed,0.8866666666666667,Stressed,False,,0.028810108282551816,0.539891500060096,0.006666666666666667,0.0,0.10666666666666667,0.8866666666666667
Data_for_model/images/Crenated_13.tif,25,,Healthy,0.7133333333333334,Healthy,True,healthy_but_irregular_or_textured; ,0.07822744623841682,0.6908019925050409,0.0,0.0,0.7133333333333334,0.2866666666666667
Data_for_model/images/Crenated_13.tif,26,,Stressed,0.91,Stressed,False,,0.05934554612698639,0.4664172036411008,0.006666666666666667,0.0,0.08333333333333333,0.91
Data_for_model/images/Crenated_13.tif,27,Stressed,Stressed,0.7933333333333333,Stressed,False,,0.244938772664949,0.5454150640862341,0.2,0.0,0.006666666666666667,0.7933333333333333
Data_for_model/images/Crenated_13.tif,29,,Stressed,0.8833333333333333,Stressed,False,,0.08370737768640579,0.539055563078202,0.016666666666666666,0.0,0.1,0.8833333333333333
Data_for_model/images/Crenated_13.tif,30,,Healthy,0.7333333333333333,Healthy,True,healthy_but_irregular_or_textured; ,0.18892133701842095,0.7183855305301156,0.02,0.0,0.7333333333333333,0.24666666666666667
Data_for_model/images/Crenated_13.tif,31,,Stressed,0.64,Stressed,False,,0.16081758040291005,0.5621639044444197,0.04,0.006666666666666667,0.31333333333333335,0.64
Data_for_model/images/Crenated_13.tif,32,,Stressed,0.7866666666666666,Stressed,False,,0.09070558107913351,0.5113415371659881,0.06666666666666667,0.0,0.14666666666666667,0.7866666666666666
Data_for_model/images/Crenated_13.tif,33,Stressed,Stressed,0.9566666666666667,Stressed,False,,0.10696911131300191,0.4458477557459278,0.02666666666666667,0.0,0.016666666666666666,0.9566666666666667
Data_for_model/images/Crenated_13.tif,34,,Crenated,0.9733333333333334,Crenated,False,,0.16061257595053002,0.2999363056733595,0.9733333333333334,0.0,0.0033333333333333335,0.023333333333333334
Data_for_model/images/Crenated_13.tif,35,,Stressed,0.49666666666666665,Stressed,True,low_confidence; ,0.1722677196962935,0.7405430166128171,0.013333333333333334,0.0033333333333333335,0.4866666666666667,0.49666666666666665
Data_for_model/images/Crenated_13.tif,37,,Crenated,0.9966666666666667,Crenated,False,,0.17889521616132464,0.2233131812002868,0.9966666666666667,0.0,0.0,0.0033333333333333335
Data_for_model/images/Crenated_13.tif,38,Stressed,Stressed,0.83,Stressed,False,,0.03967041286366946,0.473100192673785,0.01,0.0,0.16,0.83
Data_for_model/images/Crenated_13.tif,39,,Stressed,0.5966666666666667,Stressed,True,low_confidence; ,0.0192874623818855,0.644163572530943,0.006666666666666667,0.0,0.39666666666666667,0.5966666666666667
Data_for_model/images/Crenated_13.tif,40,Crenated,Crenated,0.8233333333333334,Crenated,False,,0.13702487222355852,0.4537641848116963,0.8233333333333334,0.0,0.0,0.17666666666666667
Data_for_model/images/Crenated_13.tif,41,Stressed,Stressed,0.9733333333333334,Stressed,False,,0.1139887115385052,0.5364411894298973,0.0033333333333333335,0.0,0.023333333333333334,0.9733333333333334
Data_for_model/images/Crenated_13.tif,42,,Stressed,0.7766666666666666,Stressed,False,,0.08938230196683661,0.5364312315868704,0.13,0.0,0.09333333333333334,0.7766666666666666
Data_for_model/images/Crenated_13.tif,43,,Stressed,0.6233333333333333,Stressed,False,,0.024223791263998096,0.3288635408744975,0.3,0.0,0.07666666666666666,0.6233333333333333
Data_for_model/images/Crenated_13.tif,44,,Stressed,0.6633333333333333,Stressed,False,,0.018023933384830215,0.5291161016604826,0.006666666666666667,0.0,0.33,0.6633333333333333
Data_for_model/images/Crenated_13.tif,45,,Stressed,0.6266666666666667,Stressed,False,,0.06293627433169979,0.5464821430487679,0.09333333333333334,0.0,0.28,0.6266666666666667
Data_for_model/images/Crenated_13.tif,46,Stressed,Stressed,0.7166666666666667,Stressed,False,,0.15170759748943952,0.4077967534571685,0.2633333333333333,0.0,0.02,0.7166666666666667
Data_for_model/images/Crenated_13.tif,47,Stressed,Stressed,0.9633333333333334,Stressed,False,,0.056576022367918144,0.4619737538815618,0.01,0.0,0.02666666666666667,0.9633333333333334
Data_for_model/images/Crenated_13.tif,48,,Stressed,0.42333333333333334,Stressed,True,low_confidence; ,0.39712857201995155,0.7628102071408415,0.11666666666666667,0.12666666666666668,0.3333333333333333,0.42333333333333334
Data_for_model/images/Crenated_13.tif,49,,Stressed,0.4666666666666667,Stressed,True,low_confidence; ,0.30165688973438154,0.6956443659040369,0.37,0.03333333333333333,0.13,0.4666666666666667
Data_for_model/images/Crenated_13.tif,50,,Stressed,0.9966666666666667,Stressed,False,,0.09969787756989001,0.4677272729105412,0.0033333333333333335,0.0,0.0,0.9966666666666667
Data_for_model/images/Crenated_13.tif,51,Crenated,Crenated,0.74,Crenated,False,,0.2708095361720898,0.409800615907987,0.74,0.0,0.006666666666666667,0.25333333333333335
Data_for_model/images/Crenated_13.tif,52,,Stressed,0.6833333333333333,Stressed,False,,0.1693187507952968,0.4525316530103568,0.25,0.0,0.06666666666666667,0.6833333333333333
Data_for_model/images/Crenated_13.tif,53,Crenated,Crenated,0.9766666666666667,Crenated,True,crenated_but_low_crenation_score; ,0.10223117194415454,0.2681523688667502,0.9766666666666667,0.0,0.0,0.023333333333333334
Data_for_model/images/Crenated_13.tif,54,Crenated,Crenated,1.0,Crenated,False,,0.3293957063241221,0.2433508818570167,1.0,0.0,0.0,0.0
Data_for_model/images/Crenated_13.tif,55,,Crenated,0.8133333333333334,Crenated,False,,0.1694101591614532,0.3366693612585302,0.8133333333333334,0.0,0.006666666666666667,0.18
Data_for_model/images/Crenated_13.tif,56,,Crenated,0.99,Crenated,True,crenated_but_low_crenation_score; ,0.06939140172855507,0.3205087816343085,0.99,0.0,0.0,0.01
Data_for_model/images/Crenated_13.tif,57,,Healthy,0.8833333333333333,Healthy,True,healthy_but_irregular_or_textured; ,0.0895291703628478,0.8436618473813022,0.006666666666666667,0.006666666666666667,0.8833333333333333,0.10333333333333333
Data_for_model/images/Crenated_13.tif,58,,Crenated,1.0,Crenated,False,,0.20921537938754986,0.2718627689706195,1.0,0.0,0.0,0.0
Data_for_model/images/Crenated_13.tif,60,,Crenated,1.0,Crenated,True,crenated_but_low_crenation_score; ,0.07720629699424741,0.2486424494817455,1.0,0.0,0.0,0.0
Data_for_model/images/Crenated_13.tif,62,,Crenated,0.87,Crenated,False,,0.3012995572378988,0.2478545352034245,0.87,0.013333333333333334,0.04666666666666667,0.07
Data_for_model/images/Crenated_13.tif,63,,Crenated,0.9933333333333333,Crenated,True,crenated_but_low_crenation_score; ,0.09259828771880985,0.2807167443510629,0.9933333333333333,0.0,0.0,0.006666666666666667
Data_for_model/images/Crenated_13.tif,64,,Crenated,1.0,Crenated,False,,0.21571026613322475,0.2283957606382206,1.0,0.0,0.0,0.0
Data_for_model/images/Crenated_13.tif,66,,Crenated,0.98,Crenated,False,,0.4307033701579144,0.2908997952542432,0.98,0.0,0.0,0.02
Data_for_model/images/Crenated_13.tif,67,,Crenated,0.84,Crenated,False,,0.14061983150467328,0.3350309533742309,0.84,0.0,0.0033333333333333335,0.15666666666666668
Data_for_model/images/Crenated_13.tif,68,,Crenated,0.9966666666666667,Crenated,False,,0.8691060566307418,0.2993678313776434,0.9966666666666667,0.0,0.0,0.0033333333333333335
Data_for_model/images/Crenated_13.tif,69,Crenated,Crenated,0.9933333333333333,Crenated,False,,0.22766941229068238,0.263694637938958,0.9933333333333333,0.0,0.0,0.006666666666666667
Data_for_model/images/Crenated_13.tif,70,Crenated,Crenated,0.99,Crenated,True,crenated_but_low_crenation_score; ,0.13518224020841485,0.2709165033237846,0.99,0.0,0.0,0.01
Data_for_model/images/Crenated_13.tif,73,,Crenated,0.9933333333333333,Crenated,False,,0.5877205467838689,0.2532043517084033,0.9933333333333333,0.0,0.0,0.006666666666666667
Data_for_model/images/Crenated_13.tif,74,,Crenated,1.0,Crenated,False,,0.29742396215521905,0.2274230474694715,1.0,0.0,0.0,0.0
Data_for_model/images/Crenated_13.tif,76,,Crenated,0.9766666666666667,Crenated,False,,0.48794452347287487,0.239511880097768,0.9766666666666667,0.0,0.0,0.023333333333333334
Data_for_model/images/Crenated_13.tif,79,,Dead,0.4866666666666667,Dead,True,low_confidence; uncertain_dead; ,0.8734394301207498,0.4842184240839218,0.14,0.4866666666666667,0.17666666666666667,0.19666666666666666
Data_for_model/images/Crenated_13.tif,81,,Crenated,1.0,Crenated,False,,0.15664051071755192,0.2397173282030337,1.0,0.0,0.0,0.0
Data_for_model/images/Crenated_13.tif,82,,Crenated,0.97,Crenated,False,,0.16012924778405768,0.2939049027413093,0.97,0.0,0.0,0.03
Data_for_model/images/Crenated_13.tif,83,,Crenated,1.0,Crenated,False,,0.3220959089692935,0.3206189042046456,1.0,0.0,0.0,0.0
Data_for_model/images/Crenated_14.tif,1,Stressed,Stressed,0.8966666666666666,Stressed,False,,0.004360205620342561,0.6625076743130617,0.02,0.0,0.08333333333333333,0.8966666666666666
Data_for_model/images/Crenated_14.tif,2,,Healthy,0.4633333333333333,Healthy,True,low_confidence; ,0.02817382193439144,0.6081794350801344,0.09666666666666666,0.0,0.4633333333333333,0.44
Data_for_model/images/Crenated_14.tif,3,,Stressed,0.9333333333333333,Stressed,False,,0.1369026198725063,0.5281464162333678,0.043333333333333335,0.0,0.023333333333333334,0.9333333333333333
Data_for_model/images/Crenated_14.tif,4,,Healthy,0.6633333333333333,Healthy,True,healthy_but_irregular_or_textured; ,0.1194834234079708,0.9675266777377816,0.05333333333333334,0.01,0.6633333333333333,0.2733333333333333
Data_for_model/images/Crenated_14.tif,5,Healthy,Healthy,0.63,Healthy,False,,0.02240550726693502,0.6174417396103954,0.12333333333333334,0.0,0.63,0.24666666666666667
Data_for_model/images/Crenated_14.tif,6,Stressed,Stressed,0.9233333333333333,Stressed,False,,0.18689528095632757,0.5697208662424108,0.07,0.0,0.006666666666666667,0.9233333333333333
Data_for_model/images/Crenated_14.tif,7,Healthy,Healthy,0.9033333333333333,Healthy,True,healthy_but_irregular_or_textured; ,0.09490260809590145,0.920152998059514,0.0033333333333333335,0.0,0.9033333333333333,0.09333333333333334
Data_for_model/images/Crenated_14.tif,8,Healthy,Healthy,0.9566666666666667,Healthy,False,,0.020232036274298815,0.8195899945716114,0.006666666666666667,0.03333333333333333,0.9566666666666667,0.0033333333333333335
Data_for_model/images/Crenated_14.tif,9,,Stressed,0.48333333333333334,Stressed,True,low_confidence; ,0.04271451358161438,0.6778433101508374,0.06666666666666667,0.0,0.45,0.48333333333333334
Data_for_model/images/Crenated_14.tif,10,,Stressed,0.9233333333333333,Stressed,False,,0.02158836051091828,0.4644957244589405,0.01,0.0,0.06666666666666667,0.9233333333333333
Data_for_model/images/Crenated_14.tif,11,,Stressed,0.8633333333333333,Stressed,False,,0.05442877208349595,0.4123924166072206,0.06666666666666667,0.0,0.07,0.8633333333333333
Data_for_model/images/Crenated_14.tif,12,Crenated,Crenated,0.8266666666666667,Crenated,True,crenated_but_low_crenation_score; ,0.123371338074585,0.4166068809561378,0.8266666666666667,0.0,0.006666666666666667,0.16666666666666666
Data_for_model/images/Crenated_14.tif,13,,Healthy,0.98,Healthy,True,healthy_but_irregular_or_textured; ,0.10522684729626941,1.081375164969092,0.0033333333333333335,0.0033333333333333335,0.98,0.013333333333333334
Data_for_model/images/Crenated_14.tif,14,,Stressed,0.73,Stressed,False,,0.0405258955129848,0.5935393775058613,0.006666666666666667,0.0,0.2633333333333333,0.73
Data_for_model/images/Crenated_14.tif,15,Stressed,Stressed,0.9166666666666666,Stressed,False,,0.07750605099606622,0.4610594204289538,0.023333333333333334,0.0,0.06,0.9166666666666666
Data_for_model/images/Crenated_14.tif,16,,Stressed,0.67,Stressed,False,,0.19707599453290414,0.7226140224845706,0.02666666666666667,0.0,0.30333333333333334,0.67
Data_for_model/images/Crenated_14.tif,17,Crenated,Crenated,0.6966666666666667,Crenated,False,,0.1510323399249186,0.3516803987369061,0.6966666666666667,0.0,0.0033333333333333335,0.3
Data_for_model/images/Crenated_14.tif,20,Healthy,Healthy,0.68,Healthy,False,,0.04551118065274595,0.6002973849959962,0.0,0.0,0.68,0.32
Data_for_model/images/Crenated_14.tif,21,,Stressed,0.8866666666666667,Stressed,False,,0.11480751708466663,0.5695578166972519,0.06666666666666667,0.0,0.04666666666666667,0.8866666666666667
Data_for_model/images/Crenated_14.tif,22,,Stressed,0.54,Stressed,True,low_confidence; ,0.034856135944813516,0.6035660321063622,0.01,0.0,0.45,0.54
Data_for_model/images/Crenated_14.tif,23,Stressed,Stressed,0.97,Stressed,False,,0.033733009420345184,0.5234759295885908,0.006666666666666667,0.0,0.023333333333333334,0.97
Data_for_model/images/Crenated_14.tif,24,Healthy,Healthy,0.88,Healthy,True,healthy_but_irregular_or_textured; ,0.08242301365881444,0.8498398318894894,0.0,0.0,0.88,0.12
Data_for_model/images/Crenated_14.tif,25,,Stressed,0.6533333333333333,Stressed,False,,0.10518138330678173,0.5809102360532917,0.24,0.0,0.10666666666666667,0.6533333333333333
Data_for_model/images/Crenated_14.tif,27,,Stressed,0.5366666666666666,Stressed,True,low_confidence; ,0.04068099541725245,0.6532571596175134,0.0033333333333333335,0.0,0.46,0.5366666666666666
Data_for_model/images/Crenated_14.tif,28,,Stressed,0.7633333333333333,Stressed,False,,0.18252820302138684,0.5399166084408826,0.10666666666666667,0.0,0.13,0.7633333333333333
Data_for_model/images/Crenated_14.tif,29,,Stressed,0.6733333333333333,Stressed,False,,0.07242710622414861,0.5158445506352497,0.20666666666666667,0.0,0.12,0.6733333333333333
Data_for_model/images/Crenated_14.tif,30,Stressed,Stressed,0.94,Stressed,False,,0.13721582438895175,0.5219041745391078,0.043333333333333335,0.0,0.016666666666666666,0.94
Data_for_model/images/Crenated_14.tif,32,,Crenated,0.9666666666666667,Crenated,True,crenated_but_low_crenation_score; ,0.07870949423545504,0.2500113014141919,0.9666666666666667,0.0,0.0,0.03333333333333333
Data_for_model/images/Crenated_14.tif,33,,Healthy,0.77,Healthy,True,healthy_but_irregular_or_textured; ,0.07290104137879527,0.7641652118925132,0.0033333333333333335,0.0,0.77,0.22666666666666666
Data_for_model/images/Crenated_14.tif,35,,Stressed,0.84,Stressed,False,,0.11803962509063248,0.5399189778974559,0.12333333333333334,0.0,0.03666666666666667,0.84
Data_for_model/images/Crenated_14.tif,36,Stressed,Stressed,0.87,Stressed,False,,0.27774465079601895,0.3690834498120571,0.12666666666666668,0.0,0.0033333333333333335,0.87
Data_for_model/images/Crenated_14.tif,37,,Crenated,0.9266666666666666,Crenated,False,,0.33071798313576817,0.3079216526599628,0.9266666666666666,0.0,0.01,0.06333333333333334
Data_for_model/images/Crenated_14.tif,38,Stressed,Stressed,0.8666666666666667,Stressed,False,,0.03785406676801861,0.4935974455014225,0.13,0.0,0.0033333333333333335,0.8666666666666667
Data_for_model/images/Crenated_14.tif,39,,Crenated,0.8966666666666666,Crenated,True,crenated_but_low_crenation_score; ,0.08329574828430708,0.3084571519758098,0.8966666666666666,0.0,0.0,0.10333333333333333
Data_for_model/images/Crenated_14.tif,40,,Stressed,0.6833333333333333,Stressed,False,,0.5572616251265091,0.5471915946472442,0.25666666666666665,0.0,0.06,0.6833333333333333
Data_for_model/images/Crenated_14.tif,41,,Crenated,0.9866666666666667,Crenated,False,,0.23023074797859644,0.2760755625125891,0.9866666666666667,0.0,0.0,0.013333333333333334
Data_for_model/images/Crenated_14.tif,42,Stressed,Stressed,0.8633333333333333,Stressed,False,,0.041055429111517716,0.3457992634915561,0.13333333333333333,0.0,0.0033333333333333335,0.8633333333333333
Data_for_model/images/Crenated_14.tif,43,,Stressed,0.5333333333333333,Stressed,True,low_confidence; ,0.6841344306098273,0.3273981635248951,0.46,0.0,0.006666666666666667,0.5333333333333333
Data_for_model/images/Crenated_14.tif,44,,Crenated,0.6166666666666667,Crenated,False,,0.14286002057777247,0.3318846676035907,0.6166666666666667,0.0,0.016666666666666666,0.36666666666666664
Data_for_model/images/Crenated_14.tif,47,,Crenated,0.75,Crenated,False,,0.26173581669247303,0.4040337159612551,0.75,0.01,0.01,0.23
Data_for_model/images/Crenated_14.tif,48,Crenated,Crenated,0.9833333333333333,Crenated,True,crenated_but_low_crenation_score; ,0.043730478219404345,0.2826954436553482,0.9833333333333333,0.0,0.0,0.016666666666666666
Data_for_model/images/Crenated_14.tif,49,Crenated,Crenated,0.7233333333333334,Crenated,False,,0.2119660805571787,0.512233198419593,0.7233333333333334,0.0,0.0033333333333333335,0.2733333333333333
Data_for_model/images/Crenated_14.tif,50,Crenated,Crenated,0.9966666666666667,Crenated,False,,0.2922956158510467,0.2880389927133494,0.9966666666666667,0.0,0.0,0.0033333333333333335
Data_for_model/images/Crenated_14.tif,51,,Stressed,0.5133333333333333,Stressed,True,low_confidence; ,0.34245350931621865,0.3626570829813124,0.4866666666666667,0.0,0.0,0.5133333333333333
Data_for_model/images/Crenated_14.tif,53,Stressed,Stressed,0.8033333333333333,Stressed,False,,0.40021721562203905,0.6281814120343389,0.17,0.0033333333333333335,0.023333333333333334,0.8033333333333333
Data_for_model/images/Crenated_14.tif,54,Crenated,Crenated,0.9966666666666667,Crenated,False,,0.4149680042690693,0.2290137641896443,0.9966666666666667,0.0,0.0,0.0033333333333333335
Data_for_model/images/Crenated_14.tif,55,,Crenated,1.0,Crenated,False,,0.39287542620505744,0.2294908450321496,1.0,0.0,0.0,0.0
Data_for_model/images/Crenated_14.tif,56,,Crenated,0.9866666666666667,Crenated,False,,0.3400899590129144,0.2696327898611947,0.9866666666666667,0.0,0.0,0.013333333333333334
Data_for_model/images/Crenated_14.tif,57,Crenated,Crenated,0.87,Crenated,False,,0.2909105157591326,0.3345957936063001,0.87,0.0,0.0033333333333333335,0.12666666666666668
Data_for_model/images/Crenated_14.tif,58,Crenated,Crenated,1.0,Crenated,False,,0.3620328519773879,0.2940741258564465,1.0,0.0,0.0,0.0
Data_for_model/images/Crenated_14.tif,60,Crenated,Crenated,0.9933333333333333,Crenated,True,crenated_but_low_crenation_score; ,0.11576111261271471,0.2401060709248857,0.9933333333333333,0.0,0.0,0.006666666666666667
Data_for_model/images/Crenated_14.tif,61,,Crenated,1.0,Crenated,False,,0.16458254126258753,0.2472568476071953,1.0,0.0,0.0,0.0
Data_for_model/images/Crenated_14.tif,62,,Crenated,0.9866666666666667,Crenated,False,,0.428419676334856,0.3027189242296553,0.9866666666666667,0.0,0.0,0.013333333333333334
Data_for_model/images/Crenated_14.tif,64,,Crenated,1.0,Crenated,False,,0.1569368820726229,0.2349031787939163,1.0,0.0,0.0,0.0
Data_for_model/images/Crenated_14.tif,65,,Stressed,0.5133333333333333,Stressed,True,low_confidence; ,0.11018127890463925,0.3768344029332336,0.4766666666666667,0.0,0.01,0.5133333333333333
Data_for_model/images/Crenated_14.tif,66,,Crenated,0.8666666666666667,Crenated,False,,0.24376632556942057,0.3543646472287483,0.8666666666666667,0.0,0.0033333333333333335,0.13
Data_for_model/images/Crenated_14.tif,67,,Crenated,1.0,Crenated,False,,0.3752655000353653,0.3000661991988593,1.0,0.0,0.0,0.0
Data_for_model/images/Crenated_14.tif,69,Crenated,Crenated,0.99,Crenated,True,crenated_but_low_crenation_score; ,0.11639901150086962,0.2751218817571775,0.99,0.0,0.0,0.01
Data_for_model/images/Crenated_14.tif,72,Crenated,Crenated,0.9933333333333333,Crenated,False,,0.23267775484064623,0.2616498555423702,0.9933333333333333,0.0,0.0,0.006666666666666667
Data_for_model/images/Crenated_14.tif,73,,Dead,0.92,Dead,False,,0.1299055575437842,0.5322339095826087,0.013333333333333334,0.92,0.06666666666666667,0.0
Data_for_model/images/Crenated_14.tif,75,Crenated,Crenated,1.0,Crenated,False,,0.31395083507238297,0.2154140579828971,1.0,0.0,0.0,0.0
Data_for_model/images/Crenated_14.tif,76,,Crenated,1.0,Crenated,False,,0.41470546718170154,0.2516214488525147,1.0,0.0,0.0,0.0
Data_for_model/images/Crenated_14.tif,77,,Crenated,0.9466666666666667,Crenated,False,,0.3849586079107331,0.2853489996333483,0.9466666666666667,0.0,0.0033333333333333335,0.05
Data_for_model/images/Crenated_14.tif,78,,Crenated,0.9933333333333333,Crenated,False,,0.23393744367045366,0.2459461604576227,0.9933333333333333,0.0,0.0,0.006666666666666667
Data_for_model/images/Crenated_14.tif,80,,Crenated,0.93,Crenated,False,,0.6817967248388269,0.2593330896446644,0.93,0.0,0.0,0.07
Data_for_model/images/Crenated_14.tif,81,,Crenated,0.5566666666666666,Crenated,True,low_confidence; ,0.6550743766142055,0.3723493467426821,0.5566666666666666,0.006666666666666667,0.04,0.39666666666666667
Data_for_model/images/Crenated_14.tif,85,,Crenated,0.9833333333333333,Crenated,False,,0.6880926213082902,0.2783945802957864,0.9833333333333333,0.0,0.0033333333333333335,0.013333333333333334
Data_for_model/images/Crenated_15.tif,1,,Crenated,0.6333333333333333,Crenated,True,crenated_but_low_crenation_score; ,0.0906546302848108,0.3764316235091871,0.6333333333333333,0.0,0.056666666666666664,0.31
Data_for_model/images/Crenated_15.tif,2,Stressed,Stressed,0.8233333333333334,Stressed,False,,0.04470213011925417,0.6127138082325754,0.02,0.0,0.15666666666666668,0.8233333333333334
Data_for_model/images/Crenated_15.tif,3,,Healthy,0.54,Healthy,True,low_confidence; healthy_but_irregular_or_textured; ,0.148159784651255,0.9334843008728804,0.016666666666666666,0.0,0.54,0.44333333333333336
Data_for_model/images/Crenated_15.tif,4,Stressed,Stressed,0.9666666666666667,Stressed,False,,0.06827957187219225,0.5876789122160814,0.006666666666666667,0.0,0.02666666666666667,0.9666666666666667
Data_for_model/images/Crenated_15.tif,5,,Healthy,0.8166666666666667,Healthy,True,healthy_but_irregular_or_textured; ,0.06683773597928933,0.927584768820302,0.01,0.0,0.8166666666666667,0.17333333333333334
Data_for_model/images/Crenated_15.tif,6,,Healthy,0.9066666666666666,Healthy,True,healthy_but_irregular_or_textured; ,0.011482490749152752,0.981887533106816,0.013333333333333334,0.0,0.9066666666666666,0.08
Data_for_model/images/Crenated_15.tif,7,,Stressed,0.5433333333333333,Stressed,True,low_confidence; ,0.07953046798178987,0.6024244850884327,0.03333333333333333,0.0,0.42333333333333334,0.5433333333333333
Data_for_model/images/Crenated_15.tif,8,,Stressed,0.63,Stressed,False,,0.09147660696345616,0.6317571194663845,0.056666666666666664,0.0033333333333333335,0.31,0.63
Data_for_model/images/Crenated_15.tif,9,,Stressed,0.86,Stressed,False,,0.17085883459613072,0.5316459905441977,0.08333333333333333,0.0,0.056666666666666664,0.86
Data_for_model/images/Crenated_15.tif,10,Healthy,Healthy,0.8533333333333334,Healthy,False,,0.03077042220901649,0.7315018367513308,0.0033333333333333335,0.0,0.8533333333333334,0.14333333333333334
Data_for_model/images/Crenated_15.tif,11,,Stressed,0.9633333333333334,Stressed,False,,0.09516637885074797,0.5531039453466451,0.023333333333333334,0.0,0.013333333333333334,0.9633333333333334
Data_for_model/images/Crenated_15.tif,12,,Stressed,0.5633333333333334,Stressed,True,low_confidence; ,0.018905545210306518,0.5860465992385736,0.3466666666666667,0.0,0.09,0.5633333333333334
Data_for_model/images/Crenated_15.tif,14,,Healthy,0.7833333333333333,Healthy,False,,0.030276015614053242,0.8876062360464381,0.0033333333333333335,0.0,0.7833333333333333,0.21333333333333335
Data_for_model/images/Crenated_15.tif,15,,Stressed,0.91,Stressed,False,,0.1100071014222136,0.5127986265995396,0.0033333333333333335,0.0,0.08666666666666667,0.91
Data_for_model/images/Crenated_15.tif,16,,Stressed,0.52,Stressed,True,low_confidence; ,0.15588504678953008,0.704842102512474,0.0033333333333333335,0.0,0.4766666666666667,0.52
Data_for_model/images/Crenated_15.tif,17,Healthy,Healthy,0.9533333333333334,Healthy,False,,0.04174723985437745,0.7545821067203592,0.0,0.0,0.9533333333333334,0.04666666666666667
Data_for_model/images/Crenated_15.tif,18,Stressed,Stressed,0.8566666666666667,Stressed,False,,0.1502625736443195,0.6378989359506797,0.006666666666666667,0.0,0.13666666666666666,0.8566666666666667
Data_for_model/images/Crenated_15.tif,19,,Stressed,0.5833333333333334,Stressed,True,low_confidence; ,0.2700571676972401,1.0022170047210786,0.043333333333333335,0.03,0.3433333333333333,0.5833333333333334
Data_for_model/images/Crenated_15.tif,20,,Stressed,0.5466666666666666,Stressed,True,low_confidence; ,0.16011266246090283,0.7911426810538573,0.04666666666666667,0.0033333333333333335,0.4033333333333333,0.5466666666666666
Data_for_model/images/Crenated_15.tif,21,,Stressed,0.58,Stressed,True,low_confidence; ,0.1347433795647629,0.3287429644472031,0.4033333333333333,0.0,0.016666666666666666,0.58
Data_for_model/images/Crenated_15.tif,23,,Stressed,0.7633333333333333,Stressed,False,,0.050398697124383274,0.5655517205132701,0.016666666666666666,0.0,0.22,0.7633333333333333
Data_for_model/images/Crenated_15.tif,24,,Healthy,0.6766666666666666,Healthy,False,,0.018434580427002856,0.6820349261954368,0.03,0.0,0.6766666666666666,0.29333333333333333
Data_for_model/images/Crenated_15.tif,25,,Healthy,0.8833333333333333,Healthy,True,healthy_but_irregular_or_textured; ,0.04132544085213652,0.9673489963928116,0.03,0.0,0.8833333333333333,0.08666666666666667
Data_for_model/images/Crenated_15.tif,26,,Stressed,0.6133333333333333,Stressed,False,,0.20613673373334396,0.6798639917599903,0.02666666666666667,0.0033333333333333335,0.3566666666666667,0.6133333333333333
Data_for_model/images/Crenated_15.tif,27,,Stressed,0.5833333333333334,Stressed,True,low_confidence; ,0.07105585936354819,0.5730334391899589,0.06,0.0,0.3566666666666667,0.5833333333333334
Data_for_model/images/Crenated_15.tif,28,,Crenated,0.9666666666666667,Crenated,True,crenated_but_low_crenation_score; ,0.08137993774814223,0.2954495610210338,0.9666666666666667,0.0,0.0,0.03333333333333333
Data_for_model/images/Crenated_15.tif,29,Healthy,Healthy,0.8266666666666667,Healthy,True,healthy_but_irregular_or_textured; ,0.12237022199263914,0.9472276685958492,0.0033333333333333335,0.0033333333333333335,0.8266666666666667,0.16666666666666666
Data_for_model/images/Crenated_15.tif,30,Stressed,Stressed,0.8966666666666666,Stressed,False,,0.08078813570914856,0.6065078114037465,0.01,0.0,0.09333333333333334,0.8966666666666666
Data_for_model/images/Crenated_15.tif,32,,Stressed,0.69,Stressed,False,,0.09637990914035532,0.4771142215870121,0.25,0.0,0.06,0.69
Data_for_model/images/Crenated_15.tif,33,Stressed,Stressed,0.8066666666666666,Stressed,False,,0.10441511274843718,0.6279232951488061,0.03,0.01,0.15333333333333332,0.8066666666666666
Data_for_model/images/Crenated_15.tif,34,,Healthy,0.6266666666666667,Healthy,False,,0.05696557634031896,0.6530009591561539,0.0,0.0,0.6266666666666667,0.37333333333333335
Data_for_model/images/Crenated_15.tif,35,,Crenated,0.52,Crenated,True,low_confidence; ,0.2480511054220006,0.4754301291250689,0.52,0.006666666666666667,0.03,0.44333333333333336
Data_for_model/images/Crenated_15.tif,36,,Stressed,0.5566666666666666,Stressed,True,low_confidence; ,0.09158703576070004,0.3190780349954844,0.4033333333333333,0.0,0.04,0.5566666666666666
Data_for_model/images/Crenated_15.tif,37,Healthy,Healthy,0.77,Healthy,False,,0.026454706917167004,0.7185332999909891,0.0,0.0,0.77,0.23
Data_for_model/images/Crenated_15.tif,38,,Stressed,0.88,Stressed,False,,0.05871593930743202,0.4324314088027453,0.05,0.0,0.07,0.88
Data_for_model/images/Crenated_15.tif,39,,Crenated,0.72,Crenated,False,,0.18930939239868383,0.4611139247521777,0.72,0.0,0.016666666666666666,0.2633333333333333
Data_for_model/images/Crenated_15.tif,40,,Stressed,0.8766666666666667,Stressed,False,,0.07148400335548044,0.4812688368783703,0.04666666666666667,0.0,0.07666666666666666,0.8766666666666667
Data_for_model/images/Crenated_15.tif,41,Stressed,Stressed,0.8666666666666667,Stressed,False,,0.31712874657895906,0.5608417844837404,0.1,0.0,0.03333333333333333,0.8666666666666667
Data_for_model/images/Crenated_15.tif,42,,Crenated,0.72,Crenated,True,crenated_but_low_crenation_score; ,0.09389692362996682,0.3687441299899616,0.72,0.0,0.0033333333333333335,0.27666666666666667
Data_for_model/images/Crenated_15.tif,43,Stressed,Stressed,0.9533333333333334,Stressed,False,,0.07887697616558487,0.4654052195197953,0.04666666666666667,0.0,0.0,0.9533333333333334
Data_for_model/images/Crenated_15.tif,44,,Healthy,0.6233333333333333,Healthy,True,healthy_but_irregular_or_textured; ,0.10665031321440055,0.7375813381435736,0.0,0.0,0.6233333333333333,0.37666666666666665
Data_for_model/images/Crenated_15.tif,45,Stressed,Stressed,0.9833333333333333,Stressed,False,,0.14544461157194577,0.4803469974369626,0.01,0.0,0.006666666666666667,0.9833333333333333
Data_for_model/images/Crenated_15.tif,46,Stressed,Stressed,0.8133333333333334,Stressed,False,,0.07578648785915243,0.520778520353817,0.02,0.0,0.16666666666666666,0.8133333333333334
Data_for_model/images/Crenated_15.tif,47,,Crenated,0.9833333333333333,Crenated,False,,0.16403624940139272,0.3306563136788994,0.9833333333333333,0.0,0.0,0.016666666666666666
Data_for_model/images/Crenated_15.tif,48,Stressed,Stressed,0.96,Stressed,False,,0.10707702956339293,0.5142601058182767,0.0033333333333333335,0.0,0.03666666666666667,0.96
Data_for_model/images/Crenated_15.tif,49,Crenated,Crenated,0.9966666666666667,Crenated,False,,0.19273569303156535,0.2815216099263333,0.9966666666666667,0.0,0.0,0.0033333333333333335
Data_for_model/images/Crenated_15.tif,51,,Crenated,0.9866666666666667,Crenated,False,,0.19957419501653806,0.3940035732827874,0.9866666666666667,0.0,0.0,0.013333333333333334
Data_for_model/images/Crenated_15.tif,52,Stressed,Stressed,0.7533333333333333,Stressed,False,,0.6424289403113462,0.4465509496206317,0.23333333333333334,0.0,0.013333333333333334,0.7533333333333333
Data_for_model/images/Crenated_15.tif,53,Stressed,Stressed,0.9066666666666666,Stressed,False,,0.12625388713521368,0.4066711766979412,0.07333333333333333,0.0,0.02,0.9066666666666666
Data_for_model/images/Crenated_15.tif,54,,Crenated,0.5366666666666666,Crenated,True,low_confidence; ,0.29516213108766054,0.4622318221548313,0.5366666666666666,0.0,0.006666666666666667,0.45666666666666667
Data_for_model/images/Crenated_15.tif,55,,Crenated,0.8566666666666667,Crenated,False,,0.22683282411305783,0.3526165981112301,0.8566666666666667,0.0,0.0,0.14333333333333334
Data_for_model/images/Crenated_15.tif,57,,Stressed,0.47,Stressed,True,low_confidence; ,0.14587374046694124,0.3336859884180175,0.46,0.0,0.07,0.47
Data_for_model/images/Crenated_15.tif,58,,Stressed,0.9,Stressed,False,,0.05353087695667502,0.3943693648878417,0.06666666666666667,0.0,0.03333333333333333,0.9
Data_for_model/images/Crenated_15.tif,59,,Crenated,0.9866666666666667,Crenated,False,,0.4148679589825828,0.2721257572875596,0.9866666666666667,0.0,0.0,0.013333333333333334
Data_for_model/images/Crenated_15.tif,61,Stressed,Stressed,0.8966666666666666,Stressed,False,,0.34254136234751564,0.3846782981002155,0.08333333333333333,0.0,0.02,0.8966666666666666
Data_for_model/images/Crenated_15.tif,62,Crenated,Crenated,0.85,Crenated,False,,0.17522329124506197,0.3928090333130662,0.85,0.0,0.0,0.15
Data_for_model/images/Crenated_15.tif,64,Crenated,Crenated,1.0,Crenated,False,,0.24807226507804336,0.2660913401385203,1.0,0.0,0.0,0.0
Data_for_model/images/Crenated_15.tif,65,Stressed,Stressed,0.6933333333333334,Stressed,False,,0.20162090954340928,0.3801209423829018,0.30333333333333334,0.0,0.0033333333333333335,0.6933333333333334
Data_for_model/images/Crenated_15.tif,67,Crenated,Crenated,0.98,Crenated,True,crenated_but_low_crenation_score; ,0.06946209265917791,0.3215148786921148,0.98,0.0,0.0,0.02
Data_for_model/images/Crenated_15.tif,68,,Crenated,1.0,Crenated,False,,0.24600724438268173,0.2699214225614146,1.0,0.0,0.0,0.0
Data_for_model/images/Crenated_15.tif,70,,Crenated,1.0,Crenated,False,,0.2502155794675852,0.2233261493349596,1.0,0.0,0.0,0.0
Data_for_model/images/Crenated_15.tif,71,,Crenated,0.8933333333333333,Crenated,False,,0.39138650813550524,0.2233359177682365,0.8933333333333333,0.006666666666666667,0.04666666666666667,0.05333333333333334
Data_for_model/images/Crenated_15.tif,72,,Crenated,0.9866666666666667,Crenated,False,,0.4155843588329031,0.2453445018544402,0.9866666666666667,0.0,0.013333333333333334,0.0
Data_for_model/images/Crenated_15.tif,74,,Crenated,0.9933333333333333,Crenated,False,,0.28607906513786874,0.3096925735975829,0.9933333333333333,0.0,0.0,0.006666666666666667
Data_for_model/images/Crenated_15.tif,75,,Crenated,1.0,Crenated,False,,0.2610510761404772,0.230669419842321,1.0,0.0,0.0,0.0
Data_for_model/images/Crenated_15.tif,76,,Crenated,1.0,Crenated,False,,0.44066100775968986,0.2671464573805399,1.0,0.0,0.0,0.0
Data_for_model/images/Crenated_15.tif,77,,Crenated,0.6566666666666666,Crenated,False,,0.41572805815581837,0.369827858830328,0.6566666666666666,0.0,0.043333333333333335,0.3
Data_for_model/images/Crenated_15.tif,79,,Crenated,0.9933333333333333,Crenated,False,,0.5798912559609344,0.2653440613788851,0.9933333333333333,0.0,0.0,0.006666666666666667
Data_for_model/images/Crenated_15.tif,82,,Crenated,0.9966666666666667,Crenated,False,,0.26364997815857816,0.2994129156902298,0.9966666666666667,0.0,0.0,0.0033333333333333335
Data_for_model/images/Crenated_15.tif,83,Crenated,Crenated,1.0,Crenated,False,,0.543784917298611,0.2758235357281813,1.0,0.0,0.0,0.0
Data_for_model/images/Crenated_15.tif,85,,Crenated,0.94,Crenated,False,,0.2551056108765991,0.236631292312151,0.94,0.0,0.006666666666666667,0.05333333333333334
Data_for_model/images/Crenated_15.tif,86,Crenated,Crenated,0.79,Crenated,False,,2.2707039082608937,0.4136787152690339,0.79,0.02666666666666667,0.02,0.16333333333333333
Data_for_model/images/Crenated_15.tif,87,,Crenated,0.7633333333333333,Crenated,False,,0.8609384325113051,0.3479898021312493,0.7633333333333333,0.006666666666666667,0.056666666666666664,0.17333333333333334
Data_for_model/images/Crenated_15.tif,170,Stressed,Stressed,0.7466666666666667,Stressed,False,,0.5125264947387482,0.3281828448306073,0.22333333333333333,0.0,0.03,0.7466666666666667
Data_for_model/images/Crenated_2.tif,1,,Stressed,0.6666666666666666,Stressed,False,,0.09968348176804076,0.5379630002191519,0.016666666666666666,0.0,0.31666666666666665,0.6666666666666666
Data_for_model/images/Crenated_2.tif,3,Stressed,Stressed,0.7766666666666666,Stressed,False,,0.03369655748811118,0.6839333101319168,0.013333333333333334,0.0,0.21,0.7766666666666666
Data_for_model/images/Crenated_2.tif,4,Stressed,Stressed,0.86,Stressed,False,,0.13888414077535072,0.4499539214753308,0.0033333333333333335,0.0,0.13666666666666666,0.86
Data_for_model/images/Crenated_2.tif,5,Stressed,Stressed,0.9266666666666666,Stressed,False,,0.2830778189306171,0.5168346418037851,0.043333333333333335,0.0,0.03,0.9266666666666666
Data_for_model/images/Crenated_2.tif,6,Stressed,Stressed,0.91,Stressed,False,,0.30165029046030856,0.5295359249119628,0.016666666666666666,0.0,0.07333333333333333,0.91
Data_for_model/images/Crenated_2.tif,7,Crenated,Crenated,0.9866666666666667,Crenated,True,crenated_but_low_crenation_score; ,0.058280542871429364,0.312023048511756,0.9866666666666667,0.0,0.0,0.013333333333333334
Data_for_model/images/Crenated_2.tif,9,Stressed,Stressed,0.9033333333333333,Stressed,False,,0.07586924980007392,0.6036430302057788,0.016666666666666666,0.0,0.08,0.9033333333333333
Data_for_model/images/Crenated_2.tif,10,,Stressed,0.9266666666666666,Stressed,False,,0.25869950851406265,0.4568308764789094,0.04,0.0,0.03333333333333333,0.9266666666666666
Data_for_model/images/Crenated_2.tif,11,,Stressed,0.88,Stressed,False,,0.15726179788240835,0.4998725462116349,0.11,0.0,0.01,0.88
Data_for_model/images/Crenated_2.tif,12,Healthy,Healthy,0.94,Healthy,False,,0.04838882004554357,0.7187109837499064,0.0,0.0,0.94,0.06
Data_for_model/images/Crenated_2.tif,13,,Healthy,0.6533333333333333,Healthy,True,healthy_but_irregular_or_textured; ,0.06567862781150668,0.7068914141160865,0.02666666666666667,0.0,0.6533333333333333,0.32
Data_for_model/images/Crenated_2.tif,14,,Stressed,0.52,Stressed,True,low_confidence; ,0.12468242397610718,0.4617945793193082,0.4666666666666667,0.0,0.013333333333333334,0.52
Data_for_model/images/Crenated_2.tif,15,,Stressed,0.8033333333333333,Stressed,False,,0.056540729385729405,0.4751145188790927,0.043333333333333335,0.0,0.15333333333333332,0.8033333333333333
Data_for_model/images/Crenated_2.tif,16,,Stressed,0.7633333333333333,Stressed,False,,0.06949942591331326,0.4428196541425949,0.21,0.0,0.02666666666666667,0.7633333333333333
Data_for_model/images/Crenated_2.tif,17,,Crenated,0.69,Crenated,False,,0.2122131020906104,0.4164429192587354,0.69,0.0,0.07,0.24
Data_for_model/images/Crenated_2.tif,18,,Crenated,0.9166666666666666,Crenated,False,,0.33960437295665014,0.1997105556462234,0.9166666666666666,0.02,0.006666666666666667,0.056666666666666664
Data_for_model/images/Crenated_2.tif,19,Stressed,Stressed,0.9366666666666666,Stressed,False,,0.3317352585173371,0.6348601558781967,0.03333333333333333,0.0,0.03,0.9366666666666666
Data_for_model/images/Crenated_2.tif,20,,Stressed,0.7,Stressed,False,,0.13024177138444726,0.6080039663738974,0.05333333333333334,0.0,0.24666666666666667,0.7
Data_for_model/images/Crenated_2.tif,21,,Crenated,0.8833333333333333,Crenated,True,crenated_but_low_crenation_score; ,0.021794317815659547,0.339696463618442,0.8833333333333333,0.0,0.016666666666666666,0.1
Data_for_model/images/Crenated_2.tif,22,Crenated,Crenated,0.85,Crenated,False,,0.21699250135747772,0.3108310517657304,0.85,0.0,0.006666666666666667,0.14333333333333334
Data_for_model/images/Crenated_2.tif,23,,Crenated,0.99,Crenated,True,crenated_but_low_crenation_score; ,0.06403302008309297,0.2363319361021824,0.99,0.0,0.0033333333333333335,0.006666666666666667
Data_for_model/images/Crenated_2.tif,24,,Stressed,0.6633333333333333,Stressed,False,,0.11471476983951212,0.4313844209623648,0.32666666666666666,0.0,0.01,0.6633333333333333
Data_for_model/images/Crenated_2.tif,26,Stressed,Stressed,0.9533333333333334,Stressed,False,,0.21121129672761152,0.4923516368582238,0.016666666666666666,0.0,0.03,0.9533333333333334
Data_for_model/images/Crenated_2.tif,27,Crenated,Crenated,0.9966666666666667,Crenated,False,,0.36796728219624053,0.2135735007423219,0.9966666666666667,0.0,0.0,0.0033333333333333335
Data_for_model/images/Crenated_2.tif,28,,Crenated,1.0,Crenated,True,crenated_but_low_crenation_score; ,0.0977661062353361,0.2515795765286454,1.0,0.0,0.0,0.0
Data_for_model/images/Crenated_2.tif,31,,Crenated,0.5733333333333334,Crenated,True,low_confidence; ,0.49903937465935555,0.5005253108124372,0.5733333333333334,0.0033333333333333335,0.03666666666666667,0.38666666666666666
Data_for_model/images/Crenated_2.tif,32,,Crenated,0.9866666666666667,Crenated,False,,0.16148943830753015,0.2782926504098615,0.9866666666666667,0.0,0.0,0.013333333333333334
Data_for_model/images/Crenated_2.tif,34,,Stressed,0.35,Stressed,True,low_confidence; ,0.7237048275420809,0.7925574676153492,0.04,0.2733333333333333,0.33666666666666667,0.35
Data_for_model/images/Crenated_2.tif,36,,Stressed,0.53,Stressed,True,low_confidence; ,0.07139016168192158,0.6324956273856573,0.21666666666666667,0.0,0.25333333333333335,0.53
Data_for_model/images/Crenated_2.tif,37,,Stressed,0.8366666666666667,Stressed,False,,0.04572220840258878,0.5347599507679093,0.02,0.0,0.14333333333333334,0.8366666666666667
Data_for_model/images/Crenated_2.tif,38,,Crenated,1.0,Crenated,False,,0.1939166471990328,0.2211961867768603,1.0,0.0,0.0,0.0
Data_for_model/images/Crenated_2.tif,39,,Crenated,0.9833333333333333,Crenated,False,,0.2715536886620944,0.2512511692641278,0.9833333333333333,0.0,0.006666666666666667,0.01
Data_for_model/images/Crenated_2.tif,40,Crenated,Crenated,1.0,Crenated,False,,0.5765398630160555,0.2849015893235268,1.0,0.0,0.0,0.0
Data_for_model/images/Crenated_2.tif,41,,Crenated,0.7733333333333333,Crenated,False,,0.6534041786056136,0.3960615811961274,0.7733333333333333,0.0,0.01,0.21666666666666667
Data_for_model/images/Crenated_2.tif,42,,Crenated,0.9866666666666667,Crenated,True,crenated_but_low_crenation_score; ,0.13528962930417643,0.252598927958785,0.9866666666666667,0.0,0.0,0.013333333333333334
Data_for_model/images/Crenated_2.tif,44,,Crenated,0.7066666666666667,Crenated,False,,0.7963212494457653,0.3578975033100596,0.7066666666666667,0.0,0.01,0.2833333333333333
Data_for_model/images/Crenated_2.tif,45,,Crenated,0.9733333333333334,Crenated,False,,0.18038364338262114,0.236111199668165,0.9733333333333334,0.0033333333333333335,0.006666666666666667,0.016666666666666666
Data_for_model/images/Crenated_2.tif,46,,Crenated,0.91,Crenated,False,,0.1583124359840219,0.2328825305202828,0.91,0.006666666666666667,0.05,0.03333333333333333
Data_for_model/images/Crenated_2.tif,47,,Crenated,0.9133333333333333,Crenated,False,,0.38688287577421065,0.3068069183898818,0.9133333333333333,0.0,0.006666666666666667,0.08
Data_for_model/images/Crenated_2.tif,48,,Crenated,0.89,Crenated,False,,0.9024135558873007,0.301703383890499,0.89,0.0,0.0033333333333333335,0.10666666666666667
Data_for_model/images/Crenated_2.tif,49,Crenated,Crenated,0.94,Crenated,False,,0.17441479687858097,0.2153402874205404,0.94,0.0033333333333333335,0.016666666666666666,0.04
Data_for_model/images/Crenated_2.tif,51,,Crenated,1.0,Crenated,False,,0.37453532192048034,0.2975869239793887,1.0,0.0,0.0,0.0
Data_for_model/images/Crenated_2.tif,52,,Crenated,0.9966666666666667,Crenated,False,,0.27062610668490017,0.2487318028166668,0.9966666666666667,0.0,0.0,0.0033333333333333335
Data_for_model/images/Crenated_2.tif,53,,Crenated,1.0,Crenated,False,,0.6815299426213948,0.2507540455702818,1.0,0.0,0.0,0.0
Data_for_model/images/Crenated_2.tif,55,,Crenated,0.9966666666666667,Crenated,False,,0.5191567031962768,0.2508428174274106,0.9966666666666667,0.0,0.0,0.0033333333333333335
Data_for_model/images/Crenated_2.tif,57,,Crenated,1.0,Crenated,False,,0.34828528431455263,0.2256533265856067,1.0,0.0,0.0,0.0
Data_for_model/images/Crenated_2.tif,60,,Crenated,0.9166666666666666,Crenated,False,,0.3412654475253709,0.2941774693294836,0.9166666666666666,0.0,0.016666666666666666,0.06666666666666667
Data_for_model/images/Crenated_2.tif,61,,Crenated,0.9566666666666667,Crenated,False,,0.361111741145389,0.2796757154517378,0.9566666666666667,0.006666666666666667,0.023333333333333334,0.013333333333333334
Data_for_model/images/Crenated_3.tif,1,Stressed,Stressed,0.9733333333333334,Stressed,False,,0.10723949695550461,0.4181886597117948,0.02,0.0,0.006666666666666667,0.9733333333333334
Data_for_model/images/Crenated_3.tif,2,,Healthy,0.8933333333333333,Healthy,False,,0.014271453616428231,0.8582200054254272,0.006666666666666667,0.0,0.8933333333333333,0.1
Data_for_model/images/Crenated_3.tif,3,Stressed,Stressed,0.8833333333333333,Stressed,False,,0.03533309774368343,0.6283663935507648,0.023333333333333334,0.0,0.09333333333333334,0.8833333333333333
Data_for_model/images/Crenated_3.tif,4,Healthy,Healthy,0.94,Healthy,False,,-0.0005184393188065739,0.6907832673081007,0.01,0.0,0.94,0.05
Data_for_model/images/Crenated_3.tif,5,,Stressed,0.8466666666666667,Stressed,False,,0.05969050120936026,0.6174652835517519,0.09333333333333334,0.0,0.06,0.8466666666666667
Data_for_model/images/Crenated_3.tif,6,,Stressed,0.7366666666666667,Stressed,False,,0.022686229027142568,0.5698953216851388,0.016666666666666666,0.0,0.24666666666666667,0.7366666666666667
Data_for_model/images/Crenated_3.tif,9,Stressed,Stressed,0.8966666666666666,Stressed,False,,0.13550900047843928,0.4456202517185346,0.08666666666666667,0.0,0.016666666666666666,0.8966666666666666
Data_for_model/images/Crenated_3.tif,10,,Stressed,0.7633333333333333,Stressed,False,,0.06240819550813215,0.531558102607567,0.08333333333333333,0.0,0.15333333333333332,0.7633333333333333
Data_for_model/images/Crenated_3.tif,11,,Healthy,0.7466666666666667,Healthy,True,healthy_but_irregular_or_textured; ,0.10025819601844999,0.744648721210224,0.03666666666666667,0.0033333333333333335,0.7466666666666667,0.21333333333333335
Data_for_model/images/Crenated_3.tif,12,Healthy,Healthy,0.9533333333333334,Healthy,False,,0.008071911459375136,0.764685750006212,0.0,0.0,0.9533333333333334,0.04666666666666667
Data_for_model/images/Crenated_3.tif,13,,Healthy,0.56,Healthy,True,low_confidence; healthy_but_irregular_or_textured; ,0.08516310152995055,0.6740797187081629,0.013333333333333334,0.0033333333333333335,0.56,0.42333333333333334
Data_for_model/images/Crenated_3.tif,14,,Stressed,0.7533333333333333,Stressed,False,,0.1804575246617801,0.4443734214080148,0.23,0.0,0.016666666666666666,0.7533333333333333
Data_for_model/images/Crenated_3.tif,15,Healthy,Healthy,0.95,Healthy,True,healthy_but_irregular_or_textured; ,0.11409233202519198,0.8452082434568116,0.0,0.0,0.95,0.05
Data_for_model/images/Crenated_3.tif,17,,Stressed,0.8266666666666667,Stressed,False,,0.15902995583842927,0.4340894992697249,0.14666666666666667,0.0,0.02666666666666667,0.8266666666666667
Data_for_model/images/Crenated_3.tif,18,Stressed,Stressed,0.9366666666666666,Stressed,False,,0.06676472372514863,0.4901800316429499,0.006666666666666667,0.0,0.056666666666666664,0.9366666666666666
Data_for_model/images/Crenated_3.tif,19,Stressed,Stressed,0.79,Stressed,False,,0.3610208304934136,0.9409134601702488,0.03,0.0033333333333333335,0.17666666666666667,0.79
Data_for_model/images/Crenated_3.tif,20,,Stressed,0.6033333333333334,Stressed,False,,0.17542407105245716,0.683116377867347,0.08666666666666667,0.013333333333333334,0.2966666666666667,0.6033333333333334
Data_for_model/images/Crenated_3.tif,21,,Stressed,0.44666666666666666,Stressed,True,low_confidence; ,0.0797571593828802,0.3234923830996628,0.39666666666666667,0.0,0.15666666666666668,0.44666666666666666
Data_for_model/images/Crenated_3.tif,22,,Stressed,0.9366666666666666,Stressed,False,,0.15013949847980568,0.4959198703771902,0.06333333333333334,0.0,0.0,0.9366666666666666
Data_for_model/images/Crenated_3.tif,23,,Healthy,0.8366666666666667,Healthy,False,,0.025935560711437877,0.7230147468563275,0.0,0.01,0.8366666666666667,0.15333333333333332
Data_for_model/images/Crenated_3.tif,24,,Healthy,0.96,Healthy,True,healthy_but_irregular_or_textured; ,0.04539862139968265,1.0675030802124532,0.0033333333333333335,0.0,0.96,0.03666666666666667
Data_for_model/images/Crenated_3.tif,25,,Stressed,0.6933333333333334,Stressed,False,,0.05615787478892453,0.469920858732899,0.18,0.0,0.12666666666666668,0.6933333333333334
Data_for_model/images/Crenated_3.tif,27,,Healthy,0.96,Healthy,False,,0.03818731272027054,0.7411428355309908,0.0033333333333333335,0.0,0.96,0.03666666666666667
Data_for_model/images/Crenated_3.tif,28,Healthy,Healthy,0.74,Healthy,False,,0.017102240902866606,0.6607124977324156,0.0,0.0,0.74,0.26
Data_for_model/images/Crenated_3.tif,29,,Crenated,0.8966666666666666,Crenated,False,,0.17294737761806134,0.3175221283444639,0.8966666666666666,0.0,0.013333333333333334,0.09
Data_for_model/images/Crenated_3.tif,31,,Stressed,0.4866666666666667,Stressed,True,low_confidence; ,0.183491710788246,0.6501459718655688,0.06666666666666667,0.0033333333333333335,0.44333333333333336,0.4866666666666667
Data_for_model/images/Crenated_3.tif,32,,Healthy,0.8133333333333334,Healthy,True,healthy_but_irregular_or_textured; ,0.07847172543730696,0.7949244027303007,0.013333333333333334,0.0,0.8133333333333334,0.17333333333333334
Data_for_model/images/Crenated_3.tif,33,,Crenated,0.5033333333333333,Crenated,True,low_confidence; crenated_but_low_crenation_score; ,0.051591261152373336,0.3863169637435495,0.5033333333333333,0.0,0.09333333333333334,0.4033333333333333
Data_for_model/images/Crenated_3.tif,34,,Stressed,0.62,Stressed,False,,0.052795105787982965,0.5762854843109997,0.03,0.0033333333333333335,0.3466666666666667,0.62
Data_for_model/images/Crenated_3.tif,35,Stressed,Stressed,0.84,Stressed,False,,0.2709441018786054,0.5510977670021393,0.13666666666666666,0.0,0.023333333333333334,0.84
Data_for_model/images/Crenated_3.tif,36,,Stressed,0.7066666666666667,Stressed,False,,0.4231127060689678,0.4168975753126174,0.2733333333333333,0.0033333333333333335,0.016666666666666666,0.7066666666666667
Data_for_model/images/Crenated_3.tif,37,,Crenated,0.5566666666666666,Crenated,True,low_confidence; ,0.3202270994438381,0.3111971268475948,0.5566666666666666,0.0,0.01,0.43333333333333335
Data_for_model/images/Crenated_3.tif,38,,Crenated,0.9133333333333333,Crenated,False,,0.15480954836725003,0.264361731128766,0.9133333333333333,0.0,0.0033333333333333335,0.08333333333333333
Data_for_model/images/Crenated_3.tif,39,,Stressed,0.9366666666666666,Stressed,False,,0.07480921450547928,0.5978583277254322,0.023333333333333334,0.0,0.04,0.9366666666666666
Data_for_model/images/Crenated_3.tif,40,,Stressed,0.7166666666666667,Stressed,False,,0.15987274064426804,0.5503348319298877,0.06,0.0,0.22333333333333333,0.7166666666666667
Data_for_model/images/Crenated_3.tif,42,,Stressed,0.51,Stressed,True,low_confidence; ,0.7302715296647585,0.3892124155749059,0.47,0.0033333333333333335,0.016666666666666666,0.51
Data_for_model/images/Crenated_3.tif,43,,Stressed,0.8733333333333333,Stressed,False,,0.19022643192675803,0.5363073471194933,0.016666666666666666,0.0,0.11,0.8733333333333333
Data_for_model/images/Crenated_3.tif,44,Healthy,Healthy,0.92,Healthy,True,healthy_but_irregular_or_textured; ,0.12616097510816382,0.6719011308930591,0.0033333333333333335,0.0033333333333333335,0.92,0.07333333333333333
Data_for_model/images/Crenated_3.tif,45,Crenated,Crenated,0.9966666666666667,Crenated,True,crenated_but_low_crenation_score; ,0.053221646265523836,0.2864621028974979,0.9966666666666667,0.0,0.0,0.0033333333333333335
Data_for_model/images/Crenated_3.tif,47,,Crenated,0.9366666666666666,Crenated,False,,0.13690798365142498,0.2325336922200609,0.9366666666666666,0.0,0.0,0.06333333333333334
Data_for_model/images/Crenated_3.tif,48,,Crenated,0.61,Crenated,False,,0.2760769417636755,0.6100976441150061,0.61,0.01,0.02,0.36
Data_for_model/images/Crenated_3.tif,49,Stressed,Stressed,0.97,Stressed,False,,0.239053529859368,0.4952537321408345,0.023333333333333334,0.0,0.006666666666666667,0.97
Data_for_model/images/Crenated_3.tif,51,,Crenated,1.0,Crenated,False,,0.18365008401766703,0.2150861924523219,1.0,0.0,0.0,0.0
Data_for_model/images/Crenated_3.tif,54,,Crenated,0.99,Crenated,False,,0.2609699564683895,0.2463390348889344,0.99,0.0,0.0,0.01
Data_for_model/images/Crenated_3.tif,55,Crenated,Crenated,0.9433333333333334,Crenated,True,crenated_but_low_crenation_score; ,0.08066078877508864,0.3692989790413514,0.9433333333333334,0.0,0.0033333333333333335,0.05333333333333334
Data_for_model/images/Crenated_3.tif,58,Crenated,Crenated,1.0,Crenated,True,crenated_but_low_crenation_score; ,0.04412999601870249,0.2657619356066301,1.0,0.0,0.0,0.0
Data_for_model/images/Crenated_3.tif,59,Crenated,Crenated,1.0,Crenated,False,,0.7022437018400901,0.2769880723989706,1.0,0.0,0.0,0.0
Data_for_model/images/Crenated_3.tif,60,,Dead,0.88,Dead,False,,0.0937245809456172,0.6952494603680015,0.0,0.88,0.12,0.0
Data_for_model/images/Crenated_3.tif,61,Crenated,Crenated,1.0,Crenated,False,,0.26772955888951055,0.2469984081651653,1.0,0.0,0.0,0.0
Data_for_model/images/Crenated_3.tif,62,,Crenated,0.9433333333333334,Crenated,False,,0.6189603163370624,0.2460884249635232,0.9433333333333334,0.0,0.006666666666666667,0.05
Data_for_model/images/Crenated_3.tif,64,,Crenated,0.97,Crenated,False,,0.3615623338202407,0.3038675858234599,0.97,0.0,0.0033333333333333335,0.02666666666666667
Data_for_model/images/Crenated_3.tif,65,,Crenated,0.5866666666666667,Crenated,True,low_confidence; ,0.23323849646729522,0.3799055486988421,0.5866666666666667,0.0033333333333333335,0.07333333333333333,0.33666666666666667
Data_for_model/images/Crenated_3.tif,66,Crenated,Crenated,1.0,Crenated,False,,0.5072735723768756,0.2306932607119287,1.0,0.0,0.0,0.0
Data_for_model/images/Crenated_3.tif,67,,Crenated,1.0,Crenated,False,,0.6970709856656664,0.2714492361886386,1.0,0.0,0.0,0.0
Data_for_model/images/Crenated_3.tif,68,,Crenated,1.0,Crenated,False,,0.25162362975187647,0.2456408304535605,1.0,0.0,0.0,0.0
Data_for_model/images/Crenated_3.tif,69,,Crenated,1.0,Crenated,False,,0.4831476692902539,0.2702398330853092,1.0,0.0,0.0,0.0
Data_for_model/images/Crenated_4.tif,1,,Healthy,0.48333333333333334,Healthy,True,low_confidence; healthy_but_irregular_or_textured; ,0.10398399929586377,0.8820245379625197,0.10333333333333333,0.0,0.48333333333333334,0.41333333333333333
Data_for_model/images/Crenated_4.tif,2,,Stressed,0.77,Stressed,False,,0.1888865427410189,0.4677923762367557,0.18333333333333332,0.0,0.04666666666666667,0.77
Data_for_model/images/Crenated_4.tif,3,,Stressed,0.5033333333333333,Stressed,True,low_confidence; ,0.23856171829479644,0.7183826030571834,0.02666666666666667,0.0033333333333333335,0.4666666666666667,0.5033333333333333
Data_for_model/images/Crenated_4.tif,4,,Stressed,0.8833333333333333,Stressed,False,,0.2116350564031947,0.5720525167428695,0.09333333333333334,0.0033333333333333335,0.02,0.8833333333333333
Data_for_model/images/Crenated_4.tif,5,,Stressed,0.5733333333333334,Stressed,True,low_confidence; ,0.04023655921131519,0.6475215312590306,0.043333333333333335,0.0,0.38333333333333336,0.5733333333333334
Data_for_model/images/Crenated_4.tif,6,,Stressed,0.59,Stressed,True,low_confidence; ,0.24743220068148453,1.0662353449818855,0.16666666666666666,0.043333333333333335,0.2,0.59
Data_for_model/images/Crenated_4.tif,7,,Stressed,0.44,Stressed,True,low_confidence; ,0.18829936145915205,0.7441793904670203,0.25666666666666665,0.0033333333333333335,0.3,0.44
Data_for_model/images/Crenated_4.tif,9,,Stressed,0.67,Stressed,False,,0.05766451053449728,0.6207834298958296,0.23,0.0,0.1,0.67
Data_for_model/images/Crenated_4.tif,11,,Healthy,0.82,Healthy,False,,0.03708093267785084,0.8952379458056879,0.03666666666666667,0.0033333333333333335,0.82,0.14
Data_for_model/images/Crenated_4.tif,12,Stressed,Stressed,0.7533333333333333,Stressed,False,,0.12548244967617994,0.7600363764652609,0.023333333333333334,0.0,0.22333333333333333,0.7533333333333333
Data_for_model/images/Crenated_4.tif,13,,Crenated,0.96,Crenated,False,,0.36058724321703484,0.3364757876059261,0.96,0.0,0.0,0.04
Data_for_model/images/Crenated_4.tif,14,,Stressed,0.6333333333333333,Stressed,False,,0.0766549073523286,0.4724254747473684,0.3466666666666667,0.0,0.02,0.6333333333333333
Data_for_model/images/Crenated_4.tif,15,,Stressed,0.7733333333333333,Stressed,False,,0.2484968306417885,0.6295953185248983,0.07333333333333333,0.0033333333333333335,0.15,0.7733333333333333
Data_for_model/images/Crenated_4.tif,16,,Healthy,0.7666666666666667,Healthy,True,healthy_but_irregular_or_textured; ,0.10849133236213426,0.9478708243509943,0.02666666666666667,0.0033333333333333335,0.7666666666666667,0.20333333333333334
Data_for_model/images/Crenated_4.tif,17,,Stressed,0.59,Stressed,True,low_confidence; ,0.2820007779740151,0.6257363387594056,0.23333333333333334,0.0,0.17666666666666667,0.59
Data_for_model/images/Crenated_4.tif,18,,Crenated,0.4666666666666667,Crenated,True,low_confidence; ,0.19161235318882475,0.6140049686807214,0.4666666666666667,0.0,0.07,0.4633333333333333
Data_for_model/images/Crenated_4.tif,20,,Stressed,0.57,Stressed,True,low_confidence; ,0.02507842336489341,0.6148828827229154,0.18333333333333332,0.0,0.24666666666666667,0.57
Data_for_model/images/Crenated_4.tif,21,,Stressed,0.56,Stressed,True,low_confidence; ,0.12184116046974736,0.5858961180101323,0.20333333333333334,0.0,0.23666666666666666,0.56
Data_for_model/images/Crenated_4.tif,22,,Stressed,0.5066666666666667,Stressed,True,low_confidence; ,0.031725556644183084,0.5956745032532015,0.14666666666666667,0.0033333333333333335,0.3433333333333333,0.5066666666666667
Data_for_model/images/Crenated_4.tif,23,Stressed,Stressed,0.9366666666666666,Stressed,False,,0.1088063872402576,0.5863026259561211,0.006666666666666667,0.0,0.056666666666666664,0.9366666666666666
Data_for_model/images/Crenated_4.tif,24,Stressed,Stressed,0.8166666666666667,Stressed,False,,0.38718083636038525,0.5297025102692239,0.17,0.0,0.013333333333333334,0.8166666666666667
Data_for_model/images/Crenated_4.tif,25,Stressed,Stressed,0.82,Stressed,False,,0.2585604690031684,0.5979593733569868,0.10666666666666667,0.0,0.07333333333333333,0.82
Data_for_model/images/Crenated_4.tif,26,,Stressed,0.6833333333333333,Stressed,False,,0.0847932590508721,0.5465208333385714,0.2733333333333333,0.0,0.043333333333333335,0.6833333333333333
Data_for_model/images/Crenated_4.tif,27,Stressed,Stressed,0.93,Stressed,False,,0.09848798883752274,0.5311304931995827,0.02666666666666667,0.0,0.043333333333333335,0.93
Data_for_model/images/Crenated_4.tif,29,,Crenated,0.6233333333333333,Crenated,False,,0.40634174232691767,0.3633446532294443,0.6233333333333333,0.0,0.013333333333333334,0.36333333333333334
Data_for_model/images/Crenated_4.tif,30,Healthy,Healthy,0.9266666666666666,Healthy,False,,0.026341234144304004,0.8382940184209788,0.0033333333333333335,0.0,0.9266666666666666,0.07
Data_for_model/images/Crenated_4.tif,31,,Stressed,0.51,Stressed,True,low_confidence; ,0.17793467408761776,0.363880771846531,0.4766666666666667,0.0,0.013333333333333334,0.51
Data_for_model/images/Crenated_4.tif,32,,Crenated,0.83,Crenated,True,crenated_but_low_crenation_score; ,0.09204702184138236,0.466882835565888,0.83,0.0,0.023333333333333334,0.14666666666666667
Data_for_model/images/Crenated_4.tif,33,,Stressed,0.74,Stressed,False,,0.5409589064740893,0.6201440675706273,0.08666666666666667,0.0033333333333333335,0.17,0.74
Data_for_model/images/Crenated_4.tif,35,Stressed,Stressed,0.9766666666666667,Stressed,False,,0.125489918274588,0.4132966341239063,0.016666666666666666,0.0,0.006666666666666667,0.9766666666666667
Data_for_model/images/Crenated_4.tif,36,,Dead,0.7533333333333333,Dead,False,,0.05285058899188988,0.9293222847618696,0.0,0.7533333333333333,0.24666666666666667,0.0
Data_for_model/images/Crenated_4.tif,37,,Stressed,0.54,Stressed,True,low_confidence; ,0.5777478878809784,0.6131848689796049,0.18666666666666668,0.023333333333333334,0.25,0.54
Data_for_model/images/Crenated_4.tif,38,,Stressed,0.52,Stressed,True,low_confidence; ,0.18834174878175192,0.473527994968998,0.4,0.0,0.08,0.52
Data_for_model/images/Crenated_4.tif,39,Crenated,Crenated,0.97,Crenated,False,,0.3293135458973102,0.2648392213089058,0.97,0.0,0.0,0.03
Data_for_model/images/Crenated_4.tif,40,,Crenated,0.9033333333333333,Crenated,True,crenated_but_low_crenation_score; ,0.06058695209855913,0.2998522717626366,0.9033333333333333,0.0,0.0,0.09666666666666666
Data_for_model/images/Crenated_4.tif,42,,Crenated,0.9433333333333334,Crenated,False,,0.23178715338500533,0.341618159325867,0.9433333333333334,0.0,0.0033333333333333335,0.05333333333333334
Data_for_model/images/Crenated_4.tif,43,Stressed,Stressed,0.79,Stressed,False,,0.11127806643552496,0.5938335065482985,0.04666666666666667,0.0,0.16333333333333333,0.79
Data_for_model/images/Crenated_4.tif,44,Crenated,Crenated,0.88,Crenated,True,crenated_but_low_crenation_score; ,0.03966779499426787,0.338419046580213,0.88,0.0,0.006666666666666667,0.11333333333333333
Data_for_model/images/Crenated_4.tif,46,,Crenated,0.9566666666666667,Crenated,True,crenated_but_low_crenation_score; ,0.12278347812014245,0.3145687639624396,0.9566666666666667,0.0,0.0033333333333333335,0.04
Data_for_model/images/Crenated_4.tif,47,,Crenated,0.76,Crenated,False,,0.224630835517591,0.2607775120069739,0.76,0.0,0.03333333333333333,0.20666666666666667
Data_for_model/images/Crenated_4.tif,48,,Crenated,1.0,Crenated,False,,0.3733810631926039,0.2733690826267743,1.0,0.0,0.0,0.0
Data_for_model/images/Crenated_4.tif,50,,Crenated,0.5833333333333334,Crenated,True,low_confidence; ,0.6222901594625042,0.43650297044034,0.5833333333333334,0.0,0.01,0.4066666666666667
Data_for_model/images/Crenated_4.tif,51,,Crenated,1.0,Crenated,False,,0.8627106141709138,0.2283793572395697,1.0,0.0,0.0,0.0
Data_for_model/images/Crenated_4.tif,52,,Crenated,0.95,Crenated,False,,0.5542002201493346,0.4132594452952374,0.95,0.0,0.006666666666666667,0.043333333333333335
Data_for_model/images/Crenated_4.tif,53,Crenated,Crenated,0.71,Crenated,False,,0.26333171662636545,0.6401608273475408,0.71,0.06333333333333334,0.09666666666666666,0.13
Data_for_model/images/Crenated_4.tif,56,,Crenated,1.0,Crenated,True,crenated_but_low_crenation_score; ,0.12457674818759168,0.2789812067578981,1.0,0.0,0.0,0.0
Data_for_model/images/Crenated_4.tif,57,,Crenated,1.0,Crenated,False,,0.22834281949482715,0.2710005806872145,1.0,0.0,0.0,0.0
Data_for_model/images/Crenated_4.tif,58,,Crenated,0.9833333333333333,Crenated,False,,0.2802300485916639,0.2536084281209328,0.9833333333333333,0.0,0.0,0.016666666666666666
Data_for_model/images/Crenated_4.tif,59,Crenated,Crenated,0.9866666666666667,Crenated,False,,0.6237727169642089,0.3001339399482619,0.9866666666666667,0.0,0.0033333333333333335,0.01
Data_for_model/images/Crenated_5.tif,1,Stressed,Stressed,0.9466666666666667,Stressed,False,,0.3263836290051523,0.5871192021952396,0.02666666666666667,0.0,0.02666666666666667,0.9466666666666667
Data_for_model/images/Crenated_5.tif,3,,Stressed,0.51,Stressed,True,low_confidence; ,0.11263205347967098,0.3962950397245913,0.45666666666666667,0.0,0.03333333333333333,0.51
Data_for_model/images/Crenated_5.tif,4,Stressed,Stressed,0.8433333333333334,Stressed,False,,0.2350874295138714,0.4772681489993394,0.15,0.0,0.006666666666666667,0.8433333333333334
Data_for_model/images/Crenated_5.tif,5,,Stressed,0.88,Stressed,False,,0.03210464220493792,0.5791175736898531,0.016666666666666666,0.0,0.10333333333333333,0.88
Data_for_model/images/Crenated_5.tif,6,,Healthy,0.4866666666666667,Healthy,True,low_confidence; healthy_but_irregular_or_textured; ,0.06782914154024666,0.6603415827416959,0.02666666666666667,0.0,0.4866666666666667,0.4866666666666667
Data_for_model/images/Crenated_5.tif,7,Stressed,Stressed,0.8966666666666666,Stressed,False,,0.07130444444580386,0.6692908304576025,0.02,0.0,0.08333333333333333,0.8966666666666666
Data_for_model/images/Crenated_5.tif,8,Healthy,Healthy,0.6633333333333333,Healthy,False,,0.04036937712410493,0.5938859060838351,0.01,0.0,0.6633333333333333,0.32666666666666666
Data_for_model/images/Crenated_5.tif,10,,Stressed,0.78,Stressed,False,,0.20675387766544573,0.4021090224504982,0.19666666666666666,0.0,0.023333333333333334,0.78
Data_for_model/images/Crenated_5.tif,11,Stressed,Stressed,0.95,Stressed,False,,0.03784480139373725,0.5089384727167215,0.023333333333333334,0.0,0.02666666666666667,0.95
Data_for_model/images/Crenated_5.tif,12,Healthy,Healthy,0.6066666666666667,Healthy,True,healthy_but_irregular_or_textured; ,0.09198172540819793,0.5271342421506491,0.06,0.0,0.6066666666666667,0.3333333333333333
Data_for_model/images/Crenated_5.tif,13,,Healthy,0.64,Healthy,False,,0.03307459280389824,0.7000982810126224,0.013333333333333334,0.0,0.64,0.3466666666666667
Data_for_model/images/Crenated_5.tif,14,,Stressed,0.8566666666666667,Stressed,False,,0.028635456979610674,0.5125178024971859,0.0,0.0,0.14333333333333334,0.8566666666666667
Data_for_model/images/Crenated_5.tif,15,,Stressed,0.7333333333333333,Stressed,False,,0.1251354655218354,0.488474126170504,0.22,0.0,0.04666666666666667,0.7333333333333333
Data_for_model/images/Crenated_5.tif,16,,Stressed,0.6666666666666666,Stressed,False,,0.19537712534708773,0.5219727356676273,0.20333333333333334,0.0,0.13,0.6666666666666666
Data_for_model/images/Crenated_5.tif,17,,Crenated,0.69,Crenated,False,,0.2532017911456097,0.4038361861347486,0.69,0.0,0.05333333333333334,0.25666666666666665
Data_for_model/images/Crenated_5.tif,18,,Healthy,0.84,Healthy,False,,0.024100533753237285,0.7847061571836869,0.006666666666666667,0.0033333333333333335,0.84,0.15
Data_for_model/images/Crenated_5.tif,20,,Stressed,0.5,Stressed,True,low_confidence; ,0.19339598545199,0.4577007416869998,0.47,0.0,0.03,0.5
Data_for_model/images/Crenated_5.tif,21,Stressed,Stressed,0.8,Stressed,False,,0.04794304809727756,0.653339583428779,0.09,0.0,0.11,0.8
Data_for_model/images/Crenated_5.tif,22,,Stressed,0.7733333333333333,Stressed,False,,0.11654895754861538,0.5641758592773558,0.18,0.0,0.04666666666666667,0.7733333333333333
Data_for_model/images/Crenated_5.tif,23,,Crenated,0.5,Crenated,True,low_confidence; ,0.16219998932278734,0.3500832721754373,0.5,0.0,0.03333333333333333,0.4666666666666667
Data_for_model/images/Crenated_5.tif,24,,Crenated,0.49333333333333335,Crenated,True,low_confidence; ,0.2535085942019174,0.4008119505987813,0.49333333333333335,0.0,0.02,0.4866666666666667
Data_for_model/images/Crenated_5.tif,25,,Stressed,0.7033333333333334,Stressed,False,,0.10127473850074908,0.4715921698350364,0.2733333333333333,0.0,0.023333333333333334,0.7033333333333334
Data_for_model/images/Crenated_5.tif,28,,Crenated,0.94,Crenated,False,,0.32151747477062664,0.2979939724968445,0.94,0.0,0.0,0.06
Data_for_model/images/Crenated_5.tif,29,,Stressed,0.7866666666666666,Stressed,False,,0.06455551021542327,0.5846559474367765,0.04,0.0033333333333333335,0.17,0.7866666666666666
Data_for_model/images/Crenated_5.tif,30,,Stressed,0.5666666666666667,Stressed,True,low_confidence; ,0.2726710178783792,0.7513919248165587,0.13333333333333333,0.0033333333333333335,0.2966666666666667,0.5666666666666667
Data_for_model/images/Crenated_5.tif,31,,Crenated,0.86,Crenated,False,,0.4552786461368006,0.4102384596680783,0.86,0.0,0.013333333333333334,0.12666666666666668
Data_for_model/images/Crenated_5.tif,32,,Healthy,0.5066666666666667,Healthy,True,low_confidence; healthy_but_irregular_or_textured; ,0.13016623499609103,0.7818933436964308,0.06666666666666667,0.0,0.5066666666666667,0.4266666666666667
Data_for_model/images/Crenated_5.tif,33,,Crenated,0.47333333333333333,Crenated,True,low_confidence; crenated_but_low_crenation_score; ,0.08384162060165368,0.6324600649532016,0.47333333333333333,0.0,0.16666666666666666,0.36
Data_for_model/images/Crenated_5.tif,34,,Stressed,0.6633333333333333,Stressed,False,,0.07050711432888723,0.5070650408210036,0.056666666666666664,0.0,0.28,0.6633333333333333
Data_for_model/images/Crenated_5.tif,35,,Crenated,0.95,Crenated,False,,0.18935383991973365,0.2464894438266071,0.95,0.0,0.016666666666666666,0.03333333333333333
Data_for_model/images/Crenated_5.tif,37,Crenated,Crenated,0.8933333333333333,Crenated,False,,0.30512270879952963,0.4347752740958661,0.8933333333333333,0.0,0.0033333333333333335,0.10333333333333333
Data_for_model/images/Crenated_5.tif,38,,Crenated,0.9766666666666667,Crenated,False,,0.2328409524719739,0.272313356180892,0.9766666666666667,0.0,0.0,0.023333333333333334
Data_for_model/images/Crenated_5.tif,39,,Stressed,0.6833333333333333,Stressed,False,,0.12637896261845938,0.4176062206830667,0.23666666666666666,0.0,0.08,0.6833333333333333
Data_for_model/images/Crenated_5.tif,40,,Crenated,0.9033333333333333,Crenated,False,,0.41963118321680537,0.2851703415802277,0.9033333333333333,0.0,0.0,0.09666666666666666
Data_for_model/images/Crenated_5.tif,41,Stressed,Stressed,0.9633333333333334,Stressed,False,,0.1832511819634468,0.3896389569095433,0.03666666666666667,0.0,0.0,0.9633333333333334
Data_for_model/images/Crenated_5.tif,43,,Crenated,0.9666666666666667,Crenated,True,crenated_but_low_crenation_score; ,0.13444543116342855,0.219716542802215,0.9666666666666667,0.0,0.0033333333333333335,0.03
Data_for_model/images/Crenated_5.tif,44,Crenated,Crenated,0.8766666666666667,Crenated,True,crenated_but_low_crenation_score; ,0.13410189120505522,0.3602646939192268,0.8766666666666667,0.0,0.0,0.12333333333333334
Data_for_model/images/Crenated_5.tif,45,,Stressed,0.5166666666666667,Stressed,True,low_confidence; ,0.23049834784430456,0.3768736004022208,0.44333333333333336,0.0,0.04,0.5166666666666667
Data_for_model/images/Crenated_5.tif,46,,Crenated,1.0,Crenated,False,,0.21767495607557286,0.2031682070108101,1.0,0.0,0.0,0.0
Data_for_model/images/Crenated_5.tif,47,Crenated,Crenated,0.99,Crenated,False,,0.21358762107304574,0.2356083865299868,0.99,0.0,0.0,0.01
Data_for_model/images/Crenated_5.tif,48,,Crenated,0.9966666666666667,Crenated,False,,0.42948452237207224,0.2505277807832444,0.9966666666666667,0.0,0.0,0.0033333333333333335
Data_for_model/images/Crenated_5.tif,50,,Crenated,0.8666666666666667,Crenated,False,,0.426518807366977,0.2844084975363082,0.8666666666666667,0.01,0.03333333333333333,0.09
Data_for_model/images/Crenated_5.tif,51,,Crenated,1.0,Crenated,False,,0.2847559601522972,0.225717054959024,1.0,0.0,0.0,0.0
Data_for_model/images/Crenated_5.tif,52,,Crenated,1.0,Crenated,False,,0.6055818070523872,0.2890260465630301,1.0,0.0,0.0,0.0
Data_for_model/images/Crenated_5.tif,53,,Crenated,0.99,Crenated,False,,0.2385689538362158,0.324727492358272,0.99,0.0,0.0,0.01
Data_for_model/images/Crenated_5.tif,55,,Crenated,0.9866666666666667,Crenated,False,,0.3707312957267309,0.3037551238951783,0.9866666666666667,0.0,0.0,0.013333333333333334
Data_for_model/images/Crenated_5.tif,56,Crenated,Crenated,1.0,Crenated,True,crenated_but_low_crenation_score; ,0.050668175315444985,0.2275471021409738,1.0,0.0,0.0,0.0
Data_for_model/images/Crenated_5.tif,58,,Crenated,0.9966666666666667,Crenated,False,,0.2783575307829004,0.234131308431766,0.9966666666666667,0.0,0.0,0.0033333333333333335
Data_for_model/images/Crenated_5.tif,59,,Crenated,0.9066666666666666,Crenated,False,,0.38793077415894883,0.2604135553581768,0.9066666666666666,0.006666666666666667,0.03333333333333333,0.05333333333333334
Data_for_model/images/Crenated_6.tif,2,Stressed,Stressed,0.8566666666666667,Stressed,False,,0.03860303245914343,0.5622817067373062,0.06666666666666667,0.0,0.07666666666666666,0.8566666666666667
Data_for_model/images/Crenated_6.tif,4,,Healthy,0.7166666666666667,Healthy,True,healthy_but_irregular_or_textured; ,0.08927439399496251,1.0504317172716855,0.03333333333333333,0.0,0.7166666666666667,0.25
Data_for_model/images/Crenated_6.tif,5,,Stressed,0.79,Stressed,False,,0.027164787871395424,0.4226855377557132,0.13666666666666666,0.0,0.07333333333333333,0.79
Data_for_model/images/Crenated_6.tif,7,,Stressed,0.6933333333333334,Stressed,False,,0.04631676174907029,0.5883457822289809,0.2,0.0,0.10666666666666667,0.6933333333333334
Data_for_model/images/Crenated_6.tif,8,,Healthy,0.83,Healthy,True,healthy_but_irregular_or_textured; ,0.11452087213543738,0.8163734003899306,0.01,0.0033333333333333335,0.83,0.15666666666666668
Data_for_model/images/Crenated_6.tif,9,,Stressed,0.8466666666666667,Stressed,False,,0.05899644678208271,0.6074161085631927,0.056666666666666664,0.0,0.09666666666666666,0.8466666666666667
Data_for_model/images/Crenated_6.tif,10,,Stressed,0.62,Stressed,False,,0.42505104879980804,0.6805326878271537,0.05,0.0033333333333333335,0.32666666666666666,0.62
Data_for_model/images/Crenated_6.tif,11,Healthy,Healthy,0.8066666666666666,Healthy,True,healthy_but_irregular_or_textured; ,0.0711801644219564,0.735197511281113,0.02666666666666667,0.0,0.8066666666666666,0.16666666666666666
Data_for_model/images/Crenated_6.tif,12,,Stressed,0.6333333333333333,Stressed,False,,0.03136337747680218,0.3832155580308438,0.31666666666666665,0.0,0.05,0.6333333333333333
Data_for_model/images/Crenated_6.tif,13,,Healthy,0.82,Healthy,False,,0.04169120438084728,0.8283677590130257,0.023333333333333334,0.0,0.82,0.15666666666666668
Data_for_model/images/Crenated_6.tif,14,,Healthy,0.7,Healthy,True,healthy_but_irregular_or_textured; ,0.15045773338016077,0.7432661731708425,0.013333333333333334,0.006666666666666667,0.7,0.28
Data_for_model/images/Crenated_6.tif,15,,Stressed,0.8533333333333334,Stressed,False,,0.14591977730464312,0.4746844980568636,0.12666666666666668,0.0,0.02,0.8533333333333334
Data_for_model/images/Crenated_6.tif,16,Crenated,Crenated,0.7433333333333333,Crenated,True,crenated_but_low_crenation_score; ,0.08049202904508268,0.3628685402490374,0.7433333333333333,0.0,0.013333333333333334,0.24333333333333335
Data_for_model/images/Crenated_6.tif,17,,Stressed,0.8433333333333334,Stressed,False,,0.0668854872421254,0.5481178687573736,0.14333333333333334,0.0,0.013333333333333334,0.8433333333333334
Data_for_model/images/Crenated_6.tif,18,Healthy,Healthy,0.9366666666666666,Healthy,False,,0.04399069224481633,0.7883894093162401,0.0,0.0,0.9366666666666666,0.06333333333333334
Data_for_model/images/Crenated_6.tif,19,Stressed,Stressed,0.8966666666666666,Stressed,False,,0.3038676698242265,0.4752488564035689,0.06666666666666667,0.0,0.03666666666666667,0.8966666666666666
Data_for_model/images/Crenated_6.tif,20,,Stressed,0.5933333333333334,Stressed,True,low_confidence; ,0.0481268556051454,0.3674215996772748,0.2733333333333333,0.0,0.13333333333333333,0.5933333333333334
Data_for_model/images/Crenated_6.tif,21,Stressed,Stressed,0.8033333333333333,Stressed,False,,0.22618046590487628,0.349391394532863,0.19333333333333333,0.0,0.0033333333333333335,0.8033333333333333
Data_for_model/images/Crenated_6.tif,22,,Crenated,0.4633333333333333,Crenated,True,low_confidence; crenated_but_low_crenation_score; ,0.0002460493767648675,0.4903422530130851,0.4633333333333333,0.0,0.09666666666666666,0.44
Data_for_model/images/Crenated_6.tif,23,,Healthy,0.8533333333333334,Healthy,False,,0.04204905870189668,0.8805371856128227,0.01,0.0,0.8533333333333334,0.13666666666666666
Data_for_model/images/Crenated_6.tif,24,,Dead,0.7333333333333333,Dead,False,,0.23657507269946165,0.6449113765965923,0.1,0.7333333333333333,0.12333333333333334,0.043333333333333335
Data_for_model/images/Crenated_6.tif,25,,Crenated,0.8666666666666667,Crenated,False,,0.25061830597023005,0.3956356664640554,0.8666666666666667,0.0,0.006666666666666667,0.12666666666666668
Data_for_model/images/Crenated_6.tif,26,,Stressed,0.7966666666666666,Stressed,False,,0.025625620089149148,0.601245206584659,0.013333333333333334,0.0,0.19,0.7966666666666666
Data_for_model/images/Crenated_6.tif,27,,Crenated,0.9666666666666667,Crenated,False,,0.18241366386769886,0.2952255605364825,0.9666666666666667,0.0,0.0,0.03333333333333333
Data_for_model/images/Crenated_6.tif,28,Stressed,Stressed,0.8766666666666667,Stressed,False,,0.047592481188261315,0.4620788062541245,0.04,0.0,0.08333333333333333,0.8766666666666667
Data_for_model/images/Crenated_6.tif,29,,Crenated,0.5933333333333334,Crenated,True,low_confidence; crenated_but_low_crenation_score; ,0.1293139818371425,0.3835161263254834,0.5933333333333334,0.0,0.016666666666666666,0.39
Data_for_model/images/Crenated_6.tif,30,,Stressed,0.76,Stressed,False,,0.1602950909133931,0.4852384641026131,0.15333333333333332,0.0,0.08666666666666667,0.76
Data_for_model/images/Crenated_6.tif,31,Stressed,Stressed,0.9866666666666667,Stressed,False,,0.194407929469684,0.4536622949080232,0.006666666666666667,0.0,0.006666666666666667,0.9866666666666667
Data_for_model/images/Crenated_6.tif,32,,Healthy,0.7333333333333333,Healthy,True,healthy_but_irregular_or_textured; ,0.06637927922360609,0.7069552976532338,0.0,0.0,0.7333333333333333,0.26666666666666666
Data_for_model/images/Crenated_6.tif,33,,Crenated,0.9033333333333333,Crenated,True,crenated_but_low_crenation_score; ,0.11838236130252378,0.2558087601107544,0.9033333333333333,0.0,0.0033333333333333335,0.09333333333333334
Data_for_model/images/Crenated_6.tif,35,,Dead,0.8666666666666667,Dead,False,,0.3277661634123522,0.6927858605970995,0.02666666666666667,0.8666666666666667,0.056666666666666664,0.05
Data_for_model/images/Crenated_6.tif,36,,Stressed,0.6666666666666666,Stressed,False,,0.06279566421458194,0.6307343741107949,0.07666666666666666,0.0,0.25666666666666665,0.6666666666666666
Data_for_model/images/Crenated_6.tif,37,,Crenated,0.6666666666666666,Crenated,False,,0.15875097942364413,0.4795157443506194,0.6666666666666666,0.0,0.02,0.31333333333333335
Data_for_model/images/Crenated_6.tif,38,,Healthy,0.9033333333333333,Healthy,True,healthy_but_irregular_or_textured; ,0.04108803424228791,0.9683860567263703,0.016666666666666666,0.016666666666666666,0.9033333333333333,0.06333333333333334
Data_for_model/images/Crenated_6.tif,39,,Crenated,0.5333333333333333,Crenated,True,low_confidence; ,0.22405889280832492,0.3822211673214302,0.5333333333333333,0.0,0.02,0.44666666666666666
Data_for_model/images/Crenated_6.tif,40,,Healthy,0.6433333333333333,Healthy,True,healthy_but_irregular_or_textured; ,0.0944208452561005,0.6535304095833356,0.02,0.0,0.6433333333333333,0.33666666666666667
Data_for_model/images/Crenated_6.tif,41,Crenated,Crenated,0.9,Crenated,False,,0.13790545636859086,0.321746359345065,0.9,0.0,0.0033333333333333335,0.09666666666666666
Data_for_model/images/Crenated_6.tif,42,Stressed,Stressed,0.9066666666666666,Stressed,False,,0.48665398800488724,0.4043930879873812,0.06333333333333334,0.0,0.03,0.9066666666666666
Data_for_model/images/Crenated_6.tif,43,Crenated,Crenated,0.77,Crenated,True,crenated_but_low_crenation_score; ,0.11474475471252255,0.4261062219982027,0.77,0.0,0.013333333333333334,0.21666666666666667
Data_for_model/images/Crenated_6.tif,44,,Crenated,0.6833333333333333,Crenated,False,,0.19778254616749225,0.304245066225602,0.6833333333333333,0.0,0.01,0.30666666666666664
Data_for_model/images/Crenated_6.tif,45,,Crenated,0.7,Crenated,True,crenated_but_low_crenation_score; ,0.05591889654856563,0.3145433535138159,0.7,0.0,0.023333333333333334,0.27666666666666667
Data_for_model/images/Crenated_6.tif,48,,Crenated,0.5133333333333333,Crenated,True,low_confidence; ,0.2269685777884184,0.4215862617267633,0.5133333333333333,0.0,0.013333333333333334,0.47333333333333333
Data_for_model/images/Crenated_6.tif,49,Crenated,Crenated,0.9733333333333334,Crenated,False,,0.38282343480091174,0.292959382272463,0.9733333333333334,0.0,0.0033333333333333335,0.023333333333333334
Data_for_model/images/Crenated_6.tif,50,,Crenated,0.9933333333333333,Crenated,False,,0.300928695188342,0.2887817861272772,0.9933333333333333,0.0,0.0,0.006666666666666667
Data_for_model/images/Crenated_6.tif,52,Crenated,Crenated,0.9833333333333333,Crenated,True,crenated_but_low_crenation_score; ,0.1230463832297809,0.2811994866989455,0.9833333333333333,0.0,0.0033333333333333335,0.013333333333333334
Data_for_model/images/Crenated_6.tif,53,Crenated,Crenated,0.9533333333333334,Crenated,False,,0.5150441239053384,0.257845283051982,0.9533333333333334,0.0,0.0033333333333333335,0.043333333333333335
Data_for_model/images/Crenated_6.tif,54,,Crenated,0.9766666666666667,Crenated,False,,0.2609895848841579,0.3401606455489047,0.9766666666666667,0.0,0.0,0.023333333333333334
Data_for_model/images/Crenated_6.tif,55,,Crenated,1.0,Crenated,False,,0.3567892794909504,0.2694509113546914,1.0,0.0,0.0,0.0
Data_for_model/images/Crenated_6.tif,57,Crenated,Crenated,1.0,Crenated,False,,0.4262230027300222,0.2452699326343308,1.0,0.0,0.0,0.0
Data_for_model/images/Crenated_6.tif,58,,Crenated,0.7333333333333333,Crenated,False,,0.36343503016291967,0.3738957077226284,0.7333333333333333,0.0,0.0,0.26666666666666666
Data_for_model/images/Crenated_6.tif,59,Crenated,Crenated,0.9966666666666667,Crenated,True,crenated_but_low_crenation_score; ,0.13289151101839902,0.2477411196234363,0.9966666666666667,0.0,0.0,0.0033333333333333335
Data_for_model/images/Crenated_6.tif,60,Crenated,Crenated,1.0,Crenated,False,,0.14202366900675567,0.2676288935413304,1.0,0.0,0.0,0.0
Data_for_model/images/Crenated_6.tif,61,,Crenated,1.0,Crenated,False,,0.21857388885872941,0.2651756821962258,1.0,0.0,0.0,0.0
Data_for_model/images/Crenated_6.tif,62,,Crenated,0.6,Crenated,False,,0.19792537284537004,0.3387097300792724,0.6,0.0,0.05,0.35
Data_for_model/images/Crenated_6.tif,63,,Crenated,0.9833333333333333,Crenated,False,,0.20964286899026074,0.3237150301859763,0.9833333333333333,0.0,0.0,0.016666666666666666
Data_for_model/images/Crenated_6.tif,67,Crenated,Crenated,0.9366666666666666,Crenated,False,,0.4382857650470441,0.2462303527551376,0.9366666666666666,0.0,0.006666666666666667,0.056666666666666664
Data_for_model/images/Crenated_6.tif,70,,Stressed,0.5433333333333333,Stressed,True,low_confidence; ,0.29984187075445223,0.4042537347779553,0.43333333333333335,0.0,0.023333333333333334,0.5433333333333333
Data_for_model/images/Crenated_6.tif,72,,Crenated,0.9733333333333334,Crenated,False,,0.2869057015118991,0.2076012264909217,0.9733333333333334,0.0,0.006666666666666667,0.02
Data_for_model/images/Crenated_6.tif,73,Crenated,Crenated,0.9333333333333333,Crenated,False,,0.412791237294835,0.3525289926872937,0.9333333333333333,0.0,0.006666666666666667,0.06
Data_for_model/images/Crenated_6.tif,75,Crenated,Crenated,0.9933333333333333,Crenated,False,,0.22447617852864665,0.2630656757082041,0.9933333333333333,0.0,0.0,0.006666666666666667
Data_for_model/images/Crenated_6.tif,76,,Crenated,0.92,Crenated,False,,0.175380140924578,0.4239376540852812,0.92,0.006666666666666667,0.02,0.05333333333333334
Data_for_model/images/Crenated_7.tif,1,,Healthy,0.74,Healthy,True,healthy_but_irregular_or_textured; ,0.020685050030733287,0.9572130917430118,0.013333333333333334,0.0,0.74,0.24666666666666667
Data_for_model/images/Crenated_7.tif,2,Stressed,Stressed,0.8633333333333333,Stressed,False,,0.029212049430275888,0.5782146099665441,0.023333333333333334,0.0,0.11333333333333333,0.8633333333333333
Data_for_model/images/Crenated_7.tif,3,,Healthy,0.5666666666666667,Healthy,True,low_confidence; healthy_but_irregular_or_textured; ,0.15417515530756964,0.6882091903457693,0.04,0.0,0.5666666666666667,0.3933333333333333
Data_for_model/images/Crenated_7.tif,4,Stressed,Stressed,0.76,Stressed,False,,0.1397362708055636,0.6247474132938926,0.23666666666666666,0.0,0.0033333333333333335,0.76
Data_for_model/images/Crenated_7.tif,5,,Stressed,0.7366666666666667,Stressed,False,,0.03489611485171085,0.5450294081378598,0.21333333333333335,0.0,0.05,0.7366666666666667
Data_for_model/images/Crenated_7.tif,6,Healthy,Healthy,0.81,Healthy,True,healthy_but_irregular_or_textured; ,0.11341197240856082,0.8423888499582913,0.04,0.0,0.81,0.15
Data_for_model/images/Crenated_7.tif,7,,Healthy,0.8733333333333333,Healthy,False,,0.015732185050625236,0.8672041810672045,0.0,0.0,0.8733333333333333,0.12666666666666668
Data_for_model/images/Crenated_7.tif,8,,Healthy,0.6833333333333333,Healthy,True,healthy_but_irregular_or_textured; ,0.06309402579352574,0.7453205820911678,0.03,0.0,0.6833333333333333,0.2866666666666667
Data_for_model/images/Crenated_7.tif,9,,Healthy,0.8033333333333333,Healthy,True,healthy_but_irregular_or_textured; ,0.004156740528571068,0.953031115979652,0.01,0.0,0.8033333333333333,0.18666666666666668
Data_for_model/images/Crenated_7.tif,10,,Healthy,0.78,Healthy,False,,-0.0031977816645707424,0.911338798324301,0.02666666666666667,0.0,0.78,0.19333333333333333
Data_for_model/images/Crenated_7.tif,11,,Healthy,0.5266666666666666,Healthy,True,low_confidence; ,0.055967449052599094,0.7625829398796836,0.11,0.0,0.5266666666666666,0.36333333333333334
Data_for_model/images/Crenated_7.tif,12,,Healthy,0.52,Healthy,True,low_confidence; healthy_but_irregular_or_textured; ,0.1382107880870913,0.7877206651037506,0.0033333333333333335,0.0,0.52,0.4766666666666667
Data_for_model/images/Crenated_7.tif,13,Stressed,Stressed,0.9333333333333333,Stressed,False,,0.15288305122330137,0.6001487209263947,0.02666666666666667,0.0,0.04,0.9333333333333333
Data_for_model/images/Crenated_7.tif,14,Stressed,Stressed,0.8566666666666667,Stressed,False,,0.12072628920864314,0.627766961625911,0.09,0.0,0.05333333333333334,0.8566666666666667
Data_for_model/images/Crenated_7.tif,18,,Healthy,0.76,Healthy,False,,0.02681164720155904,0.7335378932949027,0.006666666666666667,0.0,0.76,0.23333333333333334
Data_for_model/images/Crenated_7.tif,19,,Stressed,0.7166666666666667,Stressed,False,,0.16904709161823506,0.3536011087115741,0.26666666666666666,0.0,0.016666666666666666,0.7166666666666667
Data_for_model/images/Crenated_7.tif,20,,Stressed,0.65,Stressed,False,,0.06893991817615108,0.6504996931927626,0.18666666666666668,0.0,0.16333333333333333,0.65
Data_for_model/images/Crenated_7.tif,21,,Stressed,0.7033333333333334,Stressed,False,,0.1459541562700537,0.587293543446306,0.26666666666666666,0.0,0.03,0.7033333333333334
Data_for_model/images/Crenated_7.tif,26,Stressed,Stressed,0.7333333333333333,Stressed,False,,0.23065782363167753,0.8539146633975123,0.01,0.0033333333333333335,0.25333333333333335,0.7333333333333333
Data_for_model/images/Crenated_7.tif,27,,Crenated,0.4533333333333333,Crenated,True,low_confidence; crenated_but_low_crenation_score; ,0.06462321967277107,0.2749420556619799,0.4533333333333333,0.0,0.17,0.37666666666666665
Data_for_model/images/Crenated_7.tif,28,,Stressed,0.7433333333333333,Stressed,False,,0.07373892484249522,0.5664658759147113,0.08,0.0033333333333333335,0.17333333333333334,0.7433333333333333
Data_for_model/images/Crenated_7.tif,29,,Healthy,0.7733333333333333,Healthy,False,,0.026774359273637693,0.7941749025134379,0.023333333333333334,0.0,0.7733333333333333,0.20333333333333334
Data_for_model/images/Crenated_7.tif,30,,Stressed,0.9033333333333333,Stressed,False,,0.20165172540202758,0.5159200198007479,0.016666666666666666,0.0,0.08,0.9033333333333333
Data_for_model/images/Crenated_7.tif,31,,Stressed,0.9,Stressed,False,,0.4392166129765329,0.5268910438945603,0.05333333333333334,0.0,0.04666666666666667,0.9
Data_for_model/images/Crenated_7.tif,33,,Stressed,0.7466666666666667,Stressed,False,,0.17563005731083436,0.4847870647052432,0.14,0.0,0.11333333333333333,0.7466666666666667
Data_for_model/images/Crenated_7.tif,34,,Stressed,0.9266666666666666,Stressed,False,,0.16345588430761382,0.5599984916883246,0.02,0.0,0.05333333333333334,0.9266666666666666
Data_for_model/images/Crenated_7.tif,35,,Crenated,0.9966666666666667,Crenated,False,,0.2608323312117128,0.2835413869021478,0.9966666666666667,0.0,0.0,0.0033333333333333335
Data_for_model/images/Crenated_7.tif,37,Crenated,Crenated,0.9966666666666667,Crenated,True,crenated_but_low_crenation_score; ,0.1295949272681307,0.2745478668584447,0.9966666666666667,0.0,0.0,0.0033333333333333335
Data_for_model/images/Crenated_7.tif,38,Crenated,Crenated,0.9866666666666667,Crenated,False,,0.13563268586069288,0.2723143281018341,0.9866666666666667,0.0,0.0,0.013333333333333334
Data_for_model/images/Crenated_7.tif,39,Healthy,Healthy,0.8933333333333333,Healthy,True,healthy_but_irregular_or_textured; ,0.07156534993613783,0.8706014850343662,0.013333333333333334,0.0,0.8933333333333333,0.09333333333333334
Data_for_model/images/Crenated_7.tif,41,,Stressed,0.67,Stressed,False,,0.028048881660715286,0.4214772128201473,0.05333333333333334,0.0,0.27666666666666667,0.67
Data_for_model/images/Crenated_7.tif,42,,Stressed,0.8333333333333334,Stressed,False,,0.525903002902206,0.479072838814203,0.12333333333333334,0.0,0.043333333333333335,0.8333333333333334
Data_for_model/images/Crenated_7.tif,43,,Crenated,0.9866666666666667,Crenated,True,crenated_but_low_crenation_score; ,0.07170451247366116,0.2825085006841632,0.9866666666666667,0.0,0.0,0.013333333333333334
Data_for_model/images/Crenated_7.tif,44,,Crenated,0.9766666666666667,Crenated,True,crenated_but_low_crenation_score; ,0.13260332522007423,0.2547029181817454,0.9766666666666667,0.0,0.0,0.023333333333333334
Data_for_model/images/Crenated_7.tif,45,,Crenated,0.67,Crenated,True,crenated_but_low_crenation_score; ,0.07401441892668748,0.3242234119390792,0.67,0.0,0.006666666666666667,0.3233333333333333
Data_for_model/images/Crenated_7.tif,46,Crenated,Crenated,0.99,Crenated,False,,0.48247997676974264,0.2989172391824432,0.99,0.0,0.0,0.01
Data_for_model/images/Crenated_7.tif,50,Crenated,Crenated,0.94,Crenated,False,,0.17347202833258513,0.2466391090947832,0.94,0.0,0.03333333333333333,0.02666666666666667
Data_for_model/images/Crenated_7.tif,51,,Crenated,0.9866666666666667,Crenated,True,crenated_but_low_crenation_score; ,0.09312525876956301,0.2793313507313987,0.9866666666666667,0.0,0.0033333333333333335,0.01
Data_for_model/images/Crenated_7.tif,52,Crenated,Crenated,1.0,Crenated,False,,0.42088054924565044,0.2478679666367686,1.0,0.0,0.0,0.0
Data_for_model/images/Crenated_7.tif,53,Crenated,Crenated,1.0,Crenated,False,,0.5060087992302378,0.2770510985717799,1.0,0.0,0.0,0.0
Data_for_model/images/Crenated_7.tif,55,Crenated,Crenated,0.9933333333333333,Crenated,False,,0.3530680298889951,0.2777986757348073,0.9933333333333333,0.0,0.0,0.006666666666666667
Data_for_model/images/Crenated_7.tif,59,Crenated,Crenated,0.9633333333333334,Crenated,False,,0.35563389629954556,0.2326342534462306,0.9633333333333334,0.0,0.006666666666666667,0.03
Data_for_model/images/Crenated_7.tif,60,,Crenated,0.75,Crenated,False,,0.5866022265322678,0.2715329008277515,0.75,0.0,0.013333333333333334,0.23666666666666666
Data_for_model/images/Crenated_7.tif,61,,Crenated,1.0,Crenated,False,,0.6814010465940157,0.2413239850981126,1.0,0.0,0.0,0.0
Data_for_model/images/Crenated_7.tif,63,,Crenated,0.99,Crenated,False,,0.38753432432932755,0.2507220337583863,0.99,0.0,0.0,0.01
Data_for_model/images/Crenated_8.tif,2,Stressed,Stressed,0.85,Stressed,False,,0.08675698220262396,0.6601981987674387,0.016666666666666666,0.0,0.13333333333333333,0.85
Data_for_model/images/Crenated_8.tif,3,,Stressed,0.8533333333333334,Stressed,False,,0.1486723661541849,0.4734376545071757,0.12,0.0,0.02666666666666667,0.8533333333333334
Data_for_model/images/Crenated_8.tif,5,,Stressed,0.61,Stressed,False,,0.25057104703312516,0.6977487992172065,0.013333333333333334,0.0,0.37666666666666665,0.61
Data_for_model/images/Crenated_8.tif,6,,Stressed,0.7266666666666667,Stressed,False,,0.12825553040519388,0.6630412363604791,0.10333333333333333,0.006666666666666667,0.16333333333333333,0.7266666666666667
Data_for_model/images/Crenated_8.tif,7,Stressed,Stressed,0.89,Stressed,False,,0.13526843083794915,0.3736247865360391,0.08333333333333333,0.0,0.02666666666666667,0.89
Data_for_model/images/Crenated_8.tif,8,,Stressed,0.7033333333333334,Stressed,False,,0.056198405053256795,0.6197934617035393,0.16666666666666666,0.0033333333333333335,0.12666666666666668,0.7033333333333334
Data_for_model/images/Crenated_8.tif,9,,Stressed,0.7766666666666666,Stressed,False,,0.21863018149446167,0.5884387052480663,0.06666666666666667,0.0033333333333333335,0.15333333333333332,0.7766666666666666
Data_for_model/images/Crenated_8.tif,11,,Stressed,0.7966666666666666,Stressed,False,,0.033596003928188956,0.6044232719735739,0.03,0.0,0.17333333333333334,0.7966666666666666
Data_for_model/images/Crenated_8.tif,12,Stressed,Stressed,0.7166666666666667,Stressed,False,,0.08288763070727956,0.3588566516260412,0.27666666666666667,0.0,0.006666666666666667,0.7166666666666667
Data_for_model/images/Crenated_8.tif,13,,Stressed,0.8666666666666667,Stressed,False,,0.10496980037686265,0.4594485170036027,0.09333333333333334,0.0,0.04,0.8666666666666667
Data_for_model/images/Crenated_8.tif,14,,Crenated,0.7466666666666667,Crenated,False,,0.2797529341438584,0.3069525817678484,0.7466666666666667,0.0,0.03666666666666667,0.21666666666666667
Data_for_model/images/Crenated_8.tif,15,Healthy,Healthy,0.75,Healthy,True,healthy_but_irregular_or_textured; ,0.14253318295953477,0.8480168286864928,0.02666666666666667,0.0,0.75,0.22333333333333333
Data_for_model/images/Crenated_8.tif,16,,Stressed,0.9266666666666666,Stressed,False,,0.1326843361018868,0.5799368988599309,0.016666666666666666,0.0,0.056666666666666664,0.9266666666666666
Data_for_model/images/Crenated_8.tif,17,Stressed,Stressed,0.8633333333333333,Stressed,False,,0.7273978441670627,0.7626771953876121,0.02666666666666667,0.013333333333333334,0.09666666666666666,0.8633333333333333
Data_for_model/images/Crenated_8.tif,18,,Stressed,0.6966666666666667,Stressed,False,,0.4382792454536756,0.3760036173449171,0.2833333333333333,0.0033333333333333335,0.016666666666666666,0.6966666666666667
Data_for_model/images/Crenated_8.tif,21,,Crenated,0.84,Crenated,False,,0.23101171189901037,0.3486080005118862,0.84,0.0,0.016666666666666666,0.14333333333333334
Data_for_model/images/Crenated_8.tif,22,,Stressed,0.87,Stressed,False,,0.1034459515319307,0.4628473116038648,0.08,0.0,0.05,0.87
Data_for_model/images/Crenated_8.tif,23,,Healthy,0.95,Healthy,False,,0.03161377015540423,0.7030368422818242,0.0033333333333333335,0.0,0.95,0.04666666666666667
Data_for_model/images/Crenated_8.tif,24,,Crenated,0.8766666666666667,Crenated,False,,0.6325223025846995,0.3248321314718648,0.8766666666666667,0.0,0.0033333333333333335,0.12
Data_for_model/images/Crenated_8.tif,25,Crenated,Crenated,0.7266666666666667,Crenated,False,,0.386118250717588,0.4754404049254241,0.7266666666666667,0.0,0.02,0.25333333333333335
Data_for_model/images/Crenated_8.tif,26,Stressed,Stressed,0.97,Stressed,False,,0.10079668500138206,0.4338871996993646,0.016666666666666666,0.0,0.013333333333333334,0.97
Data_for_model/images/Crenated_8.tif,27,Stressed,Stressed,0.8966666666666666,Stressed,False,,0.04413903338642322,0.4408039959541089,0.056666666666666664,0.0,0.04666666666666667,0.8966666666666666
Data_for_model/images/Crenated_8.tif,28,,Crenated,0.7966666666666666,Crenated,False,,0.19828182352611856,0.2791453059906016,0.7966666666666666,0.0,0.01,0.19333333333333333
Data_for_model/images/Crenated_8.tif,29,,Healthy,0.72,Healthy,True,healthy_but_irregular_or_textured; ,0.06646954466863297,0.7189336126882871,0.03333333333333333,0.0033333333333333335,0.72,0.24333333333333335
Data_for_model/images/Crenated_8.tif,31,,Crenated,0.9466666666666667,Crenated,False,,0.7923100912215871,0.4217420977163795,0.9466666666666667,0.0,0.0033333333333333335,0.05
Data_for_model/images/Crenated_8.tif,32,Crenated,Crenated,0.8833333333333333,Crenated,False,,0.7589609655601356,0.3455347388406431,0.8833333333333333,0.0,0.006666666666666667,0.11
Data_for_model/images/Crenated_8.tif,34,,Stressed,0.7066666666666667,Stressed,False,,0.09219793803612919,0.3813269059398905,0.24666666666666667,0.0,0.04666666666666667,0.7066666666666667
Data_for_model/images/Crenated_8.tif,35,,Stressed,0.57,Stressed,True,low_confidence; ,0.11627160778615553,0.612940362410093,0.016666666666666666,0.0,0.41333333333333333,0.57
Data_for_model/images/Crenated_8.tif,36,Dead,Dead,0.67,Dead,True,uncertain_dead; ,0.07896129289831344,0.7908285627845174,0.043333333333333335,0.67,0.27,0.016666666666666666
Data_for_model/images/Crenated_8.tif,38,,Crenated,0.97,Crenated,True,crenated_but_low_crenation_score; ,0.13199036987872226,0.258472075570886,0.97,0.0,0.01,0.02
Data_for_model/images/Crenated_8.tif,39,,Crenated,0.99,Crenated,False,,0.2644113184334984,0.2665568224061594,0.99,0.0,0.0,0.01
Data_for_model/images/Crenated_8.tif,40,,Stressed,0.6466666666666666,Stressed,False,,0.17853949130699964,0.3695164970805071,0.34,0.0,0.013333333333333334,0.6466666666666666
Data_for_model/images/Crenated_8.tif,41,,Crenated,0.9966666666666667,Crenated,False,,0.19206238141578635,0.2713160198328745,0.9966666666666667,0.0,0.0,0.0033333333333333335
Data_for_model/images/Crenated_8.tif,43,Crenated,Crenated,1.0,Crenated,False,,0.16663320509808643,0.2945976439886216,1.0,0.0,0.0,0.0
Data_for_model/images/Crenated_8.tif,44,,Healthy,0.38666666666666666,Healthy,True,low_confidence; healthy_but_irregular_or_textured; ,0.06064937543960236,0.4529716981031856,0.19333333333333333,0.043333333333333335,0.38666666666666666,0.37666666666666665
Data_for_model/images/Crenated_8.tif,46,,Crenated,0.9166666666666666,Crenated,False,,0.32393690474906245,0.4155262572573746,0.9166666666666666,0.0,0.006666666666666667,0.07666666666666666
Data_for_model/images/Crenated_8.tif,47,Crenated,Crenated,1.0,Crenated,True,crenated_but_low_crenation_score; ,0.12832789643392783,0.2646898053007158,1.0,0.0,0.0,0.0
Data_for_model/images/Crenated_8.tif,50,Crenated,Crenated,1.0,Crenated,True,crenated_but_low_crenation_score; ,0.10324198676251717,0.2569958089292127,1.0,0.0,0.0,0.0
Data_for_model/images/Crenated_8.tif,52,,Crenated,0.9933333333333333,Crenated,True,crenated_but_low_crenation_score; ,0.12469248435976632,0.2535308149566365,0.9933333333333333,0.0,0.0,0.006666666666666667
Data_for_model/images/Crenated_8.tif,53,,Stressed,0.5033333333333333,Stressed,True,low_confidence; ,0.7052805437655045,0.3244913773971526,0.31666666666666665,0.056666666666666664,0.12333333333333334,0.5033333333333333
Data_for_model/images/Crenated_8.tif,54,Crenated,Crenated,0.9933333333333333,Crenated,False,,0.30469599769809286,0.2255076521446204,0.9933333333333333,0.0,0.0,0.006666666666666667
Data_for_model/images/Crenated_8.tif,55,,Crenated,1.0,Crenated,False,,0.15315215187211706,0.2810039191335856,1.0,0.0,0.0,0.0
Data_for_model/images/Crenated_8.tif,57,Crenated,Crenated,0.9766666666666667,Crenated,False,,0.28476710612661726,0.2668374900061789,0.9766666666666667,0.01,0.0033333333333333335,0.01
Data_for_model/images/Crenated_8.tif,58,,Crenated,0.8,Crenated,False,,1.2725182625336702,0.3647157642239419,0.8,0.013333333333333334,0.043333333333333335,0.14333333333333334
Data_for_model/images/Crenated_8.tif,59,,Crenated,1.0,Crenated,False,,1.1624823024917985,0.2707320181391998,1.0,0.0,0.0,0.0
Data_for_model/images/Crenated_8.tif,60,,Crenated,0.97,Crenated,False,,0.4807130791776447,0.2731554757340698,0.97,0.0,0.0,0.03
Data_for_model/images/Crenated_8.tif,61,,Crenated,0.9233333333333333,Crenated,True,crenated_but_low_crenation_score; ,0.07930528613085597,0.30481831491725,0.9233333333333333,0.0,0.0033333333333333335,0.07333333333333333
Data_for_model/images/Crenated_8.tif,62,Crenated,Crenated,0.93,Crenated,False,,0.25617008999136714,0.2910936154087157,0.93,0.0,0.006666666666666667,0.06333333333333334
Data_for_model/images/Crenated_8.tif,65,,Dead,0.9766666666666667,Dead,False,,0.20949110603593257,0.5126801322561778,0.0,0.9766666666666667,0.023333333333333334,0.0
Data_for_model/images/Crenated_8.tif,67,,Crenated,1.0,Crenated,False,,0.3388621149806914,0.2460151793316014,1.0,0.0,0.0,0.0
Data_for_model/images/Crenated_8.tif,68,,Crenated,0.9066666666666666,Crenated,False,,0.9624854638477284,0.2813248783992654,0.9066666666666666,0.0033333333333333335,0.02666666666666667,0.06333333333333334
Data_for_model/images/Crenated_9.tif,1,,Stressed,0.8166666666666667,Stressed,False,,0.13130755100651414,0.515843560690481,0.16666666666666666,0.0,0.016666666666666666,0.8166666666666667
Data_for_model/images/Crenated_9.tif,2,Stressed,Stressed,0.9433333333333334,Stressed,False,,0.05524186295643896,0.5434257872578239,0.03666666666666667,0.0,0.02,0.9433333333333334
Data_for_model/images/Crenated_9.tif,5,,Stressed,0.8833333333333333,Stressed,False,,0.1786115554631078,0.6334031083652403,0.09666666666666666,0.0,0.02,0.8833333333333333
Data_for_model/images/Crenated_9.tif,7,,Healthy,0.6466666666666666,Healthy,False,,0.012597307285699078,0.7110912725963988,0.0,0.0,0.6466666666666666,0.35333333333333333
Data_for_model/images/Crenated_9.tif,9,Stressed,Stressed,0.9666666666666667,Stressed,False,,0.21050491013900985,0.5304099553525116,0.02666666666666667,0.0,0.006666666666666667,0.9666666666666667
Data_for_model/images/Crenated_9.tif,10,Stressed,Stressed,0.9333333333333333,Stressed,False,,0.01825891813820979,0.3722147958800277,0.03,0.0,0.03666666666666667,0.9333333333333333
Data_for_model/images/Crenated_9.tif,11,,Stressed,0.9366666666666666,Stressed,False,,0.21590100493604103,0.4550542510596561,0.02666666666666667,0.0,0.03666666666666667,0.9366666666666666
Data_for_model/images/Crenated_9.tif,12,,Healthy,0.9666666666666667,Healthy,True,healthy_but_irregular_or_textured; ,0.05165625059707146,0.9733369790239654,0.0,0.0,0.9666666666666667,0.03333333333333333
Data_for_model/images/Crenated_9.tif,13,,Stressed,0.87,Stressed,False,,0.18837766135496758,0.4822156438657315,0.12666666666666668,0.0,0.0033333333333333335,0.87
Data_for_model/images/Crenated_9.tif,14,,Stressed,0.5433333333333333,Stressed,True,low_confidence; ,0.07813018599123855,0.5927815980726888,0.02666666666666667,0.0,0.43,0.5433333333333333
Data_for_model/images/Crenated_9.tif,17,,Healthy,0.7866666666666666,Healthy,True,healthy_but_irregular_or_textured; ,0.11856075729531423,0.8514745581793638,0.0033333333333333335,0.006666666666666667,0.7866666666666666,0.20333333333333334
Data_for_model/images/Crenated_9.tif,18,,Crenated,0.9566666666666667,Crenated,False,,0.2458972254653995,0.3748636115143964,0.9566666666666667,0.0,0.0,0.043333333333333335
Data_for_model/images/Crenated_9.tif,20,,Crenated,0.6533333333333333,Crenated,True,crenated_but_low_crenation_score; ,0.015455171691011071,0.3801836407759777,0.6533333333333333,0.0,0.05333333333333334,0.29333333333333333
Data_for_model/images/Crenated_9.tif,21,,Stressed,0.93,Stressed,False,,0.05415162097603088,0.420880617834398,0.05,0.0,0.02,0.93
Data_for_model/images/Crenated_9.tif,23,,Crenated,0.46,Crenated,True,low_confidence; crenated_but_low_crenation_score; ,0.05045341764443734,0.3289208523501984,0.46,0.0,0.08333333333333333,0.45666666666666667
Data_for_model/images/Crenated_9.tif,24,,Healthy,0.77,Healthy,True,healthy_but_irregular_or_textured; ,0.09701437236245869,0.8248656329529888,0.0033333333333333335,0.0,0.77,0.22666666666666666
Data_for_model/images/Crenated_9.tif,25,Crenated,Crenated,0.9566666666666667,Crenated,False,,0.27181862515915134,0.2756988166757241,0.9566666666666667,0.0,0.0,0.043333333333333335
Data_for_model/images/Crenated_9.tif,26,,Crenated,0.8133333333333334,Crenated,False,,0.20386552399986546,0.333248495134983,0.8133333333333334,0.0,0.0033333333333333335,0.18333333333333332
Data_for_model/images/Crenated_9.tif,27,,Healthy,0.63,Healthy,True,healthy_but_irregular_or_textured; ,0.18526504707030678,0.8093588058345297,0.02,0.006666666666666667,0.63,0.3433333333333333
Data_for_model/images/Crenated_9.tif,28,Stressed,Stressed,0.86,Stressed,False,,0.19243993077769017,0.3454560803989419,0.13666666666666666,0.0,0.0033333333333333335,0.86
Data_for_model/images/Crenated_9.tif,29,Healthy,Healthy,0.9166666666666666,Healthy,True,healthy_but_irregular_or_textured; ,0.08198106039061337,1.0450163514867263,0.0033333333333333335,0.01,0.9166666666666666,0.07
Data_for_model/images/Crenated_9.tif,30,Stressed,Stressed,0.9066666666666666,Stressed,False,,0.15110376791280655,0.4092736728247628,0.07666666666666666,0.0,0.016666666666666666,0.9066666666666666
Data_for_model/images/Crenated_9.tif,31,,Stressed,0.8166666666666667,Stressed,False,,0.1457634556620141,0.6498955309860341,0.043333333333333335,0.0,0.14,0.8166666666666667
Data_for_model/images/Crenated_9.tif,32,,Stressed,0.7333333333333333,Stressed,False,,0.06654528903127643,0.5331875466313185,0.016666666666666666,0.0,0.25,0.7333333333333333
Data_for_model/images/Crenated_9.tif,33,,Stressed,0.8933333333333333,Stressed,False,,0.14138674725554434,0.5358866323697504,0.023333333333333334,0.0,0.08333333333333333,0.8933333333333333
Data_for_model/images/Crenated_9.tif,34,,Stressed,0.48,Stressed,True,low_confidence; ,0.05459665833349825,0.6082497113585046,0.056666666666666664,0.0,0.4633333333333333,0.48
Data_for_model/images/Crenated_9.tif,35,,Stressed,0.5233333333333333,Stressed,True,low_confidence; ,0.13137249165600196,0.6533972964766606,0.02,0.0033333333333333335,0.4533333333333333,0.5233333333333333
Data_for_model/images/Crenated_9.tif,36,,Stressed,0.8133333333333334,Stressed,False,,0.07145636276108469,0.5709551171759109,0.01,0.0,0.17666666666666667,0.8133333333333334
Data_for_model/images/Crenated_9.tif,38,,Healthy,0.83,Healthy,False,,0.03135669464130919,0.7672819515017407,0.0033333333333333335,0.0033333333333333335,0.83,0.16333333333333333
Data_for_model/images/Crenated_9.tif,39,Crenated,Crenated,1.0,Crenated,False,,0.17353206723870873,0.2582207711081237,1.0,0.0,0.0,0.0
Data_for_model/images/Crenated_9.tif,40,Stressed,Stressed,0.9066666666666666,Stressed,False,,0.1747124996535142,0.395234853099159,0.05333333333333334,0.0,0.04,0.9066666666666666
Data_for_model/images/Crenated_9.tif,41,,Crenated,0.6766666666666666,Crenated,False,,0.6041006217012723,0.4224532531572908,0.6766666666666666,0.0,0.0033333333333333335,0.32
Data_for_model/images/Crenated_9.tif,42,,Crenated,0.9633333333333334,Crenated,True,crenated_but_low_crenation_score; ,0.1136214211719484,0.2684884567092827,0.9633333333333334,0.0,0.01,0.02666666666666667
Data_for_model/images/Crenated_9.tif,43,,Stressed,0.5466666666666666,Stressed,True,low_confidence; ,0.3104704681696685,0.3882007997919105,0.43,0.0,0.023333333333333334,0.5466666666666666
Data_for_model/images/Crenated_9.tif,45,Crenated,Crenated,0.9133333333333333,Crenated,False,,0.24033069581599475,0.3543842753115567,0.9133333333333333,0.0,0.006666666666666667,0.08
Data_for_model/images/Crenated_9.tif,46,,Healthy,0.78,Healthy,False,,0.054072818989264415,0.7414233065602481,0.0033333333333333335,0.0,0.78,0.21666666666666667
Data_for_model/images/Crenated_9.tif,47,Dead,Dead,0.9966666666666667,Dead,False,,0.2634556195146004,0.6517634112735694,0.0,0.9966666666666667,0.0033333333333333335,0.0
Data_for_model/images/Crenated_9.tif,48,,Crenated,1.0,Crenated,False,,0.1654129007734222,0.2709596209126397,1.0,0.0,0.0,0.0
Data_for_model/images/Crenated_9.tif,49,,Crenated,1.0,Crenated,False,,0.7201131749459637,0.2433136379844141,1.0,0.0,0.0,0.0
Data_for_model/images/Crenated_9.tif,50,,Crenated,1.0,Crenated,False,,0.23433527363165219,0.2655150768846266,1.0,0.0,0.0,0.0
Data_for_model/images/Crenated_9.tif,51,,Crenated,0.77,Crenated,True,crenated_but_low_crenation_score; ,0.0733686800351665,0.3287104129003682,0.77,0.0,0.006666666666666667,0.22333333333333333
Data_for_model/images/Crenated_9.tif,53,,Crenated,1.0,Crenated,False,,0.21711487252402173,0.2389097018732736,1.0,0.0,0.0,0.0
Data_for_model/images/Crenated_9.tif,54,,Crenated,0.93,Crenated,False,,0.4609750272031694,0.2891778591326225,0.93,0.0,0.0033333333333333335,0.06666666666666667
Data_for_model/images/Crenated_9.tif,56,,Crenated,1.0,Crenated,False,,0.2652689855389443,0.2632978456654523,1.0,0.0,0.0,0.0
Data_for_model/images/Crenated_9.tif,57,Crenated,Crenated,1.0,Crenated,False,,0.44640497619593755,0.2445953073043665,1.0,0.0,0.0,0.0
Data_for_model/images/Crenated_9.tif,58,,Crenated,0.33,Crenated,True,low_confidence; ,1.0704838028781414,0.5005215644749925,0.33,0.30666666666666664,0.13333333333333333,0.23
Data_for_model/images/Crenated_9.tif,59,,Crenated,0.9966666666666667,Crenated,False,,0.27517831708890583,0.235209248365271,0.9966666666666667,0.0,0.0,0.0033333333333333335
Data_for_model/images/Crenated_9.tif,61,,Crenated,1.0,Crenated,True,crenated_but_low_crenation_score; ,0.11353781665479645,0.2807157674304235,1.0,0.0,0.0,0.0
Data_for_model/images/Crenated_9.tif,62,Crenated,Crenated,0.9833333333333333,Crenated,False,,0.16851772845203616,0.2544876247534696,0.9833333333333333,0.0,0.0033333333333333335,0.013333333333333334
Data_for_model/images/Crenated_9.tif,63,,Crenated,0.7433333333333333,Crenated,False,,0.47222846889736325,0.3515872476225178,0.7433333333333333,0.0,0.0033333333333333335,0.25333333333333335
Data_for_model/images/Dead_cells_1.tif,1,,Dead,0.5833333333333334,Dead,True,low_confidence; uncertain_dead; ,0.015498466908041464,0.788371353894371,0.0033333333333333335,0.5833333333333334,0.41333333333333333,0.0
Data_for_model/images/Dead_cells_1.tif,2,,Dead,0.93,Dead,False,,0.027723717359937283,0.6679323973512864,0.0,0.93,0.07,0.0
Data_for_model/images/Dead_cells_1.tif,3,,Dead,0.7966666666666666,Dead,False,,0.057341859507746396,0.6408331009060513,0.0,0.7966666666666666,0.2,0.0033333333333333335
Data_for_model/images/Dead_cells_1.tif,4,,Dead,0.9666666666666667,Dead,False,,0.11717355673508623,0.6327081659474859,0.0,0.9666666666666667,0.03333333333333333,0.0
Data_for_model/images/Dead_cells_1.tif,5,Dead,Dead,0.9866666666666667,Dead,False,,0.06033547663756311,0.6719795686849419,0.0,0.9866666666666667,0.013333333333333334,0.0
Data_for_model/images/Dead_cells_1.tif,6,,Dead,0.9966666666666667,Dead,False,,0.12446682802423426,0.6526250601038992,0.0,0.9966666666666667,0.0033333333333333335,0.0
Data_for_model/images/Dead_cells_1.tif,7,,Dead,0.9933333333333333,Dead,False,,0.19277210382972798,0.6165214303246513,0.0,0.9933333333333333,0.006666666666666667,0.0
Data_for_model/images/Dead_cells_1.tif,8,,Dead,0.9966666666666667,Dead,False,,0.07494598258299845,0.5225368103832029,0.0,0.9966666666666667,0.0033333333333333335,0.0
Data_for_model/images/Dead_cells_1.tif,9,,Dead,0.9333333333333333,Dead,False,,0.11495188540360057,0.5831264754821847,0.0,0.9333333333333333,0.06333333333333334,0.0033333333333333335
Data_for_model/images/Dead_cells_1.tif,10,Dead,Dead,0.9433333333333334,Dead,False,,0.11191710226192064,0.7880005894200316,0.0,0.9433333333333334,0.05333333333333334,0.0033333333333333335
Data_for_model/images/Dead_cells_1.tif,11,,Dead,1.0,Dead,False,,0.15498148278555823,0.4964279429298043,0.0,1.0,0.0,0.0
Data_for_model/images/Dead_cells_1.tif,12,Dead,Dead,0.93,Dead,False,,0.148155505023142,0.6663485910910207,0.01,0.93,0.043333333333333335,0.016666666666666666
Data_for_model/images/Dead_cells_1.tif,14,Dead,Dead,0.9933333333333333,Dead,False,,0.10102975357391553,0.6380134581412509,0.0,0.9933333333333333,0.006666666666666667,0.0
Data_for_model/images/Dead_cells_1.tif,16,,Stressed,0.55,Stressed,True,low_confidence; ,0.14703127039922925,0.5594759735476702,0.25666666666666665,0.0,0.19333333333333333,0.55
Data_for_model/images/Dead_cells_1.tif,17,Dead,Dead,0.9833333333333333,Dead,False,,0.10373629883956581,0.6995086581644451,0.0,0.9833333333333333,0.016666666666666666,0.0
Data_for_model/images/Dead_cells_1.tif,18,,Dead,0.99,Dead,False,,0.12789332275404974,0.5606468746755676,0.0,0.99,0.01,0.0
Data_for_model/images/Dead_cells_1.tif,19,,Dead,0.8666666666666667,Dead,False,,0.05293073792347802,0.6918261643011052,0.0,0.8666666666666667,0.13333333333333333,0.0
Data_for_model/images/Dead_cells_1.tif,21,,Dead,1.0,Dead,False,,0.4168495839756924,0.5608320697364255,0.0,1.0,0.0,0.0
Data_for_model/images/Dead_cells_1.tif,22,,Dead,0.9833333333333333,Dead,False,,0.12310249144723484,0.6969478677427333,0.0,0.9833333333333333,0.016666666666666666,0.0
Data_for_model/images/Dead_cells_1.tif,23,,Dead,1.0,Dead,False,,0.23301147308122439,0.6812915690225628,0.0,1.0,0.0,0.0
Data_for_model/images/Dead_cells_1.tif,24,,Dead,0.9866666666666667,Dead,False,,0.14963870111175726,0.5774112784273845,0.0,0.9866666666666667,0.01,0.0033333333333333335
Data_for_model/images/Dead_cells_1.tif,25,,Dead,0.99,Dead,False,,0.41609866384533356,0.4246505385393403,0.0033333333333333335,0.99,0.006666666666666667,0.0
Data_for_model/images/Dead_cells_1.tif,26,,Dead,0.74,Dead,False,,0.1867768943387902,0.4252537338173661,0.0,0.74,0.25666666666666665,0.0033333333333333335
Data_for_model/images/Dead_cells_1.tif,27,,Dead,0.9933333333333333,Dead,False,,0.5425667238153093,0.6990856041363632,0.0,0.9933333333333333,0.006666666666666667,0.0
Data_for_model/images/Dead_cells_1.tif,30,,Dead,0.9133333333333333,Dead,False,,0.6180782580746377,0.4263800075452123,0.0,0.9133333333333333,0.08333333333333333,0.0033333333333333335
Data_for_model/images/Dead_cells_1.tif,31,,Dead,0.97,Dead,False,,0.5044822753975057,0.4518589436159889,0.0,0.97,0.03,0.0
Data_for_model/images/Dead_cells_1.tif,32,,Dead,0.8866666666666667,Dead,False,,0.08111643461698559,0.5200805924372371,0.0,0.8866666666666667,0.11333333333333333,0.0
Data_for_model/images/Dead_cells_1.tif,33,,Dead,0.99,Dead,False,,0.17374919374457654,0.4132395163759306,0.0033333333333333335,0.99,0.006666666666666667,0.0
Data_for_model/images/Dead_cells_1.tif,35,,Dead,0.68,Dead,True,uncertain_dead; ,0.2869095280594097,0.5374866591882309,0.0,0.68,0.31333333333333335,0.006666666666666667
Data_for_model/images/Dead_cells_10.tif,1,,Healthy,0.6466666666666666,Healthy,True,healthy_but_irregular_or_textured; ,0.1313482680023882,0.7929300228138217,0.043333333333333335,0.0,0.6466666666666666,0.31
Data_for_model/images/Dead_cells_10.tif,2,,Dead,0.88,Dead,False,,0.03591007892353071,0.6573889506554964,0.0,0.88,0.12,0.0
Data_for_model/images/Dead_cells_10.tif,3,Dead,Dead,0.8666666666666667,Dead,False,,0.012382483161696767,0.6048217302104822,0.0,0.8666666666666667,0.13333333333333333,0.0
Data_for_model/images/Dead_cells_10.tif,4,Dead,Dead,0.9866666666666667,Dead,False,,0.05155222709817886,0.5960122827508216,0.0,0.9866666666666667,0.013333333333333334,0.0
Data_for_model/images/Dead_cells_10.tif,5,Dead,Dead,0.9933333333333333,Dead,False,,0.08962330251378203,0.7014442672521269,0.0,0.9933333333333333,0.006666666666666667,0.0
Data_for_model/images/Dead_cells_10.tif,6,,Dead,0.94,Dead,False,,0.08197860362178866,0.4487846085147039,0.0,0.94,0.06,0.0
Data_for_model/images/Dead_cells_10.tif,7,Dead,Dead,0.9766666666666667,Dead,False,,0.19444655511263986,0.7767755047103482,0.0,0.9766666666666667,0.02,0.0033333333333333335
Data_for_model/images/Dead_cells_10.tif,8,,Dead,0.71,Dead,False,,-0.0060951558647796,0.5432990717982322,0.006666666666666667,0.71,0.2833333333333333,0.0
Data_for_model/images/Dead_cells_10.tif,9,,Dead,0.7333333333333333,Dead,False,,0.56584556433729,0.5819561778276505,0.05,0.7333333333333333,0.14666666666666667,0.07
Data_for_model/images/Dead_cells_10.tif,10,,Dead,0.9433333333333334,Dead,False,,0.3951192904682821,0.7396178553989612,0.0,0.9433333333333334,0.056666666666666664,0.0
Data_for_model/images/Dead_cells_10.tif,11,,Dead,0.92,Dead,False,,0.0808287324964585,0.5467316083285017,0.0,0.92,0.08,0.0
Data_for_model/images/Dead_cells_10.tif,12,Dead,Dead,0.9866666666666667,Dead,False,,0.2855751993694505,0.621739920801826,0.0033333333333333335,0.9866666666666667,0.01,0.0
Data_for_model/images/Dead_cells_10.tif,13,,Dead,0.9533333333333334,Dead,False,,0.14870142708777756,0.7489103833555298,0.0,0.9533333333333334,0.04666666666666667,0.0
Data_for_model/images/Dead_cells_10.tif,14,,Dead,0.99,Dead,False,,0.10476327610009961,0.4961186238116557,0.0,0.99,0.01,0.0
Data_for_model/images/Dead_cells_10.tif,15,,Dead,0.9933333333333333,Dead,False,,0.0627052626778628,0.6503150780491235,0.0,0.9933333333333333,0.006666666666666667,0.0
Data_for_model/images/Dead_cells_10.tif,17,Dead,Dead,0.9666666666666667,Dead,False,,0.2107560848641179,0.4735181942003744,0.0,0.9666666666666667,0.03333333333333333,0.0
Data_for_model/images/Dead_cells_10.tif,18,Dead,Dead,1.0,Dead,False,,0.7253887178572743,0.4836209788827655,0.0,1.0,0.0,0.0
Data_for_model/images/Dead_cells_10.tif,19,,Dead,0.9733333333333334,Dead,False,,0.21765994075612338,0.481473874517757,0.0,0.9733333333333334,0.02666666666666667,0.0
Data_for_model/images/Dead_cells_10.tif,20,Dead,Dead,0.9466666666666667,Dead,False,,0.29137880955542905,0.5715810855748471,0.0,0.9466666666666667,0.05333333333333334,0.0
Data_for_model/images/Dead_cells_10.tif,23,,Dead,0.9966666666666667,Dead,False,,0.421633975225147,0.5569658362127938,0.0,0.9966666666666667,0.0033333333333333335,0.0
Data_for_model/images/Dead_cells_11.tif,2,,Dead,0.99,Dead,False,,0.1760896492933659,0.6101164350118965,0.0,0.99,0.01,0.0
Data_for_model/images/Dead_cells_11.tif,3,,Dead,0.9766666666666667,Dead,False,,0.10088205222699453,0.7584280765375365,0.0,0.9766666666666667,0.023333333333333334,0.0
Data_for_model/images/Dead_cells_11.tif,5,,Dead,0.9666666666666667,Dead,False,,0.23096821954982416,0.7931332846015802,0.0,0.9666666666666667,0.03333333333333333,0.0
Data_for_model/images/Dead_cells_11.tif,6,,Dead,0.87,Dead,False,,-0.000885241346276433,0.6169590944770696,0.006666666666666667,0.87,0.12333333333333334,0.0
Data_for_model/images/Dead_cells_11.tif,7,,Dead,0.9766666666666667,Dead,False,,0.2326336537200413,0.729117019860456,0.0,0.9766666666666667,0.02,0.0033333333333333335
Data_for_model/images/Dead_cells_11.tif,8,Dead,Dead,1.0,Dead,False,,0.05910926704468189,0.7111063249558366,0.0,1.0,0.0,0.0
Data_for_model/images/Dead_cells_11.tif,10,,Dead,0.9933333333333333,Dead,False,,0.628255188706366,0.5576166512829002,0.0,0.9933333333333333,0.006666666666666667,0.0
Data_for_model/images/Dead_cells_11.tif,11,,Dead,0.82,Dead,False,,0.05104120025936576,0.7304020433242769,0.0033333333333333335,0.82,0.17666666666666667,0.0
Data_for_model/images/Dead_cells_11.tif,12,Dead,Dead,1.0,Dead,False,,0.42569653103522076,0.6804098702072046,0.0,1.0,0.0,0.0
Data_for_model/images/Dead_cells_11.tif,13,,Dead,0.9933333333333333,Dead,False,,0.20428652316744944,0.603683874652677,0.0,0.9933333333333333,0.006666666666666667,0.0
Data_for_model/images/Dead_cells_11.tif,14,,Dead,0.9366666666666666,Dead,False,,0.07318103423956712,0.6410731377448089,0.0,0.9366666666666666,0.06333333333333334,0.0
Data_for_model/images/Dead_cells_11.tif,15,,Dead,0.9866666666666667,Dead,False,,0.14759484652430177,0.5281284232605218,0.0,0.9866666666666667,0.013333333333333334,0.0
Data_for_model/images/Dead_cells_11.tif,16,,Dead,0.95,Dead,False,,0.06121211936502402,0.52796236973762,0.0,0.95,0.05,0.0
Data_for_model/images/Dead_cells_11.tif,17,Dead,Dead,0.9066666666666666,Dead,False,,0.21999818645201397,0.4379658633877276,0.0,0.9066666666666666,0.09333333333333334,0.0
Data_for_model/images/Dead_cells_11.tif,18,Dead,Dead,1.0,Dead,False,,0.417144056538058,0.6373645012590191,0.0,1.0,0.0,0.0
Data_for_model/images/Dead_cells_11.tif,19,,Dead,0.9366666666666666,Dead,False,,0.4318075018678933,0.5701886741477554,0.0,0.9366666666666666,0.06333333333333334,0.0
Data_for_model/images/Dead_cells_11.tif,20,,Dead,0.44,Dead,True,low_confidence; uncertain_dead; ,0.23013076060762172,0.4804913559491495,0.04666666666666667,0.44,0.42333333333333334,0.09
Data_for_model/images/Dead_cells_11.tif,22,,Dead,0.7533333333333333,Dead,False,,0.2905580109356698,0.7320878889004369,0.02,0.7533333333333333,0.14333333333333334,0.08333333333333333
Data_for_model/images/Dead_cells_11.tif,25,,Dead,0.92,Dead,False,,0.39641899742995934,0.5013870293510949,0.0,0.92,0.08,0.0
Data_for_model/images/Dead_cells_11.tif,27,,Dead,0.98,Dead,False,,0.17492758344335602,0.5747637057796605,0.0,0.98,0.02,0.0
Data_for_model/images/Dead_cells_11.tif,28,,Dead,0.73,Dead,False,,0.4869831649789079,0.5605179798945084,0.07,0.73,0.12666666666666668,0.07333333333333333
Data_for_model/images/Dead_cells_11.tif,53,,Dead,0.73,Dead,False,,3.9103000802539674,0.311065249695861,0.07,0.73,0.14,0.06
Data_for_model/images/Dead_cells_12.tif,1,,Dead,0.9433333333333334,Dead,False,,0.03747506330847239,0.5493096931251178,0.0,0.9433333333333334,0.056666666666666664,0.0
Data_for_model/images/Dead_cells_12.tif,2,,Dead,1.0,Dead,False,,0.07717685351126213,0.549387764456177,0.0,1.0,0.0,0.0
Data_for_model/images/Dead_cells_12.tif,3,,Dead,0.7233333333333334,Dead,False,,0.05683304172423864,0.7957188567637854,0.0033333333333333335,0.7233333333333334,0.2733333333333333,0.0
Data_for_model/images/Dead_cells_12.tif,4,,Dead,0.9366666666666666,Dead,False,,0.0932724840238105,0.5616320874541089,0.013333333333333334,0.9366666666666666,0.04666666666666667,0.0033333333333333335
Data_for_model/images/Dead_cells_12.tif,6,,Dead,0.9933333333333333,Dead,False,,0.1285427549075988,0.637951915104837,0.0,0.9933333333333333,0.006666666666666667,0.0
Data_for_model/images/Dead_cells_12.tif,8,,Dead,0.8833333333333333,Dead,False,,0.11705260436171006,0.5270018299655792,0.0,0.8833333333333333,0.11666666666666667,0.0
Data_for_model/images/Dead_cells_12.tif,9,Dead,Dead,0.9533333333333334,Dead,False,,0.1571647435561273,0.691748750164605,0.01,0.9533333333333334,0.03,0.006666666666666667
Data_for_model/images/Dead_cells_12.tif,10,Dead,Dead,0.9933333333333333,Dead,False,,0.16218089757818677,0.5989609765859082,0.0,0.9933333333333333,0.006666666666666667,0.0
Data_for_model/images/Dead_cells_12.tif,11,,Dead,1.0,Dead,False,,0.05943500760717957,0.634573973840825,0.0,1.0,0.0,0.0
Data_for_model/images/Dead_cells_12.tif,12,,Dead,0.5333333333333333,Dead,True,low_confidence; uncertain_dead; ,0.07776789352318825,0.5409311345227957,0.22333333333333333,0.5333333333333333,0.19666666666666666,0.04666666666666667
Data_for_model/images/Dead_cells_12.tif,14,Dead,Dead,0.9666666666666667,Dead,False,,0.06740985013952572,0.6761276706983048,0.0,0.9666666666666667,0.03333333333333333,0.0
Data_for_model/images/Dead_cells_12.tif,16,,Dead,1.0,Dead,False,,0.2061223909887795,0.6655000924425892,0.0,1.0,0.0,0.0
Data_for_model/images/Dead_cells_12.tif,17,,Dead,0.9966666666666667,Dead,False,,0.11338542902039772,0.6583659939910801,0.0,0.9966666666666667,0.0033333333333333335,0.0
Data_for_model/images/Dead_cells_12.tif,18,,Dead,0.9966666666666667,Dead,False,,0.4525721874642832,0.4942515983426105,0.0,0.9966666666666667,0.0033333333333333335,0.0
Data_for_model/images/Dead_cells_12.tif,19,,Dead,1.0,Dead,False,,0.2472825836541408,0.4706524064488535,0.0,1.0,0.0,0.0
Data_for_model/images/Dead_cells_12.tif,20,Dead,Dead,0.9566666666666667,Dead,False,,0.5530301766385811,0.5477420887110929,0.0,0.9566666666666667,0.04,0.0033333333333333335
Data_for_model/images/Dead_cells_12.tif,21,Dead,Dead,1.0,Dead,False,,0.21153500704997197,0.4891084474516713,0.0,1.0,0.0,0.0
Data_for_model/images/Dead_cells_12.tif,23,Dead,Dead,0.9833333333333333,Dead,False,,0.2271249841696058,0.7116991877351345,0.0,0.9833333333333333,0.016666666666666666,0.0
Data_for_model/images/Dead_cells_12.tif,24,Dead,Dead,0.9966666666666667,Dead,False,,0.20856043774019428,0.7248067869413304,0.0,0.9966666666666667,0.0033333333333333335,0.0
Data_for_model/images/Dead_cells_12.tif,25,Dead,Dead,0.97,Dead,False,,0.1053517181550786,0.6355536381541151,0.0,0.97,0.03,0.0
Data_for_model/images/Dead_cells_12.tif,26,,Dead,0.99,Dead,False,,0.10931332222685253,0.6039314491619809,0.0,0.99,0.01,0.0
Data_for_model/images/Dead_cells_12.tif,27,Dead,Dead,0.99,Dead,False,,0.8754799853943431,0.6389734209838153,0.0,0.99,0.01,0.0
Data_for_model/images/Dead_cells_12.tif,30,,Dead,0.9933333333333333,Dead,False,,0.6154997408941026,0.5244124474408477,0.0,0.9933333333333333,0.006666666666666667,0.0
Data_for_model/images/Dead_cells_13.tif,1,Dead,Dead,1.0,Dead,False,,0.14934980283829513,0.6596039839649679,0.0,1.0,0.0,0.0
Data_for_model/images/Dead_cells_13.tif,2,Dead,Dead,0.87,Dead,False,,0.13021521565722827,0.4753442170622592,0.06333333333333334,0.87,0.043333333333333335,0.023333333333333334
Data_for_model/images/Dead_cells_13.tif,3,,Dead,0.96,Dead,False,,0.03543501429447704,0.7479484849253423,0.0,0.96,0.04,0.0
Data_for_model/images/Dead_cells_13.tif,4,,Dead,0.9966666666666667,Dead,False,,0.049031712652280124,0.7015426049019884,0.0,0.9966666666666667,0.0033333333333333335,0.0
Data_for_model/images/Dead_cells_13.tif,5,,Dead,0.9933333333333333,Dead,False,,0.08813873451487675,0.7184580480698254,0.0,0.9933333333333333,0.006666666666666667,0.0
Data_for_model/images/Dead_cells_13.tif,6,,Stressed,0.38666666666666666,Stressed,True,low_confidence; ,0.06971171867562731,0.3344119801998022,0.3433333333333333,0.03,0.24,0.38666666666666666
Data_for_model/images/Dead_cells_13.tif,7,,Dead,0.9333333333333333,Dead,False,,0.05204937669356724,0.6607527403457277,0.01,0.9333333333333333,0.05,0.006666666666666667
Data_for_model/images/Dead_cells_13.tif,8,Dead,Dead,0.99,Dead,False,,0.40981083371262683,0.8047713629655558,0.0,0.99,0.01,0.0
Data_for_model/images/Dead_cells_13.tif,9,Dead,Dead,0.98,Dead,False,,0.08287408028100496,0.5085532624288052,0.0,0.98,0.02,0.0
Data_for_model/images/Dead_cells_13.tif,10,Dead,Dead,1.0,Dead,False,,0.09940295523520037,0.5021172883467664,0.0,1.0,0.0,0.0
Data_for_model/images/Dead_cells_13.tif,11,,Dead,0.9366666666666666,Dead,False,,0.053367631615000355,0.5753202227086515,0.0033333333333333335,0.9366666666666666,0.06,0.0
Data_for_model/images/Dead_cells_13.tif,12,,Dead,0.8833333333333333,Dead,False,,0.06798770687731825,0.6103354835040358,0.0,0.8833333333333333,0.11666666666666667,0.0
Data_for_model/images/Dead_cells_13.tif,14,Dead,Dead,0.9966666666666667,Dead,False,,0.1254585871506505,0.4428721106792534,0.0,0.9966666666666667,0.0033333333333333335,0.0
Data_for_model/images/Dead_cells_13.tif,15,,Dead,0.8,Dead,False,,0.09679559542852745,0.4694414625168089,0.0,0.8,0.2,0.0
Data_for_model/images/Dead_cells_13.tif,16,,Dead,0.9066666666666666,Dead,False,,0.20118379798729769,0.7017755257060294,0.016666666666666666,0.9066666666666666,0.04666666666666667,0.03
Data_for_model/images/Dead_cells_13.tif,17,,Dead,0.88,Dead,False,,0.45689574070413674,0.6543686366601759,0.03666666666666667,0.88,0.04666666666666667,0.03666666666666667
Data_for_model/images/Dead_cells_13.tif,19,,Dead,0.9033333333333333,Dead,False,,0.13978160325636324,0.3684680281018004,0.0,0.9033333333333333,0.08,0.016666666666666666
Data_for_model/images/Dead_cells_13.tif,20,Dead,Dead,0.95,Dead,False,,0.4201074852399762,0.5747139350061345,0.0,0.95,0.043333333333333335,0.006666666666666667
Data_for_model/images/Dead_cells_13.tif,21,,Dead,0.9866666666666667,Dead,False,,0.08236972673963827,0.6486246426282631,0.0,0.9866666666666667,0.013333333333333334,0.0
Data_for_model/images/Dead_cells_13.tif,23,Dead,Dead,0.9233333333333333,Dead,False,,0.19944946614952297,0.4673279373535125,0.0,0.9233333333333333,0.07666666666666666,0.0
Data_for_model/images/Dead_cells_13.tif,24,,Dead,0.9966666666666667,Dead,False,,0.39393876532475114,0.7172403904300015,0.0,0.9966666666666667,0.0033333333333333335,0.0
Data_for_model/images/Dead_cells_13.tif,25,Dead,Dead,1.0,Dead,False,,0.1787651208984835,0.6197666548658816,0.0,1.0,0.0,0.0
Data_for_model/images/Dead_cells_13.tif,28,Dead,Dead,0.9966666666666667,Dead,False,,1.3687304966615583,0.6720167592942761,0.0,0.9966666666666667,0.0,0.0033333333333333335
Data_for_model/images/Dead_cells_13.tif,29,,Dead,0.9966666666666667,Dead,False,,0.6596385025529679,0.6009547556285276,0.0,0.9966666666666667,0.0033333333333333335,0.0
Data_for_model/images/Dead_cells_13.tif,30,,Dead,0.9833333333333333,Dead,False,,0.1642676183151951,0.5511347959038579,0.0,0.9833333333333333,0.016666666666666666,0.0
Data_for_model/images/Dead_cells_13.tif,31,Dead,Dead,0.9866666666666667,Dead,False,,0.21451147589160435,0.5374018787654532,0.0,0.9866666666666667,0.013333333333333334,0.0
Data_for_model/images/Dead_cells_13.tif,32,,Dead,0.9866666666666667,Dead,False,,0.8993994662032003,0.4685796365606285,0.0,0.9866666666666667,0.013333333333333334,0.0
Data_for_model/images/Dead_cells_13.tif,33,,Dead,0.9766666666666667,Dead,False,,1.0166558100831475,0.6503632421968962,0.0,0.9766666666666667,0.023333333333333334,0.0
Data_for_model/images/Dead_cells_13.tif,34,,Dead,0.97,Dead,False,,0.6747235307176166,0.4311435868498274,0.0033333333333333335,0.97,0.02,0.006666666666666667
Data_for_model/images/Dead_cells_13.tif,61,,Healthy,0.31333333333333335,Healthy,True,low_confidence; ,,,0.18666666666666668,0.23,0.31333333333333335,0.27
Data_for_model/images/Dead_cells_14.tif,1,,Dead,0.9566666666666667,Dead,False,,0.02741247765821131,0.6441838041826684,0.0,0.9566666666666667,0.043333333333333335,0.0
Data_for_model/images/Dead_cells_14.tif,2,,Dead,0.8,Dead,False,,0.055692065903436117,0.7633594835988732,0.0,0.8,0.2,0.0
Data_for_model/images/Dead_cells_14.tif,3,,Dead,0.93,Dead,False,,0.04176534294317813,0.5225978370937889,0.0,0.93,0.07,0.0
Data_for_model/images/Dead_cells_14.tif,4,,Dead,0.8466666666666667,Dead,False,,0.012290308217896895,0.7184649402763261,0.006666666666666667,0.8466666666666667,0.14666666666666667,0.0
Data_for_model/images/Dead_cells_14.tif,6,,Dead,0.9033333333333333,Dead,False,,0.05418874053835743,0.7099268981030221,0.0033333333333333335,0.9033333333333333,0.09333333333333334,0.0
Data_for_model/images/Dead_cells_14.tif,7,,Dead,0.8333333333333334,Dead,False,,0.01353326348601036,0.6371270669919652,0.01,0.8333333333333334,0.15666666666666668,0.0
Data_for_model/images/Dead_cells_14.tif,8,Dead,Dead,0.9266666666666666,Dead,False,,0.0272334679852424,0.7691479599309471,0.0,0.9266666666666666,0.07333333333333333,0.0
Data_for_model/images/Dead_cells_14.tif,9,,Dead,1.0,Dead,False,,0.1928458137279937,0.6916857588948365,0.0,1.0,0.0,0.0
Data_for_model/images/Dead_cells_14.tif,10,,Dead,0.9866666666666667,Dead,False,,0.1814292593988851,0.6572689588542305,0.0,0.9866666666666667,0.013333333333333334,0.0
Data_for_model/images/Dead_cells_14.tif,12,Dead,Dead,0.9833333333333333,Dead,False,,0.08338657544139028,0.6378992208533634,0.0,0.9833333333333333,0.016666666666666666,0.0
Data_for_model/images/Dead_cells_14.tif,13,,Dead,0.94,Dead,False,,0.15454596670571108,0.4207023791741429,0.0033333333333333335,0.94,0.056666666666666664,0.0
Data_for_model/images/Dead_cells_14.tif,14,,Dead,0.74,Dead,False,,0.09873415270791985,0.6318543820031933,0.043333333333333335,0.74,0.17666666666666667,0.04
Data_for_model/images/Dead_cells_14.tif,15,Dead,Dead,0.9966666666666667,Dead,False,,0.520186923223171,0.7208588338865827,0.0,0.9966666666666667,0.0033333333333333335,0.0
Data_for_model/images/Dead_cells_14.tif,16,Dead,Dead,0.9833333333333333,Dead,False,,0.09680906458301308,0.6019275419460548,0.0,0.9833333333333333,0.016666666666666666,0.0
Data_for_model/images/Dead_cells_14.tif,17,Dead,Dead,0.9966666666666667,Dead,False,,0.04873925663949974,0.4547855095456188,0.0,0.9966666666666667,0.0033333333333333335,0.0
Data_for_model/images/Dead_cells_14.tif,19,,Dead,0.92,Dead,False,,0.10268871155520476,0.3521513521201744,0.01,0.92,0.056666666666666664,0.013333333333333334
Data_for_model/images/Dead_cells_14.tif,20,Dead,Dead,1.0,Dead,False,,0.44809666622812017,0.6404731851462478,0.0,1.0,0.0,0.0
Data_for_model/images/Dead_cells_14.tif,21,,Dead,0.9933333333333333,Dead,False,,0.20503147491970852,0.5139685171402898,0.0,0.9933333333333333,0.006666666666666667,0.0
Data_for_model/images/Dead_cells_14.tif,22,Dead,Dead,1.0,Dead,False,,0.13832937833097458,0.6572003463998204,0.0,1.0,0.0,0.0
Data_for_model/images/Dead_cells_14.tif,24,,Dead,0.5066666666666667,Dead,True,low_confidence; uncertain_dead; ,0.30963396485323125,0.4335369724850926,0.07666666666666666,0.5066666666666667,0.2633333333333333,0.15333333333333332
Data_for_model/images/Dead_cells_14.tif,25,Dead,Dead,0.84,Dead,False,,0.7509937695295583,0.5426326907702026,0.04666666666666667,0.84,0.07,0.043333333333333335
Data_for_model/images/Dead_cells_14.tif,27,,Dead,0.7233333333333334,Dead,False,,0.27054678099473384,0.4681082288344862,0.0,0.7233333333333334,0.26666666666666666,0.01
Data_for_model/images/Dead_cells_14.tif,28,,Dead,0.7233333333333334,Dead,False,,0.9370473212458763,0.7953797477626142,0.07333333333333333,0.7233333333333334,0.1,0.10333333333333333
Data_for_model/images/Dead_cells_14.tif,29,,Dead,0.68,Dead,True,uncertain_dead; ,1.094562954976852,0.5116204900788339,0.07,0.68,0.08333333333333333,0.16666666666666666
Data_for_model/images/Dead_cells_15.tif,1,,Healthy,0.6533333333333333,Healthy,False,,0.04902621263530138,0.7835692378724407,0.12,0.14666666666666667,0.6533333333333333,0.08
Data_for_model/images/Dead_cells_15.tif,2,Healthy,Healthy,0.9633333333333334,Healthy,False,,0.031030466198199824,0.7312697663540053,0.01,0.006666666666666667,0.9633333333333334,0.02
Data_for_model/images/Dead_cells_15.tif,3,,Dead,0.8733333333333333,Dead,False,,0.01645691371998148,0.5679889716574881,0.0,0.8733333333333333,0.12666666666666668,0.0
Data_for_model/images/Dead_cells_15.tif,4,,Dead,0.9866666666666667,Dead,False,,0.1054063251815287,0.6816443192040555,0.0,0.9866666666666667,0.013333333333333334,0.0
Data_for_model/images/Dead_cells_15.tif,5,Dead,Dead,0.9266666666666666,Dead,False,,0.20057337874864645,0.7088451450660961,0.006666666666666667,0.9266666666666666,0.043333333333333335,0.023333333333333334
Data_for_model/images/Dead_cells_15.tif,6,,Dead,0.53,Dead,True,low_confidence; uncertain_dead; ,0.14284478722023852,0.6796758774188952,0.05,0.53,0.24333333333333335,0.17666666666666667
Data_for_model/images/Dead_cells_15.tif,7,Dead,Dead,0.9166666666666666,Dead,False,,0.07110786829716587,0.6194124371685827,0.023333333333333334,0.9166666666666666,0.05,0.01
Data_for_model/images/Dead_cells_15.tif,8,Dead,Dead,1.0,Dead,False,,0.14921493984961776,0.6337395699253734,0.0,1.0,0.0,0.0
Data_for_model/images/Dead_cells_15.tif,10,,Dead,0.98,Dead,False,,0.13636956168971848,0.7561291323105132,0.0,0.98,0.02,0.0
Data_for_model/images/Dead_cells_15.tif,11,,Dead,0.9766666666666667,Dead,False,,0.04631459438721519,0.5191906629500961,0.0,0.9766666666666667,0.023333333333333334,0.0
Data_for_model/images/Dead_cells_15.tif,12,Dead,Dead,1.0,Dead,False,,0.070165144659453,0.6380774912079976,0.0,1.0,0.0,0.0
Data_for_model/images/Dead_cells_15.tif,13,,Dead,0.6933333333333334,Dead,True,uncertain_dead; ,0.07562713801209398,0.5186480959521348,0.04666666666666667,0.6933333333333334,0.24,0.02
Data_for_model/images/Dead_cells_15.tif,14,Dead,Dead,0.9133333333333333,Dead,False,,0.06343287094946692,0.5040466872701207,0.03666666666666667,0.9133333333333333,0.04666666666666667,0.0033333333333333335
Data_for_model/images/Dead_cells_15.tif,15,Dead,Dead,0.9833333333333333,Dead,False,,0.10892559063254226,0.7516180035932857,0.006666666666666667,0.9833333333333333,0.01,0.0
Data_for_model/images/Dead_cells_15.tif,17,,Dead,0.9533333333333334,Dead,False,,0.08318687387701684,0.7620066291859169,0.0,0.9533333333333334,0.04666666666666667,0.0
Data_for_model/images/Dead_cells_15.tif,18,,Dead,0.76,Dead,False,,0.29022102634623537,0.6503137093540755,0.06666666666666667,0.76,0.08,0.09333333333333334
Data_for_model/images/Dead_cells_15.tif,19,,Dead,0.9733333333333334,Dead,False,,0.06263672636789586,0.5097465279649097,0.0033333333333333335,0.9733333333333334,0.023333333333333334,0.0
Data_for_model/images/Dead_cells_15.tif,20,,Dead,0.98,Dead,False,,0.3703392702618459,0.6269625815130596,0.0,0.98,0.02,0.0
Data_for_model/images/Dead_cells_15.tif,21,,Dead,0.9366666666666666,Dead,False,,0.08623254882226117,0.4496975337037568,0.0,0.9366666666666666,0.06333333333333334,0.0
Data_for_model/images/Dead_cells_15.tif,22,,Dead,0.98,Dead,False,,0.5898298747598587,0.5913399782501322,0.0033333333333333335,0.98,0.01,0.006666666666666667
Data_for_model/images/Dead_cells_15.tif,23,Dead,Dead,0.9933333333333333,Dead,False,,0.3106110518139714,0.7635897188462546,0.0,0.9933333333333333,0.006666666666666667,0.0
Data_for_model/images/Dead_cells_15.tif,25,Dead,Dead,1.0,Dead,False,,0.3826848030820329,0.7052023409807139,0.0,1.0,0.0,0.0
Data_for_model/images/Dead_cells_15.tif,26,,Dead,0.92,Dead,False,,0.2211343491374197,0.6393591740474094,0.0,0.92,0.08,0.0
Data_for_model/images/Dead_cells_15.tif,27,,Dead,0.9366666666666666,Dead,False,,0.1965517011863539,0.4370088764546084,0.0,0.9366666666666666,0.06333333333333334,0.0
Data_for_model/images/Dead_cells_16.tif,1,,Dead,0.9,Dead,False,,0.04877286808083847,0.6983707454424752,0.0,0.9,0.1,0.0
Data_for_model/images/Dead_cells_16.tif,2,,Dead,0.9533333333333334,Dead,False,,0.04260318565757781,0.7689987730165669,0.0,0.9533333333333334,0.04666666666666667,0.0
Data_for_model/images/Dead_cells_16.tif,3,,Dead,0.8166666666666667,Dead,False,,0.038872711659485804,0.857283991389911,0.0,0.8166666666666667,0.18333333333333332,0.0
Data_for_model/images/Dead_cells_16.tif,5,,Dead,0.8933333333333333,Dead,False,,-0.006375845876032571,0.6471006617836437,0.0,0.8933333333333333,0.10666666666666667,0.0
Data_for_model/images/Dead_cells_16.tif,6,Dead,Dead,0.9266666666666666,Dead,False,,-0.021046501232101278,0.6501199090058251,0.0,0.9266666666666666,0.07333333333333333,0.0
Data_for_model/images/Dead_cells_16.tif,7,Dead,Dead,0.9966666666666667,Dead,False,,0.1579894859998736,0.592422785536032,0.0,0.9966666666666667,0.0033333333333333335,0.0
Data_for_model/images/Dead_cells_16.tif,8,Dead,Dead,1.0,Dead,False,,0.09933938371106621,0.6321485840241422,0.0,1.0,0.0,0.0
Data_for_model/images/Dead_cells_16.tif,9,,Dead,0.9533333333333334,Dead,False,,0.05797842540750964,0.669426495507549,0.0,0.9533333333333334,0.04666666666666667,0.0
Data_for_model/images/Dead_cells_16.tif,10,Dead,Dead,0.9633333333333334,Dead,False,,0.04222038938391348,0.6987713576243947,0.0,0.9633333333333334,0.03666666666666667,0.0
Data_for_model/images/Dead_cells_16.tif,11,,Dead,0.9833333333333333,Dead,False,,0.09584660211457696,0.6104389577135992,0.0,0.9833333333333333,0.016666666666666666,0.0
Data_for_model/images/Dead_cells_16.tif,12,,Dead,1.0,Dead,False,,0.19425825639754757,0.662336033786177,0.0,1.0,0.0,0.0
Data_for_model/images/Dead_cells_16.tif,13,,Dead,0.9866666666666667,Dead,False,,0.1414782030841537,0.6780006616461749,0.0,0.9866666666666667,0.013333333333333334,0.0
Data_for_model/images/Dead_cells_16.tif,15,Dead,Dead,0.9966666666666667,Dead,False,,0.15264591326852617,0.5593844380553488,0.0,0.9966666666666667,0.0033333333333333335,0.0
Data_for_model/images/Dead_cells_16.tif,17,,Dead,0.9433333333333334,Dead,False,,0.06094656181173974,0.4864844637443745,0.0,0.9433333333333334,0.056666666666666664,0.0
Data_for_model/images/Dead_cells_16.tif,18,,Dead,0.9966666666666667,Dead,False,,0.08588016409831045,0.6534400340112297,0.0,0.9966666666666667,0.0033333333333333335,0.0
Data_for_model/images/Dead_cells_16.tif,19,,Dead,0.9966666666666667,Dead,False,,0.21759088160501217,0.5582048708378248,0.0,0.9966666666666667,0.0033333333333333335,0.0
Data_for_model/images/Dead_cells_16.tif,20,,Dead,0.7466666666666667,Dead,False,,0.09224385517748657,0.5264520381698385,0.0,0.7466666666666667,0.25333333333333335,0.0
Data_for_model/images/Dead_cells_16.tif,21,,Dead,0.9933333333333333,Dead,False,,0.22382068552723533,0.5130889344951631,0.0,0.9933333333333333,0.006666666666666667,0.0
Data_for_model/images/Dead_cells_16.tif,22,,Dead,0.9733333333333334,Dead,False,,0.29327881392304567,0.5151068311663765,0.0,0.9733333333333334,0.02666666666666667,0.0
Data_for_model/images/Dead_cells_16.tif,23,,Dead,1.0,Dead,False,,0.27038307083997304,0.6704184027756618,0.0,1.0,0.0,0.0
Data_for_model/images/Dead_cells_16.tif,25,Dead,Dead,0.9733333333333334,Dead,False,,0.19352830364269835,0.4353890366556413,0.0,0.9733333333333334,0.02666666666666667,0.0
Data_for_model/images/Dead_cells_16.tif,27,,Dead,0.9233333333333333,Dead,False,,1.373267478493215,0.4959711197908331,0.01,0.9233333333333333,0.06666666666666667,0.0
Data_for_model/images/Dead_cells_16.tif,28,,Dead,0.9333333333333333,Dead,False,,0.5240946469379524,0.6464177044254698,0.0,0.9333333333333333,0.06666666666666667,0.0
Data_for_model/images/Dead_cells_16.tif,44,,Dead,0.37666666666666665,Dead,True,low_confidence; uncertain_dead; ,,,0.16333333333333333,0.37666666666666665,0.20666666666666667,0.25333333333333335
Data_for_model/images/Dead_cells_17.tif,1,Crenated,Crenated,0.7233333333333334,Crenated,True,crenated_but_low_crenation_score; ,-0.008951348363489098,0.5920443664398465,0.7233333333333334,0.1,0.15,0.02666666666666667
Data_for_model/images/Dead_cells_17.tif,2,Dead,Dead,0.9366666666666666,Dead,False,,0.08825889278049626,0.7249040311978137,0.0,0.9366666666666666,0.06333333333333334,0.0
Data_for_model/images/Dead_cells_17.tif,3,Dead,Dead,0.8633333333333333,Dead,False,,0.022913422748343404,0.4915514651899916,0.0,0.8633333333333333,0.13666666666666666,0.0
Data_for_model/images/Dead_cells_17.tif,4,,Dead,0.6033333333333334,Dead,True,uncertain_dead; ,0.17356777853918226,0.6224736618484483,0.14,0.6033333333333334,0.17666666666666667,0.08
Data_for_model/images/Dead_cells_17.tif,5,,Dead,0.9366666666666666,Dead,False,,0.15677034242898957,0.7620635712926147,0.0033333333333333335,0.9366666666666666,0.06,0.0
Data_for_model/images/Dead_cells_17.tif,6,Dead,Dead,0.77,Dead,False,,0.02420765606951203,0.7148510105752469,0.02,0.77,0.20666666666666667,0.0033333333333333335
Data_for_model/images/Dead_cells_17.tif,7,,Dead,0.9566666666666667,Dead,False,,0.027490103084913176,0.5694016099829666,0.0,0.9566666666666667,0.043333333333333335,0.0
Data_for_model/images/Dead_cells_17.tif,8,,Dead,0.7766666666666666,Dead,False,,0.05613937646381917,0.6697100795712678,0.0,0.7766666666666666,0.22333333333333333,0.0
Data_for_model/images/Dead_cells_17.tif,9,,Dead,0.96,Dead,False,,0.04520383583049081,0.6098905439983756,0.0,0.96,0.04,0.0
Data_for_model/images/Dead_cells_17.tif,10,,Dead,0.7933333333333333,Dead,False,,0.06300699302727586,0.5817486374729447,0.0,0.7933333333333333,0.20666666666666667,0.0
Data_for_model/images/Dead_cells_17.tif,11,,Dead,0.8466666666666667,Dead,False,,0.0021907080325703765,0.7536577565220913,0.0033333333333333335,0.8466666666666667,0.15,0.0
Data_for_model/images/Dead_cells_17.tif,12,,Dead,0.84,Dead,False,,0.047410506940616104,0.6282743603649346,0.0,0.84,0.16,0.0
Data_for_model/images/Dead_cells_17.tif,14,Dead,Dead,0.9633333333333334,Dead,False,,0.07768230733659542,0.6325103376017847,0.0,0.9633333333333334,0.03666666666666667,0.0
Data_for_model/images/Dead_cells_17.tif,15,,Dead,0.84,Dead,False,,0.12873827515057967,0.5611890815577603,0.0,0.84,0.15666666666666668,0.0033333333333333335
Data_for_model/images/Dead_cells_17.tif,17,,Dead,0.81,Dead,False,,0.03719204005167642,0.5944610599675375,0.0033333333333333335,0.81,0.18,0.006666666666666667
Data_for_model/images/Dead_cells_17.tif,18,,Dead,0.5533333333333333,Dead,True,low_confidence; uncertain_dead; ,0.08847279082515913,0.6172019098603324,0.16333333333333333,0.5533333333333333,0.21666666666666667,0.06666666666666667
Data_for_model/images/Dead_cells_17.tif,20,,Dead,0.7433333333333333,Dead,False,,0.034759443775578935,0.6259561159995154,0.0033333333333333335,0.7433333333333333,0.25333333333333335,0.0
Data_for_model/images/Dead_cells_17.tif,21,,Dead,0.92,Dead,False,,0.09067301850786558,0.593604116740879,0.0,0.92,0.08,0.0
Data_for_model/images/Dead_cells_17.tif,22,,Dead,0.87,Dead,False,,0.022724656810572563,0.6441124514603624,0.013333333333333334,0.87,0.11666666666666667,0.0
Data_for_model/images/Dead_cells_17.tif,23,,Dead,0.97,Dead,False,,0.14417550689479242,0.6318978827442779,0.0,0.97,0.03,0.0
Data_for_model/images/Dead_cells_17.tif,24,,Dead,0.85,Dead,False,,0.045024837500767245,0.5523918212917646,0.0,0.85,0.15,0.0
Data_for_model/images/Dead_cells_17.tif,25,,Dead,0.9366666666666666,Dead,False,,0.3046941612846158,0.5086109590092348,0.0,0.9366666666666666,0.06333333333333334,0.0
Data_for_model/images/Dead_cells_17.tif,26,,Dead,0.93,Dead,False,,0.09672577444875885,0.5656657935561386,0.0033333333333333335,0.93,0.06666666666666667,0.0
Data_for_model/images/Dead_cells_17.tif,27,Dead,Dead,0.9266666666666666,Dead,False,,0.21196395148855296,0.5873743468079999,0.0,0.9266666666666666,0.07,0.0033333333333333335
Data_for_model/images/Dead_cells_17.tif,28,,Dead,0.99,Dead,False,,0.2004804234171571,0.639790986827458,0.0,0.99,0.01,0.0
Data_for_model/images/Dead_cells_17.tif,29,Dead,Dead,0.9666666666666667,Dead,False,,0.5102941904678011,0.4913105351032553,0.0,0.9666666666666667,0.02666666666666667,0.006666666666666667
Data_for_model/images/Dead_cells_17.tif,32,,Stressed,0.48,Stressed,True,low_confidence; ,0.287722538972364,0.7620386024988303,0.18333333333333332,0.023333333333333334,0.31333333333333335,0.48
Data_for_model/images/Dead_cells_17.tif,38,,Healthy,0.48333333333333334,Healthy,True,low_confidence; healthy_but_irregular_or_textured; ,0.14798620093753145,0.502264366989996,0.023333333333333334,0.44666666666666666,0.48333333333333334,0.04666666666666667
Data_for_model/images/Dead_cells_17.tif,57,,Dead,0.33,Dead,True,low_confidence; uncertain_dead; ,,,0.21666666666666667,0.33,0.20333333333333334,0.25
Data_for_model/images/Dead_cells_2.tif,1,,Dead,0.8733333333333333,Dead,False,,0.016726245493661085,0.7703205820078747,0.0,0.8733333333333333,0.12666666666666668,0.0
Data_for_model/images/Dead_cells_2.tif,2,,Dead,0.99,Dead,False,,0.11788400310042402,0.6430565754657503,0.0,0.99,0.01,0.0
Data_for_model/images/Dead_cells_2.tif,3,Dead,Dead,0.9766666666666667,Dead,False,,0.0424963003917328,0.7087518351080415,0.0,0.9766666666666667,0.023333333333333334,0.0
Data_for_model/images/Dead_cells_2.tif,4,,Dead,0.9833333333333333,Dead,False,,0.05167575446220385,0.6808663375357624,0.0,0.9833333333333333,0.016666666666666666,0.0
Data_for_model/images/Dead_cells_2.tif,5,,Dead,1.0,Dead,False,,0.27459974574657386,0.6453172719715586,0.0,1.0,0.0,0.0
Data_for_model/images/Dead_cells_2.tif,6,,Dead,0.3333333333333333,Dead,True,low_confidence; uncertain_dead; ,0.0571581710278547,0.5654813344266315,0.25,0.3333333333333333,0.3,0.11666666666666667
Data_for_model/images/Dead_cells_2.tif,7,,Dead,0.88,Dead,False,,0.06648679094662269,0.6089777891305822,0.0,0.88,0.11333333333333333,0.006666666666666667
Data_for_model/images/Dead_cells_2.tif,8,,Dead,0.79,Dead,False,,0.04483223798425506,0.602673114703915,0.0033333333333333335,0.79,0.2,0.006666666666666667
Data_for_model/images/Dead_cells_2.tif,9,,Dead,0.9166666666666666,Dead,False,,0.43302331788599446,0.7336948030062648,0.0,0.9166666666666666,0.08333333333333333,0.0
Data_for_model/images/Dead_cells_2.tif,10,,Dead,0.9933333333333333,Dead,False,,0.09200678817171715,0.5921023447746796,0.0,0.9933333333333333,0.006666666666666667,0.0
Data_for_model/images/Dead_cells_2.tif,11,,Dead,0.9733333333333334,Dead,False,,0.19975888137145992,0.5640695864108914,0.0,0.9733333333333334,0.02666666666666667,0.0
Data_for_model/images/Dead_cells_2.tif,12,,Dead,0.9866666666666667,Dead,False,,0.2192811765102124,0.6308987347694759,0.0,0.9866666666666667,0.013333333333333334,0.0
Data_for_model/images/Dead_cells_2.tif,13,Dead,Dead,0.9633333333333334,Dead,False,,0.28141289170150274,0.5789328014740771,0.0,0.9633333333333334,0.03666666666666667,0.0
Data_for_model/images/Dead_cells_2.tif,14,,Dead,0.8033333333333333,Dead,False,,0.04238856398118496,0.7456917234082037,0.0,0.8033333333333333,0.19666666666666666,0.0
Data_for_model/images/Dead_cells_2.tif,15,,Dead,0.9933333333333333,Dead,False,,0.14121387214322245,0.5297716734818668,0.0,0.9933333333333333,0.006666666666666667,0.0
Data_for_model/images/Dead_cells_2.tif,16,,Dead,0.9833333333333333,Dead,False,,0.09302078524973134,0.7393294570306757,0.0,0.9833333333333333,0.016666666666666666,0.0
Data_for_model/images/Dead_cells_2.tif,17,,Dead,0.8733333333333333,Dead,False,,0.032823861052063585,0.4752867591803119,0.0,0.8733333333333333,0.12666666666666668,0.0
Data_for_model/images/Dead_cells_2.tif,18,Dead,Dead,0.9966666666666667,Dead,False,,0.33027712182244773,0.648540411584699,0.0,0.9966666666666667,0.0033333333333333335,0.0
Data_for_model/images/Dead_cells_2.tif,19,,Dead,0.84,Dead,False,,0.10466387271865973,0.5974507299394609,0.0,0.84,0.16,0.0
Data_for_model/images/Dead_cells_2.tif,20,,Dead,0.9966666666666667,Dead,False,,0.2961984645669514,0.5610861690626596,0.0,0.9966666666666667,0.0033333333333333335,0.0
Data_for_model/images/Dead_cells_2.tif,21,,Dead,0.9666666666666667,Dead,False,,0.06043854742484156,0.6571389391163833,0.0,0.9666666666666667,0.03333333333333333,0.0
Data_for_model/images/Dead_cells_2.tif,23,,Dead,0.97,Dead,False,,0.09185922226993815,0.3537455888216275,0.0033333333333333335,0.97,0.01,0.016666666666666666
Data_for_model/images/Dead_cells_2.tif,24,,Dead,0.9666666666666667,Dead,False,,1.1184700281553615,0.6159478887859039,0.0,0.9666666666666667,0.03333333333333333,0.0
Data_for_model/images/Dead_cells_2.tif,25,,Dead,0.9833333333333333,Dead,False,,0.4937670043046508,0.6096699300818558,0.0,0.9833333333333333,0.016666666666666666,0.0
Data_for_model/images/Dead_cells_2.tif,28,,Dead,0.7033333333333334,Dead,False,,0.48346296392021626,0.369214344218285,0.0,0.7033333333333334,0.2733333333333333,0.023333333333333334
Data_for_model/images/Dead_cells_3.tif,1,Dead,Dead,0.9766666666666667,Dead,False,,0.05762399332134216,0.5264072030529948,0.0,0.9766666666666667,0.023333333333333334,0.0
Data_for_model/images/Dead_cells_3.tif,2,,Dead,0.9766666666666667,Dead,False,,0.05813425418331475,0.6090989035885493,0.0,0.9766666666666667,0.023333333333333334,0.0
Data_for_model/images/Dead_cells_3.tif,3,,Dead,0.9466666666666667,Dead,False,,0.06095440239185956,0.6178205247125198,0.0,0.9466666666666667,0.05333333333333334,0.0
Data_for_model/images/Dead_cells_3.tif,4,,Dead,0.9433333333333334,Dead,False,,0.04799242411958571,0.6636710607825063,0.0,0.9433333333333334,0.056666666666666664,0.0
Data_for_model/images/Dead_cells_3.tif,5,,Dead,0.9866666666666667,Dead,False,,0.09889953458134437,0.6907489046733961,0.0,0.9866666666666667,0.013333333333333334,0.0
Data_for_model/images/Dead_cells_3.tif,6,,Dead,0.9233333333333333,Dead,False,,0.06756080139317433,0.5920384012270925,0.0,0.9233333333333333,0.07666666666666666,0.0
Data_for_model/images/Dead_cells_3.tif,7,,Dead,0.9866666666666667,Dead,False,,0.004780418770698347,0.5469363941126565,0.0,0.9866666666666667,0.013333333333333334,0.0
Data_for_model/images/Dead_cells_3.tif,8,Dead,Dead,0.99,Dead,False,,0.10143102074936461,0.6117759516129329,0.0,0.99,0.01,0.0
Data_for_model/images/Dead_cells_3.tif,9,Dead,Dead,0.9866666666666667,Dead,False,,0.4280205826399266,0.586021477338945,0.0,0.9866666666666667,0.013333333333333334,0.0
Data_for_model/images/Dead_cells_3.tif,10,,Dead,0.87,Dead,False,,0.023440522483346826,0.5843167136742852,0.006666666666666667,0.87,0.12333333333333334,0.0
Data_for_model/images/Dead_cells_3.tif,11,,Dead,0.8766666666666667,Dead,False,,0.15840064031425316,0.646679175290721,0.0,0.8766666666666667,0.12333333333333334,0.0
Data_for_model/images/Dead_cells_3.tif,12,,Dead,0.9833333333333333,Dead,False,,0.2591764762892572,0.6128649016919167,0.0,0.9833333333333333,0.016666666666666666,0.0
Data_for_model/images/Dead_cells_3.tif,13,,Dead,1.0,Dead,False,,0.09471675238733168,0.6576235177696607,0.0,1.0,0.0,0.0
Data_for_model/images/Dead_cells_3.tif,14,Dead,Dead,0.9566666666666667,Dead,False,,0.09053462211606533,0.6482815182469074,0.0,0.9566666666666667,0.043333333333333335,0.0
Data_for_model/images/Dead_cells_3.tif,15,,Dead,0.86,Dead,False,,0.3354613993268093,0.7676062644029163,0.03333333333333333,0.86,0.05333333333333334,0.05333333333333334
Data_for_model/images/Dead_cells_3.tif,16,,Dead,1.0,Dead,False,,0.5583987344409319,0.5357606527683831,0.0,1.0,0.0,0.0
Data_for_model/images/Dead_cells_3.tif,17,,Dead,0.8266666666666667,Dead,False,,0.03759413087908048,0.7032971100990314,0.01,0.8266666666666667,0.16333333333333333,0.0
Data_for_model/images/Dead_cells_3.tif,18,,Dead,0.9033333333333333,Dead,False,,0.19765245195732195,0.5584205947095299,0.006666666666666667,0.9033333333333333,0.07666666666666666,0.013333333333333334
Data_for_model/images/Dead_cells_3.tif,19,,Dead,0.9966666666666667,Dead,False,,0.04982553358199493,0.6076572320751013,0.0,0.9966666666666667,0.0033333333333333335,0.0
Data_for_model/images/Dead_cells_3.tif,20,,Dead,0.85,Dead,False,,0.09196209336929251,0.5297167778624505,0.0,0.85,0.15,0.0
Data_for_model/images/Dead_cells_3.tif,21,Dead,Dead,0.9933333333333333,Dead,False,,0.07228735599772229,0.6673137108296415,0.0,0.9933333333333333,0.006666666666666667,0.0
Data_for_model/images/Dead_cells_3.tif,22,,Dead,0.6,Dead,True,uncertain_dead; ,0.06526161353231341,0.6604810500614688,0.016666666666666666,0.6,0.37,0.013333333333333334
Data_for_model/images/Dead_cells_3.tif,24,Dead,Dead,0.99,Dead,False,,0.21957668247369144,0.5496651032249888,0.0,0.99,0.01,0.0
Data_for_model/images/Dead_cells_3.tif,26,,Dead,1.0,Dead,False,,0.1371405636627625,0.5559988540906923,0.0,1.0,0.0,0.0
Data_for_model/images/Dead_cells_3.tif,28,Dead,Dead,0.9566666666666667,Dead,False,,0.45632626802143395,0.7583939504906361,0.0,0.9566666666666667,0.04,0.0033333333333333335
Data_for_model/images/Dead_cells_3.tif,30,,Dead,1.0,Dead,False,,0.6393812196059152,0.5966055246246703,0.0,1.0,0.0,0.0
Data_for_model/images/Dead_cells_3.tif,31,,Dead,0.9433333333333334,Dead,False,,0.21820922403003384,0.6825397249762462,0.0,0.9433333333333334,0.05333333333333334,0.0033333333333333335
Data_for_model/images/Dead_cells_3.tif,32,,Dead,0.47333333333333333,Dead,True,low_confidence; uncertain_dead; ,0.20262119361356812,0.5095827695169699,0.06,0.47333333333333333,0.32666666666666666,0.14
Data_for_model/images/Dead_cells_3.tif,33,,Dead,0.9266666666666666,Dead,False,,0.26252666243944944,0.6635440091592607,0.0,0.9266666666666666,0.07333333333333333,0.0
Data_for_model/images/Dead_cells_4.tif,1,,Dead,0.8566666666666667,Dead,False,,0.05397407839590318,0.780141552171359,0.0,0.8566666666666667,0.14333333333333334,0.0
Data_for_model/images/Dead_cells_4.tif,4,,Dead,0.9866666666666667,Dead,False,,0.21420137257453975,0.6972619835870388,0.0,0.9866666666666667,0.013333333333333334,0.0
Data_for_model/images/Dead_cells_4.tif,5,,Dead,0.98,Dead,False,,0.11570073224991884,0.6918409599911166,0.0,0.98,0.02,0.0
Data_for_model/images/Dead_cells_4.tif,6,,Dead,0.8966666666666666,Dead,False,,0.009403832822102554,0.7046538543909362,0.0,0.8966666666666666,0.10333333333333333,0.0
Data_for_model/images/Dead_cells_4.tif,7,,Dead,0.94,Dead,False,,0.04999420346457906,0.5073260862197634,0.0,0.94,0.06,0.0
Data_for_model/images/Dead_cells_4.tif,8,,Dead,0.84,Dead,False,,0.010509929061151668,0.6837697697832992,0.0033333333333333335,0.84,0.15666666666666668,0.0
Data_for_model/images/Dead_cells_4.tif,9,,Dead,0.8933333333333333,Dead,False,,0.3550421327068837,0.6259105579019351,0.0,0.8933333333333333,0.10666666666666667,0.0
Data_for_model/images/Dead_cells_4.tif,10,,Dead,0.9933333333333333,Dead,False,,0.10969512752016808,0.6851985083110381,0.0,0.9933333333333333,0.006666666666666667,0.0
Data_for_model/images/Dead_cells_4.tif,11,Dead,Dead,0.96,Dead,False,,0.04788647260782419,0.553663346599203,0.006666666666666667,0.96,0.03333333333333333,0.0
Data_for_model/images/Dead_cells_4.tif,12,Dead,Dead,0.9266666666666666,Dead,False,,0.04312796844231781,0.6045706219941934,0.0,0.9266666666666666,0.07333333333333333,0.0
Data_for_model/images/Dead_cells_4.tif,13,Dead,Dead,0.9866666666666667,Dead,False,,0.22848913947263927,0.5508234503181898,0.0,0.9866666666666667,0.013333333333333334,0.0
Data_for_model/images/Dead_cells_4.tif,14,Dead,Dead,1.0,Dead,False,,0.15657601759572415,0.6373865157095492,0.0,1.0,0.0,0.0
Data_for_model/images/Dead_cells_4.tif,16,,Dead,0.9466666666666667,Dead,False,,0.30371772288824106,0.4715528815587088,0.0,0.9466666666666667,0.05333333333333334,0.0
Data_for_model/images/Dead_cells_4.tif,17,,Dead,0.9833333333333333,Dead,False,,0.213668583431042,0.5359743700797004,0.0,0.9833333333333333,0.016666666666666666,0.0
Data_for_model/images/Dead_cells_4.tif,18,,Dead,0.9966666666666667,Dead,False,,0.1004938821884589,0.6894514401071299,0.0,0.9966666666666667,0.0033333333333333335,0.0
Data_for_model/images/Dead_cells_4.tif,19,,Dead,1.0,Dead,False,,0.14959546522367406,0.5126453115741183,0.0,1.0,0.0,0.0
Data_for_model/images/Dead_cells_4.tif,20,,Dead,1.0,Dead,False,,0.13122465001618244,0.6203567848351275,0.0,1.0,0.0,0.0
Data_for_model/images/Dead_cells_4.tif,21,Dead,Dead,0.96,Dead,False,,0.13559346796900296,0.7523113341324061,0.0,0.96,0.04,0.0
Data_for_model/images/Dead_cells_4.tif,26,,Dead,0.96,Dead,False,,3.4065514399667607,0.6736228861422505,0.006666666666666667,0.96,0.03333333333333333,0.0
Data_for_model/images/Dead_cells_4.tif,31,,Dead,0.7133333333333334,Dead,False,,1.728394997498698,0.8097742768874757,0.04,0.7133333333333334,0.2,0.04666666666666667
Data_for_model/images/Dead_cells_4.tif,32,,Dead,0.9766666666666667,Dead,False,,1.9517757659325223,0.5271253268527007,0.0,0.9766666666666667,0.016666666666666666,0.006666666666666667
Data_for_model/images/Dead_cells_4.tif,56,,Dead,0.9766666666666667,Dead,False,,0.4198652366537434,0.4423193886617159,0.0,0.9766666666666667,0.023333333333333334,0.0
Data_for_model/images/Dead_cells_4.tif,57,,Dead,0.6933333333333334,Dead,True,uncertain_dead; ,0.7624477372768601,0.4953535044198902,0.0033333333333333335,0.6933333333333334,0.29,0.013333333333333334
Data_for_model/images/Dead_cells_4.tif,61,,Dead,0.82,Dead,False,,4.590603457141959,0.3610276506115856,0.023333333333333334,0.82,0.12666666666666668,0.03
Data_for_model/images/Dead_cells_4.tif,82,,Dead,0.72,Dead,False,,3.7791778783227805,0.4182580329917312,0.013333333333333334,0.72,0.25666666666666665,0.01
Data_for_model/images/Dead_cells_5.tif,1,,Dead,0.6233333333333333,Dead,True,uncertain_dead; ,0.023513866449399345,0.7825944506886288,0.0,0.6233333333333333,0.37666666666666665,0.0
Data_for_model/images/Dead_cells_5.tif,2,Healthy,Healthy,0.83,Healthy,False,,-0.017543393140636576,0.7002518542864622,0.0,0.17,0.83,0.0
Data_for_model/images/Dead_cells_5.tif,3,,Dead,0.58,Dead,True,low_confidence; uncertain_dead; ,0.10240451649306359,0.7879937092682816,0.0033333333333333335,0.58,0.41333333333333333,0.0033333333333333335
Data_for_model/images/Dead_cells_5.tif,4,Dead,Dead,0.74,Dead,False,,0.036617803245456604,0.7555148385877267,0.0033333333333333335,0.74,0.25666666666666665,0.0
Data_for_model/images/Dead_cells_5.tif,5,Healthy,Healthy,0.7466666666666667,Healthy,False,,0.035133623167031724,0.5601850220715567,0.0,0.25333333333333335,0.7466666666666667,0.0
Data_for_model/images/Dead_cells_5.tif,6,,Dead,0.55,Dead,True,low_confidence; uncertain_dead; ,0.030781810804311416,0.7963915841280645,0.006666666666666667,0.55,0.44,0.0033333333333333335
Data_for_model/images/Dead_cells_5.tif,7,Healthy,Healthy,0.8466666666666667,Healthy,False,,0.03184379670300164,0.8982966399029453,0.0,0.15333333333333332,0.8466666666666667,0.0
Data_for_model/images/Dead_cells_5.tif,8,Healthy,Healthy,0.7766666666666666,Healthy,False,,0.014168565452852167,0.6769062118548245,0.0033333333333333335,0.22,0.7766666666666666,0.0
Data_for_model/images/Dead_cells_5.tif,9,Healthy,Healthy,0.71,Healthy,False,,-0.011541050286467014,0.8244958216516741,0.0033333333333333335,0.2866666666666667,0.71,0.0
Data_for_model/images/Dead_cells_5.tif,10,,Healthy,0.6,Healthy,False,,0.03156149212042092,0.6549151413127828,0.02,0.36666666666666664,0.6,0.013333333333333334
Data_for_model/images/Dead_cells_5.tif,11,Dead,Dead,0.8633333333333333,Dead,False,,0.009329202888964105,0.6872016087830644,0.0,0.8633333333333333,0.13666666666666666,0.0
Data_for_model/images/Dead_cells_5.tif,12,Healthy,Healthy,0.8066666666666666,Healthy,False,,0.0394007021450693,0.6582650418653235,0.006666666666666667,0.18666666666666668,0.8066666666666666,0.0
Data_for_model/images/Dead_cells_5.tif,13,,Dead,0.7,Dead,False,,0.0560662736901304,0.7340192456205862,0.0,0.7,0.3,0.0
Data_for_model/images/Dead_cells_5.tif,14,Dead,Dead,0.9466666666666667,Dead,False,,0.056109970426693634,0.7133246610502594,0.0,0.9466666666666667,0.05333333333333334,0.0
Data_for_model/images/Dead_cells_5.tif,15,,Dead,0.96,Dead,False,,0.4310550550436215,0.5022947047399388,0.0,0.96,0.04,0.0
Data_for_model/images/Dead_cells_5.tif,16,,Dead,1.0,Dead,False,,0.20183234922308324,0.5589652477471584,0.0,1.0,0.0,0.0
Data_for_model/images/Dead_cells_5.tif,17,,Dead,0.8333333333333334,Dead,False,,0.1018844161887067,0.7572713059182912,0.0033333333333333335,0.8333333333333334,0.15666666666666668,0.006666666666666667
Data_for_model/images/Dead_cells_5.tif,18,,Dead,0.9933333333333333,Dead,False,,0.12311322382811285,0.7388210100571178,0.0,0.9933333333333333,0.006666666666666667,0.0
Data_for_model/images/Dead_cells_5.tif,20,Dead,Dead,0.86,Dead,False,,0.07613490447124449,0.7630695946446435,0.0033333333333333335,0.86,0.13666666666666666,0.0
Data_for_model/images/Dead_cells_5.tif,21,,Dead,0.9866666666666667,Dead,False,,1.010011107773881,0.5630495625222532,0.01,0.9866666666666667,0.0033333333333333335,0.0
Data_for_model/images/Dead_cells_5.tif,23,Dead,Dead,1.0,Dead,False,,0.10805493906768426,0.5918466154174757,0.0,1.0,0.0,0.0
Data_for_model/images/Dead_cells_5.tif,25,,Dead,0.8566666666666667,Dead,False,,0.11429832736563073,0.5531998328782626,0.0,0.8566666666666667,0.14333333333333334,0.0
Data_for_model/images/Dead_cells_5.tif,26,,Dead,0.9666666666666667,Dead,False,,0.14804654188122757,0.6542336586621298,0.0,0.9666666666666667,0.03333333333333333,0.0
Data_for_model/images/Dead_cells_5.tif,27,,Dead,0.9066666666666666,Dead,False,,0.1726439444436807,0.3283004234144646,0.013333333333333334,0.9066666666666666,0.06333333333333334,0.016666666666666666
Data_for_model/images/Dead_cells_5.tif,28,,Dead,0.49333333333333335,Dead,True,low_confidence; uncertain_dead; ,0.3094583688650926,0.4581810000422401,0.04,0.49333333333333335,0.41,0.056666666666666664
Data_for_model/images/Dead_cells_5.tif,30,,Dead,0.98,Dead,False,,0.3489959732007253,0.5705186668415386,0.0,0.98,0.02,0.0
Data_for_model/images/Dead_cells_5.tif,31,,Dead,0.94,Dead,False,,0.2772700408125146,0.4793947923951461,0.0,0.94,0.06,0.0
Data_for_model/images/Dead_cells_5.tif,35,Dead,Dead,0.9933333333333333,Dead,False,,0.1704195702150907,0.4951918401220129,0.0,0.9933333333333333,0.006666666666666667,0.0
Data_for_model/images/Dead_cells_5.tif,38,,Dead,0.9866666666666667,Dead,False,,0.765796814085109,0.5427060833170669,0.01,0.9866666666666667,0.0033333333333333335,0.0
Data_for_model/images/Dead_cells_5.tif,69,,Dead,0.3233333333333333,Dead,True,low_confidence; uncertain_dead; ,,,0.22,0.3233333333333333,0.20333333333333334,0.25333333333333335
Data_for_model/images/Dead_cells_6.tif,1,,Dead,0.55,Dead,True,low_confidence; uncertain_dead; ,0.019301003192058075,0.7605024680927053,0.0033333333333333335,0.55,0.44666666666666666,0.0
Data_for_model/images/Dead_cells_6.tif,2,,Dead,0.54,Dead,True,low_confidence; uncertain_dead; ,0.06451508517023552,0.7437605929954748,0.016666666666666666,0.54,0.44333333333333336,0.0
Data_for_model/images/Dead_cells_6.tif,3,,Healthy,0.6133333333333333,Healthy,False,,0.03189279666380285,0.8349936216844064,0.006666666666666667,0.38,0.6133333333333333,0.0
Data_for_model/images/Dead_cells_6.tif,4,Healthy,Healthy,0.7033333333333334,Healthy,False,,-0.0021341753580016443,0.6773146476943134,0.0,0.2966666666666667,0.7033333333333334,0.0
Data_for_model/images/Dead_cells_6.tif,6,Healthy,Healthy,0.8166666666666667,Healthy,False,,0.021948180865674183,0.8307913204342704,0.0,0.18333333333333332,0.8166666666666667,0.0
Data_for_model/images/Dead_cells_6.tif,7,,Dead,0.7133333333333334,Dead,False,,0.02105990089424714,0.6534702318958546,0.0,0.7133333333333334,0.2866666666666667,0.0
Data_for_model/images/Dead_cells_6.tif,8,Healthy,Healthy,0.7733333333333333,Healthy,False,,0.03168644594827841,0.7534988858077006,0.0,0.22666666666666666,0.7733333333333333,0.0
Data_for_model/images/Dead_cells_6.tif,9,,Dead,0.6566666666666666,Dead,True,uncertain_dead; ,0.03738132238339931,0.7308317576717942,0.0,0.6566666666666666,0.3433333333333333,0.0
Data_for_model/images/Dead_cells_6.tif,10,,Healthy,0.64,Healthy,False,,-0.0028817253708853796,0.8753298844716807,0.02666666666666667,0.32666666666666666,0.64,0.006666666666666667
Data_for_model/images/Dead_cells_6.tif,12,,Dead,0.5633333333333334,Dead,True,low_confidence; uncertain_dead; ,0.10563097571283997,0.8208356528701384,0.016666666666666666,0.5633333333333334,0.3933333333333333,0.02666666666666667
Data_for_model/images/Dead_cells_6.tif,13,Dead,Dead,0.9866666666666667,Dead,False,,0.04796477975816116,0.607889365372221,0.0,0.9866666666666667,0.013333333333333334,0.0
Data_for_model/images/Dead_cells_6.tif,15,,Dead,0.7433333333333333,Dead,False,,0.0375116332058365,0.6674490460903547,0.0,0.7433333333333333,0.25666666666666665,0.0
Data_for_model/images/Dead_cells_6.tif,16,Healthy,Healthy,0.7166666666666667,Healthy,True,healthy_but_irregular_or_textured; ,0.1063698301481546,0.5777834703870631,0.0,0.2833333333333333,0.7166666666666667,0.0
Data_for_model/images/Dead_cells_6.tif,17,,Dead,0.6966666666666667,Dead,True,uncertain_dead; ,0.059534585474585455,0.6041936165955853,0.0,0.6966666666666667,0.3,0.0033333333333333335
Data_for_model/images/Dead_cells_6.tif,18,,Dead,0.85,Dead,False,,0.09875656398361887,0.5673996226728257,0.006666666666666667,0.85,0.13333333333333333,0.01
Data_for_model/images/Dead_cells_6.tif,19,Dead,Dead,0.9766666666666667,Dead,False,,0.1024870161831084,0.7746485209365268,0.0,0.9766666666666667,0.023333333333333334,0.0
Data_for_model/images/Dead_cells_6.tif,20,,Dead,0.7933333333333333,Dead,False,,0.08570690950824567,0.6835234868359628,0.0,0.7933333333333333,0.20666666666666667,0.0
Data_for_model/images/Dead_cells_6.tif,23,,Dead,0.9933333333333333,Dead,False,,0.28598326001146446,0.6385624754004942,0.0,0.9933333333333333,0.006666666666666667,0.0
Data_for_model/images/Dead_cells_6.tif,24,,Dead,0.6733333333333333,Dead,True,uncertain_dead; ,0.08341056862934682,0.7418427880334506,0.06666666666666667,0.6733333333333333,0.20333333333333334,0.056666666666666664
Data_for_model/images/Dead_cells_6.tif,25,,Dead,0.9433333333333334,Dead,False,,0.12784640666438474,0.5411939212127532,0.0033333333333333335,0.9433333333333334,0.05333333333333334,0.0
Data_for_model/images/Dead_cells_6.tif,26,,Dead,0.86,Dead,False,,0.052718151533370894,0.6168477467965366,0.0,0.86,0.14,0.0
Data_for_model/images/Dead_cells_6.tif,28,,Dead,0.9366666666666666,Dead,False,,0.15788605673862077,0.7505130182937307,0.0,0.9366666666666666,0.06333333333333334,0.0
Data_for_model/images/Dead_cells_6.tif,29,,Dead,0.9966666666666667,Dead,False,,0.07632285634176539,0.643596370449095,0.0,0.9966666666666667,0.0033333333333333335,0.0
Data_for_model/images/Dead_cells_6.tif,30,,Dead,0.8233333333333334,Dead,False,,0.22022854172199724,0.6035075827820114,0.0033333333333333335,0.8233333333333334,0.16333333333333333,0.01
Data_for_model/images/Dead_cells_6.tif,31,Dead,Dead,0.9233333333333333,Dead,False,,0.2222582200101112,0.515761946706857,0.0,0.9233333333333333,0.07666666666666666,0.0
Data_for_model/images/Dead_cells_6.tif,32,,Dead,0.6766666666666666,Dead,True,uncertain_dead; ,0.014597690089203308,0.7079153835749155,0.0,0.6766666666666666,0.3233333333333333,0.0
Data_for_model/images/Dead_cells_6.tif,34,,Healthy,0.44,Healthy,True,low_confidence; ,0.04694223321523505,0.5351048789944453,0.16,0.18,0.44,0.22
Data_for_model/images/Dead_cells_6.tif,35,,Dead,0.9666666666666667,Dead,False,,0.06270302115177229,0.6039250272368674,0.0,0.9666666666666667,0.03333333333333333,0.0
Data_for_model/images/Dead_cells_6.tif,36,,Dead,0.9933333333333333,Dead,False,,0.1477907804460541,0.4698265434767569,0.0,0.9933333333333333,0.006666666666666667,0.0
Data_for_model/images/Dead_cells_6.tif,37,,Dead,0.8666666666666667,Dead,False,,0.12729484990736428,0.6885568173347496,0.006666666666666667,0.8666666666666667,0.12,0.006666666666666667
Data_for_model/images/Dead_cells_6.tif,38,,Dead,0.9966666666666667,Dead,False,,0.17420753193415872,0.7156737313994861,0.0,0.9966666666666667,0.0033333333333333335,0.0
Data_for_model/images/Dead_cells_6.tif,39,Dead,Dead,1.0,Dead,False,,0.11988655719262598,0.4870872474489139,0.0,1.0,0.0,0.0
Data_for_model/images/Dead_cells_6.tif,40,,Dead,0.8933333333333333,Dead,False,,0.30511162996630214,0.5593773132791353,0.0,0.8933333333333333,0.10666666666666667,0.0
Data_for_model/images/Dead_cells_6.tif,41,,Dead,0.9233333333333333,Dead,False,,0.6893777872311749,0.4540712117104588,0.01,0.9233333333333333,0.03666666666666667,0.03
Data_for_model/images/Dead_cells_6.tif,42,,Dead,0.99,Dead,False,,0.3618561906426462,0.7183729479872328,0.0,0.99,0.01,0.0
Data_for_model/images/Dead_cells_6.tif,43,,Dead,0.9966666666666667,Dead,False,,0.3129859565921115,0.5872777171624886,0.0,0.9966666666666667,0.0033333333333333335,0.0
Data_for_model/images/Dead_cells_6.tif,48,Dead,Dead,1.0,Dead,False,,0.6411862666662388,0.6434908596765045,0.0,1.0,0.0,0.0
Data_for_model/images/Dead_cells_6.tif,50,Dead,Dead,0.9966666666666667,Dead,False,,0.7284258803278492,0.6852740086405411,0.0,0.9966666666666667,0.0033333333333333335,0.0
Data_for_model/images/Dead_cells_6.tif,52,,Dead,0.9833333333333333,Dead,False,,0.6729227033604103,0.6771319722215254,0.0,0.9833333333333333,0.013333333333333334,0.0033333333333333335
Data_for_model/images/Dead_cells_6.tif,62,,Dead,0.33666666666666667,Dead,True,low_confidence; uncertain_dead; ,,,0.17,0.33666666666666667,0.22666666666666666,0.26666666666666666
Data_for_model/images/Dead_cells_6.tif,69,,Dead,0.7833333333333333,Dead,False,,4.5121016618702265,0.2653944347208953,0.05,0.7833333333333333,0.11,0.056666666666666664
Data_for_model/images/Dead_cells_7.tif,1,,Dead,0.6366666666666667,Dead,True,uncertain_dead; ,0.002272989720737195,0.670280709667286,0.0,0.6366666666666667,0.36333333333333334,0.0
Data_for_model/images/Dead_cells_7.tif,2,,Dead,0.7833333333333333,Dead,False,,0.020773366832894657,0.6588641596978496,0.0,0.7833333333333333,0.21666666666666667,0.0
Data_for_model/images/Dead_cells_7.tif,3,,Healthy,0.62,Healthy,False,,5.4295490359068665e-05,0.6837794886450319,0.0,0.38,0.62,0.0
Data_for_model/images/Dead_cells_7.tif,4,Healthy,Healthy,0.7866666666666666,Healthy,False,,0.015035362033202215,0.719531249065203,0.0,0.21333333333333335,0.7866666666666666,0.0
Data_for_model/images/Dead_cells_7.tif,5,,Dead,0.5766666666666667,Dead,True,low_confidence; uncertain_dead; ,0.052198876911692116,0.8463046576925255,0.01,0.5766666666666667,0.41333333333333333,0.0
Data_for_model/images/Dead_cells_7.tif,7,Healthy,Healthy,0.7166666666666667,Healthy,True,healthy_but_irregular_or_textured; ,0.0783939662687928,0.7450410426138908,0.0,0.2833333333333333,0.7166666666666667,0.0
Data_for_model/images/Dead_cells_7.tif,8,,Dead,0.6033333333333334,Dead,True,uncertain_dead; ,0.07747967677965262,0.628172622342101,0.05,0.6033333333333334,0.29333333333333333,0.05333333333333334
Data_for_model/images/Dead_cells_7.tif,9,Dead,Dead,0.9166666666666666,Dead,False,,0.055971112886268326,0.6494921490485562,0.0,0.9166666666666666,0.08,0.0033333333333333335
Data_for_model/images/Dead_cells_7.tif,10,,Dead,0.7833333333333333,Dead,False,,0.0802255573584505,0.7867757305484535,0.01,0.7833333333333333,0.20666666666666667,0.0
Data_for_model/images/Dead_cells_7.tif,11,Dead,Dead,0.9266666666666666,Dead,False,,0.03131803884629525,0.5948100815597313,0.0,0.9266666666666666,0.07333333333333333,0.0
Data_for_model/images/Dead_cells_7.tif,12,,Dead,0.7433333333333333,Dead,False,,0.05553749233935412,0.4797644320815017,0.0033333333333333335,0.7433333333333333,0.25,0.0033333333333333335
Data_for_model/images/Dead_cells_7.tif,13,Dead,Dead,0.9133333333333333,Dead,False,,0.09299622073765512,0.6950485774010323,0.0033333333333333335,0.9133333333333333,0.08333333333333333,0.0
Data_for_model/images/Dead_cells_7.tif,15,Healthy,Healthy,0.72,Healthy,False,,0.01822926383695389,0.7493359193390221,0.0,0.28,0.72,0.0
Data_for_model/images/Dead_cells_7.tif,16,,Dead,0.7033333333333334,Dead,False,,0.056841001893452536,0.6265234824923078,0.0,0.7033333333333334,0.2966666666666667,0.0
Data_for_model/images/Dead_cells_7.tif,17,,Dead,0.7933333333333333,Dead,False,,0.11540981704945674,0.6060755027974304,0.0,0.7933333333333333,0.20666666666666667,0.0
Data_for_model/images/Dead_cells_7.tif,18,,Dead,0.9866666666666667,Dead,False,,0.18153960373392852,0.5662655846795589,0.0,0.9866666666666667,0.013333333333333334,0.0
Data_for_model/images/Dead_cells_7.tif,19,,Dead,0.4166666666666667,Dead,True,low_confidence; uncertain_dead; ,0.002730100474886643,0.835399855712193,0.12,0.4166666666666667,0.4033333333333333,0.06
Data_for_model/images/Dead_cells_7.tif,20,Dead,Dead,0.8066666666666666,Dead,False,,0.1261560495912175,0.8121130348799129,0.0033333333333333335,0.8066666666666666,0.19,0.0
Data_for_model/images/Dead_cells_7.tif,21,,Dead,0.8333333333333334,Dead,False,,0.18483883503107756,0.5512787422048259,0.0033333333333333335,0.8333333333333334,0.16333333333333333,0.0
Data_for_model/images/Dead_cells_7.tif,22,,Dead,0.9766666666666667,Dead,False,,0.5812031605288086,0.515353114719144,0.0,0.9766666666666667,0.023333333333333334,0.0
Data_for_model/images/Dead_cells_7.tif,23,,Dead,0.44333333333333336,Dead,True,low_confidence; uncertain_dead; ,0.06784731163231883,0.6402464181552711,0.16,0.44333333333333336,0.3433333333333333,0.05333333333333334
Data_for_model/images/Dead_cells_7.tif,24,,Dead,0.83,Dead,False,,0.4812443024168217,0.7061995046288451,0.0,0.83,0.17,0.0
Data_for_model/images/Dead_cells_7.tif,25,,Dead,0.9966666666666667,Dead,False,,0.23061991903172807,0.566845878841027,0.0,0.9966666666666667,0.0033333333333333335,0.0
Data_for_model/images/Dead_cells_7.tif,26,,Dead,0.9866666666666667,Dead,False,,0.09976352817243728,0.6157192845169852,0.0,0.9866666666666667,0.013333333333333334,0.0
Data_for_model/images/Dead_cells_7.tif,27,,Dead,0.8766666666666667,Dead,False,,0.2749849554971425,0.6028359755696627,0.006666666666666667,0.8766666666666667,0.11333333333333333,0.0033333333333333335
Data_for_model/images/Dead_cells_7.tif,28,,Dead,0.99,Dead,False,,0.14826411310637944,0.7127198429928072,0.0,0.99,0.01,0.0
Data_for_model/images/Dead_cells_7.tif,30,,Dead,0.9133333333333333,Dead,False,,0.00982024649532287,0.6467775575723471,0.0,0.9133333333333333,0.08666666666666667,0.0
Data_for_model/images/Dead_cells_7.tif,31,,Dead,0.97,Dead,False,,0.26453801409343747,0.5677934364935251,0.0,0.97,0.03,0.0
Data_for_model/images/Dead_cells_7.tif,33,,Dead,0.72,Dead,False,,0.49937677627675214,0.6897644272043483,0.04666666666666667,0.72,0.10333333333333333,0.13
Data_for_model/images/Dead_cells_7.tif,34,,Dead,0.9833333333333333,Dead,False,,0.1356091361015438,0.4068129681627992,0.0033333333333333335,0.9833333333333333,0.013333333333333334,0.0
Data_for_model/images/Dead_cells_7.tif,35,Dead,Dead,0.9666666666666667,Dead,False,,0.9942089710429622,0.6527973226295587,0.0,0.9666666666666667,0.03333333333333333,0.0
Data_for_model/images/Dead_cells_7.tif,38,,Dead,0.9833333333333333,Dead,False,,0.5816039538788389,0.569425801489804,0.0,0.9833333333333333,0.016666666666666666,0.0
Data_for_model/images/Dead_cells_7.tif,39,,Dead,0.9566666666666667,Dead,False,,0.790925381801022,0.4131730520626274,0.0,0.9566666666666667,0.03666666666666667,0.006666666666666667
Data_for_model/images/Dead_cells_8.tif,1,,Dead,0.8133333333333334,Dead,False,,0.08860023712041909,0.9158014122735152,0.0,0.8133333333333334,0.18666666666666668,0.0
Data_for_model/images/Dead_cells_8.tif,2,,Dead,0.5166666666666667,Dead,True,low_confidence; uncertain_dead; ,0.036920068620789004,0.7120852863484386,0.0033333333333333335,0.5166666666666667,0.48,0.0
Data_for_model/images/Dead_cells_8.tif,3,,Dead,0.9766666666666667,Dead,False,,0.07980493582554482,0.6646942178894278,0.0,0.9766666666666667,0.023333333333333334,0.0
Data_for_model/images/Dead_cells_8.tif,5,,Healthy,0.55,Healthy,True,low_confidence; ,0.019051123607965348,0.7279425081398554,0.0033333333333333335,0.44666666666666666,0.55,0.0
Data_for_model/images/Dead_cells_8.tif,6,,Dead,0.45,Dead,True,low_confidence; uncertain_dead; ,0.3138415594186028,0.632514837024617,0.05333333333333334,0.45,0.27,0.22666666666666666
Data_for_model/images/Dead_cells_8.tif,7,,Healthy,0.6533333333333333,Healthy,False,,0.01716709387330584,0.6979028250246404,0.0033333333333333335,0.3433333333333333,0.6533333333333333,0.0
Data_for_model/images/Dead_cells_8.tif,8,Healthy,Healthy,0.8266666666666667,Healthy,False,,0.014836440142611762,0.7233321139936962,0.0,0.17333333333333334,0.8266666666666667,0.0
Data_for_model/images/Dead_cells_8.tif,9,,Dead,0.6633333333333333,Dead,True,uncertain_dead; ,0.00475716299950768,0.6663373780342445,0.0033333333333333335,0.6633333333333333,0.3333333333333333,0.0
Data_for_model/images/Dead_cells_8.tif,10,,Healthy,0.5466666666666666,Healthy,True,low_confidence; ,0.05292089289866375,0.7885456830531593,0.0033333333333333335,0.45,0.5466666666666666,0.0
Data_for_model/images/Dead_cells_8.tif,11,,Dead,0.8366666666666667,Dead,False,,0.08599915943013425,0.5611722315076285,0.0,0.8366666666666667,0.16333333333333333,0.0
Data_for_model/images/Dead_cells_8.tif,13,Dead,Dead,0.8733333333333333,Dead,False,,0.00018183043590502823,0.6411666821230071,0.0,0.8733333333333333,0.12666666666666668,0.0
Data_for_model/images/Dead_cells_8.tif,14,,Dead,0.99,Dead,False,,0.08722670955251932,0.6104383870025447,0.0,0.99,0.01,0.0
Data_for_model/images/Dead_cells_8.tif,15,Dead,Dead,1.0,Dead,False,,0.06983441090225673,0.6319533875516586,0.0,1.0,0.0,0.0
Data_for_model/images/Dead_cells_8.tif,16,Dead,Dead,0.9966666666666667,Dead,False,,0.26822056602125044,0.5669593051444035,0.0,0.9966666666666667,0.0033333333333333335,0.0
Data_for_model/images/Dead_cells_8.tif,18,,Dead,1.0,Dead,False,,0.25732006965814314,0.6990268491110851,0.0,1.0,0.0,0.0
Data_for_model/images/Dead_cells_8.tif,19,,Dead,0.9433333333333334,Dead,False,,0.2678565321257719,0.442360314878481,0.0,0.9433333333333334,0.056666666666666664,0.0
Data_for_model/images/Dead_cells_8.tif,22,Dead,Dead,0.9966666666666667,Dead,False,,0.36799367609848366,0.4329044951413753,0.0,0.9966666666666667,0.0033333333333333335,0.0
Data_for_model/images/Dead_cells_8.tif,23,,Dead,0.84,Dead,False,,0.27205153325264064,0.8462749547944141,0.006666666666666667,0.84,0.14666666666666667,0.006666666666666667
Data_for_model/images/Dead_cells_8.tif,52,,Dead,0.7133333333333334,Dead,False,,4.155018365397398,0.1675288934786805,0.043333333333333335,0.7133333333333334,0.19666666666666666,0.04666666666666667
Data_for_model/images/Dead_cells_9.tif,1,,Healthy,0.8433333333333334,Healthy,False,,0.03666192510837041,0.8118373641096089,0.016666666666666666,0.0033333333333333335,0.8433333333333334,0.13666666666666666
Data_for_model/images/Dead_cells_9.tif,2,Dead,Dead,0.9466666666666667,Dead,False,,-0.024974749069293978,0.7501193153990203,0.0033333333333333335,0.9466666666666667,0.05,0.0
Data_for_model/images/Dead_cells_9.tif,3,,Dead,0.8766666666666667,Dead,False,,0.07056026757053668,0.6097865634282505,0.03,0.8766666666666667,0.08666666666666667,0.006666666666666667
Data_for_model/images/Dead_cells_9.tif,4,,Dead,0.8566666666666667,Dead,False,,0.03570413648303428,0.6343205031746727,0.0033333333333333335,0.8566666666666667,0.14,0.0
Data_for_model/images/Dead_cells_9.tif,5,Dead,Dead,1.0,Dead,False,,0.046705999368006124,0.5619573199069972,0.0,1.0,0.0,0.0
Data_for_model/images/Dead_cells_9.tif,6,,Dead,0.99,Dead,False,,0.09192655673629635,0.5816505294326585,0.0,0.99,0.01,0.0
Data_for_model/images/Dead_cells_9.tif,7,Dead,Dead,0.9133333333333333,Dead,False,,0.10153036795245818,0.776131242897549,0.006666666666666667,0.9133333333333333,0.08,0.0
Data_for_model/images/Dead_cells_9.tif,9,,Dead,0.93,Dead,False,,-0.004761398621776491,0.615786504681282,0.0033333333333333335,0.93,0.06666666666666667,0.0
Data_for_model/images/Dead_cells_9.tif,11,,Dead,0.9366666666666666,Dead,False,,0.023805109185379147,0.5741962926826703,0.0033333333333333335,0.9366666666666666,0.06,0.0
Data_for_model/images/Dead_cells_9.tif,12,,Dead,0.75,Dead,False,,0.3106633314040457,0.5623982698637348,0.0,0.75,0.25,0.0
Data_for_model/images/Dead_cells_9.tif,13,Dead,Dead,0.9966666666666667,Dead,False,,0.11530233695288672,0.5981883774283632,0.0,0.9966666666666667,0.0033333333333333335,0.0
Data_for_model/images/Dead_cells_9.tif,14,,Dead,0.99,Dead,False,,0.12946584445628173,0.6921592266126336,0.0,0.99,0.01,0.0
Data_for_model/images/Dead_cells_9.tif,15,,Dead,0.9666666666666667,Dead,False,,0.03752400687294133,0.6067880003866009,0.0,0.9666666666666667,0.03333333333333333,0.0
Data_for_model/images/Dead_cells_9.tif,16,,Dead,0.9766666666666667,Dead,False,,0.18486121736600503,0.557476642102585,0.0,0.9766666666666667,0.02,0.0033333333333333335
Data_for_model/images/Dead_cells_9.tif,17,,Dead,0.99,Dead,False,,0.07347970386405633,0.5527203161998171,0.0,0.99,0.01,0.0
Data_for_model/images/Dead_cells_9.tif,18,,Dead,1.0,Dead,False,,0.3691805366781491,0.6896400770131793,0.0,1.0,0.0,0.0
Data_for_model/images/Dead_cells_9.tif,19,,Dead,0.9833333333333333,Dead,False,,0.06194254022347789,0.60421468916148,0.0,0.9833333333333333,0.016666666666666666,0.0
Data_for_model/images/Dead_cells_9.tif,20,Dead,Dead,0.9666666666666667,Dead,False,,0.4192783775638651,0.6432570313702435,0.0033333333333333335,0.9666666666666667,0.03,0.0
Data_for_model/images/Dead_cells_9.tif,21,,Dead,0.9966666666666667,Dead,False,,0.09829686983158092,0.521438761015249,0.0,0.9966666666666667,0.0033333333333333335,0.0
Data_for_model/images/Dead_cells_9.tif,22,Dead,Dead,0.9966666666666667,Dead,False,,0.0388001612834199,0.5168983206184871,0.0,0.9966666666666667,0.0033333333333333335,0.0
Data_for_model/images/Dead_cells_9.tif,23,,Dead,0.9666666666666667,Dead,False,,0.528244376748823,0.3950049082422532,0.0033333333333333335,0.9666666666666667,0.02,0.01
Data_for_model/images/Dead_cells_9.tif,25,,Dead,0.99,Dead,False,,0.22127094275427295,0.611760436148992,0.0,0.99,0.01,0.0
Data_for_model/images/Dead_cells_9.tif,27,,Dead,1.0,Dead,False,,0.16144285364636135,0.5401393164786124,0.0,1.0,0.0,0.0
Data_for_model/images/Dead_cells_9.tif,28,,Dead,0.9933333333333333,Dead,False,,0.2130346803590173,0.5145269917334652,0.0,0.9933333333333333,0.006666666666666667,0.0
Data_for_model/images/Dead_cells_9.tif,30,,Dead,0.7366666666666667,Dead,False,,0.4370845328839229,0.2634873225325287,0.0,0.7366666666666667,0.24,0.023333333333333334
