image,cell_id,prob_dead,borderline_ghost,stage1_prediction,final_prediction,morph_confidence,prob_Crenated,prob_Healthy,prob_Stressed,review_flag,review_reason
Data_for_model/images/Control1_15_hrs_PE_2.tif,3,3.2734841781678625e-07,False,NotDead,Healthy,0.5766666666666667,0.07666666666666666,0.5766666666666667,0.3466666666666667,True,uncertain_morphology; 
Data_for_model/images/Control1_15_hrs_PE_2.tif,4,6.931911260554813e-07,False,NotDead,Healthy,0.95,0.0033333333333333335,0.95,0.04666666666666667,False,
Data_for_model/images/Control1_15_hrs_PE_2.tif,5,2.260459209146859e-06,False,NotDead,Healthy,0.99,0.0033333333333333335,0.99,0.006666666666666667,False,
Data_for_model/images/Control1_15_hrs_PE_2.tif,6,6.702332053798443e-07,False,NotDead,Healthy,0.9,0.02666666666666667,0.9,0.07333333333333333,False,
Data_for_model/images/Control1_15_hrs_PE_2.tif,7,3.3573391322594404e-07,False,NotDead,Healthy,0.99,0.0,0.99,0.01,False,
Data_for_model/images/Control1_15_hrs_PE_2.tif,10,6.102241811856146e-07,False,NotDead,Healthy,0.9866666666666667,0.0033333333333333335,0.9866666666666667,0.01,False,
Data_for_model/images/Control1_15_hrs_PE_2.tif,14,6.661316708234111e-07,False,NotDead,Healthy,0.9266666666666666,0.02,0.9266666666666666,0.05333333333333334,False,
Data_for_model/images/Control1_15_hrs_PE_2.tif,15,1.2749336547490664e-05,False,NotDead,Healthy,0.9966666666666667,0.0,0.9966666666666667,0.0033333333333333335,False,
Data_for_model/images/Control1_15_hrs_PE_2.tif,18,8.531987110482753e-06,False,NotDead,Healthy,0.9433333333333334,0.016666666666666666,0.9433333333333334,0.04,False,
Data_for_model/images/Control1_15_hrs_PE_2.tif,19,0.00020941557531495292,False,NotDead,Healthy,0.9833333333333333,0.006666666666666667,0.9833333333333333,0.01,False,
Data_for_model/images/Control1_15_hrs_PE_2.tif,20,0.016650542634983112,False,NotDead,Healthy,0.9366666666666666,0.03,0.9366666666666666,0.03333333333333333,False,
Data_for_model/images/Control1_15_hrs_PE_2.tif,22,4.26682974946635e-05,False,NotDead,Healthy,1.0,0.0,1.0,0.0,False,
Data_for_model/images/Control1_15_hrs_PE_2.tif,26,2.906343227748742e-06,False,NotDead,Healthy,0.8,0.08666666666666667,0.8,0.11333333333333333,False,
Data_for_model/images/Control1_15_hrs_PE_2.tif,27,3.437778858250695e-07,False,NotDead,Healthy,0.9966666666666667,0.0,0.9966666666666667,0.0033333333333333335,False,
Data_for_model/images/Control1_15_hrs_PE_2.tif,28,6.209788517841375e-07,False,NotDead,Healthy,0.9466666666666667,0.016666666666666666,0.9466666666666667,0.03666666666666667,False,
Data_for_model/images/Control1_15_hrs_PE_2.tif,29,3.651661043546639e-07,False,NotDead,Healthy,0.8466666666666667,0.04,0.8466666666666667,0.11333333333333333,False,
Data_for_model/images/Control1_15_hrs_PE_2.tif,30,7.211926603689633e-07,False,NotDead,Healthy,0.83,0.04,0.83,0.13,False,
Data_for_model/images/Control1_15_hrs_PE_2.tif,32,1.058189425640066e-06,False,NotDead,Healthy,1.0,0.0,1.0,0.0,False,
Data_for_model/images/Control1_15_hrs_PE_2.tif,33,3.1589818426880356e-05,False,NotDead,Healthy,0.9933333333333333,0.0,0.9933333333333333,0.006666666666666667,False,
Data_for_model/images/Control1_15_hrs_PE_2.tif,34,4.630036739561305e-07,False,NotDead,Healthy,0.6966666666666667,0.08,0.6966666666666667,0.22333333333333333,False,
Data_for_model/images/Control1_15_hrs_PE_2.tif,35,7.856314737653136e-07,False,NotDead,Healthy,0.9966666666666667,0.0,0.9966666666666667,0.0033333333333333335,False,
Data_for_model/images/Control1_15_hrs_PE_2.tif,36,2.5639635988006226e-05,False,NotDead,Healthy,0.7866666666666666,0.016666666666666666,0.7866666666666666,0.19666666666666666,False,
Data_for_model/images/Control1_15_hrs_PE_2.tif,37,5.894086011482003e-07,False,NotDead,Healthy,0.9966666666666667,0.0,0.9966666666666667,0.0033333333333333335,False,
Data_for_model/images/Control1_15_hrs_PE_2.tif,39,2.1285618725386257e-06,False,NotDead,Healthy,0.9966666666666667,0.0,0.9966666666666667,0.0033333333333333335,False,
Data_for_model/images/Control1_15_hrs_PE_2.tif,41,3.6995081875712543e-07,False,NotDead,Healthy,0.5033333333333333,0.14,0.5033333333333333,0.3566666666666667,True,uncertain_morphology; 
Data_for_model/images/Control1_15_hrs_PE_2.tif,42,2.8329707023599937e-06,False,NotDead,Healthy,0.9966666666666667,0.0,0.9966666666666667,0.0033333333333333335,False,
Data_for_model/images/Control1_15_hrs_PE_2.tif,43,0.9999992932643703,False,Dead,Dead,,,,,False,
Data_for_model/images/Control1_15_hrs_PE_2.tif,46,3.176461244036588e-07,False,NotDead,Healthy,0.86,0.016666666666666666,0.86,0.12333333333333334,False,
Data_for_model/images/Control1_15_hrs_PE_2.tif,50,0.9999942247038127,False,Dead,Dead,,,,,False,
Data_for_model/images/Control1_15_hrs_PE_2.tif,53,0.9999990516008884,False,Dead,Dead,,,,,False,
Data_for_model/images/Control1_15_hrs_PE_2.tif,54,0.9999989965721846,False,Dead,Dead,,,,,False,
Data_for_model/images/Control1_15_hrs_PE_2.tif,55,0.9999972208965525,False,Dead,Dead,,,,,False,
Data_for_model/images/Control1_15_hrs_PE_2.tif,58,0.999998546346171,False,Dead,Dead,,,,,False,
Data_for_model/images/Control1_15_hrs_PE_2.tif,59,0.9999988743668963,False,Dead,Dead,,,,,False,
Data_for_model/images/Control1_15_hrs_PE_2.tif,64,0.9999990104176837,False,Dead,Dead,,,,,False,
Data_for_model/images/Control1_15_hrs_PE_3.tif,2,3.3149282052669093e-07,False,NotDead,Healthy,0.9833333333333333,0.0033333333333333335,0.9833333333333333,0.013333333333333334,False,
Data_for_model/images/Control1_15_hrs_PE_3.tif,3,6.312408314945728e-07,False,NotDead,Healthy,0.97,0.0033333333333333335,0.97,0.02666666666666667,False,
Data_for_model/images/Control1_15_hrs_PE_3.tif,6,1.099964882067539e-06,False,NotDead,Healthy,0.9966666666666667,0.0033333333333333335,0.9966666666666667,0.0,False,
Data_for_model/images/Control1_15_hrs_PE_3.tif,7,2.1626510448014002e-06,False,NotDead,Healthy,0.9966666666666667,0.0,0.9966666666666667,0.0033333333333333335,False,
Data_for_model/images/Control1_15_hrs_PE_3.tif,8,1.1799687885671872e-06,False,NotDead,Healthy,1.0,0.0,1.0,0.0,False,
Data_for_model/images/Control1_15_hrs_PE_3.tif,10,2.1103466294469797e-06,False,NotDead,Healthy,0.8766666666666667,0.016666666666666666,0.8766666666666667,0.10666666666666667,False,
Data_for_model/images/Control1_15_hrs_PE_3.tif,12,1.8766630249800187e-06,False,NotDead,Healthy,1.0,0.0,1.0,0.0,False,
Data_for_model/images/Control1_15_hrs_PE_3.tif,13,0.5830941898514838,True,NotDead,Healthy,0.9733333333333334,0.013333333333333334,0.9733333333333334,0.013333333333333334,False,
Data_for_model/images/Control1_15_hrs_PE_3.tif,14,1.958531488854831e-05,False,NotDead,Healthy,0.9866666666666667,0.0,0.9866666666666667,0.013333333333333334,False,
Data_for_model/images/Control1_15_hrs_PE_3.tif,15,6.791842653841584e-07,False,NotDead,Stressed,0.5166666666666667,0.02,0.4633333333333333,0.5166666666666667,True,uncertain_morphology; 
Data_for_model/images/Control1_15_hrs_PE_3.tif,16,1.9205878171169033e-06,False,NotDead,Healthy,1.0,0.0,1.0,0.0,False,
Data_for_model/images/Control1_15_hrs_PE_3.tif,17,3.548143518994351e-07,False,NotDead,Healthy,0.9566666666666667,0.006666666666666667,0.9566666666666667,0.03666666666666667,False,
Data_for_model/images/Control1_15_hrs_PE_3.tif,18,5.949531158955246e-06,False,NotDead,Healthy,0.9933333333333333,0.0,0.9933333333333333,0.006666666666666667,False,
Data_for_model/images/Control1_15_hrs_PE_3.tif,22,3.484320374447236e-07,False,NotDead,Healthy,1.0,0.0,1.0,0.0,False,
Data_for_model/images/Control1_15_hrs_PE_3.tif,24,3.3608884936420225e-05,False,NotDead,Healthy,1.0,0.0,1.0,0.0,False,
Data_for_model/images/Control1_15_hrs_PE_3.tif,27,2.342028224133763e-06,False,NotDead,Stressed,0.48333333333333334,0.13666666666666666,0.38,0.48333333333333334,True,uncertain_morphology; 
Data_for_model/images/Control1_15_hrs_PE_3.tif,30,0.9243093009907184,False,Dead,Dead,,,,,False,
Data_for_model/images/Control1_15_hrs_PE_3.tif,31,3.6280180881753665e-07,False,NotDead,Stressed,0.6833333333333333,0.14333333333333334,0.17333333333333334,0.6833333333333333,False,
Data_for_model/images/Control1_15_hrs_PE_3.tif,32,3.6643515402556837e-05,False,NotDead,Healthy,1.0,0.0,1.0,0.0,False,
Data_for_model/images/Control1_15_hrs_PE_3.tif,34,1.9606441942210395e-06,False,NotDead,Healthy,0.9966666666666667,0.0033333333333333335,0.9966666666666667,0.0,False,
Data_for_model/images/Control1_15_hrs_PE_3.tif,36,3.1984939863338724e-07,False,NotDead,Healthy,0.9966666666666667,0.0,0.9966666666666667,0.0033333333333333335,False,
Data_for_model/images/Control1_15_hrs_PE_3.tif,39,0.8643771094273912,False,Dead,Dead,,,,,True,uncertain_dead; 
Data_for_model/images/Control1_15_hrs_PE_3.tif,42,1.989777099864476e-06,False,NotDead,Healthy,0.9966666666666667,0.0,0.9966666666666667,0.0033333333333333335,False,
Data_for_model/images/Control1_15_hrs_PE_3.tif,44,1.6243616287603402e-06,False,NotDead,Healthy,0.9766666666666667,0.0,0.9766666666666667,0.023333333333333334,False,
Data_for_model/images/Control1_15_hrs_PE_3.tif,45,6.635365665808024e-07,False,NotDead,Healthy,0.8666666666666667,0.023333333333333334,0.8666666666666667,0.11,False,
Data_for_model/images/Control1_15_hrs_PE_3.tif,46,0.9421465638120932,False,Dead,Dead,,,,,False,
Data_for_model/images/Control1_15_hrs_PE_3.tif,48,7.968404976965715e-07,False,NotDead,Healthy,0.8933333333333333,0.013333333333333334,0.8933333333333333,0.09333333333333334,False,
Data_for_model/images/Control1_15_hrs_PE_3.tif,49,0.0005052098601167065,False,NotDead,Healthy,0.67,0.16333333333333333,0.67,0.16666666666666666,False,
Data_for_model/images/Control1_15_hrs_PE_3.tif,53,4.950582510598878e-07,False,NotDead,Stressed,0.42,0.3433333333333333,0.23666666666666666,0.42,True,uncertain_morphology; 
Data_for_model/images/Control1_15_hrs_PE_3.tif,55,8.857035254106194e-07,False,NotDead,Crenated,0.7633333333333333,0.7633333333333333,0.016666666666666666,0.22,False,
Data_for_model/images/Control1_15_hrs_PE_3.tif,56,1.8776618533333789e-06,False,NotDead,Healthy,1.0,0.0,1.0,0.0,False,
Data_for_model/images/Control1_15_hrs_PE_3.tif,60,0.9999990952126235,False,Dead,Dead,,,,,False,
Data_for_model/images/Control1_15_hrs_PE_3.tif,64,0.99999930453663,False,Dead,Dead,,,,,False,
Data_for_model/images/Control1_15_hrs_PE_3.tif,65,0.9999898686621944,False,Dead,Dead,,,,,False,
Data_for_model/images/Control1_15_hrs_PE_3.tif,66,0.9999965547944296,False,Dead,Dead,,,,,False,
Data_for_model/images/Control1_15_hrs_PE_4.tif,4,0.9688884462347646,False,Dead,Dead,,,,,False,
Data_for_model/images/Control1_15_hrs_PE_4.tif,6,7.319817265649675e-07,False,NotDead,Healthy,0.8666666666666667,0.013333333333333334,0.8666666666666667,0.12,False,
Data_for_model/images/Control1_15_hrs_PE_4.tif,7,3.4215565491990674e-07,False,NotDead,Healthy,0.9033333333333333,0.01,0.9033333333333333,0.08666666666666667,False,
Data_for_model/images/Control1_15_hrs_PE_4.tif,8,0.0004142459103860796,False,NotDead,Healthy,0.9866666666666667,0.0033333333333333335,0.9866666666666667,0.01,False,
Data_for_model/images/Control1_15_hrs_PE_4.tif,11,1.7373755047955797e-06,False,NotDead,Healthy,0.99,0.006666666666666667,0.99,0.0033333333333333335,False,
Data_for_model/images/Control1_15_hrs_PE_4.tif,16,3.8816134650954126e-07,False,NotDead,Healthy,0.9933333333333333,0.0033333333333333335,0.9933333333333333,0.0033333333333333335,False,
Data_for_model/images/Control1_15_hrs_PE_4.tif,17,5.620269486472651e-07,False,NotDead,Healthy,1.0,0.0,1.0,0.0,False,
Data_for_model/images/Control1_15_hrs_PE_4.tif,18,0.00010739237092483034,False,NotDead,Healthy,0.9966666666666667,0.0,0.9966666666666667,0.0033333333333333335,False,
Data_for_model/images/Control1_15_hrs_PE_4.tif,19,6.07955034426233e-07,False,NotDead,Healthy,1.0,0.0,1.0,0.0,False,
Data_for_model/images/Control1_15_hrs_PE_4.tif,20,0.00012497837529268363,False,NotDead,Healthy,0.9933333333333333,0.0,0.9933333333333333,0.006666666666666667,False,
Data_for_model/images/Control1_15_hrs_PE_4.tif,22,6.405298945688642e-07,False,NotDead,Healthy,0.98,0.006666666666666667,0.98,0.013333333333333334,False,
Data_for_model/images/Control1_15_hrs_PE_4.tif,24,6.573721895719586e-07,False,NotDead,Healthy,0.9933333333333333,0.0,0.9933333333333333,0.006666666666666667,False,
Data_for_model/images/Control1_15_hrs_PE_4.tif,26,6.201217157553174e-07,False,NotDead,Healthy,0.95,0.0033333333333333335,0.95,0.04666666666666667,False,
Data_for_model/images/Control1_15_hrs_PE_4.tif,27,1.1829048354172755e-05,False,NotDead,Healthy,0.8833333333333333,0.013333333333333334,0.8833333333333333,0.10333333333333333,False,
Data_for_model/images/Control1_15_hrs_PE_4.tif,28,1.2473568822279901e-06,False,NotDead,Healthy,0.64,0.04666666666666667,0.64,0.31333333333333335,False,
Data_for_model/images/Control1_15_hrs_PE_4.tif,30,7.345607679898336e-07,False,NotDead,Healthy,1.0,0.0,1.0,0.0,False,
Data_for_model/images/Control1_15_hrs_PE_4.tif,32,7.787094888911383e-07,False,NotDead,Healthy,0.9633333333333334,0.0,0.9633333333333334,0.03666666666666667,False,
Data_for_model/images/Control1_15_hrs_PE_4.tif,35,1.682728387408794e-06,False,NotDead,Healthy,0.9933333333333333,0.006666666666666667,0.9933333333333333,0.0,False,
Data_for_model/images/Control1_15_hrs_PE_4.tif,37,3.1053876103914746e-07,False,NotDead,Healthy,0.9033333333333333,0.013333333333333334,0.9033333333333333,0.08333333333333333,False,
Data_for_model/images/Control1_15_hrs_PE_4.tif,38,0.0002992975576537882,False,NotDead,Healthy,0.91,0.023333333333333334,0.91,0.06666666666666667,False,
Data_for_model/images/Control1_15_hrs_PE_4.tif,39,1.7704340496971227e-06,False,NotDead,Healthy,0.99,0.0,0.99,0.01,False,
Data_for_model/images/Control1_15_hrs_PE_4.tif,40,5.306709008889854e-07,False,NotDead,Healthy,1.0,0.0,1.0,0.0,False,
Data_for_model/images/Control1_15_hrs_PE_4.tif,41,6.173688725796822e-07,False,NotDead,Healthy,0.8133333333333334,0.03,0.8133333333333334,0.15666666666666668,False,
Data_for_model/images/Control1_15_hrs_PE_4.tif,42,1.0655430445760672e-06,False,NotDead,Healthy,1.0,0.0,1.0,0.0,False,
Data_for_model/images/Control1_15_hrs_PE_4.tif,44,6.622262960220837e-07,False,NotDead,Healthy,0.96,0.0,0.96,0.04,False,
Data_for_model/images/Control1_15_hrs_PE_4.tif,45,3.7561584187439934e-07,False,NotDead,Healthy,0.92,0.023333333333333334,0.92,0.056666666666666664,False,
Data_for_model/images/Control1_15_hrs_PE_4.tif,47,3.5402498432812735e-07,False,NotDead,Healthy,0.8,0.03666666666666667,0.8,0.16333333333333333,False,
Data_for_model/images/Control1_15_hrs_PE_4.tif,48,0.999246875872871,False,Dead,Dead,,,,,False,
Data_for_model/images/Control1_15_hrs_PE_4.tif,49,9.585981246296171e-05,False,NotDead,Stressed,0.53,0.17333333333333334,0.2966666666666667,0.53,True,uncertain_morphology; 
Data_for_model/images/Control1_15_hrs_PE_4.tif,50,6.21060621153191e-07,False,NotDead,Healthy,0.91,0.0,0.91,0.09,False,
Data_for_model/images/Control1_15_hrs_PE_4.tif,51,7.643659781786383e-07,False,NotDead,Stressed,0.5033333333333333,0.25333333333333335,0.24333333333333335,0.5033333333333333,True,uncertain_morphology; 
Data_for_model/images/Control1_15_hrs_PE_4.tif,52,3.434787775313808e-07,False,NotDead,Healthy,0.9866666666666667,0.0,0.9866666666666667,0.013333333333333334,False,
Data_for_model/images/Control1_15_hrs_PE_4.tif,53,0.00019285415292547015,False,NotDead,Healthy,0.9866666666666667,0.0,0.9866666666666667,0.013333333333333334,False,
Data_for_model/images/Control1_15_hrs_PE_4.tif,54,1.91079496680846e-06,False,NotDead,Healthy,0.9966666666666667,0.0033333333333333335,0.9966666666666667,0.0,False,
Data_for_model/images/Control1_15_hrs_PE_4.tif,56,0.9999961980378078,False,Dead,Dead,,,,,False,
Data_for_model/images/Control1_15_hrs_PE_4.tif,57,0.9999991340221156,False,Dead,Dead,,,,,False,
Data_for_model/images/Control1_15_hrs_PE_4.tif,58,0.9999990637071838,False,Dead,Dead,,,,,False,
Data_for_model/images/Control1_15_hrs_PE_4.tif,59,0.9999987418143976,False,Dead,Dead,,,,,False,
Data_for_model/images/Control1_15_hrs_PE_4.tif,60,0.999998940754324,False,Dead,Dead,,,,,False,
Data_for_model/images/Control1_15_hrs_PE_4.tif,66,0.9999991254678774,False,Dead,Dead,,,,,False,
Data_for_model/images/Control1_15_hrs_PE_4.tif,67,0.9999987827266983,False,Dead,Dead,,,,,False,
Data_for_model/images/Control1_15_hrs_PE_4.tif,69,0.99999831827988,False,Dead,Dead,,,,,False,
Data_for_model/images/Control1_15_hrs_PE_4.tif,71,0.9999990308455244,False,Dead,Dead,,,,,False,
Data_for_model/images/Control2_15_hrs_PE_1.tif,1,2.225102178843308e-06,False,NotDead,Healthy,0.89,0.006666666666666667,0.89,0.10333333333333333,False,
Data_for_model/images/Control2_15_hrs_PE_1.tif,3,6.343254970175849e-07,False,NotDead,Healthy,0.66,0.06,0.66,0.28,False,
Data_for_model/images/Control2_15_hrs_PE_1.tif,5,2.304762017013573e-06,False,NotDead,Healthy,0.97,0.0033333333333333335,0.97,0.02666666666666667,False,
Data_for_model/images/Control2_15_hrs_PE_1.tif,6,7.821667606933147e-07,False,NotDead,Healthy,0.98,0.0,0.98,0.02,False,
Data_for_model/images/Control2_15_hrs_PE_1.tif,7,2.3758507280424723e-06,False,NotDead,Healthy,0.9866666666666667,0.0,0.9866666666666667,0.013333333333333334,False,
Data_for_model/images/Control2_15_hrs_PE_1.tif,8,5.947693479946281e-07,False,NotDead,Healthy,0.98,0.0,0.98,0.02,False,
Data_for_model/images/Control2_15_hrs_PE_1.tif,10,3.3502869344337327e-06,False,NotDead,Healthy,0.8733333333333333,0.05333333333333334,0.8733333333333333,0.07333333333333333,False,
Data_for_model/images/Control2_15_hrs_PE_1.tif,14,1.0299874079189308e-05,False,NotDead,Healthy,1.0,0.0,1.0,0.0,False,
Data_for_model/images/Control2_15_hrs_PE_1.tif,16,3.2218648027271257e-07,False,NotDead,Healthy,1.0,0.0,1.0,0.0,False,
Data_for_model/images/Control2_15_hrs_PE_1.tif,20,2.9898316264986846e-06,False,NotDead,Healthy,0.86,0.02666666666666667,0.86,0.11333333333333333,False,
Data_for_model/images/Control2_15_hrs_PE_1.tif,22,2.0697679101733257e-06,False,NotDead,Healthy,0.97,0.006666666666666667,0.97,0.023333333333333334,False,
Data_for_model/images/Control2_15_hrs_PE_1.tif,25,1.9486439886140516e-06,False,NotDead,Healthy,1.0,0.0,1.0,0.0,False,
Data_for_model/images/Control2_15_hrs_PE_1.tif,26,3.5357835295179996e-06,False,NotDead,Healthy,0.7066666666666667,0.10666666666666667,0.7066666666666667,0.18666666666666668,False,
Data_for_model/images/Control2_15_hrs_PE_1.tif,27,5.474004104444319e-07,False,NotDead,Healthy,0.9966666666666667,0.0,0.9966666666666667,0.0033333333333333335,False,
Data_for_model/images/Control2_15_hrs_PE_1.tif,28,2.3062100529269713e-06,False,NotDead,Healthy,0.9533333333333334,0.013333333333333334,0.9533333333333334,0.03333333333333333,False,
Data_for_model/images/Control2_15_hrs_PE_1.tif,30,6.123617619646637e-07,False,NotDead,Healthy,0.8166666666666667,0.006666666666666667,0.8166666666666667,0.17666666666666667,False,
Data_for_model/images/Control2_15_hrs_PE_1.tif,31,3.315227732336723e-07,False,NotDead,Healthy,0.92,0.0033333333333333335,0.92,0.07666666666666666,False,
Data_for_model/images/Control2_15_hrs_PE_1.tif,32,4.481949543444497e-05,False,NotDead,Healthy,0.9733333333333334,0.01,0.9733333333333334,0.016666666666666666,False,
Data_for_model/images/Control2_15_hrs_PE_1.tif,33,1.503864587804049e-05,False,NotDead,Healthy,1.0,0.0,1.0,0.0,False,
Data_for_model/images/Control2_15_hrs_PE_1.tif,36,3.658615225976547e-05,False,NotDead,Healthy,1.0,0.0,1.0,0.0,False,
Data_for_model/images/Control2_15_hrs_PE_1.tif,39,2.485840170485254e-06,False,NotDead,Healthy,0.9566666666666667,0.0,0.9566666666666667,0.043333333333333335,False,
Data_for_model/images/Control2_15_hrs_PE_1.tif,40,3.130472555623598e-07,False,NotDead,Healthy,0.51,0.13,0.51,0.36,True,uncertain_morphology; 
Data_for_model/images/Control2_15_hrs_PE_1.tif,41,2.0862743210781076e-06,False,NotDead,Healthy,1.0,0.0,1.0,0.0,False,
Data_for_model/images/Control2_15_hrs_PE_1.tif,42,3.837295313968703e-05,False,NotDead,Healthy,1.0,0.0,1.0,0.0,False,
Data_for_model/images/Control2_15_hrs_PE_1.tif,43,1.1529097667661858e-06,False,NotDead,Healthy,0.99,0.0,0.99,0.01,False,
Data_for_model/images/Control2_15_hrs_PE_1.tif,44,3.6231441802314635e-07,False,NotDead,Healthy,0.9866666666666667,0.0,0.9866666666666667,0.013333333333333334,False,
Data_for_model/images/Control2_15_hrs_PE_1.tif,46,2.0154864147636786e-06,False,NotDead,Healthy,1.0,0.0,1.0,0.0,False,
Data_for_model/images/Control2_15_hrs_PE_1.tif,47,2.04622465260762e-06,False,NotDead,Healthy,1.0,0.0,1.0,0.0,False,
Data_for_model/images/Control2_15_hrs_PE_1.tif,49,2.064133196477691e-06,False,NotDead,Healthy,1.0,0.0,1.0,0.0,False,
Data_for_model/images/Control2_15_hrs_PE_1.tif,50,0.9695347202999954,False,Dead,Dead,,,,,False,
Data_for_model/images/Control2_15_hrs_PE_1.tif,51,3.58739414085818e-06,False,NotDead,Healthy,0.9833333333333333,0.0,0.9833333333333333,0.016666666666666666,False,
Data_for_model/images/Control2_15_hrs_PE_1.tif,52,2.2263568215663554e-06,False,NotDead,Healthy,0.9466666666666667,0.0033333333333333335,0.9466666666666667,0.05,False,
Data_for_model/images/Control2_15_hrs_PE_1.tif,53,3.407555688728081e-07,False,NotDead,Healthy,0.8366666666666667,0.013333333333333334,0.8366666666666667,0.15,False,
Data_for_model/images/Control2_15_hrs_PE_1.tif,55,1.86689517833738e-06,False,NotDead,Healthy,1.0,0.0,1.0,0.0,False,
Data_for_model/images/Control2_15_hrs_PE_1.tif,56,5.985452610213216e-07,False,NotDead,Healthy,1.0,0.0,1.0,0.0,False,
Data_for_model/images/Control2_15_hrs_PE_1.tif,57,0.00014609653378805376,False,NotDead,Healthy,0.99,0.006666666666666667,0.99,0.0033333333333333335,False,
Data_for_model/images/Control2_15_hrs_PE_1.tif,59,1.0871680408475193e-05,False,NotDead,Healthy,0.99,0.0,0.99,0.01,False,
Data_for_model/images/Control2_15_hrs_PE_1.tif,60,0.7899421156383883,True,NotDead,Healthy,1.0,0.0,1.0,0.0,False,
Data_for_model/images/Control2_15_hrs_PE_1.tif,61,5.585235455907167e-06,False,NotDead,Healthy,0.99,0.0,0.99,0.01,False,
Data_for_model/images/Control2_15_hrs_PE_1.tif,62,0.011479054963021817,False,NotDead,Healthy,1.0,0.0,1.0,0.0,False,
Data_for_model/images/Control2_15_hrs_PE_1.tif,64,7.306249052430047e-07,False,NotDead,Healthy,0.6033333333333334,0.08,0.6033333333333334,0.31666666666666665,False,
Data_for_model/images/Control2_15_hrs_PE_1.tif,71,0.9999991384077734,False,Dead,Dead,,,,,False,
Data_for_model/images/Control2_15_hrs_PE_1.tif,75,0.9999987530395422,False,Dead,Dead,,,,,False,
Data_for_model/images/Control2_15_hrs_PE_1.tif,78,0.9999989310011039,False,Dead,Dead,,,,,False,
Data_for_model/images/Control2_15_hrs_PE_2.tif,1,6.0254456361041875e-06,False,NotDead,Healthy,0.9166666666666666,0.0033333333333333335,0.9166666666666666,0.08,False,
Data_for_model/images/Control2_15_hrs_PE_2.tif,2,3.131008042833727e-07,False,NotDead,Healthy,0.99,0.006666666666666667,0.99,0.0033333333333333335,False,
Data_for_model/images/Control2_15_hrs_PE_2.tif,3,6.336625043568134e-07,False,NotDead,Healthy,0.7533333333333333,0.016666666666666666,0.7533333333333333,0.23,False,
Data_for_model/images/Control2_15_hrs_PE_2.tif,5,2.0934087480162233e-06,False,NotDead,Healthy,1.0,0.0,1.0,0.0,False,
Data_for_model/images/Control2_15_hrs_PE_2.tif,7,1.028494772015165e-06,False,NotDead,Healthy,1.0,0.0,1.0,0.0,False,
Data_for_model/images/Control2_15_hrs_PE_2.tif,10,6.359194477667529e-07,False,NotDead,Healthy,0.9633333333333334,0.01,0.9633333333333334,0.02666666666666667,False,
Data_for_model/images/Control2_15_hrs_PE_2.tif,11,1.0796834288839818e-06,False,NotDead,Healthy,0.9966666666666667,0.0,0.9966666666666667,0.0033333333333333335,False,
Data_for_model/images/Control2_15_hrs_PE_2.tif,15,6.691981435658079e-07,False,NotDead,Healthy,0.9966666666666667,0.0,0.9966666666666667,0.0033333333333333335,False,
Data_for_model/images/Control2_15_hrs_PE_2.tif,16,6.051269563212003e-07,False,NotDead,Stressed,0.49,0.18333333333333332,0.32666666666666666,0.49,True,uncertain_morphology; 
Data_for_model/images/Control2_15_hrs_PE_2.tif,18,6.576518789547237e-07,False,NotDead,Healthy,0.9733333333333334,0.0,0.9733333333333334,0.02666666666666667,False,
Data_for_model/images/Control2_15_hrs_PE_2.tif,20,1.0369178274904911e-06,False,NotDead,Healthy,0.9966666666666667,0.0,0.9966666666666667,0.0033333333333333335,False,
Data_for_model/images/Control2_15_hrs_PE_2.tif,21,7.816339632205072e-07,False,NotDead,Healthy,0.9133333333333333,0.013333333333333334,0.9133333333333333,0.07333333333333333,False,
Data_for_model/images/Control2_15_hrs_PE_2.tif,22,3.577049378100661e-05,False,NotDead,Healthy,0.9966666666666667,0.0,0.9966666666666667,0.0033333333333333335,False,
Data_for_model/images/Control2_15_hrs_PE_2.tif,23,6.439839900229671e-07,False,NotDead,Healthy,0.8766666666666667,0.016666666666666666,0.8766666666666667,0.10666666666666667,False,
Data_for_model/images/Control2_15_hrs_PE_2.tif,26,6.10236505771411e-07,False,NotDead,Healthy,0.9966666666666667,0.0,0.9966666666666667,0.0033333333333333335,False,
Data_for_model/images/Control2_15_hrs_PE_2.tif,27,3.3166930102357384e-07,False,NotDead,Healthy,0.9933333333333333,0.0,0.9933333333333333,0.006666666666666667,False,
Data_for_model/images/Control2_15_hrs_PE_2.tif,28,6.349150353246458e-07,False,NotDead,Healthy,0.8333333333333334,0.023333333333333334,0.8333333333333334,0.14333333333333334,False,
Data_for_model/images/Control2_15_hrs_PE_2.tif,29,3.1530975974636277e-07,False,NotDead,Healthy,0.88,0.006666666666666667,0.88,0.11333333333333333,False,
Data_for_model/images/Control2_15_hrs_PE_2.tif,30,3.339070089314333e-07,False,NotDead,Healthy,0.9733333333333334,0.0,0.9733333333333334,0.02666666666666667,False,
Data_for_model/images/Control2_15_hrs_PE_2.tif,31,2.0560667556290824e-06,False,NotDead,Healthy,0.9966666666666667,0.0,0.9966666666666667,0.0033333333333333335,False,
Data_for_model/images/Control2_15_hrs_PE_2.tif,33,2.117714666849402e-06,False,NotDead,Healthy,0.9733333333333334,0.006666666666666667,0.9733333333333334,0.02,False,
Data_for_model/images/Control2_15_hrs_PE_2.tif,34,1.1725478614055262e-05,False,NotDead,Healthy,0.9933333333333333,0.0,0.9933333333333333,0.006666666666666667,False,
Data_for_model/images/Control2_15_hrs_PE_2.tif,36,2.178220424697841e-06,False,NotDead,Healthy,1.0,0.0,1.0,0.0,False,
Data_for_model/images/Control2_15_hrs_PE_2.tif,37,1.1618151615988559e-05,False,NotDead,Healthy,0.9,0.006666666666666667,0.9,0.09333333333333334,False,
Data_for_model/images/Control2_15_hrs_PE_2.tif,38,3.4745046596507123e-06,False,NotDead,Healthy,0.99,0.0,0.99,0.01,False,
Data_for_model/images/Control2_15_hrs_PE_2.tif,41,4.642731650295051e-05,False,NotDead,Healthy,0.9533333333333334,0.01,0.9533333333333334,0.03666666666666667,False,
Data_for_model/images/Control2_15_hrs_PE_2.tif,42,2.0093947847854565e-06,False,NotDead,Healthy,0.99,0.0,0.99,0.01,False,
Data_for_model/images/Control2_15_hrs_PE_2.tif,44,6.689020901617937e-07,False,NotDead,Healthy,0.8833333333333333,0.016666666666666666,0.8833333333333333,0.1,False,
Data_for_model/images/Control2_15_hrs_PE_2.tif,45,7.641203346731018e-07,False,NotDead,Healthy,0.98,0.006666666666666667,0.98,0.013333333333333334,False,
Data_for_model/images/Control2_15_hrs_PE_2.tif,47,2.09008618368145e-06,False,NotDead,Healthy,0.9966666666666667,0.0,0.9966666666666667,0.0033333333333333335,False,
Data_for_model/images/Control2_15_hrs_PE_2.tif,49,1.090297404438001e-05,False,NotDead,Healthy,0.9966666666666667,0.0,0.9966666666666667,0.0033333333333333335,False,
Data_for_model/images/Control2_15_hrs_PE_2.tif,50,0.005721938048431796,False,NotDead,Healthy,0.8666666666666667,0.043333333333333335,0.8666666666666667,0.09,False,
Data_for_model/images/Control2_15_hrs_PE_2.tif,53,3.4418337147013034e-07,False,NotDead,Healthy,0.5966666666666667,0.09,0.5966666666666667,0.31333333333333335,True,uncertain_morphology; 
Data_for_model/images/Control2_15_hrs_PE_2.tif,55,0.001116818350637483,False,NotDead,Healthy,0.9966666666666667,0.0,0.9966666666666667,0.0033333333333333335,False,
Data_for_model/images/Control2_15_hrs_PE_2.tif,56,6.738331159716893e-07,False,NotDead,Healthy,0.92,0.023333333333333334,0.92,0.056666666666666664,False,
Data_for_model/images/Control2_15_hrs_PE_2.tif,58,0.000379418483183791,False,NotDead,Healthy,0.9733333333333334,0.006666666666666667,0.9733333333333334,0.02,False,
Data_for_model/images/Control2_15_hrs_PE_2.tif,59,1.9597292372219854e-06,False,NotDead,Healthy,0.9966666666666667,0.0,0.9966666666666667,0.0033333333333333335,False,
Data_for_model/images/Control2_15_hrs_PE_2.tif,61,0.999994514831868,False,Dead,Dead,,,,,False,
Data_for_model/images/Control2_15_hrs_PE_2.tif,62,0.9999936534689637,False,Dead,Dead,,,,,False,
Data_for_model/images/Control2_15_hrs_PE_2.tif,63,0.3335019058017239,False,NotDead,Healthy,0.9866666666666667,0.0,0.9866666666666667,0.013333333333333334,False,
Data_for_model/images/Control2_15_hrs_PE_2.tif,66,0.9999955592627374,False,Dead,Dead,,,,,False,
Data_for_model/images/Control2_15_hrs_PE_2.tif,70,0.9999933796447804,False,Dead,Dead,,,,,False,
Data_for_model/images/Control2_15_hrs_PE_2.tif,71,0.9444211004597736,False,Dead,Dead,,,,,False,
Data_for_model/images/Control2_15_hrs_PE_2.tif,72,0.9999991240627469,False,Dead,Dead,,,,,False,
Data_for_model/images/Control2_15_hrs_PE_2.tif,74,0.9999991653943114,False,Dead,Dead,,,,,False,
Data_for_model/images/Control2_15_hrs_PE_2.tif,75,0.9999990387752375,False,Dead,Dead,,,,,False,
Data_for_model/images/Control2_15_hrs_PE_2.tif,76,0.9999986870789062,False,Dead,Dead,,,,,False,
Data_for_model/images/Control2_15_hrs_PE_2.tif,80,0.9999990334743032,False,Dead,Dead,,,,,False,
Data_for_model/images/Control2_15_hrs_PE_3.tif,1,4.878706465039073e-06,False,NotDead,Healthy,0.7566666666666667,0.05,0.7566666666666667,0.19333333333333333,False,
Data_for_model/images/Control2_15_hrs_PE_3.tif,2,2.8819317321460147e-06,False,NotDead,Healthy,0.96,0.0,0.96,0.04,False,
Data_for_model/images/Control2_15_hrs_PE_3.tif,3,4.0301579706802926e-07,False,NotDead,Healthy,0.9966666666666667,0.0,0.9966666666666667,0.0033333333333333335,False,
Data_for_model/images/Control2_15_hrs_PE_3.tif,6,8.370637437637996e-07,False,NotDead,Healthy,0.8933333333333333,0.023333333333333334,0.8933333333333333,0.08333333333333333,False,
Data_for_model/images/Control2_15_hrs_PE_3.tif,8,0.9999965112557246,False,Dead,Dead,,,,,False,
Data_for_model/images/Control2_15_hrs_PE_3.tif,9,3.9611950930495965e-07,False,NotDead,Healthy,0.8833333333333333,0.0,0.8833333333333333,0.11666666666666667,False,
Data_for_model/images/Control2_15_hrs_PE_3.tif,10,4.711616792274498e-07,False,NotDead,Stressed,0.4766666666666667,0.44,0.08333333333333333,0.4766666666666667,True,uncertain_morphology; 
Data_for_model/images/Control2_15_hrs_PE_3.tif,13,2.5819126575621354e-06,False,NotDead,Healthy,0.99,0.0033333333333333335,0.99,0.006666666666666667,False,
Data_for_model/images/Control2_15_hrs_PE_3.tif,14,1.2610981360294815e-06,False,NotDead,Healthy,1.0,0.0,1.0,0.0,False,
Data_for_model/images/Control2_15_hrs_PE_3.tif,16,4.145666803179182e-07,False,NotDead,Healthy,1.0,0.0,1.0,0.0,False,
Data_for_model/images/Control2_15_hrs_PE_3.tif,18,8.193823133662015e-06,False,NotDead,Healthy,0.9866666666666667,0.0033333333333333335,0.9866666666666667,0.01,False,
Data_for_model/images/Control2_15_hrs_PE_3.tif,20,2.0696180179635704e-06,False,NotDead,Healthy,0.9966666666666667,0.0,0.9966666666666667,0.0033333333333333335,False,
Data_for_model/images/Control2_15_hrs_PE_3.tif,21,0.999995575713865,False,Dead,Dead,,,,,False,
Data_for_model/images/Control2_15_hrs_PE_3.tif,23,3.949765735589139e-07,False,NotDead,Healthy,0.8466666666666667,0.0033333333333333335,0.8466666666666667,0.15,False,
Data_for_model/images/Control2_15_hrs_PE_3.tif,26,7.830731133529056e-07,False,NotDead,Healthy,1.0,0.0,1.0,0.0,False,
Data_for_model/images/Control2_15_hrs_PE_3.tif,27,1.3184751821326834e-05,False,NotDead,Healthy,1.0,0.0,1.0,0.0,False,
Data_for_model/images/Control2_15_hrs_PE_3.tif,30,2.8513973030497297e-06,False,NotDead,Healthy,0.98,0.0,0.98,0.02,False,
Data_for_model/images/Control2_15_hrs_PE_3.tif,31,2.3141554924555052e-06,False,NotDead,Healthy,0.9933333333333333,0.0,0.9933333333333333,0.006666666666666667,False,
Data_for_model/images/Control2_15_hrs_PE_3.tif,33,5.146026841018614e-05,False,NotDead,Healthy,0.63,0.16333333333333333,0.63,0.20666666666666667,False,
Data_for_model/images/Control2_15_hrs_PE_3.tif,34,0.9999972501420011,False,Dead,Dead,,,,,False,
Data_for_model/images/Control2_15_hrs_PE_3.tif,35,4.1440540876624965e-07,False,NotDead,Healthy,0.9933333333333333,0.0,0.9933333333333333,0.006666666666666667,False,
Data_for_model/images/Control2_15_hrs_PE_3.tif,38,1.1811519632032308e-05,False,NotDead,Healthy,1.0,0.0,1.0,0.0,False,
Data_for_model/images/Control2_15_hrs_PE_3.tif,39,2.7385937998447574e-06,False,NotDead,Healthy,0.98,0.006666666666666667,0.98,0.013333333333333334,False,
Data_for_model/images/Control2_15_hrs_PE_3.tif,42,2.3826624090395043e-06,False,NotDead,Healthy,0.98,0.0,0.98,0.02,False,
Data_for_model/images/Control2_15_hrs_PE_3.tif,45,8.575397723031841e-07,False,NotDead,Stressed,0.5966666666666667,0.21666666666666667,0.18666666666666668,0.5966666666666667,True,uncertain_morphology; 
Data_for_model/images/Control2_15_hrs_PE_3.tif,46,1.201549280671621e-05,False,NotDead,Healthy,0.9533333333333334,0.0033333333333333335,0.9533333333333334,0.043333333333333335,False,
Data_for_model/images/Control2_15_hrs_PE_3.tif,48,1.8408532983849035e-05,False,NotDead,Healthy,0.9966666666666667,0.0,0.9966666666666667,0.0033333333333333335,False,
Data_for_model/images/Control2_15_hrs_PE_3.tif,49,1.2681095545863386e-06,False,NotDead,Stressed,0.48333333333333334,0.48,0.03666666666666667,0.48333333333333334,True,uncertain_morphology; 
Data_for_model/images/Control2_15_hrs_PE_3.tif,53,0.9999992727296522,False,Dead,Dead,,,,,False,
Data_for_model/images/Control2_15_hrs_PE_3.tif,54,0.9999965438079038,False,Dead,Dead,,,,,False,
Data_for_model/images/Control2_15_hrs_PE_3.tif,55,0.9999980549851124,False,Dead,Dead,,,,,False,
Data_for_model/images/Control2_15_hrs_PE_3.tif,56,0.9999991046279092,False,Dead,Dead,,,,,False,
Data_for_model/images/Control2_15_hrs_PE_3.tif,57,0.9999974688132889,False,Dead,Dead,,,,,False,
Data_for_model/images/Control2_15_hrs_PE_3.tif,58,0.9999992479288643,False,Dead,Dead,,,,,False,
Data_for_model/images/Control2_15_hrs_PE_3.tif,59,0.9999993632502132,False,Dead,Dead,,,,,False,
Data_for_model/images/Control2_15_hrs_PE_3.tif,61,0.9999021190566575,False,Dead,Dead,,,,,False,
Data_for_model/images/Control2_15_hrs_PE_3.tif,62,0.9999989608441182,False,Dead,Dead,,,,,False,
Data_for_model/images/Control2_15_hrs_PE_3.tif,64,0.9999991685018002,False,Dead,Dead,,,,,False,
Data_for_model/images/Control2_15_hrs_PE_3.tif,67,0.9999988439660453,False,Dead,Dead,,,,,False,
Data_for_model/images/Control2_15_hrs_PE_3.tif,68,0.9999985474464047,False,Dead,Dead,,,,,False,
Data_for_model/images/Crenated_1.tif,4,3.6620229360018186e-07,False,NotDead,Stressed,0.48333333333333334,0.05,0.4666666666666667,0.48333333333333334,True,uncertain_morphology; 
Data_for_model/images/Crenated_1.tif,7,3.7515077289107523e-07,False,NotDead,Stressed,0.68,0.29333333333333333,0.02666666666666667,0.68,False,
Data_for_model/images/Crenated_1.tif,8,3.776200170335642e-07,False,NotDead,Stressed,0.91,0.013333333333333334,0.07666666666666666,0.91,False,
Data_for_model/images/Crenated_1.tif,9,7.177963919913211e-07,False,NotDead,Stressed,0.84,0.006666666666666667,0.15333333333333332,0.84,False,
Data_for_model/images/Crenated_1.tif,10,3.6201032993510296e-07,False,NotDead,Healthy,0.7033333333333334,0.006666666666666667,0.7033333333333334,0.29,False,
Data_for_model/images/Crenated_1.tif,15,6.37755300791909e-07,False,NotDead,Stressed,0.8566666666666667,0.06,0.08333333333333333,0.8566666666666667,False,
Data_for_model/images/Crenated_1.tif,16,1.0471497019493015e-06,False,NotDead,Crenated,0.51,0.51,0.09333333333333334,0.39666666666666667,True,uncertain_morphology; 
Data_for_model/images/Crenated_1.tif,17,3.434489319609213e-07,False,NotDead,Stressed,0.6233333333333333,0.006666666666666667,0.37,0.6233333333333333,False,
Data_for_model/images/Crenated_1.tif,18,7.175702165795883e-07,False,NotDead,Healthy,0.4866666666666667,0.02666666666666667,0.4866666666666667,0.4866666666666667,True,uncertain_morphology; 
Data_for_model/images/Crenated_1.tif,19,3.776200170335642e-07,False,NotDead,Stressed,0.6966666666666667,0.23333333333333334,0.07,0.6966666666666667,False,
Data_for_model/images/Crenated_1.tif,20,3.9952354113914623e-07,False,NotDead,Stressed,0.7166666666666667,0.22666666666666666,0.056666666666666664,0.7166666666666667,False,
Data_for_model/images/Crenated_1.tif,21,6.271765119469919e-07,False,NotDead,Stressed,0.6266666666666667,0.06,0.31333333333333335,0.6266666666666667,False,
Data_for_model/images/Crenated_1.tif,23,7.330709417274761e-07,False,NotDead,Stressed,0.95,0.023333333333333334,0.02666666666666667,0.95,False,
Data_for_model/images/Crenated_1.tif,24,2.2154948141617226e-06,False,NotDead,Healthy,0.6433333333333333,0.043333333333333335,0.6433333333333333,0.31333333333333335,False,
Data_for_model/images/Crenated_1.tif,25,3.7421377341306794e-07,False,NotDead,Crenated,0.68,0.68,0.006666666666666667,0.31333333333333335,False,
Data_for_model/images/Crenated_1.tif,26,4.083127835841083e-07,False,NotDead,Crenated,0.88,0.88,0.016666666666666666,0.10333333333333333,False,
Data_for_model/images/Crenated_1.tif,29,3.802107315653558e-07,False,NotDead,Crenated,1.0,1.0,0.0,0.0,False,
Data_for_model/images/Crenated_1.tif,30,3.776200170335642e-07,False,NotDead,Crenated,0.87,0.87,0.02666666666666667,0.10333333333333333,False,
Data_for_model/images/Crenated_1.tif,32,7.363273186733466e-07,False,NotDead,Stressed,0.6766666666666666,0.30666666666666664,0.016666666666666666,0.6766666666666666,False,
Data_for_model/images/Crenated_1.tif,33,6.550518268921834e-07,False,NotDead,Stressed,0.5233333333333333,0.013333333333333334,0.4633333333333333,0.5233333333333333,True,uncertain_morphology; 
Data_for_model/images/Crenated_1.tif,37,6.64230864089177e-07,False,NotDead,Healthy,0.7266666666666667,0.013333333333333334,0.7266666666666667,0.26,False,
Data_for_model/images/Crenated_1.tif,39,3.277219663422315e-07,False,NotDead,Stressed,0.9633333333333334,0.016666666666666666,0.02,0.9633333333333334,False,
Data_for_model/images/Crenated_1.tif,41,7.699436039843022e-07,False,NotDead,Crenated,0.64,0.64,0.0033333333333333335,0.3566666666666667,False,
Data_for_model/images/Crenated_1.tif,43,0.0002864793303040125,False,NotDead,Stressed,0.6566666666666666,0.13333333333333333,0.21,0.6566666666666666,False,
Data_for_model/images/Crenated_1.tif,44,3.864201413295021e-07,False,NotDead,Stressed,0.75,0.09666666666666666,0.15333333333333332,0.75,False,
Data_for_model/images/Crenated_1.tif,45,3.186037131897024e-07,False,NotDead,Healthy,0.53,0.016666666666666666,0.53,0.4533333333333333,True,uncertain_morphology; 
Data_for_model/images/Crenated_1.tif,47,6.953668233444787e-07,False,NotDead,Stressed,0.62,0.12666666666666668,0.25333333333333335,0.62,False,
Data_for_model/images/Crenated_1.tif,48,4.1184463639432067e-07,False,NotDead,Crenated,0.9166666666666666,0.9166666666666666,0.013333333333333334,0.07,False,
Data_for_model/images/Crenated_1.tif,55,3.833037961475938e-07,False,NotDead,Crenated,0.9933333333333333,0.9933333333333333,0.0,0.006666666666666667,False,
Data_for_model/images/Crenated_1.tif,57,3.924995772841555e-07,False,NotDead,Crenated,0.98,0.98,0.0,0.02,False,
Data_for_model/images/Crenated_1.tif,58,4.589203343119408e-06,False,NotDead,Crenated,0.7466666666666667,0.7466666666666667,0.013333333333333334,0.24,False,
Data_for_model/images/Crenated_1.tif,63,0.9999962858929877,False,Dead,Dead,,,,,False,
Data_for_model/images/Crenated_1.tif,64,7.783418664031316e-07,False,NotDead,Crenated,1.0,1.0,0.0,0.0,False,
Data_for_model/images/Crenated_1.tif,65,2.596726945247596e-06,False,NotDead,Crenated,0.85,0.85,0.0033333333333333335,0.14666666666666667,False,
Data_for_model/images/Crenated_1.tif,67,9.623165747596474e-07,False,NotDead,Crenated,0.9966666666666667,0.9966666666666667,0.0,0.0033333333333333335,False,
Data_for_model/images/Crenated_1.tif,68,2.5340301206155935e-05,False,NotDead,Crenated,0.99,0.99,0.0,0.01,False,
Data_for_model/images/Crenated_1.tif,69,1.1359241720576563e-06,False,NotDead,Crenated,1.0,1.0,0.0,0.0,False,
Data_for_model/images/Crenated_1.tif,70,8.91116626156041e-07,False,NotDead,Crenated,0.9466666666666667,0.9466666666666667,0.0,0.05333333333333334,False,
Data_for_model/images/Crenated_1.tif,72,7.079154979994229e-07,False,NotDead,Stressed,0.54,0.43666666666666665,0.023333333333333334,0.54,True,uncertain_morphology; 
Data_for_model/images/Crenated_1.tif,73,8.97901880714258e-06,False,NotDead,Crenated,0.62,0.62,0.02666666666666667,0.35333333333333333,False,
Data_for_model/images/Crenated_1.tif,145,0.945894424258624,False,Dead,Dead,,,,,False,
Data_for_model/images/Crenated_10.tif,4,3.7995176249694396e-07,False,NotDead,Stressed,0.9233333333333333,0.043333333333333335,0.03333333333333333,0.9233333333333333,False,
Data_for_model/images/Crenated_10.tif,6,3.284526404190302e-07,False,NotDead,Healthy,0.6633333333333333,0.01,0.6633333333333333,0.32666666666666666,False,
Data_for_model/images/Crenated_10.tif,7,3.4959732053696513e-07,False,NotDead,Healthy,0.9433333333333334,0.0,0.9433333333333334,0.056666666666666664,False,
Data_for_model/images/Crenated_10.tif,10,3.388009384153179e-07,False,NotDead,Healthy,0.8333333333333334,0.013333333333333334,0.8333333333333334,0.15333333333333332,False,
Data_for_model/images/Crenated_10.tif,12,7.523710493506641e-07,False,NotDead,Crenated,0.49666666666666665,0.49666666666666665,0.06333333333333334,0.44,True,uncertain_morphology; 
Data_for_model/images/Crenated_10.tif,14,3.5038274925902613e-07,False,NotDead,Healthy,0.66,0.0033333333333333335,0.66,0.33666666666666667,False,
Data_for_model/images/Crenated_10.tif,16,6.873721123401566e-07,False,NotDead,Stressed,0.7233333333333334,0.0033333333333333335,0.2733333333333333,0.7233333333333334,False,
Data_for_model/images/Crenated_10.tif,17,0.0004833984767529387,False,NotDead,Stressed,0.5666666666666667,0.07,0.36333333333333334,0.5666666666666667,True,uncertain_morphology; 
Data_for_model/images/Crenated_10.tif,19,3.3447173031220245e-07,False,NotDead,Stressed,0.8033333333333333,0.01,0.18666666666666668,0.8033333333333333,False,
Data_for_model/images/Crenated_10.tif,20,6.715547995472804e-07,False,NotDead,Healthy,0.74,0.07333333333333333,0.74,0.18666666666666668,False,
Data_for_model/images/Crenated_10.tif,21,2.4391950514957017e-06,False,NotDead,Stressed,0.5233333333333333,0.023333333333333334,0.4533333333333333,0.5233333333333333,True,uncertain_morphology; 
Data_for_model/images/Crenated_10.tif,22,1.2301674865544676e-05,False,NotDead,Crenated,0.9933333333333333,0.9933333333333333,0.0,0.006666666666666667,False,
Data_for_model/images/Crenated_10.tif,24,2.139940436740595e-06,False,NotDead,Stressed,0.48,0.24,0.28,0.48,True,uncertain_morphology; 
Data_for_model/images/Crenated_10.tif,25,2.7039476290235953e-06,False,NotDead,Healthy,0.6,0.07,0.6,0.33,False,
Data_for_model/images/Crenated_10.tif,28,3.5145195276253816e-07,False,NotDead,Crenated,0.6333333333333333,0.6333333333333333,0.01,0.3566666666666667,False,
Data_for_model/images/Crenated_10.tif,29,1.098820212264151e-06,False,NotDead,Stressed,0.9066666666666666,0.06666666666666667,0.02666666666666667,0.9066666666666666,False,
Data_for_model/images/Crenated_10.tif,30,8.335724640540221e-07,False,NotDead,Stressed,0.5933333333333334,0.08,0.32666666666666666,0.5933333333333334,True,uncertain_morphology; 
Data_for_model/images/Crenated_10.tif,31,4.610044268549274e-07,False,NotDead,Stressed,0.5366666666666666,0.4166666666666667,0.04666666666666667,0.5366666666666666,True,uncertain_morphology; 
Data_for_model/images/Crenated_10.tif,32,4.4717420066842095e-07,False,NotDead,Crenated,0.8633333333333333,0.8633333333333333,0.02666666666666667,0.11,False,
Data_for_model/images/Crenated_10.tif,34,6.632433651176939e-07,False,NotDead,Healthy,0.9233333333333333,0.01,0.9233333333333333,0.06666666666666667,False,
Data_for_model/images/Crenated_10.tif,35,4.081495410535041e-07,False,NotDead,Crenated,0.9966666666666667,0.9966666666666667,0.0033333333333333335,0.0,False,
Data_for_model/images/Crenated_10.tif,39,3.8666093338246554e-07,False,NotDead,Crenated,0.84,0.84,0.006666666666666667,0.15333333333333332,False,
Data_for_model/images/Crenated_10.tif,40,6.2826500226709214e-06,False,NotDead,Crenated,0.9766666666666667,0.9766666666666667,0.0,0.023333333333333334,False,
Data_for_model/images/Crenated_10.tif,41,2.438126532333662e-06,False,NotDead,Stressed,0.5566666666666666,0.03666666666666667,0.4066666666666667,0.5566666666666666,True,uncertain_morphology; 
Data_for_model/images/Crenated_10.tif,44,7.533581136698331e-07,False,NotDead,Stressed,0.7633333333333333,0.19333333333333333,0.043333333333333335,0.7633333333333333,False,
Data_for_model/images/Crenated_10.tif,46,4.081495410535041e-07,False,NotDead,Crenated,1.0,1.0,0.0,0.0,False,
Data_for_model/images/Crenated_10.tif,48,7.405170719954057e-07,False,NotDead,Crenated,0.8133333333333334,0.8133333333333334,0.013333333333333334,0.17333333333333334,False,
Data_for_model/images/Crenated_10.tif,49,0.9999843582234654,False,Dead,Dead,,,,,False,
Data_for_model/images/Crenated_10.tif,51,0.00017324932296269857,False,NotDead,Crenated,0.81,0.81,0.013333333333333334,0.17666666666666667,False,
Data_for_model/images/Crenated_10.tif,54,1.1873997135536385e-06,False,NotDead,Crenated,0.9866666666666667,0.9866666666666667,0.0,0.013333333333333334,False,
Data_for_model/images/Crenated_10.tif,55,4.4411669108956886e-07,False,NotDead,Crenated,0.9766666666666667,0.9766666666666667,0.0033333333333333335,0.02,False,
Data_for_model/images/Crenated_10.tif,56,1.3699500549524402e-06,False,NotDead,Crenated,0.9866666666666667,0.9866666666666667,0.0,0.013333333333333334,False,
Data_for_model/images/Crenated_10.tif,57,0.0716995476319986,False,NotDead,Stressed,0.45666666666666667,0.22666666666666666,0.31666666666666665,0.45666666666666667,True,uncertain_morphology; 
Data_for_model/images/Crenated_10.tif,59,2.162579561759692e-06,False,NotDead,Crenated,0.9766666666666667,0.9766666666666667,0.0,0.023333333333333334,False,
Data_for_model/images/Crenated_10.tif,61,1.062224001535661e-06,False,NotDead,Crenated,1.0,1.0,0.0,0.0,False,
Data_for_model/images/Crenated_10.tif,64,2.226031806551454e-06,False,NotDead,Crenated,0.9866666666666667,0.9866666666666667,0.0,0.013333333333333334,False,
Data_for_model/images/Crenated_10.tif,69,8.425510327203511e-07,False,NotDead,Crenated,0.9766666666666667,0.9766666666666667,0.0,0.023333333333333334,False,
Data_for_model/images/Crenated_10.tif,72,5.312071849061795e-07,False,NotDead,Crenated,1.0,1.0,0.0,0.0,False,
Data_for_model/images/Crenated_11.tif,1,3.5665260522677045e-07,False,NotDead,Stressed,0.6933333333333334,0.01,0.2966666666666667,0.6933333333333334,False,
Data_for_model/images/Crenated_11.tif,2,3.56296221526442e-07,False,NotDead,Healthy,0.7166666666666667,0.013333333333333334,0.7166666666666667,0.27,False,
Data_for_model/images/Crenated_11.tif,3,3.5951699484115807e-07,False,NotDead,Healthy,0.7533333333333333,0.013333333333333334,0.7533333333333333,0.23333333333333334,False,
Data_for_model/images/Crenated_11.tif,5,1.8561207442147065e-06,False,NotDead,Stressed,0.69,0.09666666666666666,0.21333333333333335,0.69,False,
Data_for_model/images/Crenated_11.tif,6,3.445905905063995e-07,False,NotDead,Stressed,0.7766666666666666,0.02,0.20333333333333334,0.7766666666666666,False,
Data_for_model/images/Crenated_11.tif,7,6.210412488716344e-07,False,NotDead,Healthy,0.92,0.0,0.92,0.08,False,
Data_for_model/images/Crenated_11.tif,9,4.96754006706901e-07,False,NotDead,Stressed,0.65,0.08666666666666667,0.2633333333333333,0.65,False,
Data_for_model/images/Crenated_11.tif,12,3.4960344497125817e-07,False,NotDead,Stressed,0.7966666666666666,0.12666666666666668,0.07666666666666666,0.7966666666666666,False,
Data_for_model/images/Crenated_11.tif,13,7.300675940458135e-07,False,NotDead,Healthy,0.7166666666666667,0.03333333333333333,0.7166666666666667,0.25,False,
Data_for_model/images/Crenated_11.tif,16,3.285920026074862e-07,False,NotDead,Healthy,0.6733333333333333,0.03333333333333333,0.6733333333333333,0.29333333333333333,False,
Data_for_model/images/Crenated_11.tif,17,7.09065962234412e-06,False,NotDead,Stressed,0.7933333333333333,0.006666666666666667,0.2,0.7933333333333333,False,
Data_for_model/images/Crenated_11.tif,18,3.373960245633967e-07,False,NotDead,Healthy,0.5466666666666666,0.0033333333333333335,0.5466666666666666,0.45,True,uncertain_morphology; 
Data_for_model/images/Crenated_11.tif,22,3.491637823316296e-07,False,NotDead,Healthy,0.5566666666666666,0.12666666666666668,0.5566666666666666,0.31666666666666665,True,uncertain_morphology; 
Data_for_model/images/Crenated_11.tif,25,3.5551658705834654e-07,False,NotDead,Stressed,0.49,0.07,0.44,0.49,True,uncertain_morphology; 
Data_for_model/images/Crenated_11.tif,30,3.773278316465678e-07,False,NotDead,Stressed,0.5,0.09666666666666666,0.4033333333333333,0.5,True,uncertain_morphology; 
Data_for_model/images/Crenated_11.tif,35,6.505744010176784e-07,False,NotDead,Healthy,0.6366666666666667,0.0033333333333333335,0.6366666666666667,0.36,False,
Data_for_model/images/Crenated_11.tif,36,4.010430222356476e-07,False,NotDead,Crenated,1.0,1.0,0.0,0.0,False,
Data_for_model/images/Crenated_11.tif,38,6.516915499465981e-07,False,NotDead,Stressed,0.83,0.05,0.12,0.83,False,
Data_for_model/images/Crenated_11.tif,41,6.21060621153191e-07,False,NotDead,Healthy,0.65,0.03,0.65,0.32,False,
Data_for_model/images/Crenated_11.tif,45,4.633017983701748e-07,False,NotDead,Crenated,0.8433333333333334,0.8433333333333334,0.013333333333333334,0.14333333333333334,False,
Data_for_model/images/Crenated_11.tif,48,1.2215923081537738e-05,False,NotDead,Crenated,0.99,0.99,0.0,0.01,False,
Data_for_model/images/Crenated_11.tif,49,1.0910473095870898e-05,False,NotDead,Healthy,0.77,0.016666666666666666,0.77,0.21333333333333335,False,
Data_for_model/images/Crenated_11.tif,50,3.9305984778081893e-07,False,NotDead,Crenated,1.0,1.0,0.0,0.0,False,
Data_for_model/images/Crenated_11.tif,53,6.997515913376162e-07,False,NotDead,Stressed,0.49333333333333335,0.35333333333333333,0.15333333333333332,0.49333333333333335,True,uncertain_morphology; 
Data_for_model/images/Crenated_11.tif,54,7.79820785390406e-07,False,NotDead,Crenated,1.0,1.0,0.0,0.0,False,
Data_for_model/images/Crenated_11.tif,62,2.225825466384279e-06,False,NotDead,Crenated,0.9133333333333333,0.9133333333333333,0.0033333333333333335,0.08333333333333333,False,
Data_for_model/images/Crenated_12.tif,5,3.4880816945914717e-07,False,NotDead,Stressed,0.8233333333333334,0.03,0.14666666666666667,0.8233333333333334,False,
Data_for_model/images/Crenated_12.tif,7,3.5399462816609883e-07,False,NotDead,Stressed,0.8233333333333334,0.11,0.06666666666666667,0.8233333333333334,False,
Data_for_model/images/Crenated_12.tif,9,3.271667410320589e-07,False,NotDead,Stressed,0.9333333333333333,0.006666666666666667,0.06,0.9333333333333333,False,
Data_for_model/images/Crenated_12.tif,11,4.4792859232867244e-07,False,NotDead,Stressed,0.5266666666666666,0.39666666666666667,0.07666666666666666,0.5266666666666666,True,uncertain_morphology; 
Data_for_model/images/Crenated_12.tif,12,3.285999271573914e-07,False,NotDead,Healthy,0.79,0.0,0.79,0.21,False,
Data_for_model/images/Crenated_12.tif,13,3.6514050660851893e-07,False,NotDead,Stressed,0.8866666666666667,0.07333333333333333,0.04,0.8866666666666667,False,
Data_for_model/images/Crenated_12.tif,14,3.453673711462102e-07,False,NotDead,Healthy,0.8566666666666667,0.0033333333333333335,0.8566666666666667,0.14,False,
Data_for_model/images/Crenated_12.tif,16,3.1531959532316023e-07,False,NotDead,Healthy,0.6466666666666666,0.006666666666666667,0.6466666666666666,0.3466666666666667,False,
Data_for_model/images/Crenated_12.tif,17,7.996808606414163e-07,False,NotDead,Healthy,0.5233333333333333,0.03666666666666667,0.5233333333333333,0.44,True,uncertain_morphology; 
Data_for_model/images/Crenated_12.tif,18,6.192577308716807e-07,False,NotDead,Stressed,0.7266666666666667,0.20666666666666667,0.06666666666666667,0.7266666666666667,False,
Data_for_model/images/Crenated_12.tif,19,6.211648445608731e-07,False,NotDead,Stressed,0.54,0.03,0.43,0.54,True,uncertain_morphology; 
Data_for_model/images/Crenated_12.tif,20,3.5338412096574956e-07,False,NotDead,Stressed,0.9133333333333333,0.05333333333333334,0.03333333333333333,0.9133333333333333,False,
Data_for_model/images/Crenated_12.tif,22,3.464423888877022e-07,False,NotDead,Healthy,0.74,0.013333333333333334,0.74,0.24666666666666667,False,
Data_for_model/images/Crenated_12.tif,23,4.0235592901893824e-07,False,NotDead,Stressed,0.7233333333333334,0.21666666666666667,0.06,0.7233333333333334,False,
Data_for_model/images/Crenated_12.tif,27,3.6764858457605243e-07,False,NotDead,Stressed,0.8833333333333333,0.08333333333333333,0.03333333333333333,0.8833333333333333,False,
Data_for_model/images/Crenated_12.tif,28,3.237969878888691e-07,False,NotDead,Stressed,0.9033333333333333,0.04666666666666667,0.05,0.9033333333333333,False,
Data_for_model/images/Crenated_12.tif,30,6.572963936468668e-07,False,NotDead,Healthy,0.79,0.006666666666666667,0.79,0.20333333333333334,False,
Data_for_model/images/Crenated_12.tif,33,3.4978306273636406e-07,False,NotDead,Stressed,0.7666666666666667,0.17333333333333334,0.06,0.7666666666666667,False,
Data_for_model/images/Crenated_12.tif,38,3.8257888013149e-07,False,NotDead,Crenated,0.8966666666666666,0.8966666666666666,0.023333333333333334,0.08,False,
Data_for_model/images/Crenated_12.tif,39,4.166404237171406e-07,False,NotDead,Crenated,0.69,0.69,0.013333333333333334,0.2966666666666667,False,
Data_for_model/images/Crenated_12.tif,41,6.244336372418502e-07,False,NotDead,Healthy,0.7,0.013333333333333334,0.7,0.2866666666666667,False,
Data_for_model/images/Crenated_12.tif,42,3.557701020451276e-07,False,NotDead,Crenated,0.9,0.9,0.023333333333333334,0.07666666666666666,False,
Data_for_model/images/Crenated_12.tif,43,7.07323437598717e-07,False,NotDead,Stressed,0.6633333333333333,0.03666666666666667,0.3,0.6633333333333333,False,
Data_for_model/images/Crenated_12.tif,44,3.6202016717723495e-07,False,NotDead,Crenated,0.9133333333333333,0.9133333333333333,0.01,0.07666666666666666,False,
Data_for_model/images/Crenated_12.tif,51,7.459048224633946e-07,False,NotDead,Crenated,1.0,1.0,0.0,0.0,False,
Data_for_model/images/Crenated_12.tif,53,3.818248669462676e-07,False,NotDead,Crenated,0.98,0.98,0.0,0.02,False,
Data_for_model/images/Crenated_12.tif,55,3.975858982041558e-07,False,NotDead,Crenated,1.0,1.0,0.0,0.0,False,
Data_for_model/images/Crenated_12.tif,56,3.585464676270078e-07,False,NotDead,Crenated,0.8666666666666667,0.8666666666666667,0.006666666666666667,0.12666666666666668,False,
Data_for_model/images/Crenated_12.tif,57,3.7921053974709906e-07,False,NotDead,Crenated,0.7166666666666667,0.7166666666666667,0.01,0.2733333333333333,False,
Data_for_model/images/Crenated_12.tif,62,7.219630656640774e-07,False,NotDead,Crenated,0.8433333333333334,0.8433333333333334,0.01,0.14666666666666667,False,
Data_for_model/images/Crenated_12.tif,63,3.5563783951086947e-07,False,NotDead,Crenated,0.73,0.73,0.01,0.26,False,
Data_for_model/images/Crenated_12.tif,64,6.872326745455126e-07,False,NotDead,Crenated,1.0,1.0,0.0,0.0,False,
Data_for_model/images/Crenated_12.tif,66,5.032128330695329e-07,False,NotDead,Crenated,0.9966666666666667,0.9966666666666667,0.0,0.0033333333333333335,False,
Data_for_model/images/Crenated_12.tif,67,6.165855757078731e-07,False,NotDead,Crenated,0.9033333333333333,0.9033333333333333,0.0,0.09666666666666666,False,
Data_for_model/images/Crenated_12.tif,68,4.676404401493528e-07,False,NotDead,Crenated,1.0,1.0,0.0,0.0,False,
Data_for_model/images/Crenated_12.tif,70,4.105613304883349e-07,False,NotDead,Crenated,0.9933333333333333,0.9933333333333333,0.0,0.006666666666666667,False,
Data_for_model/images/Crenated_12.tif,73,3.707764428817484e-07,False,NotDead,Crenated,1.0,1.0,0.0,0.0,False,
Data_for_model/images/Crenated_12.tif,76,5.97059852336379e-07,False,NotDead,Crenated,0.9966666666666667,0.9966666666666667,0.0,0.0033333333333333335,False,
Data_for_model/images/Crenated_12.tif,77,3.7483814185890196e-07,False,NotDead,Crenated,0.9933333333333333,0.9933333333333333,0.0,0.006666666666666667,False,
Data_for_model/images/Crenated_12.tif,78,3.792123591805918e-07,False,NotDead,Crenated,0.9466666666666667,0.9466666666666667,0.0,0.05333333333333334,False,
Data_for_model/images/Crenated_12.tif,80,2.5946770465523628e-06,False,NotDead,Crenated,0.9966666666666667,0.9966666666666667,0.0,0.0033333333333333335,False,
Data_for_model/images/Crenated_13.tif,3,3.6781760937021346e-07,False,NotDead,Stressed,0.8333333333333334,0.02,0.14666666666666667,0.8333333333333334,False,
Data_for_model/images/Crenated_13.tif,5,6.391169390385087e-07,False,NotDead,Healthy,0.5966666666666667,0.0033333333333333335,0.5966666666666667,0.4,True,uncertain_morphology; 
Data_for_model/images/Crenated_13.tif,6,6.635416067712896e-07,False,NotDead,Stressed,0.8066666666666666,0.05,0.14333333333333334,0.8066666666666666,False,
Data_for_model/images/Crenated_13.tif,10,3.2847550923698066e-07,False,NotDead,Stressed,0.8333333333333334,0.013333333333333334,0.15333333333333332,0.8333333333333334,False,
Data_for_model/images/Crenated_13.tif,11,2.2117918132558145e-06,False,NotDead,Healthy,0.7833333333333333,0.023333333333333334,0.7833333333333333,0.19333333333333333,False,
Data_for_model/images/Crenated_13.tif,12,0.002988938032846722,False,NotDead,Healthy,0.53,0.25333333333333335,0.53,0.21666666666666667,True,uncertain_morphology; 
Data_for_model/images/Crenated_13.tif,14,9.109151304365071e-07,False,NotDead,Stressed,0.8433333333333334,0.02666666666666667,0.13,0.8433333333333334,False,
Data_for_model/images/Crenated_13.tif,15,6.010954903823418e-06,False,NotDead,Stressed,0.5433333333333333,0.006666666666666667,0.45,0.5433333333333333,True,uncertain_morphology; 
Data_for_model/images/Crenated_13.tif,16,2.3950016998508517e-06,False,NotDead,Crenated,0.6266666666666667,0.6266666666666667,0.05333333333333334,0.32,False,
Data_for_model/images/Crenated_13.tif,17,3.193743053353515e-07,False,NotDead,Stressed,0.7166666666666667,0.006666666666666667,0.27666666666666667,0.7166666666666667,False,
Data_for_model/images/Crenated_13.tif,18,7.153251754266066e-07,False,NotDead,Stressed,0.8266666666666667,0.02666666666666667,0.14666666666666667,0.8266666666666667,False,
Data_for_model/images/Crenated_13.tif,19,4.378384467207397e-07,False,NotDead,Stressed,0.5533333333333333,0.4166666666666667,0.03,0.5533333333333333,True,uncertain_morphology; 
Data_for_model/images/Crenated_13.tif,20,3.870459738264387e-07,False,NotDead,Stressed,0.6933333333333334,0.1,0.20666666666666667,0.6933333333333334,False,
Data_for_model/images/Crenated_13.tif,21,2.0565916324377653e-06,False,NotDead,Healthy,0.93,0.0033333333333333335,0.93,0.06666666666666667,False,
Data_for_model/images/Crenated_13.tif,22,1.2933436442930102e-06,False,NotDead,Healthy,0.7033333333333334,0.013333333333333334,0.7033333333333334,0.2833333333333333,False,
Data_for_model/images/Crenated_13.tif,23,1.0834207731513779e-05,False,NotDead,Stressed,0.8966666666666666,0.02,0.08333333333333333,0.8966666666666666,False,
Data_for_model/images/Crenated_13.tif,24,6.687688482998055e-07,False,NotDead,Stressed,0.8966666666666666,0.006666666666666667,0.09666666666666666,0.8966666666666666,False,
Data_for_model/images/Crenated_13.tif,25,6.64610341316596e-07,False,NotDead,Healthy,0.7033333333333334,0.0,0.7033333333333334,0.2966666666666667,False,
Data_for_model/images/Crenated_13.tif,26,3.373960245633967e-07,False,NotDead,Stressed,0.9366666666666666,0.0,0.06333333333333334,0.9366666666666666,False,
Data_for_model/images/Crenated_13.tif,29,1.1632321310850458e-05,False,NotDead,Stressed,0.83,0.006666666666666667,0.16333333333333333,0.83,False,
Data_for_model/images/Crenated_13.tif,30,3.5094464789775515e-07,False,NotDead,Healthy,0.7766666666666666,0.01,0.7766666666666666,0.21333333333333335,False,
Data_for_model/images/Crenated_13.tif,31,3.5141667265037313e-07,False,NotDead,Stressed,0.5533333333333333,0.05,0.39666666666666667,0.5533333333333333,True,uncertain_morphology; 
Data_for_model/images/Crenated_13.tif,32,3.4441938789875337e-07,False,NotDead,Stressed,0.7266666666666667,0.05,0.22333333333333333,0.7266666666666667,False,
Data_for_model/images/Crenated_13.tif,34,8.116564238491719e-07,False,NotDead,Crenated,0.99,0.99,0.0,0.01,False,
Data_for_model/images/Crenated_13.tif,35,3.4695716299992796e-07,False,NotDead,Stressed,0.52,0.013333333333333334,0.4666666666666667,0.52,True,uncertain_morphology; 
Data_for_model/images/Crenated_13.tif,37,3.859134961592403e-07,False,NotDead,Crenated,0.9933333333333333,0.9933333333333333,0.0,0.006666666666666667,False,
Data_for_model/images/Crenated_13.tif,39,3.29741053239907e-07,False,NotDead,Stressed,0.6,0.01,0.39,0.6,False,
Data_for_model/images/Crenated_13.tif,42,3.438277252909572e-07,False,NotDead,Stressed,0.8366666666666667,0.09,0.07333333333333333,0.8366666666666667,False,
Data_for_model/images/Crenated_13.tif,43,6.546350768132925e-07,False,NotDead,Stressed,0.71,0.21666666666666667,0.07333333333333333,0.71,False,
Data_for_model/images/Crenated_13.tif,44,7.030937424490347e-07,False,NotDead,Stressed,0.63,0.0033333333333333335,0.36666666666666664,0.63,False,
Data_for_model/images/Crenated_13.tif,45,6.858450455338172e-07,False,NotDead,Stressed,0.6133333333333333,0.04,0.3466666666666667,0.6133333333333333,False,
Data_for_model/images/Crenated_13.tif,48,0.015975335356760878,False,NotDead,Stressed,0.5833333333333334,0.05333333333333334,0.36333333333333334,0.5833333333333334,True,uncertain_morphology; 
Data_for_model/images/Crenated_13.tif,49,3.483562306394461e-07,False,NotDead,Stressed,0.5433333333333333,0.2866666666666667,0.17,0.5433333333333333,True,uncertain_morphology; 
Data_for_model/images/Crenated_13.tif,50,3.3971108914787607e-07,False,NotDead,Stressed,0.9933333333333333,0.0,0.006666666666666667,0.9933333333333333,False,
Data_for_model/images/Crenated_13.tif,52,3.975878057893567e-07,False,NotDead,Stressed,0.7366666666666667,0.21333333333333335,0.05,0.7366666666666667,False,
Data_for_model/images/Crenated_13.tif,56,3.600469287157182e-07,False,NotDead,Crenated,0.99,0.99,0.0,0.01,False,
Data_for_model/images/Crenated_13.tif,57,2.1414647213280347e-06,False,NotDead,Healthy,0.88,0.02666666666666667,0.88,0.09333333333333334,False,
Data_for_model/images/Crenated_13.tif,58,4.1050520738217244e-07,False,NotDead,Crenated,1.0,1.0,0.0,0.0,False,
Data_for_model/images/Crenated_13.tif,60,7.399424406528965e-07,False,NotDead,Crenated,1.0,1.0,0.0,0.0,False,
Data_for_model/images/Crenated_13.tif,62,9.016720216026286e-07,False,NotDead,Crenated,0.9733333333333334,0.9733333333333334,0.0033333333333333335,0.023333333333333334,False,
Data_for_model/images/Crenated_13.tif,63,4.5103625079256915e-07,False,NotDead,Crenated,0.9933333333333333,0.9933333333333333,0.0,0.006666666666666667,False,
Data_for_model/images/Crenated_13.tif,64,7.630293097360408e-07,False,NotDead,Crenated,1.0,1.0,0.0,0.0,False,
Data_for_model/images/Crenated_13.tif,66,6.013615493349889e-07,False,NotDead,Crenated,0.9766666666666667,0.9766666666666667,0.0,0.023333333333333334,False,
Data_for_model/images/Crenated_13.tif,67,1.169599329609028e-06,False,NotDead,Crenated,0.8233333333333334,0.8233333333333334,0.006666666666666667,0.17,False,
Data_for_model/images/Crenated_13.tif,68,3.9941217278016694e-07,False,NotDead,Crenated,1.0,1.0,0.0,0.0,False,
Data_for_model/images/Crenated_13.tif,73,1.1884528594574562e-06,False,NotDead,Crenated,0.9966666666666667,0.9966666666666667,0.0,0.0033333333333333335,False,
Data_for_model/images/Crenated_13.tif,74,5.553398794155839e-07,False,NotDead,Crenated,1.0,1.0,0.0,0.0,False,
Data_for_model/images/Crenated_13.tif,76,3.9941217278016694e-07,False,NotDead,Crenated,0.9866666666666667,0.9866666666666667,0.0,0.013333333333333334,False,
Data_for_model/images/Crenated_13.tif,79,0.8495729975093356,False,Dead,Dead,,,,,True,uncertain_dead; 
Data_for_model/images/Crenated_13.tif,81,7.550947518364381e-07,False,NotDead,Crenated,1.0,1.0,0.0,0.0,False,
Data_for_model/images/Crenated_13.tif,82,4.815846125216794e-07,False,NotDead,Crenated,0.9833333333333333,0.9833333333333333,0.0033333333333333335,0.013333333333333334,False,
Data_for_model/images/Crenated_13.tif,83,7.035318310144589e-07,False,NotDead,Crenated,1.0,1.0,0.0,0.0,False,
Data_for_model/images/Crenated_14.tif,2,8.737708877548656e-07,False,NotDead,Healthy,0.4633333333333333,0.07333333333333333,0.4633333333333333,0.4633333333333333,True,uncertain_morphology; 
Data_for_model/images/Crenated_14.tif,3,3.710429001824167e-07,False,NotDead,Stressed,0.9366666666666666,0.05,0.013333333333333334,0.9366666666666666,False,
Data_for_model/images/Crenated_14.tif,4,3.3850118885681013e-07,False,NotDead,Healthy,0.71,0.03666666666666667,0.71,0.25333333333333335,False,
Data_for_model/images/Crenated_14.tif,9,3.3056704418221727e-07,False,NotDead,Healthy,0.48,0.05,0.48,0.47,True,uncertain_morphology; 
Data_for_model/images/Crenated_14.tif,10,3.5218495686439866e-07,False,NotDead,Stressed,0.9066666666666666,0.03,0.06333333333333334,0.9066666666666666,False,
Data_for_model/images/Crenated_14.tif,11,6.312925955320736e-07,False,NotDead,Stressed,0.9,0.03666666666666667,0.06333333333333334,0.9,False,
Data_for_model/images/Crenated_14.tif,13,2.139568051950924e-06,False,NotDead,Healthy,0.9733333333333334,0.013333333333333334,0.9733333333333334,0.013333333333333334,False,
Data_for_model/images/Crenated_14.tif,14,3.3505981422710107e-07,False,NotDead,Stressed,0.6966666666666667,0.006666666666666667,0.2966666666666667,0.6966666666666667,False,
Data_for_model/images/Crenated_14.tif,16,3.4322903708083885e-07,False,NotDead,Stressed,0.66,0.04,0.3,0.66,False,
Data_for_model/images/Crenated_14.tif,21,3.8207132935230703e-07,False,NotDead,Stressed,0.9133333333333333,0.05,0.03666666666666667,0.9133333333333333,False,
Data_for_model/images/Crenated_14.tif,22,3.22064360958052e-07,False,NotDead,Healthy,0.5466666666666666,0.0,0.5466666666666666,0.4533333333333333,True,uncertain_morphology; 
Data_for_model/images/Crenated_14.tif,25,3.667242668425885e-07,False,NotDead,Stressed,0.64,0.24,0.12,0.64,False,
Data_for_model/images/Crenated_14.tif,27,3.51573134715899e-07,False,NotDead,Stressed,0.5133333333333333,0.0033333333333333335,0.48333333333333334,0.5133333333333333,True,uncertain_morphology; 
Data_for_model/images/Crenated_14.tif,28,3.7857297507937204e-07,False,NotDead,Stressed,0.7766666666666666,0.11666666666666667,0.10666666666666667,0.7766666666666666,False,
Data_for_model/images/Crenated_14.tif,29,3.412723174056609e-07,False,NotDead,Stressed,0.6566666666666666,0.21,0.13333333333333333,0.6566666666666666,False,
Data_for_model/images/Crenated_14.tif,32,4.4030761903179894e-07,False,NotDead,Crenated,0.9666666666666667,0.9666666666666667,0.0,0.03333333333333333,False,
Data_for_model/images/Crenated_14.tif,33,6.74860861638038e-07,False,NotDead,Healthy,0.7866666666666666,0.013333333333333334,0.7866666666666666,0.2,False,
Data_for_model/images/Crenated_14.tif,35,3.8402819213523287e-07,False,NotDead,Stressed,0.82,0.13333333333333333,0.04666666666666667,0.82,False,
Data_for_model/images/Crenated_14.tif,37,3.878852129490795e-07,False,NotDead,Crenated,0.9266666666666666,0.9266666666666666,0.01,0.06333333333333334,False,
Data_for_model/images/Crenated_14.tif,39,3.8587881812102154e-07,False,NotDead,Crenated,0.9133333333333333,0.9133333333333333,0.0033333333333333335,0.08333333333333333,False,
Data_for_model/images/Crenated_14.tif,40,7.587616157600507e-07,False,NotDead,Stressed,0.6366666666666667,0.29,0.07333333333333333,0.6366666666666667,False,
Data_for_model/images/Crenated_14.tif,41,3.8629502951970096e-07,False,NotDead,Crenated,0.9966666666666667,0.9966666666666667,0.0,0.0033333333333333335,False,
Data_for_model/images/Crenated_14.tif,43,7.139230590036405e-07,False,NotDead,Stressed,0.5566666666666666,0.43,0.013333333333333334,0.5566666666666666,True,uncertain_morphology; 
Data_for_model/images/Crenated_14.tif,44,3.8447090655591154e-07,False,NotDead,Crenated,0.6233333333333333,0.6233333333333333,0.0,0.37666666666666665,False,
Data_for_model/images/Crenated_14.tif,47,2.297546509233417e-05,False,NotDead,Crenated,0.7033333333333334,0.7033333333333334,0.02666666666666667,0.27,False,
Data_for_model/images/Crenated_14.tif,51,3.906783524465496e-07,False,NotDead,Stressed,0.5633333333333334,0.43666666666666665,0.0,0.5633333333333334,True,uncertain_morphology; 
Data_for_model/images/Crenated_14.tif,55,7.728586697286488e-07,False,NotDead,Crenated,1.0,1.0,0.0,0.0,False,
Data_for_model/images/Crenated_14.tif,56,3.792683218595272e-07,False,NotDead,Crenated,0.9766666666666667,0.9766666666666667,0.0033333333333333335,0.02,False,
Data_for_model/images/Crenated_14.tif,61,3.236159582753473e-06,False,NotDead,Crenated,1.0,1.0,0.0,0.0,False,
Data_for_model/images/Crenated_14.tif,62,3.854922318025089e-07,False,NotDead,Crenated,0.9866666666666667,0.9866666666666667,0.0,0.013333333333333334,False,
Data_for_model/images/Crenated_14.tif,64,5.881469116175708e-07,False,NotDead,Crenated,1.0,1.0,0.0,0.0,False,
Data_for_model/images/Crenated_14.tif,65,7.34758290099613e-07,False,NotDead,Stressed,0.5933333333333334,0.4033333333333333,0.0033333333333333335,0.5933333333333334,True,uncertain_morphology; 
Data_for_model/images/Crenated_14.tif,66,7.437330036275114e-07,False,NotDead,Crenated,0.8566666666666667,0.8566666666666667,0.0033333333333333335,0.14,False,
Data_for_model/images/Crenated_14.tif,67,3.975878057893567e-07,False,NotDead,Crenated,1.0,1.0,0.0,0.0,False,
Data_for_model/images/Crenated_14.tif,73,0.9999868463777142,False,Dead,Dead,,,,,False,
Data_for_model/images/Crenated_14.tif,76,5.640103802884155e-07,False,NotDead,Crenated,1.0,1.0,0.0,0.0,False,
Data_for_model/images/Crenated_14.tif,77,8.433320686229706e-07,False,NotDead,Crenated,0.9733333333333334,0.9733333333333334,0.0,0.02666666666666667,False,
Data_for_model/images/Crenated_14.tif,78,7.970822356595519e-07,False,NotDead,Crenated,1.0,1.0,0.0,0.0,False,
Data_for_model/images/Crenated_14.tif,80,8.161387436977918e-07,False,NotDead,Crenated,0.9166666666666666,0.9166666666666666,0.006666666666666667,0.07666666666666666,False,
Data_for_model/images/Crenated_14.tif,81,1.7760561428215027e-06,False,NotDead,Crenated,0.5333333333333333,0.5333333333333333,0.04,0.4266666666666667,True,uncertain_morphology; 
Data_for_model/images/Crenated_14.tif,85,2.638502454077596e-06,False,NotDead,Crenated,0.9966666666666667,0.9966666666666667,0.0,0.0033333333333333335,False,
Data_for_model/images/Crenated_15.tif,1,1.8808844978179806e-06,False,NotDead,Crenated,0.66,0.66,0.05333333333333334,0.2866666666666667,False,
Data_for_model/images/Crenated_15.tif,3,3.434117150646898e-07,False,NotDead,Stressed,0.5,0.02,0.48,0.5,True,uncertain_morphology; 
Data_for_model/images/Crenated_15.tif,5,3.55050658984446e-07,False,NotDead,Healthy,0.6966666666666667,0.006666666666666667,0.6966666666666667,0.2966666666666667,False,
Data_for_model/images/Crenated_15.tif,6,3.850721161935411e-07,False,NotDead,Healthy,0.86,0.0033333333333333335,0.86,0.13666666666666666,False,
Data_for_model/images/Crenated_15.tif,7,3.186037131897024e-07,False,NotDead,Stressed,0.5766666666666667,0.02666666666666667,0.39666666666666667,0.5766666666666667,True,uncertain_morphology; 
Data_for_model/images/Crenated_15.tif,8,3.339075720365514e-07,False,NotDead,Stressed,0.6733333333333333,0.08,0.24666666666666667,0.6733333333333333,False,
Data_for_model/images/Crenated_15.tif,9,3.821999952080546e-07,False,NotDead,Stressed,0.8433333333333334,0.09,0.06666666666666667,0.8433333333333334,False,
Data_for_model/images/Crenated_15.tif,11,3.5158028255377616e-07,False,NotDead,Stressed,0.9666666666666667,0.016666666666666666,0.016666666666666666,0.9666666666666667,False,
Data_for_model/images/Crenated_15.tif,12,3.8216675335434047e-07,False,NotDead,Stressed,0.5133333333333333,0.3933333333333333,0.09333333333333334,0.5133333333333333,True,uncertain_morphology; 
Data_for_model/images/Crenated_15.tif,14,3.29726643877315e-07,False,NotDead,Healthy,0.7633333333333333,0.006666666666666667,0.7633333333333333,0.23,False,
Data_for_model/images/Crenated_15.tif,15,6.384943955772826e-07,False,NotDead,Stressed,0.8933333333333333,0.006666666666666667,0.1,0.8933333333333333,False,
Data_for_model/images/Crenated_15.tif,16,3.420366738726699e-07,False,NotDead,Stressed,0.5533333333333333,0.01,0.43666666666666665,0.5533333333333333,True,uncertain_morphology; 
Data_for_model/images/Crenated_15.tif,19,4.178680673705415e-07,False,NotDead,Stressed,0.5966666666666667,0.04666666666666667,0.3566666666666667,0.5966666666666667,True,uncertain_morphology; 
Data_for_model/images/Crenated_15.tif,20,3.883723808106865e-07,False,NotDead,Stressed,0.6166666666666667,0.03333333333333333,0.35,0.6166666666666667,False,
Data_for_model/images/Crenated_15.tif,21,3.4609951715669496e-07,False,NotDead,Stressed,0.5866666666666667,0.39,0.023333333333333334,0.5866666666666667,True,uncertain_morphology; 
Data_for_model/images/Crenated_15.tif,23,3.131510194487319e-07,False,NotDead,Stressed,0.7533333333333333,0.006666666666666667,0.24,0.7533333333333333,False,
Data_for_model/images/Crenated_15.tif,24,6.363821656307778e-07,False,NotDead,Healthy,0.7066666666666667,0.01,0.7066666666666667,0.2833333333333333,False,
Data_for_model/images/Crenated_15.tif,25,3.901697288588579e-07,False,NotDead,Healthy,0.82,0.016666666666666666,0.82,0.16333333333333333,False,
Data_for_model/images/Crenated_15.tif,26,6.889409346344522e-07,False,NotDead,Stressed,0.6966666666666667,0.023333333333333334,0.28,0.6966666666666667,False,
Data_for_model/images/Crenated_15.tif,27,8.222628120613251e-07,False,NotDead,Stressed,0.65,0.06333333333333334,0.2866666666666667,0.65,False,
Data_for_model/images/Crenated_15.tif,28,7.150278747980465e-07,False,NotDead,Crenated,0.99,0.99,0.0033333333333333335,0.006666666666666667,False,
Data_for_model/images/Crenated_15.tif,32,3.8859619855280414e-07,False,NotDead,Stressed,0.6366666666666667,0.27666666666666667,0.08666666666666667,0.6366666666666667,False,
Data_for_model/images/Crenated_15.tif,34,3.434117150646898e-07,False,NotDead,Healthy,0.6466666666666666,0.0,0.6466666666666666,0.35333333333333333,False,
Data_for_model/images/Crenated_15.tif,35,5.099655153717464e-07,False,NotDead,Stressed,0.48333333333333334,0.4633333333333333,0.05333333333333334,0.48333333333333334,True,uncertain_morphology; 
Data_for_model/images/Crenated_15.tif,36,7.120410717709191e-07,False,NotDead,Stressed,0.5,0.4533333333333333,0.04666666666666667,0.5,True,uncertain_morphology; 
Data_for_model/images/Crenated_15.tif,38,7.017439147549709e-07,False,NotDead,Stressed,0.9233333333333333,0.016666666666666666,0.06,0.9233333333333333,False,
Data_for_model/images/Crenated_15.tif,39,6.524250393269426e-07,False,NotDead,Crenated,0.7033333333333334,0.7033333333333334,0.01,0.2866666666666667,False,
Data_for_model/images/Crenated_15.tif,40,3.373615896640203e-07,False,NotDead,Stressed,0.8266666666666667,0.07666666666666666,0.09666666666666666,0.8266666666666667,False,
Data_for_model/images/Crenated_15.tif,42,7.182775397795993e-07,False,NotDead,Crenated,0.7,0.7,0.0033333333333333335,0.2966666666666667,False,
Data_for_model/images/Crenated_15.tif,44,6.668122222164286e-07,False,NotDead,Healthy,0.55,0.006666666666666667,0.55,0.44333333333333336,True,uncertain_morphology; 
Data_for_model/images/Crenated_15.tif,47,1.091234514083439e-06,False,NotDead,Crenated,0.9833333333333333,0.9833333333333333,0.0033333333333333335,0.013333333333333334,False,
Data_for_model/images/Crenated_15.tif,51,4.934633547337697e-07,False,NotDead,Crenated,0.9633333333333334,0.9633333333333334,0.013333333333333334,0.023333333333333334,False,
Data_for_model/images/Crenated_15.tif,54,3.7049057599602975e-07,False,NotDead,Crenated,0.5033333333333333,0.5033333333333333,0.013333333333333334,0.48333333333333334,True,uncertain_morphology; 
Data_for_model/images/Crenated_15.tif,55,7.350858092225465e-07,False,NotDead,Crenated,0.83,0.83,0.0,0.17,False,
Data_for_model/images/Crenated_15.tif,57,6.962214507133524e-07,False,NotDead,Stressed,0.49,0.47,0.04,0.49,True,uncertain_morphology; 
Data_for_model/images/Crenated_15.tif,58,3.5672591702784473e-07,False,NotDead,Stressed,0.8866666666666667,0.08333333333333333,0.03,0.8866666666666667,False,
Data_for_model/images/Crenated_15.tif,59,3.8846360939093216e-07,False,NotDead,Crenated,0.9866666666666667,0.9866666666666667,0.0,0.013333333333333334,False,
Data_for_model/images/Crenated_15.tif,68,3.962100645349409e-07,False,NotDead,Crenated,1.0,1.0,0.0,0.0,False,
Data_for_model/images/Crenated_15.tif,70,1.1565776235178404e-05,False,NotDead,Crenated,0.9966666666666667,0.9966666666666667,0.0,0.0033333333333333335,False,
Data_for_model/images/Crenated_15.tif,71,1.1498758728523129e-06,False,NotDead,Crenated,0.9733333333333334,0.9733333333333334,0.0,0.02666666666666667,False,
Data_for_model/images/Crenated_15.tif,72,4.934233180931002e-07,False,NotDead,Crenated,0.9933333333333333,0.9933333333333333,0.006666666666666667,0.0,False,
Data_for_model/images/Crenated_15.tif,74,7.442050690142921e-07,False,NotDead,Crenated,0.98,0.98,0.0,0.02,False,
Data_for_model/images/Crenated_15.tif,75,3.792123591805918e-07,False,NotDead,Crenated,0.9966666666666667,0.9966666666666667,0.0,0.0033333333333333335,False,
Data_for_model/images/Crenated_15.tif,76,3.7789829332446345e-07,False,NotDead,Crenated,1.0,1.0,0.0,0.0,False,
Data_for_model/images/Crenated_15.tif,77,3.6450838913903993e-07,False,NotDead,Crenated,0.67,0.67,0.03333333333333333,0.2966666666666667,False,
Data_for_model/images/Crenated_15.tif,79,7.397024721633727e-07,False,NotDead,Crenated,0.9966666666666667,0.9966666666666667,0.0,0.0033333333333333335,False,
Data_for_model/images/Crenated_15.tif,82,3.87015970715332e-07,False,NotDead,Crenated,1.0,1.0,0.0,0.0,False,
Data_for_model/images/Crenated_15.tif,85,7.123649373719232e-07,False,NotDead,Crenated,0.97,0.97,0.0,0.03,False,
Data_for_model/images/Crenated_15.tif,87,4.50179239552817e-07,False,NotDead,Crenated,0.9266666666666666,0.9266666666666666,0.0,0.07333333333333333,False,
Data_for_model/images/Crenated_2.tif,1,8.19508473859365e-07,False,NotDead,Stressed,0.6,0.016666666666666666,0.38333333333333336,0.6,False,
Data_for_model/images/Crenated_2.tif,10,1.3499135680383745e-06,False,NotDead,Stressed,0.87,0.06,0.07,0.87,False,
Data_for_model/images/Crenated_2.tif,11,3.6039639694784853e-07,False,NotDead,Stressed,0.87,0.1,0.03,0.87,False,
Data_for_model/images/Crenated_2.tif,13,3.5307055423761113e-07,False,NotDead,Healthy,0.6233333333333333,0.02666666666666667,0.6233333333333333,0.35,False,
Data_for_model/images/Crenated_2.tif,14,4.969064413273827e-07,False,NotDead,Stressed,0.5233333333333333,0.41,0.06666666666666667,0.5233333333333333,True,uncertain_morphology; 
Data_for_model/images/Crenated_2.tif,15,1.8846296021557407e-06,False,NotDead,Stressed,0.8133333333333334,0.04,0.14666666666666667,0.8133333333333334,False,
Data_for_model/images/Crenated_2.tif,16,3.9168690535440476e-07,False,NotDead,Stressed,0.7666666666666667,0.18666666666666668,0.04666666666666667,0.7666666666666667,False,
Data_for_model/images/Crenated_2.tif,17,9.078928531192076e-07,False,NotDead,Crenated,0.56,0.56,0.10666666666666667,0.3333333333333333,True,uncertain_morphology; 
Data_for_model/images/Crenated_2.tif,18,4.066290623105928e-07,False,NotDead,Crenated,0.91,0.91,0.013333333333333334,0.07666666666666666,False,
Data_for_model/images/Crenated_2.tif,20,7.679553208905787e-07,False,NotDead,Stressed,0.6766666666666666,0.05,0.2733333333333333,0.6766666666666666,False,
Data_for_model/images/Crenated_2.tif,21,4.047161358267104e-07,False,NotDead,Crenated,0.9,0.9,0.03333333333333333,0.06666666666666667,False,
Data_for_model/images/Crenated_2.tif,23,4.053650524138419e-07,False,NotDead,Crenated,0.9766666666666667,0.9766666666666667,0.006666666666666667,0.016666666666666666,False,
Data_for_model/images/Crenated_2.tif,24,7.008070226355301e-07,False,NotDead,Stressed,0.6166666666666667,0.37333333333333335,0.01,0.6166666666666667,False,
Data_for_model/images/Crenated_2.tif,28,2.634783682009534e-06,False,NotDead,Crenated,0.9966666666666667,0.9966666666666667,0.0,0.0033333333333333335,False,
Data_for_model/images/Crenated_2.tif,31,8.304985520402042e-07,False,NotDead,Crenated,0.5266666666666666,0.5266666666666666,0.02666666666666667,0.44666666666666666,True,uncertain_morphology; 
Data_for_model/images/Crenated_2.tif,32,3.722093597779974e-07,False,NotDead,Crenated,0.98,0.98,0.0,0.02,False,
Data_for_model/images/Crenated_2.tif,34,0.00846354992379672,False,NotDead,Stressed,0.5033333333333333,0.05,0.44666666666666666,0.5033333333333333,True,uncertain_morphology; 
Data_for_model/images/Crenated_2.tif,36,3.2969930263693215e-07,False,NotDead,Stressed,0.47333333333333333,0.2833333333333333,0.24333333333333335,0.47333333333333333,True,uncertain_morphology; 
Data_for_model/images/Crenated_2.tif,37,7.801642794014185e-07,False,NotDead,Stressed,0.83,0.023333333333333334,0.14666666666666667,0.83,False,
Data_for_model/images/Crenated_2.tif,38,4.141804682555872e-07,False,NotDead,Crenated,0.9966666666666667,0.9966666666666667,0.0033333333333333335,0.0,False,
Data_for_model/images/Crenated_2.tif,39,8.357840795003568e-07,False,NotDead,Crenated,0.97,0.97,0.0,0.03,False,
Data_for_model/images/Crenated_2.tif,41,8.348002206171046e-07,False,NotDead,Crenated,0.73,0.73,0.013333333333333334,0.25666666666666665,False,
Data_for_model/images/Crenated_2.tif,42,6.299681002408519e-07,False,NotDead,Crenated,0.9866666666666667,0.9866666666666667,0.0,0.013333333333333334,False,
Data_for_model/images/Crenated_2.tif,44,7.292925859880839e-07,False,NotDead,Crenated,0.6966666666666667,0.6966666666666667,0.01,0.29333333333333333,False,
Data_for_model/images/Crenated_2.tif,45,6.363813260801265e-07,False,NotDead,Crenated,1.0,1.0,0.0,0.0,False,
Data_for_model/images/Crenated_2.tif,46,6.654632392910642e-07,False,NotDead,Crenated,1.0,1.0,0.0,0.0,False,
Data_for_model/images/Crenated_2.tif,47,1.1732368621064637e-06,False,NotDead,Crenated,0.8966666666666666,0.8966666666666666,0.006666666666666667,0.09666666666666666,False,
Data_for_model/images/Crenated_2.tif,48,1.0168158998125065e-06,False,NotDead,Crenated,0.8733333333333333,0.8733333333333333,0.0033333333333333335,0.12333333333333334,False,
Data_for_model/images/Crenated_2.tif,51,4.523225353159077e-07,False,NotDead,Crenated,0.99,0.99,0.0,0.01,False,
Data_for_model/images/Crenated_2.tif,52,1.0283975520053446e-06,False,NotDead,Crenated,0.9933333333333333,0.9933333333333333,0.0,0.006666666666666667,False,
Data_for_model/images/Crenated_2.tif,53,1.606398171893897e-05,False,NotDead,Crenated,1.0,1.0,0.0,0.0,False,
Data_for_model/images/Crenated_2.tif,55,7.998612184811904e-07,False,NotDead,Crenated,1.0,1.0,0.0,0.0,False,
Data_for_model/images/Crenated_2.tif,57,0.00015977655592691598,False,NotDead,Crenated,0.9866666666666667,0.9866666666666667,0.0033333333333333335,0.01,False,
Data_for_model/images/Crenated_2.tif,60,1.5686422375482678e-06,False,NotDead,Crenated,0.8966666666666666,0.8966666666666666,0.006666666666666667,0.09666666666666666,False,
Data_for_model/images/Crenated_2.tif,61,1.5672142451461646e-05,False,NotDead,Crenated,0.9933333333333333,0.9933333333333333,0.0,0.006666666666666667,False,
Data_for_model/images/Crenated_3.tif,2,3.355596087661894e-07,False,NotDead,Healthy,0.89,0.006666666666666667,0.89,0.10333333333333333,False,
Data_for_model/images/Crenated_3.tif,5,3.182840839777157e-07,False,NotDead,Stressed,0.8233333333333334,0.11666666666666667,0.06,0.8233333333333334,False,
Data_for_model/images/Crenated_3.tif,6,3.333097898794435e-07,False,NotDead,Stressed,0.6866666666666666,0.013333333333333334,0.3,0.6866666666666666,False,
Data_for_model/images/Crenated_3.tif,10,2.737998249235929e-06,False,NotDead,Stressed,0.7433333333333333,0.06333333333333334,0.19333333333333333,0.7433333333333333,False,
Data_for_model/images/Crenated_3.tif,11,3.2355956280927245e-07,False,NotDead,Healthy,0.8466666666666667,0.013333333333333334,0.8466666666666667,0.14,False,
Data_for_model/images/Crenated_3.tif,13,7.099496477369627e-07,False,NotDead,Healthy,0.58,0.01,0.58,0.41,True,uncertain_morphology; 
Data_for_model/images/Crenated_3.tif,14,7.423524708283225e-07,False,NotDead,Stressed,0.73,0.24333333333333335,0.02666666666666667,0.73,False,
Data_for_model/images/Crenated_3.tif,17,3.638858648846721e-07,False,NotDead,Stressed,0.8333333333333334,0.14333333333333334,0.023333333333333334,0.8333333333333334,False,
Data_for_model/images/Crenated_3.tif,20,6.85758334562081e-07,False,NotDead,Stressed,0.6033333333333334,0.09666666666666666,0.3,0.6033333333333334,False,
Data_for_model/images/Crenated_3.tif,21,8.719880723040419e-07,False,NotDead,Stressed,0.54,0.2833333333333333,0.17666666666666667,0.54,True,uncertain_morphology; 
Data_for_model/images/Crenated_3.tif,22,3.6198818298416313e-07,False,NotDead,Stressed,0.93,0.05,0.02,0.93,False,
Data_for_model/images/Crenated_3.tif,23,1.2894874149571578e-05,False,NotDead,Healthy,0.8,0.0033333333333333335,0.8,0.19666666666666666,False,
Data_for_model/images/Crenated_3.tif,24,2.006017581823727e-06,False,NotDead,Healthy,0.9133333333333333,0.006666666666666667,0.9133333333333333,0.08,False,
Data_for_model/images/Crenated_3.tif,25,6.718375527015041e-07,False,NotDead,Stressed,0.72,0.13333333333333333,0.14666666666666667,0.72,False,
Data_for_model/images/Crenated_3.tif,27,6.705892696690086e-07,False,NotDead,Healthy,0.9433333333333334,0.0,0.9433333333333334,0.056666666666666664,False,
Data_for_model/images/Crenated_3.tif,29,1.2288705331764405e-05,False,NotDead,Crenated,0.9466666666666667,0.9466666666666667,0.006666666666666667,0.04666666666666667,False,
Data_for_model/images/Crenated_3.tif,31,2.1284453187719876e-06,False,NotDead,Healthy,0.5,0.03333333333333333,0.5,0.4666666666666667,True,uncertain_morphology; 
Data_for_model/images/Crenated_3.tif,32,3.1693457447357076e-07,False,NotDead,Healthy,0.8566666666666667,0.0033333333333333335,0.8566666666666667,0.14,False,
Data_for_model/images/Crenated_3.tif,33,1.3530317094501143e-06,False,NotDead,Crenated,0.4766666666666667,0.4766666666666667,0.07,0.4533333333333333,True,uncertain_morphology; 
Data_for_model/images/Crenated_3.tif,34,6.653791031485667e-07,False,NotDead,Stressed,0.5633333333333334,0.03333333333333333,0.4033333333333333,0.5633333333333334,True,uncertain_morphology; 
Data_for_model/images/Crenated_3.tif,36,3.4656253045106666e-07,False,NotDead,Stressed,0.7266666666666667,0.24333333333333335,0.03,0.7266666666666667,False,
Data_for_model/images/Crenated_3.tif,37,7.279448276387157e-07,False,NotDead,Crenated,0.5366666666666666,0.5366666666666666,0.016666666666666666,0.44666666666666666,True,uncertain_morphology; 
Data_for_model/images/Crenated_3.tif,38,9.196332744210167e-07,False,NotDead,Crenated,0.91,0.91,0.0033333333333333335,0.08666666666666667,False,
Data_for_model/images/Crenated_3.tif,39,3.621543506193703e-07,False,NotDead,Stressed,0.9166666666666666,0.02,0.06333333333333334,0.9166666666666666,False,
Data_for_model/images/Crenated_3.tif,40,2.2515644386711386e-06,False,NotDead,Stressed,0.67,0.04,0.29,0.67,False,
Data_for_model/images/Crenated_3.tif,42,3.722111454607102e-07,False,NotDead,Stressed,0.54,0.44,0.02,0.54,True,uncertain_morphology; 
Data_for_model/images/Crenated_3.tif,43,6.963336319776303e-07,False,NotDead,Stressed,0.8633333333333333,0.013333333333333334,0.12333333333333334,0.8633333333333333,False,
Data_for_model/images/Crenated_3.tif,47,4.1666547101470996e-07,False,NotDead,Crenated,0.93,0.93,0.006666666666666667,0.06333333333333334,False,
Data_for_model/images/Crenated_3.tif,48,3.4215574529206094e-07,False,NotDead,Crenated,0.59,0.59,0.04666666666666667,0.36333333333333334,True,uncertain_morphology; 
Data_for_model/images/Crenated_3.tif,51,5.854459509402332e-07,False,NotDead,Crenated,1.0,1.0,0.0,0.0,False,
Data_for_model/images/Crenated_3.tif,54,1.2851576544070653e-06,False,NotDead,Crenated,0.96,0.96,0.0033333333333333335,0.03666666666666667,False,
Data_for_model/images/Crenated_3.tif,62,4.592116198187668e-06,False,NotDead,Crenated,0.9633333333333334,0.9633333333333334,0.0,0.03666666666666667,False,
Data_for_model/images/Crenated_3.tif,64,7.806897248663347e-07,False,NotDead,Crenated,0.9566666666666667,0.9566666666666667,0.0,0.043333333333333335,False,
Data_for_model/images/Crenated_3.tif,65,5.849103529964594e-06,False,NotDead,Crenated,0.63,0.63,0.013333333333333334,0.3566666666666667,False,
Data_for_model/images/Crenated_3.tif,67,1.7987853242473761e-06,False,NotDead,Crenated,1.0,1.0,0.0,0.0,False,
Data_for_model/images/Crenated_3.tif,68,8.98088006739961e-07,False,NotDead,Crenated,0.9933333333333333,0.9933333333333333,0.0,0.006666666666666667,False,
Data_for_model/images/Crenated_3.tif,69,4.194832293746842e-07,False,NotDead,Crenated,1.0,1.0,0.0,0.0,False,
Data_for_model/images/Crenated_4.tif,1,5.077001794528968e-07,False,NotDead,Healthy,0.49333333333333335,0.16666666666666666,0.49333333333333335,0.34,True,uncertain_morphology; 
Data_for_model/images/Crenated_4.tif,2,3.6944003800609693e-07,False,NotDead,Stressed,0.61,0.31333333333333335,0.07666666666666666,0.61,False,
Data_for_model/images/Crenated_4.tif,3,4.00480841489248e-07,False,NotDead,Stressed,0.5933333333333334,0.06,0.3466666666666667,0.5933333333333334,True,uncertain_morphology; 
Data_for_model/images/Crenated_4.tif,4,3.4960483319412816e-07,False,NotDead,Stressed,0.6966666666666667,0.26,0.043333333333333335,0.6966666666666667,False,
Data_for_model/images/Crenated_4.tif,5,3.4127289272323225e-07,False,NotDead,Stressed,0.61,0.07,0.32,0.61,False,
Data_for_model/images/Crenated_4.tif,6,8.732884673690045e-05,False,NotDead,Stressed,0.6066666666666667,0.12,0.2733333333333333,0.6066666666666667,False,
Data_for_model/images/Crenated_4.tif,7,3.957277870947351e-07,False,NotDead,Stressed,0.37666666666666665,0.28,0.3433333333333333,0.37666666666666665,True,uncertain_morphology; 
Data_for_model/images/Crenated_4.tif,9,3.2774007496794155e-07,False,NotDead,Stressed,0.6,0.24666666666666667,0.15333333333333332,0.6,False,
Data_for_model/images/Crenated_4.tif,13,3.6705587769247927e-07,False,NotDead,Crenated,0.95,0.95,0.0033333333333333335,0.04666666666666667,False,
Data_for_model/images/Crenated_4.tif,14,6.38397769758825e-06,False,NotDead,Stressed,0.57,0.39666666666666667,0.03333333333333333,0.57,True,uncertain_morphology; 
Data_for_model/images/Crenated_4.tif,15,3.870293469043773e-07,False,NotDead,Stressed,0.7433333333333333,0.07666666666666666,0.18,0.7433333333333333,False,
Data_for_model/images/Crenated_4.tif,16,3.7873525804421604e-07,False,NotDead,Healthy,0.7233333333333334,0.02,0.7233333333333334,0.25666666666666665,False,
Data_for_model/images/Crenated_4.tif,17,3.935633364759994e-07,False,NotDead,Stressed,0.5533333333333333,0.2833333333333333,0.16333333333333333,0.5533333333333333,True,uncertain_morphology; 
Data_for_model/images/Crenated_4.tif,18,3.527911517364757e-07,False,NotDead,Crenated,0.5966666666666667,0.5966666666666667,0.06333333333333334,0.34,True,uncertain_morphology; 
Data_for_model/images/Crenated_4.tif,20,1.8879290251128111e-06,False,NotDead,Stressed,0.51,0.11333333333333333,0.37666666666666665,0.51,True,uncertain_morphology; 
Data_for_model/images/Crenated_4.tif,21,4.096651375906646e-07,False,NotDead,Stressed,0.48333333333333334,0.26666666666666666,0.25,0.48333333333333334,True,uncertain_morphology; 
Data_for_model/images/Crenated_4.tif,22,3.339075720365514e-07,False,NotDead,Stressed,0.5266666666666666,0.17333333333333334,0.3,0.5266666666666666,True,uncertain_morphology; 
Data_for_model/images/Crenated_4.tif,26,3.4127227988012265e-07,False,NotDead,Stressed,0.64,0.33,0.03,0.64,False,
Data_for_model/images/Crenated_4.tif,29,3.5646554341628445e-07,False,NotDead,Crenated,0.5733333333333334,0.5733333333333334,0.02,0.4066666666666667,True,uncertain_morphology; 
Data_for_model/images/Crenated_4.tif,31,3.3799954712865343e-07,False,NotDead,Stressed,0.5866666666666667,0.39666666666666667,0.016666666666666666,0.5866666666666667,True,uncertain_morphology; 
Data_for_model/images/Crenated_4.tif,32,3.881224405200001e-07,False,NotDead,Crenated,0.8933333333333333,0.8933333333333333,0.013333333333333334,0.09333333333333334,False,
Data_for_model/images/Crenated_4.tif,33,3.9468576484846807e-07,False,NotDead,Stressed,0.6766666666666666,0.14333333333333334,0.18,0.6766666666666666,False,
Data_for_model/images/Crenated_4.tif,36,0.9999983122208594,False,Dead,Dead,,,,,False,
Data_for_model/images/Crenated_4.tif,37,3.8299576521350076e-07,False,NotDead,Stressed,0.61,0.16,0.23,0.61,False,
Data_for_model/images/Crenated_4.tif,38,3.6451556184591283e-07,False,NotDead,Stressed,0.54,0.3233333333333333,0.13666666666666666,0.54,True,uncertain_morphology; 
Data_for_model/images/Crenated_4.tif,40,6.67778484619852e-07,False,NotDead,Crenated,0.9366666666666666,0.9366666666666666,0.0,0.06333333333333334,False,
Data_for_model/images/Crenated_4.tif,42,4.220419074218995e-07,False,NotDead,Crenated,0.94,0.94,0.0,0.06,False,
Data_for_model/images/Crenated_4.tif,46,3.753373055692677e-07,False,NotDead,Crenated,0.9466666666666667,0.9466666666666667,0.006666666666666667,0.04666666666666667,False,
Data_for_model/images/Crenated_4.tif,47,7.134981249157235e-07,False,NotDead,Crenated,0.7466666666666667,0.7466666666666667,0.05333333333333334,0.2,False,
Data_for_model/images/Crenated_4.tif,48,1.158166515358161e-06,False,NotDead,Crenated,1.0,1.0,0.0,0.0,False,
Data_for_model/images/Crenated_4.tif,50,3.5566887934823654e-07,False,NotDead,Crenated,0.55,0.55,0.016666666666666666,0.43333333333333335,True,uncertain_morphology; 
Data_for_model/images/Crenated_4.tif,51,7.998587073787533e-07,False,NotDead,Crenated,1.0,1.0,0.0,0.0,False,
Data_for_model/images/Crenated_4.tif,52,1.293853994221994e-05,False,NotDead,Crenated,0.9266666666666666,0.9266666666666666,0.006666666666666667,0.06666666666666667,False,
Data_for_model/images/Crenated_4.tif,56,3.6263159475247164e-07,False,NotDead,Crenated,1.0,1.0,0.0,0.0,False,
Data_for_model/images/Crenated_4.tif,57,7.725462674024186e-07,False,NotDead,Crenated,1.0,1.0,0.0,0.0,False,
Data_for_model/images/Crenated_4.tif,58,4.0638931575465165e-07,False,NotDead,Crenated,0.9966666666666667,0.9966666666666667,0.0,0.0033333333333333335,False,
Data_for_model/images/Crenated_5.tif,3,3.4069038246098415e-07,False,NotDead,Crenated,0.4866666666666667,0.4866666666666667,0.043333333333333335,0.47,True,uncertain_morphology; 
Data_for_model/images/Crenated_5.tif,5,3.5085024474579285e-07,False,NotDead,Stressed,0.87,0.05,0.08,0.87,False,
Data_for_model/images/Crenated_5.tif,6,3.287001736351769e-07,False,NotDead,Stressed,0.5666666666666667,0.02666666666666667,0.4066666666666667,0.5666666666666667,True,uncertain_morphology; 
Data_for_model/images/Crenated_5.tif,10,3.452586032626215e-07,False,NotDead,Stressed,0.63,0.35333333333333333,0.016666666666666666,0.63,False,
Data_for_model/images/Crenated_5.tif,13,6.539502663827079e-07,False,NotDead,Healthy,0.68,0.0,0.68,0.32,False,
Data_for_model/images/Crenated_5.tif,14,5.883341001933218e-06,False,NotDead,Stressed,0.8266666666666667,0.016666666666666666,0.15666666666666668,0.8266666666666667,False,
Data_for_model/images/Crenated_5.tif,15,3.7389699791834374e-07,False,NotDead,Stressed,0.5933333333333334,0.29,0.11666666666666667,0.5933333333333334,True,uncertain_morphology; 
Data_for_model/images/Crenated_5.tif,16,3.6670464764743116e-07,False,NotDead,Stressed,0.6533333333333333,0.21,0.13666666666666666,0.6533333333333333,False,
Data_for_model/images/Crenated_5.tif,17,3.603347547009861e-07,False,NotDead,Crenated,0.7,0.7,0.04,0.26,False,
Data_for_model/images/Crenated_5.tif,18,3.744020954377092e-07,False,NotDead,Healthy,0.76,0.016666666666666666,0.76,0.22333333333333333,False,
Data_for_model/images/Crenated_5.tif,20,3.798703449575669e-07,False,NotDead,Crenated,0.4866666666666667,0.4866666666666667,0.03333333333333333,0.48,True,uncertain_morphology; 
Data_for_model/images/Crenated_5.tif,22,3.646984383376406e-07,False,NotDead,Stressed,0.7,0.25,0.05,0.7,False,
Data_for_model/images/Crenated_5.tif,23,3.6438677231132033e-07,False,NotDead,Crenated,0.5366666666666666,0.5366666666666666,0.05,0.41333333333333333,True,uncertain_morphology; 
Data_for_model/images/Crenated_5.tif,24,7.215175353847414e-07,False,NotDead,Crenated,0.57,0.57,0.013333333333333334,0.4166666666666667,True,uncertain_morphology; 
Data_for_model/images/Crenated_5.tif,25,4.763402814411677e-07,False,NotDead,Stressed,0.5633333333333334,0.38333333333333336,0.05333333333333334,0.5633333333333334,True,uncertain_morphology; 
Data_for_model/images/Crenated_5.tif,28,3.5338699222453585e-07,False,NotDead,Crenated,0.9733333333333334,0.9733333333333334,0.0,0.02666666666666667,False,
Data_for_model/images/Crenated_5.tif,29,6.358756796664977e-07,False,NotDead,Stressed,0.7233333333333334,0.03,0.24666666666666667,0.7233333333333334,False,
Data_for_model/images/Crenated_5.tif,30,7.675954175612176e-07,False,NotDead,Stressed,0.56,0.14,0.3,0.56,True,uncertain_morphology; 
Data_for_model/images/Crenated_5.tif,31,5.554516336880866e-07,False,NotDead,Crenated,0.8666666666666667,0.8666666666666667,0.006666666666666667,0.12666666666666668,False,
Data_for_model/images/Crenated_5.tif,32,5.472052070354394e-07,False,NotDead,Stressed,0.5333333333333333,0.07333333333333333,0.3933333333333333,0.5333333333333333,True,uncertain_morphology; 
Data_for_model/images/Crenated_5.tif,33,3.9447222421884476e-07,False,NotDead,Stressed,0.44333333333333336,0.3933333333333333,0.16333333333333333,0.44333333333333336,True,uncertain_morphology; 
Data_for_model/images/Crenated_5.tif,34,3.2972605190639825e-07,False,NotDead,Stressed,0.6433333333333333,0.09333333333333334,0.2633333333333333,0.6433333333333333,False,
Data_for_model/images/Crenated_5.tif,35,3.952040946719748e-07,False,NotDead,Crenated,0.9533333333333334,0.9533333333333334,0.006666666666666667,0.04,False,
Data_for_model/images/Crenated_5.tif,38,1.1305789929805243e-06,False,NotDead,Crenated,0.9666666666666667,0.9666666666666667,0.0,0.03333333333333333,False,
Data_for_model/images/Crenated_5.tif,39,2.183596083171757e-06,False,NotDead,Stressed,0.63,0.2733333333333333,0.09666666666666666,0.63,False,
Data_for_model/images/Crenated_5.tif,40,3.9941025653522644e-07,False,NotDead,Crenated,0.95,0.95,0.006666666666666667,0.043333333333333335,False,
Data_for_model/images/Crenated_5.tif,43,7.528343745066834e-07,False,NotDead,Crenated,0.98,0.98,0.0,0.02,False,
Data_for_model/images/Crenated_5.tif,45,3.5551658705834654e-07,False,NotDead,Stressed,0.5633333333333334,0.4033333333333333,0.03333333333333333,0.5633333333333334,True,uncertain_morphology; 
Data_for_model/images/Crenated_5.tif,46,4.119293877113961e-07,False,NotDead,Crenated,1.0,1.0,0.0,0.0,False,
Data_for_model/images/Crenated_5.tif,48,4.5113510493965947e-07,False,NotDead,Crenated,0.9966666666666667,0.9966666666666667,0.0,0.0033333333333333335,False,
Data_for_model/images/Crenated_5.tif,50,8.921821301743904e-07,False,NotDead,Crenated,0.99,0.99,0.0033333333333333335,0.006666666666666667,False,
Data_for_model/images/Crenated_5.tif,51,3.7921053974709906e-07,False,NotDead,Crenated,0.9966666666666667,0.9966666666666667,0.0,0.0033333333333333335,False,
Data_for_model/images/Crenated_5.tif,52,1.623574127918026e-05,False,NotDead,Crenated,1.0,1.0,0.0,0.0,False,
Data_for_model/images/Crenated_5.tif,53,3.781571831229513e-07,False,NotDead,Crenated,0.9766666666666667,0.9766666666666667,0.0,0.023333333333333334,False,
Data_for_model/images/Crenated_5.tif,55,3.893685107669853e-07,False,NotDead,Crenated,0.9066666666666666,0.9066666666666666,0.0,0.09333333333333334,False,
Data_for_model/images/Crenated_5.tif,58,4.0279021507050317e-07,False,NotDead,Crenated,0.9966666666666667,0.9966666666666667,0.0,0.0033333333333333335,False,
Data_for_model/images/Crenated_5.tif,59,8.535718100111112e-07,False,NotDead,Crenated,1.0,1.0,0.0,0.0,False,
Data_for_model/images/Crenated_6.tif,4,5.200171329100556e-07,False,NotDead,Healthy,0.6366666666666667,0.043333333333333335,0.6366666666666667,0.32,False,
Data_for_model/images/Crenated_6.tif,5,6.358697595132412e-07,False,NotDead,Stressed,0.8133333333333334,0.15333333333333332,0.03333333333333333,0.8133333333333334,False,
Data_for_model/images/Crenated_6.tif,7,3.504478587323945e-07,False,NotDead,Stressed,0.6433333333333333,0.22333333333333333,0.13333333333333333,0.6433333333333333,False,
Data_for_model/images/Crenated_6.tif,8,3.7857502122040643e-07,False,NotDead,Healthy,0.77,0.013333333333333334,0.77,0.21666666666666667,False,
Data_for_model/images/Crenated_6.tif,9,3.605394048866728e-07,False,NotDead,Stressed,0.8533333333333334,0.03666666666666667,0.11,0.8533333333333334,False,
Data_for_model/images/Crenated_6.tif,10,4.4134011401020246e-07,False,NotDead,Stressed,0.5566666666666666,0.10666666666666667,0.33666666666666667,0.5566666666666666,True,uncertain_morphology; 
Data_for_model/images/Crenated_6.tif,12,4.227543515256116e-07,False,NotDead,Stressed,0.5133333333333333,0.42333333333333334,0.06333333333333334,0.5133333333333333,True,uncertain_morphology; 
Data_for_model/images/Crenated_6.tif,13,3.4117297076363684e-07,False,NotDead,Healthy,0.78,0.03,0.78,0.19,False,
Data_for_model/images/Crenated_6.tif,14,3.777571485619191e-07,False,NotDead,Healthy,0.67,0.02,0.67,0.31,False,
Data_for_model/images/Crenated_6.tif,15,6.61768279897057e-06,False,NotDead,Stressed,0.7766666666666666,0.19333333333333333,0.03,0.7766666666666666,False,
Data_for_model/images/Crenated_6.tif,17,3.555486128847818e-07,False,NotDead,Stressed,0.89,0.08333333333333333,0.02666666666666667,0.89,False,
Data_for_model/images/Crenated_6.tif,20,2.2493030386039337e-06,False,NotDead,Stressed,0.6,0.21666666666666667,0.18333333333333332,0.6,False,
Data_for_model/images/Crenated_6.tif,22,3.201339878633469e-06,False,NotDead,Crenated,0.51,0.51,0.10333333333333333,0.38666666666666666,True,uncertain_morphology; 
Data_for_model/images/Crenated_6.tif,23,3.6438545203409944e-07,False,NotDead,Healthy,0.7833333333333333,0.02666666666666667,0.7833333333333333,0.19,False,
Data_for_model/images/Crenated_6.tif,24,0.978532386831739,False,Dead,Dead,,,,,False,
Data_for_model/images/Crenated_6.tif,25,4.6861310076806717e-07,False,NotDead,Crenated,0.8033333333333333,0.8033333333333333,0.016666666666666666,0.18,False,
Data_for_model/images/Crenated_6.tif,26,3.297076326402859e-07,False,NotDead,Stressed,0.7366666666666667,0.07,0.19333333333333333,0.7366666666666667,False,
Data_for_model/images/Crenated_6.tif,27,3.7856619250487e-07,False,NotDead,Crenated,0.97,0.97,0.0033333333333333335,0.02666666666666667,False,
Data_for_model/images/Crenated_6.tif,29,6.615281356037173e-07,False,NotDead,Crenated,0.57,0.57,0.02666666666666667,0.4033333333333333,True,uncertain_morphology; 
Data_for_model/images/Crenated_6.tif,30,3.488442483767784e-07,False,NotDead,Stressed,0.7866666666666666,0.14666666666666667,0.06666666666666667,0.7866666666666666,False,
Data_for_model/images/Crenated_6.tif,32,5.699045404927716e-06,False,NotDead,Healthy,0.7766666666666666,0.0,0.7766666666666666,0.22333333333333333,False,
Data_for_model/images/Crenated_6.tif,33,3.93524979158677e-07,False,NotDead,Crenated,0.9466666666666667,0.9466666666666667,0.006666666666666667,0.04666666666666667,False,
Data_for_model/images/Crenated_6.tif,35,0.9946037974062295,False,Dead,Dead,,,,,False,
Data_for_model/images/Crenated_6.tif,36,1.1593910641427563e-05,False,NotDead,Stressed,0.58,0.19666666666666666,0.22333333333333333,0.58,True,uncertain_morphology; 
Data_for_model/images/Crenated_6.tif,37,3.803485256748118e-07,False,NotDead,Crenated,0.7,0.7,0.04666666666666667,0.25333333333333335,False,
Data_for_model/images/Crenated_6.tif,39,9.14518932249031e-07,False,NotDead,Crenated,0.7233333333333334,0.7233333333333334,0.006666666666666667,0.27,False,
Data_for_model/images/Crenated_6.tif,40,6.49546608499918e-07,False,NotDead,Healthy,0.57,0.03,0.57,0.4,True,uncertain_morphology; 
Data_for_model/images/Crenated_6.tif,44,3.67641207588143e-07,False,NotDead,Crenated,0.6966666666666667,0.6966666666666667,0.023333333333333334,0.28,False,
Data_for_model/images/Crenated_6.tif,45,6.650908737082517e-07,False,NotDead,Crenated,0.5766666666666667,0.5766666666666667,0.02666666666666667,0.39666666666666667,True,uncertain_morphology; 
Data_for_model/images/Crenated_6.tif,48,1.3064128071560432e-06,False,NotDead,Crenated,0.5133333333333333,0.5133333333333333,0.03333333333333333,0.4533333333333333,True,uncertain_morphology; 
Data_for_model/images/Crenated_6.tif,50,4.3383235370786366e-07,False,NotDead,Crenated,1.0,1.0,0.0,0.0,False,
Data_for_model/images/Crenated_6.tif,54,1.365594881730381e-06,False,NotDead,Crenated,0.9666666666666667,0.9666666666666667,0.01,0.023333333333333334,False,
Data_for_model/images/Crenated_6.tif,55,3.983888960945592e-07,False,NotDead,Crenated,1.0,1.0,0.0,0.0,False,
Data_for_model/images/Crenated_6.tif,58,3.807209134620848e-07,False,NotDead,Crenated,0.7533333333333333,0.7533333333333333,0.0033333333333333335,0.24333333333333335,False,
Data_for_model/images/Crenated_6.tif,61,7.657449119236048e-07,False,NotDead,Crenated,1.0,1.0,0.0,0.0,False,
Data_for_model/images/Crenated_6.tif,62,6.918117171350602e-07,False,NotDead,Crenated,0.6233333333333333,0.6233333333333333,0.04666666666666667,0.33,False,
Data_for_model/images/Crenated_6.tif,63,3.793416523123483e-07,False,NotDead,Crenated,0.9933333333333333,0.9933333333333333,0.0,0.006666666666666667,False,
Data_for_model/images/Crenated_6.tif,70,0.0024651200683455388,False,NotDead,Stressed,0.5166666666666667,0.45666666666666667,0.02666666666666667,0.5166666666666667,True,uncertain_morphology; 
Data_for_model/images/Crenated_6.tif,72,1.319116765485795e-06,False,NotDead,Crenated,0.9633333333333334,0.9633333333333334,0.0033333333333333335,0.03333333333333333,False,
Data_for_model/images/Crenated_6.tif,76,2.1450940765332938e-05,False,NotDead,Crenated,0.9433333333333334,0.9433333333333334,0.0033333333333333335,0.05333333333333334,False,
Data_for_model/images/Crenated_7.tif,1,4.682966235902697e-07,False,NotDead,Healthy,0.7333333333333333,0.01,0.7333333333333333,0.25666666666666665,False,
Data_for_model/images/Crenated_7.tif,3,3.427156614055349e-07,False,NotDead,Healthy,0.5633333333333334,0.023333333333333334,0.5633333333333334,0.41333333333333333,True,uncertain_morphology; 
Data_for_model/images/Crenated_7.tif,5,4.370609841819473e-07,False,NotDead,Stressed,0.6766666666666666,0.24,0.08333333333333333,0.6766666666666666,False,
Data_for_model/images/Crenated_7.tif,7,7.000089421449474e-07,False,NotDead,Healthy,0.8233333333333334,0.01,0.8233333333333334,0.16666666666666666,False,
Data_for_model/images/Crenated_7.tif,8,6.610678540130976e-07,False,NotDead,Healthy,0.6766666666666666,0.01,0.6766666666666666,0.31333333333333335,False,
Data_for_model/images/Crenated_7.tif,9,3.977047321468419e-07,False,NotDead,Healthy,0.71,0.03666666666666667,0.71,0.25333333333333335,False,
Data_for_model/images/Crenated_7.tif,10,4.6722121127551475e-07,False,NotDead,Healthy,0.71,0.03333333333333333,0.71,0.25666666666666665,False,
Data_for_model/images/Crenated_7.tif,11,4.0642554255398977e-07,False,NotDead,Healthy,0.5333333333333333,0.09,0.5333333333333333,0.37666666666666665,True,uncertain_morphology; 
Data_for_model/images/Crenated_7.tif,12,3.464423888877022e-07,False,NotDead,Healthy,0.5233333333333333,0.01,0.5233333333333333,0.4666666666666667,True,uncertain_morphology; 
Data_for_model/images/Crenated_7.tif,18,3.59758998369486e-07,False,NotDead,Healthy,0.77,0.016666666666666666,0.77,0.21333333333333335,False,
Data_for_model/images/Crenated_7.tif,19,6.272738426127411e-06,False,NotDead,Stressed,0.7133333333333334,0.2733333333333333,0.013333333333333334,0.7133333333333334,False,
Data_for_model/images/Crenated_7.tif,20,3.417310885378555e-07,False,NotDead,Stressed,0.6033333333333334,0.23666666666666666,0.16,0.6033333333333334,False,
Data_for_model/images/Crenated_7.tif,21,3.638880560208335e-07,False,NotDead,Stressed,0.7033333333333334,0.24666666666666667,0.05,0.7033333333333334,False,
Data_for_model/images/Crenated_7.tif,27,1.6899384325252953e-06,False,NotDead,Crenated,0.4666666666666667,0.4666666666666667,0.20333333333333334,0.33,True,uncertain_morphology; 
Data_for_model/images/Crenated_7.tif,28,1.982625596363974e-06,False,NotDead,Stressed,0.7133333333333334,0.07333333333333333,0.21333333333333335,0.7133333333333334,False,
Data_for_model/images/Crenated_7.tif,29,3.4066995480142026e-07,False,NotDead,Healthy,0.7333333333333333,0.03333333333333333,0.7333333333333333,0.23333333333333334,False,
Data_for_model/images/Crenated_7.tif,30,6.705367623371927e-07,False,NotDead,Stressed,0.88,0.03333333333333333,0.08666666666666667,0.88,False,
Data_for_model/images/Crenated_7.tif,31,3.488512938520927e-07,False,NotDead,Stressed,0.9233333333333333,0.023333333333333334,0.05333333333333334,0.9233333333333333,False,
Data_for_model/images/Crenated_7.tif,33,6.208011175123929e-07,False,NotDead,Stressed,0.62,0.2866666666666667,0.09333333333333334,0.62,False,
Data_for_model/images/Crenated_7.tif,34,6.75118705717459e-07,False,NotDead,Stressed,0.8966666666666666,0.04,0.06333333333333334,0.8966666666666666,False,
Data_for_model/images/Crenated_7.tif,35,4.538574315260391e-07,False,NotDead,Crenated,1.0,1.0,0.0,0.0,False,
Data_for_model/images/Crenated_7.tif,41,8.68833794798185e-07,False,NotDead,Stressed,0.7633333333333333,0.043333333333333335,0.19333333333333333,0.7633333333333333,False,
Data_for_model/images/Crenated_7.tif,42,3.452591854635756e-07,False,NotDead,Stressed,0.88,0.09333333333333334,0.02666666666666667,0.88,False,
Data_for_model/images/Crenated_7.tif,43,1.4759102681005665e-05,False,NotDead,Crenated,0.99,0.99,0.0033333333333333335,0.006666666666666667,False,
Data_for_model/images/Crenated_7.tif,44,3.722349224410948e-07,False,NotDead,Crenated,0.99,0.99,0.0,0.01,False,
Data_for_model/images/Crenated_7.tif,45,3.600924745050804e-07,False,NotDead,Crenated,0.6533333333333333,0.6533333333333333,0.02,0.32666666666666666,False,
Data_for_model/images/Crenated_7.tif,51,7.424643976294831e-07,False,NotDead,Crenated,1.0,1.0,0.0,0.0,False,
Data_for_model/images/Crenated_7.tif,60,7.013817282075507e-06,False,NotDead,Crenated,0.7266666666666667,0.7266666666666667,0.013333333333333334,0.26,False,
Data_for_model/images/Crenated_7.tif,61,4.5238410117942607e-07,False,NotDead,Crenated,1.0,1.0,0.0,0.0,False,
Data_for_model/images/Crenated_7.tif,63,1.362668338278361e-06,False,NotDead,Crenated,0.99,0.99,0.0,0.01,False,
Data_for_model/images/Crenated_8.tif,3,3.4474569898801377e-07,False,NotDead,Stressed,0.7833333333333333,0.18,0.03666666666666667,0.7833333333333333,False,
Data_for_model/images/Crenated_8.tif,5,1.2116651223248454e-05,False,NotDead,Stressed,0.62,0.02,0.36,0.62,False,
Data_for_model/images/Crenated_8.tif,6,3.4014215932742786e-07,False,NotDead,Stressed,0.71,0.09666666666666666,0.19333333333333333,0.71,False,
Data_for_model/images/Crenated_8.tif,8,3.6528305180638654e-07,False,NotDead,Stressed,0.6566666666666666,0.17666666666666667,0.16666666666666666,0.6566666666666666,False,
Data_for_model/images/Crenated_8.tif,9,6.606913363071953e-07,False,NotDead,Stressed,0.7533333333333333,0.08333333333333333,0.16333333333333333,0.7533333333333333,False,
Data_for_model/images/Crenated_8.tif,11,3.514118644964981e-07,False,NotDead,Stressed,0.7833333333333333,0.02666666666666667,0.19,0.7833333333333333,False,
Data_for_model/images/Crenated_8.tif,13,4.331611256347401e-07,False,NotDead,Stressed,0.72,0.25333333333333335,0.02666666666666667,0.72,False,
Data_for_model/images/Crenated_8.tif,14,3.8387473078049794e-07,False,NotDead,Crenated,0.7,0.7,0.03333333333333333,0.26666666666666666,False,
Data_for_model/images/Crenated_8.tif,16,3.7049057599602975e-07,False,NotDead,Stressed,0.92,0.0033333333333333335,0.07666666666666666,0.92,False,
Data_for_model/images/Crenated_8.tif,18,3.39691085371463e-07,False,NotDead,Stressed,0.7533333333333333,0.22333333333333333,0.023333333333333334,0.7533333333333333,False,
Data_for_model/images/Crenated_8.tif,21,3.8151863768209893e-07,False,NotDead,Crenated,0.8266666666666667,0.8266666666666667,0.01,0.16333333333333333,False,
Data_for_model/images/Crenated_8.tif,22,3.2048820630681263e-07,False,NotDead,Stressed,0.8966666666666666,0.08,0.023333333333333334,0.8966666666666666,False,
Data_for_model/images/Crenated_8.tif,23,6.11168476050139e-07,False,NotDead,Healthy,0.93,0.0,0.93,0.07,False,
Data_for_model/images/Crenated_8.tif,24,3.778600676795918e-07,False,NotDead,Crenated,0.85,0.85,0.02,0.13,False,
Data_for_model/images/Crenated_8.tif,28,3.860159063506785e-07,False,NotDead,Crenated,0.81,0.81,0.023333333333333334,0.16666666666666666,False,
Data_for_model/images/Crenated_8.tif,29,3.37395228533488e-07,False,NotDead,Healthy,0.6466666666666666,0.04666666666666667,0.6466666666666666,0.30666666666666664,False,
Data_for_model/images/Crenated_8.tif,31,3.8680235525667683e-07,False,NotDead,Crenated,0.91,0.91,0.01,0.08,False,
Data_for_model/images/Crenated_8.tif,34,6.823469576033858e-07,False,NotDead,Stressed,0.7766666666666666,0.20333333333333334,0.02,0.7766666666666666,False,
Data_for_model/images/Crenated_8.tif,35,6.797501304056652e-07,False,NotDead,Stressed,0.5333333333333333,0.01,0.45666666666666667,0.5333333333333333,True,uncertain_morphology; 
Data_for_model/images/Crenated_8.tif,38,4.0772148535150876e-07,False,NotDead,Crenated,0.9733333333333334,0.9733333333333334,0.0033333333333333335,0.023333333333333334,False,
Data_for_model/images/Crenated_8.tif,39,3.9612277891176717e-07,False,NotDead,Crenated,1.0,1.0,0.0,0.0,False,
Data_for_model/images/Crenated_8.tif,40,7.138758411073809e-07,False,NotDead,Stressed,0.67,0.31666666666666665,0.013333333333333334,0.67,False,
Data_for_model/images/Crenated_8.tif,41,4.0343508289630847e-07,False,NotDead,Crenated,0.9966666666666667,0.9966666666666667,0.0033333333333333335,0.0,False,
Data_for_model/images/Crenated_8.tif,44,0.00026186963226726423,False,NotDead,Healthy,0.4533333333333333,0.17,0.4533333333333333,0.37666666666666665,True,uncertain_morphology; 
Data_for_model/images/Crenated_8.tif,46,8.522807691813128e-07,False,NotDead,Crenated,0.84,0.84,0.03,0.13,False,
Data_for_model/images/Crenated_8.tif,52,7.074005211604728e-07,False,NotDead,Crenated,0.99,0.99,0.0,0.01,False,
Data_for_model/images/Crenated_8.tif,53,1.4741183230082555e-05,False,NotDead,Stressed,0.47333333333333333,0.4,0.12666666666666668,0.47333333333333333,True,uncertain_morphology; 
Data_for_model/images/Crenated_8.tif,55,4.529231292238478e-07,False,NotDead,Crenated,1.0,1.0,0.0,0.0,False,
Data_for_model/images/Crenated_8.tif,58,4.227491399166894e-07,False,NotDead,Crenated,0.9566666666666667,0.9566666666666667,0.006666666666666667,0.03666666666666667,False,
Data_for_model/images/Crenated_8.tif,59,6.082943145857556e-07,False,NotDead,Crenated,1.0,1.0,0.0,0.0,False,
Data_for_model/images/Crenated_8.tif,60,1.6127392775677762e-06,False,NotDead,Crenated,0.9633333333333334,0.9633333333333334,0.0,0.03666666666666667,False,
Data_for_model/images/Crenated_8.tif,61,6.834954902057433e-07,False,NotDead,Crenated,0.9133333333333333,0.9133333333333333,0.013333333333333334,0.07333333333333333,False,
Data_for_model/images/Crenated_8.tif,65,0.9999955632178987,False,Dead,Dead,,,,,False,
Data_for_model/images/Crenated_8.tif,67,9.347991317687487e-07,False,NotDead,Crenated,1.0,1.0,0.0,0.0,False,
Data_for_model/images/Crenated_8.tif,68,7.154322461455642e-06,False,NotDead,Crenated,0.96,0.96,0.0,0.04,False,
Data_for_model/images/Crenated_9.tif,1,3.898645749567109e-07,False,NotDead,Stressed,0.8066666666666666,0.12333333333333334,0.07,0.8066666666666666,False,
Data_for_model/images/Crenated_9.tif,5,3.7050985945974446e-07,False,NotDead,Stressed,0.8033333333333333,0.15,0.04666666666666667,0.8033333333333333,False,
Data_for_model/images/Crenated_9.tif,7,7.900427503315655e-07,False,NotDead,Healthy,0.6233333333333333,0.016666666666666666,0.6233333333333333,0.36,False,
Data_for_model/images/Crenated_9.tif,11,1.2327536031531139e-05,False,NotDead,Stressed,0.96,0.02,0.02,0.96,False,
Data_for_model/images/Crenated_9.tif,12,7.308071224843005e-07,False,NotDead,Healthy,0.9466666666666667,0.0,0.9466666666666667,0.05333333333333334,False,
Data_for_model/images/Crenated_9.tif,13,3.9063465018251975e-07,False,NotDead,Stressed,0.86,0.12333333333333334,0.016666666666666666,0.86,False,
Data_for_model/images/Crenated_9.tif,14,7.86784198902879e-07,False,NotDead,Stressed,0.5133333333333333,0.03666666666666667,0.45,0.5133333333333333,True,uncertain_morphology; 
Data_for_model/images/Crenated_9.tif,17,6.172873953547153e-06,False,NotDead,Healthy,0.7933333333333333,0.01,0.7933333333333333,0.19666666666666666,False,
Data_for_model/images/Crenated_9.tif,18,3.5854931357270914e-07,False,NotDead,Crenated,0.9466666666666667,0.9466666666666667,0.006666666666666667,0.04666666666666667,False,
Data_for_model/images/Crenated_9.tif,20,3.439283250417091e-07,False,NotDead,Crenated,0.6566666666666666,0.6566666666666666,0.06,0.2833333333333333,False,
Data_for_model/images/Crenated_9.tif,21,3.631260292458194e-07,False,NotDead,Stressed,0.9266666666666666,0.056666666666666664,0.016666666666666666,0.9266666666666666,False,
Data_for_model/images/Crenated_9.tif,23,7.789575710015484e-07,False,NotDead,Crenated,0.5566666666666666,0.5566666666666666,0.08333333333333333,0.36,True,uncertain_morphology; 
Data_for_model/images/Crenated_9.tif,24,5.915662393274346e-07,False,NotDead,Healthy,0.78,0.006666666666666667,0.78,0.21333333333333335,False,
Data_for_model/images/Crenated_9.tif,26,4.0814758284213326e-07,False,NotDead,Crenated,0.79,0.79,0.006666666666666667,0.20333333333333334,False,
Data_for_model/images/Crenated_9.tif,27,2.2152708398781584e-06,False,NotDead,Healthy,0.6566666666666666,0.0033333333333333335,0.6566666666666666,0.34,False,
Data_for_model/images/Crenated_9.tif,31,3.5972659317984323e-07,False,NotDead,Stressed,0.7333333333333333,0.09333333333333334,0.17333333333333334,0.7333333333333333,False,
Data_for_model/images/Crenated_9.tif,32,6.202267645027959e-07,False,NotDead,Stressed,0.7333333333333333,0.013333333333333334,0.25333333333333335,0.7333333333333333,False,
Data_for_model/images/Crenated_9.tif,33,3.373656335403652e-07,False,NotDead,Stressed,0.8633333333333333,0.02666666666666667,0.11,0.8633333333333333,False,
Data_for_model/images/Crenated_9.tif,34,5.637674814762406e-07,False,NotDead,Stressed,0.5266666666666666,0.02,0.4533333333333333,0.5266666666666666,True,uncertain_morphology; 
Data_for_model/images/Crenated_9.tif,35,7.000028714454487e-07,False,NotDead,Healthy,0.52,0.01,0.52,0.47,True,uncertain_morphology; 
Data_for_model/images/Crenated_9.tif,36,3.2048560238973067e-07,False,NotDead,Stressed,0.8066666666666666,0.02,0.17333333333333334,0.8066666666666666,False,
Data_for_model/images/Crenated_9.tif,38,6.166853731004451e-07,False,NotDead,Healthy,0.7933333333333333,0.006666666666666667,0.7933333333333333,0.2,False,
Data_for_model/images/Crenated_9.tif,41,7.938265091933516e-07,False,NotDead,Crenated,0.7266666666666667,0.7266666666666667,0.013333333333333334,0.26,False,
Data_for_model/images/Crenated_9.tif,42,6.970897893365802e-07,False,NotDead,Crenated,0.9733333333333334,0.9733333333333334,0.0,0.02666666666666667,False,
Data_for_model/images/Crenated_9.tif,43,7.053731185813206e-07,False,NotDead,Stressed,0.6366666666666667,0.36,0.0033333333333333335,0.6366666666666667,False,
Data_for_model/images/Crenated_9.tif,48,1.2215923081537738e-05,False,NotDead,Crenated,1.0,1.0,0.0,0.0,False,
Data_for_model/images/Crenated_9.tif,49,3.975865574545878e-07,False,NotDead,Crenated,0.99,0.99,0.0,0.01,False,
Data_for_model/images/Crenated_9.tif,50,4.4010726296672686e-07,False,NotDead,Crenated,1.0,1.0,0.0,0.0,False,
Data_for_model/images/Crenated_9.tif,51,9.301992023313943e-07,False,NotDead,Crenated,0.7533333333333333,0.7533333333333333,0.006666666666666667,0.24,False,
Data_for_model/images/Crenated_9.tif,53,1.2367044451844222e-05,False,NotDead,Crenated,0.9966666666666667,0.9966666666666667,0.0,0.0033333333333333335,False,
Data_for_model/images/Crenated_9.tif,54,7.339356704605393e-07,False,NotDead,Crenated,0.9,0.9,0.01,0.09,False,
Data_for_model/images/Crenated_9.tif,56,5.560168802043464e-07,False,NotDead,Crenated,0.9966666666666667,0.9966666666666667,0.0,0.0033333333333333335,False,
Data_for_model/images/Crenated_9.tif,58,0.340494795027772,False,NotDead,Stressed,0.42333333333333334,0.38666666666666666,0.19,0.42333333333333334,True,uncertain_morphology; 
Data_for_model/images/Crenated_9.tif,59,3.866678609520946e-07,False,NotDead,Crenated,1.0,1.0,0.0,0.0,False,
Data_for_model/images/Crenated_9.tif,61,2.212758829944761e-06,False,NotDead,Crenated,0.9966666666666667,0.9966666666666667,0.0,0.0033333333333333335,False,
Data_for_model/images/Crenated_9.tif,63,4.4549860267473207e-07,False,NotDead,Crenated,0.7066666666666667,0.7066666666666667,0.0033333333333333335,0.29,False,
Data_for_model/images/Dead_cells_1.tif,1,0.9999100670928253,False,Dead,Dead,,,,,False,
Data_for_model/images/Dead_cells_1.tif,2,0.9999961141540565,False,Dead,Dead,,,,,False,
Data_for_model/images/Dead_cells_1.tif,3,0.9999988427288008,False,Dead,Dead,,,,,False,
Data_for_model/images/Dead_cells_1.tif,4,0.9999996341554399,False,Dead,Dead,,,,,False,
Data_for_model/images/Dead_cells_1.tif,6,0.9999996426475158,False,Dead,Dead,,,,,False,
Data_for_model/images/Dead_cells_1.tif,7,0.9999995542907124,False,Dead,Dead,,,,,False,
Data_for_model/images/Dead_cells_1.tif,8,0.9999996252990678,False,Dead,Dead,,,,,False,
Data_for_model/images/Dead_cells_1.tif,9,0.9999996068495672,False,Dead,Dead,,,,,False,
Data_for_model/images/Dead_cells_1.tif,11,0.9999996230889295,False,Dead,Dead,,,,,False,
Data_for_model/images/Dead_cells_1.tif,16,1.2437111079788288e-05,False,NotDead,Stressed,0.5866666666666667,0.19333333333333333,0.22,0.5866666666666667,True,uncertain_morphology; 
Data_for_model/images/Dead_cells_1.tif,17,0.9999996421233595,False,Dead,Dead,,,,,False,
Data_for_model/images/Dead_cells_1.tif,18,0.9999995991615146,False,Dead,Dead,,,,,False,
Data_for_model/images/Dead_cells_1.tif,19,0.9999975445317794,False,Dead,Dead,,,,,False,
Data_for_model/images/Dead_cells_1.tif,21,0.9999996172929986,False,Dead,Dead,,,,,False,
Data_for_model/images/Dead_cells_1.tif,22,0.9999996525964576,False,Dead,Dead,,,,,False,
Data_for_model/images/Dead_cells_1.tif,23,0.9999996584718371,False,Dead,Dead,,,,,False,
Data_for_model/images/Dead_cells_1.tif,24,0.9999996145634797,False,Dead,Dead,,,,,False,
Data_for_model/images/Dead_cells_1.tif,25,0.9999967985056831,False,Dead,Dead,,,,,False,
Data_for_model/images/Dead_cells_1.tif,26,0.9999966932990103,False,Dead,Dead,,,,,False,
Data_for_model/images/Dead_cells_1.tif,27,0.9999996458990217,False,Dead,Dead,,,,,False,
Data_for_model/images/Dead_cells_1.tif,30,0.9999995994886858,False,Dead,Dead,,,,,False,
Data_for_model/images/Dead_cells_1.tif,31,0.9999996299680216,False,Dead,Dead,,,,,False,
Data_for_model/images/Dead_cells_1.tif,32,0.9999352339471311,False,Dead,Dead,,,,,False,
Data_for_model/images/Dead_cells_1.tif,33,0.9999995840686677,False,Dead,Dead,,,,,False,
Data_for_model/images/Dead_cells_1.tif,35,0.9999980989041092,False,Dead,Dead,,,,,False,
Data_for_model/images/Dead_cells_10.tif,1,7.984160890761594e-06,False,NotDead,Healthy,0.5766666666666667,0.06333333333333334,0.5766666666666667,0.36,True,uncertain_morphology; 
Data_for_model/images/Dead_cells_10.tif,2,0.9999981604317859,False,Dead,Dead,,,,,False,
Data_for_model/images/Dead_cells_10.tif,6,0.9999988350146785,False,Dead,Dead,,,,,False,
Data_for_model/images/Dead_cells_10.tif,8,0.999990888372285,False,Dead,Dead,,,,,False,
Data_for_model/images/Dead_cells_10.tif,9,0.9987881672491892,False,Dead,Dead,,,,,False,
Data_for_model/images/Dead_cells_10.tif,10,0.9999996461970297,False,Dead,Dead,,,,,False,
Data_for_model/images/Dead_cells_10.tif,11,0.9999991984516882,False,Dead,Dead,,,,,False,
Data_for_model/images/Dead_cells_10.tif,13,0.999999615925827,False,Dead,Dead,,,,,False,
Data_for_model/images/Dead_cells_10.tif,14,0.9999995900895629,False,Dead,Dead,,,,,False,
Data_for_model/images/Dead_cells_10.tif,15,0.9999988177970144,False,Dead,Dead,,,,,False,
Data_for_model/images/Dead_cells_10.tif,19,0.9999977841756839,False,Dead,Dead,,,,,False,
Data_for_model/images/Dead_cells_10.tif,23,0.9999977156098041,False,Dead,Dead,,,,,False,
Data_for_model/images/Dead_cells_11.tif,2,0.999999580075546,False,Dead,Dead,,,,,False,
Data_for_model/images/Dead_cells_11.tif,3,0.9999996578798372,False,Dead,Dead,,,,,False,
Data_for_model/images/Dead_cells_11.tif,5,0.9999996214691811,False,Dead,Dead,,,,,False,
Data_for_model/images/Dead_cells_11.tif,6,0.9999935245775471,False,Dead,Dead,,,,,False,
Data_for_model/images/Dead_cells_11.tif,7,0.9999995228269023,False,Dead,Dead,,,,,False,
Data_for_model/images/Dead_cells_11.tif,10,0.9999988268374451,False,Dead,Dead,,,,,False,
Data_for_model/images/Dead_cells_11.tif,11,0.9999995376597162,False,Dead,Dead,,,,,False,
Data_for_model/images/Dead_cells_11.tif,13,0.9999996269019891,False,Dead,Dead,,,,,False,
Data_for_model/images/Dead_cells_11.tif,14,0.9999993055826393,False,Dead,Dead,,,,,False,
Data_for_model/images/Dead_cells_11.tif,15,0.9999996309784641,False,Dead,Dead,,,,,False,
Data_for_model/images/Dead_cells_11.tif,16,0.9999995163863332,False,Dead,Dead,,,,,False,
Data_for_model/images/Dead_cells_11.tif,19,0.9999989003922253,False,Dead,Dead,,,,,False,
Data_for_model/images/Dead_cells_11.tif,20,0.1306892832968034,False,NotDead,Healthy,0.4066666666666667,0.22666666666666666,0.4066666666666667,0.36666666666666664,True,uncertain_morphology; 
Data_for_model/images/Dead_cells_11.tif,22,0.9799629258615499,False,Dead,Dead,,,,,False,
Data_for_model/images/Dead_cells_11.tif,25,0.9999973715944345,False,Dead,Dead,,,,,False,
Data_for_model/images/Dead_cells_11.tif,27,0.99999910222539,False,Dead,Dead,,,,,False,
Data_for_model/images/Dead_cells_11.tif,28,0.9967724060934773,False,Dead,Dead,,,,,False,
Data_for_model/images/Dead_cells_11.tif,53,0.9999956341516165,False,Dead,Dead,,,,,False,
Data_for_model/images/Dead_cells_12.tif,1,0.9999989714349731,False,Dead,Dead,,,,,False,
Data_for_model/images/Dead_cells_12.tif,2,0.9999995942530866,False,Dead,Dead,,,,,False,
Data_for_model/images/Dead_cells_12.tif,3,0.9999995120618612,False,Dead,Dead,,,,,False,
Data_for_model/images/Dead_cells_12.tif,4,0.9999996188697251,False,Dead,Dead,,,,,False,
Data_for_model/images/Dead_cells_12.tif,6,0.9999996046330291,False,Dead,Dead,,,,,False,
Data_for_model/images/Dead_cells_12.tif,8,0.9999977926068353,False,Dead,Dead,,,,,False,
Data_for_model/images/Dead_cells_12.tif,11,0.9999996011055715,False,Dead,Dead,,,,,False,
Data_for_model/images/Dead_cells_12.tif,12,0.9999734167009339,False,Dead,Dead,,,,,False,
Data_for_model/images/Dead_cells_12.tif,16,0.9999995845190329,False,Dead,Dead,,,,,False,
Data_for_model/images/Dead_cells_12.tif,17,0.9999996498187558,False,Dead,Dead,,,,,False,
Data_for_model/images/Dead_cells_12.tif,18,0.9999980664244807,False,Dead,Dead,,,,,False,
Data_for_model/images/Dead_cells_12.tif,19,0.9999996160413593,False,Dead,Dead,,,,,False,
Data_for_model/images/Dead_cells_12.tif,26,0.9999995986675851,False,Dead,Dead,,,,,False,
Data_for_model/images/Dead_cells_12.tif,30,0.9999873088204126,False,Dead,Dead,,,,,False,
Data_for_model/images/Dead_cells_13.tif,3,0.9999990470049408,False,Dead,Dead,,,,,False,
Data_for_model/images/Dead_cells_13.tif,4,0.9999990653134555,False,Dead,Dead,,,,,False,
Data_for_model/images/Dead_cells_13.tif,5,0.9999996374487127,False,Dead,Dead,,,,,False,
Data_for_model/images/Dead_cells_13.tif,6,1.9636651291343732e-05,False,NotDead,Stressed,0.4,0.31,0.29,0.4,True,uncertain_morphology; 
Data_for_model/images/Dead_cells_13.tif,7,0.9999989146399876,False,Dead,Dead,,,,,False,
Data_for_model/images/Dead_cells_13.tif,11,0.9999981091328942,False,Dead,Dead,,,,,False,
Data_for_model/images/Dead_cells_13.tif,12,0.9999992930907429,False,Dead,Dead,,,,,False,
Data_for_model/images/Dead_cells_13.tif,15,0.9999995665179607,False,Dead,Dead,,,,,False,
Data_for_model/images/Dead_cells_13.tif,16,0.9999995948637544,False,Dead,Dead,,,,,False,
Data_for_model/images/Dead_cells_13.tif,17,0.99999944409095,False,Dead,Dead,,,,,False,
Data_for_model/images/Dead_cells_13.tif,19,0.9999995807870607,False,Dead,Dead,,,,,False,
Data_for_model/images/Dead_cells_13.tif,21,0.9999990499618852,False,Dead,Dead,,,,,False,
Data_for_model/images/Dead_cells_13.tif,24,0.9999994972275446,False,Dead,Dead,,,,,False,
Data_for_model/images/Dead_cells_13.tif,29,0.999999568133037,False,Dead,Dead,,,,,False,
Data_for_model/images/Dead_cells_13.tif,30,0.9999996161032371,False,Dead,Dead,,,,,False,
Data_for_model/images/Dead_cells_13.tif,32,0.9999990528221836,False,Dead,Dead,,,,,False,
Data_for_model/images/Dead_cells_13.tif,33,0.9999978477152609,False,Dead,Dead,,,,,False,
Data_for_model/images/Dead_cells_13.tif,34,0.9999970728926905,False,Dead,Dead,,,,,False,
Data_for_model/images/Dead_cells_13.tif,61,0.9999663210362139,False,Dead,Dead,,,,,False,
Data_for_model/images/Dead_cells_14.tif,1,0.9999973403916471,False,Dead,Dead,,,,,False,
Data_for_model/images/Dead_cells_14.tif,2,0.9999994836883735,False,Dead,Dead,,,,,False,
Data_for_model/images/Dead_cells_14.tif,3,0.9999989209375968,False,Dead,Dead,,,,,False,
Data_for_model/images/Dead_cells_14.tif,4,0.9999971497283423,False,Dead,Dead,,,,,False,
Data_for_model/images/Dead_cells_14.tif,6,0.9999996353504177,False,Dead,Dead,,,,,False,
Data_for_model/images/Dead_cells_14.tif,7,0.9999960249162178,False,Dead,Dead,,,,,False,
Data_for_model/images/Dead_cells_14.tif,9,0.9999996085728012,False,Dead,Dead,,,,,False,
Data_for_model/images/Dead_cells_14.tif,10,0.9999996530856541,False,Dead,Dead,,,,,False,
Data_for_model/images/Dead_cells_14.tif,13,0.9999995955918485,False,Dead,Dead,,,,,False,
Data_for_model/images/Dead_cells_14.tif,14,0.9936978643390366,False,Dead,Dead,,,,,False,
Data_for_model/images/Dead_cells_14.tif,15,0.9999996487492355,False,Dead,Dead,,,,,False,
Data_for_model/images/Dead_cells_14.tif,19,0.9999996014209728,False,Dead,Dead,,,,,False,
Data_for_model/images/Dead_cells_14.tif,21,0.9999996362711969,False,Dead,Dead,,,,,False,
Data_for_model/images/Dead_cells_14.tif,24,0.32230810173300306,False,NotDead,Healthy,0.44333333333333336,0.14666666666666667,0.44333333333333336,0.41,True,uncertain_morphology; 
Data_for_model/images/Dead_cells_14.tif,27,0.9999575975380423,False,Dead,Dead,,,,,False,
Data_for_model/images/Dead_cells_14.tif,28,0.9999995352400124,False,Dead,Dead,,,,,False,
Data_for_model/images/Dead_cells_14.tif,29,0.9871956051909917,False,Dead,Dead,,,,,False,
Data_for_model/images/Dead_cells_15.tif,1,4.416185658828731e-06,False,NotDead,Healthy,0.83,0.04,0.83,0.13,False,
Data_for_model/images/Dead_cells_15.tif,3,0.9999963081035533,False,Dead,Dead,,,,,False,
Data_for_model/images/Dead_cells_15.tif,4,0.9999996441373855,False,Dead,Dead,,,,,False,
Data_for_model/images/Dead_cells_15.tif,6,0.39835485908382573,False,NotDead,Healthy,0.54,0.11333333333333333,0.54,0.3466666666666667,True,uncertain_morphology; 
Data_for_model/images/Dead_cells_15.tif,10,0.9999996099653831,False,Dead,Dead,,,,,False,
Data_for_model/images/Dead_cells_15.tif,11,0.9999988574300033,False,Dead,Dead,,,,,False,
Data_for_model/images/Dead_cells_15.tif,13,0.999998284994354,False,Dead,Dead,,,,,False,
Data_for_model/images/Dead_cells_15.tif,17,0.9999995898519304,False,Dead,Dead,,,,,False,
Data_for_model/images/Dead_cells_15.tif,18,0.9821944225856374,False,Dead,Dead,,,,,False,
Data_for_model/images/Dead_cells_15.tif,19,0.9999996068920641,False,Dead,Dead,,,,,False,
Data_for_model/images/Dead_cells_15.tif,20,0.9999991362779528,False,Dead,Dead,,,,,False,
Data_for_model/images/Dead_cells_15.tif,21,0.9999962807120913,False,Dead,Dead,,,,,False,
Data_for_model/images/Dead_cells_15.tif,22,0.9999996362857467,False,Dead,Dead,,,,,False,
Data_for_model/images/Dead_cells_15.tif,26,0.9999996334204146,False,Dead,Dead,,,,,False,
Data_for_model/images/Dead_cells_15.tif,27,0.9999992024112581,False,Dead,Dead,,,,,False,
Data_for_model/images/Dead_cells_16.tif,1,0.9999982316885845,False,Dead,Dead,,,,,False,
Data_for_model/images/Dead_cells_16.tif,2,0.9999991120140748,False,Dead,Dead,,,,,False,
Data_for_model/images/Dead_cells_16.tif,3,0.9999982718600162,False,Dead,Dead,,,,,False,
Data_for_model/images/Dead_cells_16.tif,5,0.9999934098704292,False,Dead,Dead,,,,,False,
Data_for_model/images/Dead_cells_16.tif,8,0.9999996150213373,False,Dead,Dead,,,,,False,
Data_for_model/images/Dead_cells_16.tif,9,0.9999996333477899,False,Dead,Dead,,,,,False,
Data_for_model/images/Dead_cells_16.tif,11,0.999999622418601,False,Dead,Dead,,,,,False,
Data_for_model/images/Dead_cells_16.tif,12,0.9999996086666939,False,Dead,Dead,,,,,False,
Data_for_model/images/Dead_cells_16.tif,13,0.9999996420377139,False,Dead,Dead,,,,,False,
Data_for_model/images/Dead_cells_16.tif,17,0.9999995549496994,False,Dead,Dead,,,,,False,
Data_for_model/images/Dead_cells_16.tif,18,0.9999995060461535,False,Dead,Dead,,,,,False,
Data_for_model/images/Dead_cells_16.tif,19,0.9999996042756442,False,Dead,Dead,,,,,False,
Data_for_model/images/Dead_cells_16.tif,20,0.9999952320816394,False,Dead,Dead,,,,,False,
Data_for_model/images/Dead_cells_16.tif,21,0.9999967716098688,False,Dead,Dead,,,,,False,
Data_for_model/images/Dead_cells_16.tif,22,0.9999990378209088,False,Dead,Dead,,,,,False,
Data_for_model/images/Dead_cells_16.tif,23,0.9999996095747306,False,Dead,Dead,,,,,False,
Data_for_model/images/Dead_cells_16.tif,28,0.9999995097642783,False,Dead,Dead,,,,,False,
Data_for_model/images/Dead_cells_16.tif,44,0.9999749580497415,False,Dead,Dead,,,,,False,
Data_for_model/images/Dead_cells_17.tif,1,0.4948855189422964,True,NotDead,Healthy,0.71,0.13333333333333333,0.71,0.15666666666666668,False,
Data_for_model/images/Dead_cells_17.tif,4,0.675092180213116,True,NotDead,Healthy,0.49333333333333335,0.23,0.49333333333333335,0.27666666666666667,True,uncertain_morphology; 
Data_for_model/images/Dead_cells_17.tif,5,0.9999996320149495,False,Dead,Dead,,,,,False,
Data_for_model/images/Dead_cells_17.tif,7,0.9999970979328776,False,Dead,Dead,,,,,False,
Data_for_model/images/Dead_cells_17.tif,8,0.9999993653504828,False,Dead,Dead,,,,,False,
Data_for_model/images/Dead_cells_17.tif,9,0.9999956775514318,False,Dead,Dead,,,,,False,
Data_for_model/images/Dead_cells_17.tif,10,0.9999893474239934,False,Dead,Dead,,,,,False,
Data_for_model/images/Dead_cells_17.tif,11,0.9999958688447622,False,Dead,Dead,,,,,False,
Data_for_model/images/Dead_cells_17.tif,12,0.9999982559654153,False,Dead,Dead,,,,,False,
Data_for_model/images/Dead_cells_17.tif,15,0.9999989269827799,False,Dead,Dead,,,,,False,
Data_for_model/images/Dead_cells_17.tif,17,0.9999944399418556,False,Dead,Dead,,,,,False,
Data_for_model/images/Dead_cells_17.tif,18,0.999996621136193,False,Dead,Dead,,,,,False,
Data_for_model/images/Dead_cells_17.tif,20,0.9999829899121819,False,Dead,Dead,,,,,False,
Data_for_model/images/Dead_cells_17.tif,21,0.9999989466997316,False,Dead,Dead,,,,,False,
Data_for_model/images/Dead_cells_17.tif,22,0.9999989091457427,False,Dead,Dead,,,,,False,
Data_for_model/images/Dead_cells_17.tif,23,0.9999989138448089,False,Dead,Dead,,,,,False,
Data_for_model/images/Dead_cells_17.tif,24,0.9999973239478209,False,Dead,Dead,,,,,False,
Data_for_model/images/Dead_cells_17.tif,25,0.9999984948732066,False,Dead,Dead,,,,,False,
Data_for_model/images/Dead_cells_17.tif,26,0.9999987649999029,False,Dead,Dead,,,,,False,
Data_for_model/images/Dead_cells_17.tif,28,0.9999995467770875,False,Dead,Dead,,,,,False,
Data_for_model/images/Dead_cells_17.tif,32,0.0005098840906784252,False,NotDead,Stressed,0.46,0.20666666666666667,0.3333333333333333,0.46,True,uncertain_morphology; 
Data_for_model/images/Dead_cells_17.tif,38,0.9978850874610754,False,Dead,Dead,,,,,False,
Data_for_model/images/Dead_cells_17.tif,57,0.9999744203970065,False,Dead,Dead,,,,,False,
Data_for_model/images/Dead_cells_2.tif,1,0.9999978393851577,False,Dead,Dead,,,,,False,
Data_for_model/images/Dead_cells_2.tif,2,0.9999995527074061,False,Dead,Dead,,,,,False,
Data_for_model/images/Dead_cells_2.tif,4,0.9999996436543518,False,Dead,Dead,,,,,False,
Data_for_model/images/Dead_cells_2.tif,5,0.9999996098031202,False,Dead,Dead,,,,,False,
Data_for_model/images/Dead_cells_2.tif,6,0.99978212444781,False,Dead,Dead,,,,,False,
Data_for_model/images/Dead_cells_2.tif,7,0.999999338323868,False,Dead,Dead,,,,,False,
Data_for_model/images/Dead_cells_2.tif,8,0.9999979766327608,False,Dead,Dead,,,,,False,
Data_for_model/images/Dead_cells_2.tif,9,0.9999995945113194,False,Dead,Dead,,,,,False,
Data_for_model/images/Dead_cells_2.tif,10,0.9999996436084959,False,Dead,Dead,,,,,False,
Data_for_model/images/Dead_cells_2.tif,11,0.9999995971541545,False,Dead,Dead,,,,,False,
Data_for_model/images/Dead_cells_2.tif,12,0.9999996577324163,False,Dead,Dead,,,,,False,
Data_for_model/images/Dead_cells_2.tif,14,0.9999959192959869,False,Dead,Dead,,,,,False,
Data_for_model/images/Dead_cells_2.tif,15,0.9999986882446115,False,Dead,Dead,,,,,False,
Data_for_model/images/Dead_cells_2.tif,16,0.9999996469887946,False,Dead,Dead,,,,,False,
Data_for_model/images/Dead_cells_2.tif,17,0.9999961136588947,False,Dead,Dead,,,,,False,
Data_for_model/images/Dead_cells_2.tif,19,0.9999980902104995,False,Dead,Dead,,,,,False,
Data_for_model/images/Dead_cells_2.tif,20,0.9999976681992072,False,Dead,Dead,,,,,False,
Data_for_model/images/Dead_cells_2.tif,21,0.9999978778248086,False,Dead,Dead,,,,,False,
Data_for_model/images/Dead_cells_2.tif,23,0.9999995722755202,False,Dead,Dead,,,,,False,
Data_for_model/images/Dead_cells_2.tif,24,0.9999966394664374,False,Dead,Dead,,,,,False,
Data_for_model/images/Dead_cells_2.tif,25,0.9999992025142718,False,Dead,Dead,,,,,False,
Data_for_model/images/Dead_cells_2.tif,28,0.9999961550590796,False,Dead,Dead,,,,,False,
Data_for_model/images/Dead_cells_3.tif,1,0.9999995845144041,False,Dead,Dead,,,,,False,
Data_for_model/images/Dead_cells_3.tif,2,0.9999996559848574,False,Dead,Dead,,,,,False,
Data_for_model/images/Dead_cells_3.tif,3,0.9999996552585497,False,Dead,Dead,,,,,False,
Data_for_model/images/Dead_cells_3.tif,5,0.9999996285943095,False,Dead,Dead,,,,,False,
Data_for_model/images/Dead_cells_3.tif,6,0.9999996174132683,False,Dead,Dead,,,,,False,
Data_for_model/images/Dead_cells_3.tif,7,0.9999962265097806,False,Dead,Dead,,,,,False,
Data_for_model/images/Dead_cells_3.tif,10,0.9999973246253697,False,Dead,Dead,,,,,False,
Data_for_model/images/Dead_cells_3.tif,11,0.9999996220566614,False,Dead,Dead,,,,,False,
Data_for_model/images/Dead_cells_3.tif,12,0.9999991993259458,False,Dead,Dead,,,,,False,
Data_for_model/images/Dead_cells_3.tif,13,0.9999996571096341,False,Dead,Dead,,,,,False,
Data_for_model/images/Dead_cells_3.tif,15,0.9999996012066695,False,Dead,Dead,,,,,False,
Data_for_model/images/Dead_cells_3.tif,16,0.9999996127507926,False,Dead,Dead,,,,,False,
Data_for_model/images/Dead_cells_3.tif,17,0.9999978509161721,False,Dead,Dead,,,,,False,
Data_for_model/images/Dead_cells_3.tif,18,0.9999995641251325,False,Dead,Dead,,,,,False,
Data_for_model/images/Dead_cells_3.tif,19,0.9999990446548643,False,Dead,Dead,,,,,False,
Data_for_model/images/Dead_cells_3.tif,20,0.9999921436886134,False,Dead,Dead,,,,,False,
Data_for_model/images/Dead_cells_3.tif,22,0.9996439240936359,False,Dead,Dead,,,,,False,
Data_for_model/images/Dead_cells_3.tif,26,0.9999992366108145,False,Dead,Dead,,,,,False,
Data_for_model/images/Dead_cells_3.tif,30,0.9999996316602522,False,Dead,Dead,,,,,False,
Data_for_model/images/Dead_cells_3.tif,31,0.9999996164604373,False,Dead,Dead,,,,,False,
Data_for_model/images/Dead_cells_3.tif,32,0.00015839586554289298,False,NotDead,Healthy,0.4066666666666667,0.21,0.4066666666666667,0.38333333333333336,True,uncertain_morphology; 
Data_for_model/images/Dead_cells_3.tif,33,0.9999966020437265,False,Dead,Dead,,,,,False,
Data_for_model/images/Dead_cells_4.tif,1,0.9999995849622216,False,Dead,Dead,,,,,False,
Data_for_model/images/Dead_cells_4.tif,4,0.9999996562875167,False,Dead,Dead,,,,,False,
Data_for_model/images/Dead_cells_4.tif,5,0.999999509624225,False,Dead,Dead,,,,,False,
Data_for_model/images/Dead_cells_4.tif,6,0.9999962974212387,False,Dead,Dead,,,,,False,
Data_for_model/images/Dead_cells_4.tif,7,0.9999968263674333,False,Dead,Dead,,,,,False,
Data_for_model/images/Dead_cells_4.tif,8,0.9999975229163035,False,Dead,Dead,,,,,False,
Data_for_model/images/Dead_cells_4.tif,9,0.9999794442475154,False,Dead,Dead,,,,,False,
Data_for_model/images/Dead_cells_4.tif,10,0.9999996179085897,False,Dead,Dead,,,,,False,
Data_for_model/images/Dead_cells_4.tif,16,0.9999995906120337,False,Dead,Dead,,,,,False,
Data_for_model/images/Dead_cells_4.tif,17,0.9999996190874637,False,Dead,Dead,,,,,False,
Data_for_model/images/Dead_cells_4.tif,18,0.999999608738778,False,Dead,Dead,,,,,False,
Data_for_model/images/Dead_cells_4.tif,19,0.9999996500701177,False,Dead,Dead,,,,,False,
Data_for_model/images/Dead_cells_4.tif,20,0.9999989590761416,False,Dead,Dead,,,,,False,
Data_for_model/images/Dead_cells_4.tif,26,0.9999970442262593,False,Dead,Dead,,,,,False,
Data_for_model/images/Dead_cells_4.tif,31,0.9999965285016491,False,Dead,Dead,,,,,False,
Data_for_model/images/Dead_cells_4.tif,32,0.9999964003025582,False,Dead,Dead,,,,,False,
Data_for_model/images/Dead_cells_4.tif,56,0.9999973097295534,False,Dead,Dead,,,,,False,
Data_for_model/images/Dead_cells_4.tif,57,0.9999952448281482,False,Dead,Dead,,,,,False,
Data_for_model/images/Dead_cells_4.tif,61,0.9999937330512708,False,Dead,Dead,,,,,False,
Data_for_model/images/Dead_cells_4.tif,82,0.9999928745968268,False,Dead,Dead,,,,,False,
Data_for_model/images/Dead_cells_5.tif,1,0.9999914888930711,False,Dead,Dead,,,,,False,
Data_for_model/images/Dead_cells_5.tif,2,0.999986335122603,False,Dead,Dead,,,,,False,
Data_for_model/images/Dead_cells_5.tif,3,0.9998804746690674,False,Dead,Dead,,,,,False,
Data_for_model/images/Dead_cells_5.tif,5,0.9999949389792382,False,Dead,Dead,,,,,False,
Data_for_model/images/Dead_cells_5.tif,6,0.9999623644538557,False,Dead,Dead,,,,,False,
Data_for_model/images/Dead_cells_5.tif,7,0.9999533107813731,False,Dead,Dead,,,,,False,
Data_for_model/images/Dead_cells_5.tif,8,0.9998789957453411,False,Dead,Dead,,,,,False,
Data_for_model/images/Dead_cells_5.tif,9,0.9999960552970881,False,Dead,Dead,,,,,False,
Data_for_model/images/Dead_cells_5.tif,10,0.9795338319663056,False,Dead,Dead,,,,,False,
Data_for_model/images/Dead_cells_5.tif,12,0.9999433138829193,False,Dead,Dead,,,,,False,
Data_for_model/images/Dead_cells_5.tif,13,0.9999992610312665,False,Dead,Dead,,,,,False,
Data_for_model/images/Dead_cells_5.tif,15,0.9998940136106126,False,Dead,Dead,,,,,False,
Data_for_model/images/Dead_cells_5.tif,16,0.9999996135629805,False,Dead,Dead,,,,,False,
Data_for_model/images/Dead_cells_5.tif,17,0.9999971762351588,False,Dead,Dead,,,,,False,
Data_for_model/images/Dead_cells_5.tif,18,0.9999996201026341,False,Dead,Dead,,,,,False,
Data_for_model/images/Dead_cells_5.tif,25,0.9999991925234223,False,Dead,Dead,,,,,False,
Data_for_model/images/Dead_cells_5.tif,26,0.9999989442449573,False,Dead,Dead,,,,,False,
Data_for_model/images/Dead_cells_5.tif,27,0.9999996163546245,False,Dead,Dead,,,,,False,
Data_for_model/images/Dead_cells_5.tif,28,0.999078304067666,False,Dead,Dead,,,,,False,
Data_for_model/images/Dead_cells_5.tif,30,0.9999990124568992,False,Dead,Dead,,,,,False,
Data_for_model/images/Dead_cells_5.tif,31,0.9999995122472627,False,Dead,Dead,,,,,False,
Data_for_model/images/Dead_cells_5.tif,69,0.999968269346035,False,Dead,Dead,,,,,False,
Data_for_model/images/Dead_cells_6.tif,1,0.9998622367804255,False,Dead,Dead,,,,,False,
Data_for_model/images/Dead_cells_6.tif,2,0.9997922290074649,False,Dead,Dead,,,,,False,
Data_for_model/images/Dead_cells_6.tif,3,0.9997255005290927,False,Dead,Dead,,,,,False,
Data_for_model/images/Dead_cells_6.tif,4,0.9997643960833019,False,Dead,Dead,,,,,False,
Data_for_model/images/Dead_cells_6.tif,6,0.9999396382064085,False,Dead,Dead,,,,,False,
Data_for_model/images/Dead_cells_6.tif,7,0.9998732652662706,False,Dead,Dead,,,,,False,
Data_for_model/images/Dead_cells_6.tif,8,0.9999423251078631,False,Dead,Dead,,,,,False,
Data_for_model/images/Dead_cells_6.tif,9,0.9999938710999099,False,Dead,Dead,,,,,False,
Data_for_model/images/Dead_cells_6.tif,10,0.9995523195215646,False,Dead,Dead,,,,,False,
Data_for_model/images/Dead_cells_6.tif,12,0.9999647429864625,False,Dead,Dead,,,,,False,
Data_for_model/images/Dead_cells_6.tif,15,0.9999934176268288,False,Dead,Dead,,,,,False,
Data_for_model/images/Dead_cells_6.tif,16,0.9999873615584814,False,Dead,Dead,,,,,False,
Data_for_model/images/Dead_cells_6.tif,17,0.9999846494075099,False,Dead,Dead,,,,,False,
Data_for_model/images/Dead_cells_6.tif,18,0.9999787669512109,False,Dead,Dead,,,,,False,
Data_for_model/images/Dead_cells_6.tif,20,0.9999991337985806,False,Dead,Dead,,,,,False,
Data_for_model/images/Dead_cells_6.tif,23,0.9999993369706554,False,Dead,Dead,,,,,False,
Data_for_model/images/Dead_cells_6.tif,24,0.9999991595822908,False,Dead,Dead,,,,,False,
Data_for_model/images/Dead_cells_6.tif,25,0.9999995860635544,False,Dead,Dead,,,,,False,
Data_for_model/images/Dead_cells_6.tif,26,0.9999285314300878,False,Dead,Dead,,,,,False,
Data_for_model/images/Dead_cells_6.tif,28,0.9999992630828767,False,Dead,Dead,,,,,False,
Data_for_model/images/Dead_cells_6.tif,29,0.9999996411144313,False,Dead,Dead,,,,,False,
Data_for_model/images/Dead_cells_6.tif,30,0.9999420248239934,False,Dead,Dead,,,,,False,
Data_for_model/images/Dead_cells_6.tif,34,6.028793590762138e-05,False,NotDead,Healthy,0.6033333333333334,0.08,0.6033333333333334,0.31666666666666665,False,
Data_for_model/images/Dead_cells_6.tif,35,0.9999995515180963,False,Dead,Dead,,,,,False,
Data_for_model/images/Dead_cells_6.tif,36,0.9999991437793819,False,Dead,Dead,,,,,False,
Data_for_model/images/Dead_cells_6.tif,37,0.9999986455598725,False,Dead,Dead,,,,,False,
Data_for_model/images/Dead_cells_6.tif,38,0.999999629699942,False,Dead,Dead,,,,,False,
Data_for_model/images/Dead_cells_6.tif,40,0.9999996370922367,False,Dead,Dead,,,,,False,
Data_for_model/images/Dead_cells_6.tif,41,0.9999982728085726,False,Dead,Dead,,,,,False,
Data_for_model/images/Dead_cells_6.tif,42,0.9999995808444281,False,Dead,Dead,,,,,False,
Data_for_model/images/Dead_cells_6.tif,43,0.9999995268580322,False,Dead,Dead,,,,,False,
Data_for_model/images/Dead_cells_6.tif,52,0.9999991387060827,False,Dead,Dead,,,,,False,
Data_for_model/images/Dead_cells_6.tif,62,0.9999747671346453,False,Dead,Dead,,,,,False,
Data_for_model/images/Dead_cells_6.tif,69,0.999996601229948,False,Dead,Dead,,,,,False,
Data_for_model/images/Dead_cells_7.tif,1,0.9999934327297558,False,Dead,Dead,,,,,False,
Data_for_model/images/Dead_cells_7.tif,2,0.9999810450744596,False,Dead,Dead,,,,,False,
Data_for_model/images/Dead_cells_7.tif,3,0.9997977960644171,False,Dead,Dead,,,,,False,
Data_for_model/images/Dead_cells_7.tif,4,0.9999964044093322,False,Dead,Dead,,,,,False,
Data_for_model/images/Dead_cells_7.tif,5,0.9999196793540974,False,Dead,Dead,,,,,False,
Data_for_model/images/Dead_cells_7.tif,7,0.9999885850009806,False,Dead,Dead,,,,,False,
Data_for_model/images/Dead_cells_7.tif,8,0.8560288437048824,False,Dead,Dead,,,,,True,uncertain_dead; 
Data_for_model/images/Dead_cells_7.tif,10,0.9999996210638007,False,Dead,Dead,,,,,False,
Data_for_model/images/Dead_cells_7.tif,12,0.9999671820432476,False,Dead,Dead,,,,,False,
Data_for_model/images/Dead_cells_7.tif,15,0.9999913681735838,False,Dead,Dead,,,,,False,
Data_for_model/images/Dead_cells_7.tif,16,0.9999987234844886,False,Dead,Dead,,,,,False,
Data_for_model/images/Dead_cells_7.tif,17,0.9999992325387441,False,Dead,Dead,,,,,False,
Data_for_model/images/Dead_cells_7.tif,18,0.9999994091492171,False,Dead,Dead,,,,,False,
Data_for_model/images/Dead_cells_7.tif,19,0.9514638670393393,False,Dead,Dead,,,,,False,
Data_for_model/images/Dead_cells_7.tif,21,0.9999730041876939,False,Dead,Dead,,,,,False,
Data_for_model/images/Dead_cells_7.tif,23,0.5337682796291643,True,NotDead,Healthy,0.49333333333333335,0.2833333333333333,0.49333333333333335,0.22333333333333333,True,uncertain_morphology; 
Data_for_model/images/Dead_cells_7.tif,24,0.9999920377271438,False,Dead,Dead,,,,,False,
Data_for_model/images/Dead_cells_7.tif,25,0.9999996314575933,False,Dead,Dead,,,,,False,
Data_for_model/images/Dead_cells_7.tif,26,0.9999996442651862,False,Dead,Dead,,,,,False,
Data_for_model/images/Dead_cells_7.tif,27,0.9999996594008965,False,Dead,Dead,,,,,False,
Data_for_model/images/Dead_cells_7.tif,28,0.9999996099808479,False,Dead,Dead,,,,,False,
Data_for_model/images/Dead_cells_7.tif,30,0.9999977153401551,False,Dead,Dead,,,,,False,
Data_for_model/images/Dead_cells_7.tif,31,0.9999966960242348,False,Dead,Dead,,,,,False,
Data_for_model/images/Dead_cells_7.tif,33,0.9999854634956405,False,Dead,Dead,,,,,False,
Data_for_model/images/Dead_cells_7.tif,34,0.9999994745444164,False,Dead,Dead,,,,,False,
Data_for_model/images/Dead_cells_7.tif,38,0.9999981582607207,False,Dead,Dead,,,,,False,
Data_for_model/images/Dead_cells_7.tif,39,0.9999890502045915,False,Dead,Dead,,,,,False,
Data_for_model/images/Dead_cells_8.tif,1,0.9999773695674811,False,Dead,Dead,,,,,False,
Data_for_model/images/Dead_cells_8.tif,2,0.9999532735230758,False,Dead,Dead,,,,,False,
Data_for_model/images/Dead_cells_8.tif,3,0.9999995907671018,False,Dead,Dead,,,,,False,
Data_for_model/images/Dead_cells_8.tif,5,0.9997582316519946,False,Dead,Dead,,,,,False,
Data_for_model/images/Dead_cells_8.tif,6,0.0003316516382292356,False,NotDead,Stressed,0.48,0.10666666666666667,0.41333333333333333,0.48,True,uncertain_morphology; 
Data_for_model/images/Dead_cells_8.tif,7,0.9999429676730105,False,Dead,Dead,,,,,False,
Data_for_model/images/Dead_cells_8.tif,8,0.999901474456656,False,Dead,Dead,,,,,False,
Data_for_model/images/Dead_cells_8.tif,9,0.9999933356077357,False,Dead,Dead,,,,,False,
Data_for_model/images/Dead_cells_8.tif,10,0.9999965809971364,False,Dead,Dead,,,,,False,
Data_for_model/images/Dead_cells_8.tif,11,0.9999992167213991,False,Dead,Dead,,,,,False,
Data_for_model/images/Dead_cells_8.tif,14,0.9999995467063765,False,Dead,Dead,,,,,False,
Data_for_model/images/Dead_cells_8.tif,18,0.9999996448490912,False,Dead,Dead,,,,,False,
Data_for_model/images/Dead_cells_8.tif,19,0.9999995365436241,False,Dead,Dead,,,,,False,
Data_for_model/images/Dead_cells_8.tif,23,0.9999980793054632,False,Dead,Dead,,,,,False,
Data_for_model/images/Dead_cells_8.tif,52,0.999989388528945,False,Dead,Dead,,,,,False,
Data_for_model/images/Dead_cells_9.tif,1,2.5235047247162967e-05,False,NotDead,Healthy,0.82,0.02666666666666667,0.82,0.15333333333333332,False,
Data_for_model/images/Dead_cells_9.tif,3,0.9999996447168585,False,Dead,Dead,,,,,False,
Data_for_model/images/Dead_cells_9.tif,4,0.9999980326215959,False,Dead,Dead,,,,,False,
Data_for_model/images/Dead_cells_9.tif,6,0.9999995988680455,False,Dead,Dead,,,,,False,
Data_for_model/images/Dead_cells_9.tif,9,0.9999962153748223,False,Dead,Dead,,,,,False,
Data_for_model/images/Dead_cells_9.tif,11,0.9999972850495804,False,Dead,Dead,,,,,False,
Data_for_model/images/Dead_cells_9.tif,12,0.9999959679556455,False,Dead,Dead,,,,,False,
Data_for_model/images/Dead_cells_9.tif,14,0.99999964501237,False,Dead,Dead,,,,,False,
Data_for_model/images/Dead_cells_9.tif,15,0.9999978918679775,False,Dead,Dead,,,,,False,
Data_for_model/images/Dead_cells_9.tif,16,0.9999995799556051,False,Dead,Dead,,,,,False,
Data_for_model/images/Dead_cells_9.tif,17,0.9999996669325604,False,Dead,Dead,,,,,False,
Data_for_model/images/Dead_cells_9.tif,18,0.9999996425831216,False,Dead,Dead,,,,,False,
Data_for_model/images/Dead_cells_9.tif,19,0.9999988029825828,False,Dead,Dead,,,,,False,
Data_for_model/images/Dead_cells_9.tif,21,0.999999570668192,False,Dead,Dead,,,,,False,
Data_for_model/images/Dead_cells_9.tif,23,0.9999993747461979,False,Dead,Dead,,,,,False,
Data_for_model/images/Dead_cells_9.tif,25,0.9999996350819744,False,Dead,Dead,,,,,False,
Data_for_model/images/Dead_cells_9.tif,27,0.9999996380120029,False,Dead,Dead,,,,,False,
Data_for_model/images/Dead_cells_9.tif,28,0.9999968043414676,False,Dead,Dead,,,,,False,
Data_for_model/images/Dead_cells_9.tif,30,0.9999559981816318,False,Dead,Dead,,,,,False,
