image,cell_id,label,cv_prediction,cv_confidence,correct,cv_prob_Crenated,cv_prob_Dead,cv_prob_Healthy,cv_prob_Stressed,custom_texture_entropy_std,crenation_radial_variation,crenation_max_radial_deviation
Data_for_model/images/Control1_15_hrs_PE_2.tif,8,Healthy,Healthy,0.9999307074814241,True,1.0555634647481488e-05,4.824346244987692e-05,0.9999307074814241,1.049342147851072e-05,0.7336098103211319,0.0435970211633316,0.4247809898837122
Data_for_model/images/Control1_15_hrs_PE_2.tif,9,Healthy,Healthy,0.9999315799657246,True,2.8982687705071083e-06,6.530403827563751e-05,0.9999315799657246,2.1772722921503052e-07,0.938322426111574,0.0449060834391785,0.4273871119776209
Data_for_model/images/Control1_15_hrs_PE_2.tif,11,Healthy,Healthy,0.9999996787094065,True,2.2209297918878854e-07,3.276703392495929e-08,0.9999996787094065,6.643058033060225e-08,0.8930149281041261,0.048586261353502,0.4334270961016724
Data_for_model/images/Control1_15_hrs_PE_2.tif,13,Healthy,Healthy,0.9999998968458792,True,2.629450880798151e-08,3.8159709289429274e-08,0.9999998968458792,3.869990253339675e-08,0.987418922407291,0.0442673281203492,0.4300868262539233
Data_for_model/images/Control1_15_hrs_PE_2.tif,16,Healthy,Healthy,0.9999946069327651,True,4.7008789068870387e-07,4.490408965804155e-06,0.9999946069327651,4.3257037826152096e-07,0.9037318454401048,0.049513686096994,0.4438641905307082
Data_for_model/images/Control1_15_hrs_PE_2.tif,24,Healthy,Healthy,0.9999998957894216,True,3.491480318163507e-08,4.5430279957686556e-08,0.9999998957894216,2.3865495403744565e-08,0.9924145512275055,0.0449356484462627,0.4371266702694127
Data_for_model/images/Control1_15_hrs_PE_2.tif,31,Healthy,Healthy,0.9999986082936221,True,1.9802801652279367e-07,1.176143868693802e-06,0.9999986082936221,1.7534492670877995e-08,0.966415996907502,0.0488308283832028,0.4413784463896973
Data_for_model/images/Control1_15_hrs_PE_2.tif,40,Healthy,Healthy,0.9999957770523663,True,4.848721933454427e-08,3.824232288316163e-06,0.9999957770523663,3.502281260896895e-07,0.910753649355307,0.0473677058202912,0.4241833466636053
Data_for_model/images/Control1_15_hrs_PE_2.tif,47,Dead,Dead,0.9999879392586599,True,5.794402158197786e-06,0.9999879392586599,2.7432744120252974e-07,5.99201174057305e-06,0.5865038694056522,0.0551775933931765,0.4848361067453451
Data_for_model/images/Control1_15_hrs_PE_2.tif,49,Dead,Dead,0.9968089618756317,True,1.4575007693187283e-08,0.9968089618756317,0.00319094345301681,8.009634401517969e-08,0.5684006334392034,0.0532958557007634,0.4612320806114905
Data_for_model/images/Control1_15_hrs_PE_2.tif,51,Dead,Dead,0.9999924083412839,True,5.459594034299084e-06,0.9999924083412839,1.5248311766114686e-06,6.072335052874014e-07,0.6290945818691352,0.0576063495039175,0.4488657398833912
Data_for_model/images/Control1_15_hrs_PE_3.tif,4,Healthy,Healthy,0.9999998366788179,True,3.08920710341836e-08,1.712294591271606e-08,0.9999998366788179,1.1530616511734197e-07,1.0217735968951618,0.0454140961651895,0.428740041469871
Data_for_model/images/Control1_15_hrs_PE_3.tif,5,Healthy,Healthy,0.9999982864473955,True,4.657315312550366e-07,1.1147939939704031e-06,0.9999982864473955,1.3302707924721013e-07,1.0400429791637318,0.0467553528750978,0.4341700463359162
Data_for_model/images/Control1_15_hrs_PE_3.tif,19,Healthy,Healthy,0.9999999740031689,True,3.688604958537324e-09,9.249263713097686e-09,0.9999999740031689,1.3058962561937742e-08,0.8911349960351673,0.0447870274386221,0.4286982019147188
Data_for_model/images/Control1_15_hrs_PE_3.tif,26,Healthy,Healthy,0.9999997465632778,True,2.3139291125230023e-08,2.2054928404034187e-07,0.9999997465632778,9.748147242297917e-09,0.9645422466536192,0.0448274903259279,0.4248307741749739
Data_for_model/images/Control1_15_hrs_PE_3.tif,28,Healthy,Healthy,0.9999999306435924,True,1.2538573717149134e-08,1.9051344582692745e-08,0.9999999306435924,3.7766489318576214e-08,0.903576529495207,0.0490159398397244,0.4411239530213341
Data_for_model/images/Control1_15_hrs_PE_3.tif,29,Healthy,Healthy,0.9999997647651471,True,4.68795399727106e-09,3.108173048782615e-08,0.9999997647651471,1.9946516823353886e-07,0.9337665574501464,0.0510492891215304,0.4319777642210067
Data_for_model/images/Control1_15_hrs_PE_3.tif,33,Healthy,Healthy,0.9999999450272111,True,1.624687550341569e-08,1.82723982030551e-08,0.9999999450272111,2.0453515090642944e-08,1.0646154405986348,0.0442378111466833,0.4182735116753844
Data_for_model/images/Control1_15_hrs_PE_3.tif,35,Healthy,Healthy,0.999999472287558,True,2.3845121498955602e-08,8.443785803893853e-08,0.999999472287558,4.194294622666135e-07,0.889132796913771,0.0562858899148068,0.4452287164300872
Data_for_model/images/Control1_15_hrs_PE_3.tif,37,Healthy,Healthy,0.9999995689470846,True,7.31327789384649e-08,2.0053216179422054e-07,0.9999995689470846,1.573879747063641e-07,0.944027642427976,0.0454162816431475,0.4227331352112947
Data_for_model/images/Control1_15_hrs_PE_3.tif,40,Stressed,Healthy,0.9978200288427531,False,0.00014137512873319468,5.093909405010308e-06,0.9978200288427531,0.002033502119108749,0.8143370093261545,0.0581805699450396,0.4669606663252543
Data_for_model/images/Control1_15_hrs_PE_3.tif,41,Healthy,Healthy,0.9999999551462535,True,1.4183457821622924e-08,1.686404642000381e-08,0.9999999551462535,1.3806242284008548e-08,0.808610679009399,0.0488918538500125,0.4401205851935897
Data_for_model/images/Control1_15_hrs_PE_3.tif,43,Healthy,Healthy,0.9999999557242945,True,3.1147147514888227e-09,2.0581211557696384e-08,0.9999999557242945,2.057977922529421e-08,0.9075012616588968,0.0470335670443595,0.4318259639502236
Data_for_model/images/Control1_15_hrs_PE_3.tif,50,Healthy,Healthy,0.9999908440162696,True,3.9715926444653245e-06,3.729303562253779e-06,0.9999908440162696,1.4550875238301414e-06,0.8604860088832905,0.0521731461696483,0.4348637502006716
Data_for_model/images/Control1_15_hrs_PE_3.tif,51,Healthy,Healthy,0.9999974131244624,True,1.8019131121873755e-06,8.834169983301714e-08,0.9999974131244624,6.966207255335354e-07,1.0658870320445613,0.045338095120012,0.4351324877439815
Data_for_model/images/Control1_15_hrs_PE_3.tif,57,Dead,Dead,0.8807996970666372,True,9.077841234354728e-06,0.8807996970666372,0.11918328623623241,7.938855896028802e-06,0.7332581491240036,0.0466671093186436,0.4306417679686182
Data_for_model/images/Control1_15_hrs_PE_3.tif,58,Crenated,Crenated,0.9832744242520136,True,0.9832744242520136,4.533269163596949e-05,3.097067028888521e-07,0.016679933349647662,0.442709782903026,0.0768247158512307,0.5805718610204035
Data_for_model/images/Control1_15_hrs_PE_3.tif,59,Dead,Dead,0.9992978687094501,True,1.5409789938774838e-05,0.9992978687094501,0.0006861963008780406,5.251997331724685e-07,0.5536801403304283,0.0541629757696775,0.4766714146128036
Data_for_model/images/Control1_15_hrs_PE_3.tif,67,Dead,Dead,0.9999999643388747,True,1.0581612982912185e-08,0.9999999643388747,2.1904635247504764e-08,3.174876813951053e-09,0.5367627546104858,0.0546926008620538,0.474353469302288
Data_for_model/images/Control1_15_hrs_PE_4.tif,1,Healthy,Healthy,0.9999998715942807,True,8.887403068979934e-08,2.5723895342559684e-08,0.9999998715942807,1.3807793368445641e-08,1.0278527636057049,0.0439898526287577,0.4227396736255452
Data_for_model/images/Control1_15_hrs_PE_4.tif,2,Healthy,Healthy,0.9999996383612553,True,4.656858950323747e-08,5.0977292451904645e-08,0.9999996383612553,2.6409286279822425e-07,1.026065751856938,0.0461697497175187,0.4348130558956516
Data_for_model/images/Control1_15_hrs_PE_4.tif,9,Healthy,Healthy,0.999996034901254,True,1.1050748466456437e-06,1.1762882025929379e-07,0.999996034901254,2.7423950790170413e-06,0.907274030415186,0.0466142937653022,0.4268554299054001
Data_for_model/images/Control1_15_hrs_PE_4.tif,10,Healthy,Healthy,0.9999999159914987,True,1.3445525661608772e-08,6.058013656506041e-08,0.9999999159914987,9.982839107275203e-09,0.8907282325495963,0.047726367825112,0.4296587455666799
Data_for_model/images/Control1_15_hrs_PE_4.tif,15,Healthy,Healthy,0.9999082861694979,True,3.546087842900532e-06,1.6637909803067718e-06,0.9999082861694979,8.650395167900285e-05,0.819324358407378,0.0458130712081317,0.4205104133387852
Data_for_model/images/Control1_15_hrs_PE_4.tif,21,Healthy,Healthy,0.999995165316364,True,3.2086418610993055e-06,2.4627598755312327e-07,0.999995165316364,1.3797657873178646e-06,0.9818224332392436,0.0462257417807628,0.4346603995012151
Data_for_model/images/Control1_15_hrs_PE_4.tif,23,Healthy,Healthy,0.9999998982090693,True,6.575806381837649e-08,1.1045605660127693e-08,0.9999998982090693,2.4987261202310118e-08,0.9869324194448744,0.0460341349201074,0.4316099934535782
Data_for_model/images/Control1_15_hrs_PE_4.tif,29,Healthy,Healthy,0.9999997890392148,True,6.93312561711973e-09,6.079873819158639e-08,0.9999997890392148,1.4322892128230215e-07,0.9957775242436766,0.0483895944547707,0.447187697120591
Data_for_model/images/Control1_15_hrs_PE_4.tif,36,Healthy,Healthy,0.9999999015994364,True,4.0128811386581434e-08,1.6498400278648013e-08,0.9999999015994364,4.177335207099194e-08,1.02399822496348,0.0451885684240093,0.4321397209341282
Data_for_model/images/Control1_15_hrs_PE_4.tif,61,Dead,Dead,0.9999345108910697,True,1.0409905250968196e-06,0.9999345108910697,6.281370140660819e-05,1.6344169988810058e-06,0.6136930085251106,0.0524313528999242,0.4697321559036537
Data_for_model/images/Control1_15_hrs_PE_4.tif,64,Dead,Dead,0.9999965223120555,True,3.095155729820335e-08,0.9999965223120555,3.42365971523403e-06,2.3076671735783904e-08,0.5364893856329003,0.0489135512080767,0.4417101764811992
Data_for_model/images/Control1_15_hrs_PE_4.tif,65,Dead,Dead,0.9999998678737877,True,1.674389577515247e-08,0.9999998678737877,1.0587598060623167e-07,9.506335832035635e-09,0.6236669901865763,0.050478493835343,0.4457449903009395
Data_for_model/images/Control2_15_hrs_PE_1.tif,4,Healthy,Healthy,0.9999994381373564,True,3.580218470323895e-07,1.1651398935495176e-08,0.9999994381373564,1.9218939759405008e-07,0.920840172795704,0.0469830691719737,0.4300504343694838
Data_for_model/images/Control2_15_hrs_PE_1.tif,11,Healthy,Healthy,0.9999999662519361,True,3.740253570023393e-09,1.80628072783194e-08,0.9999999662519361,1.1945002940794402e-08,0.9496618489692386,0.0460607058314466,0.4286521658336882
Data_for_model/images/Control2_15_hrs_PE_1.tif,12,Healthy,Healthy,0.9999999225176899,True,2.583875386000136e-08,1.5135602495985863e-08,0.9999999225176899,3.650795382404114e-08,0.918066806639293,0.0472939456236689,0.4317440673457591
Data_for_model/images/Control2_15_hrs_PE_1.tif,15,Healthy,Healthy,0.9999982175010963,True,2.5176651718651192e-09,1.8782801215902398e-08,0.9999982175010963,1.7611984374842844e-06,0.9316813044522227,0.0485553069356211,0.4290193318794839
Data_for_model/images/Control2_15_hrs_PE_1.tif,17,Healthy,Healthy,0.9999999228900021,True,4.520431259342768e-09,3.3757904438024954e-09,0.9999999228900021,6.921377632035016e-08,0.7789301578516888,0.0456251399981304,0.4171780817017037
Data_for_model/images/Control2_15_hrs_PE_1.tif,18,Healthy,Healthy,0.9999890289573046,True,8.457263867557237e-07,3.0338897381865226e-07,0.9999890289573046,9.821927334740548e-06,0.7496520503265687,0.0466428910369258,0.4234893175422926
Data_for_model/images/Control2_15_hrs_PE_1.tif,21,Healthy,Healthy,0.9999928411097863,True,1.6137863949543424e-06,5.861700096331298e-08,0.9999928411097863,5.486486817737246e-06,0.7486668296219041,0.0495768739562936,0.4344648391240327
Data_for_model/images/Control2_15_hrs_PE_1.tif,23,Healthy,Healthy,0.9999999769861271,True,6.076142105903872e-10,2.798138096967942e-09,0.9999999769861271,1.9608120648252113e-08,0.9386993228531866,0.048204939837153,0.4352070921229484
Data_for_model/images/Control2_15_hrs_PE_1.tif,24,Healthy,Healthy,0.9999985599792429,True,4.792096089865102e-07,4.4560820810091486e-07,0.9999985599792429,5.152029401413951e-07,0.8594909554367891,0.0475360259936466,0.4312092326846112
Data_for_model/images/Control2_15_hrs_PE_1.tif,34,Healthy,Healthy,0.9999960374550828,True,1.8700867807466458e-06,7.176282172879259e-08,0.9999960374550828,2.0206953147350486e-06,0.912814137081788,0.0444537575796945,0.438325174622902
Data_for_model/images/Control2_15_hrs_PE_1.tif,35,Healthy,Healthy,0.9999995934058886,True,1.1602568677218899e-07,1.0585480564394814e-07,0.9999995934058886,1.8471361910064476e-07,0.8752649848112698,0.045410127252971,0.439676312978553
Data_for_model/images/Control2_15_hrs_PE_1.tif,38,Healthy,Healthy,0.9999999339900444,True,5.276829855153244e-08,4.153982772901962e-09,0.9999999339900444,9.087674182881339e-09,1.0155641059018865,0.0431229807427682,0.4195850269134605
Data_for_model/images/Control2_15_hrs_PE_1.tif,67,Crenated,Stressed,0.9996386359931183,False,0.0003561417305086537,3.85621480116694e-06,1.366061571948444e-06,0.9996386359931183,0.4494659896028903,0.0875891276469137,0.5270572792383712
Data_for_model/images/Control2_15_hrs_PE_1.tif,68,Healthy,Healthy,0.9999998157469068,True,4.4004608156093624e-08,1.0412447995477458e-08,0.9999998157469068,1.2983603704027681e-07,0.8715290843042693,0.0505410581218036,0.4323046019468531
Data_for_model/images/Control2_15_hrs_PE_2.tif,6,Healthy,Healthy,0.9999999103571342,True,1.877763209554129e-08,5.856258906009296e-09,0.9999999103571342,6.500897474076535e-08,0.8289529545947071,0.0458900485350545,0.4270507847771161
Data_for_model/images/Control2_15_hrs_PE_2.tif,8,Healthy,Healthy,0.9999960536958373,True,5.885671308988257e-07,2.9192247317594645e-06,0.9999960536958373,4.385123000712162e-07,0.9734752296141284,0.0497744699638968,0.4443004383730566
Data_for_model/images/Control2_15_hrs_PE_2.tif,9,Healthy,Healthy,0.9998944738624111,True,4.3821583253156234e-08,3.332337311894389e-07,0.9998944738624111,0.00010514908227449964,0.9413127222104264,0.0486691337877206,0.4303589563470494
Data_for_model/images/Control2_15_hrs_PE_2.tif,12,Healthy,Healthy,0.9999998097073262,True,1.015411233050419e-08,1.4092178283765237e-07,0.9999998097073262,3.92167785866826e-08,0.9562505838835328,0.0476195940016842,0.4580354393652772
Data_for_model/images/Control2_15_hrs_PE_2.tif,14,Healthy,Healthy,0.9999998491804788,True,1.1092968385290846e-07,3.398747668687931e-08,0.9999998491804788,5.902360503508438e-09,0.9858915272873102,0.0448075111565359,0.4308691431725635
Data_for_model/images/Control2_15_hrs_PE_2.tif,19,Healthy,Healthy,0.9999993868658543,True,4.407367270787342e-09,7.92454356104727e-09,0.9999993868658543,6.008022348096634e-07,0.847891196506514,0.0469900135038664,0.4294640750579434
Data_for_model/images/Control2_15_hrs_PE_2.tif,24,Healthy,Healthy,0.9999935575656378,True,1.0360643290866741e-08,1.793607460636405e-08,0.9999935575656378,6.414137644383295e-06,0.9759447475618002,0.0463186804807113,0.4373495667927372
Data_for_model/images/Control2_15_hrs_PE_2.tif,25,Healthy,Healthy,0.999999719552092,True,3.34455345355181e-08,2.949341101251792e-08,0.999999719552092,2.1750896247484684e-07,0.9889050928558482,0.0453783838667167,0.4253463664242796
Data_for_model/images/Control2_15_hrs_PE_2.tif,32,Healthy,Healthy,0.9999830472688481,True,2.0801996277393517e-07,1.549431683655188e-05,0.9999830472688481,1.2503943524329227e-06,0.973218619542352,0.0499967207506769,0.4443657452811523
Data_for_model/images/Control2_15_hrs_PE_2.tif,40,Healthy,Healthy,0.9951377589091635,True,1.5291493155054553e-05,0.0002917375584586016,0.9951377589091635,0.004555212039222831,1.0156053821851436,0.049515438474895,0.4660536846489038
Data_for_model/images/Control2_15_hrs_PE_2.tif,43,Healthy,Healthy,0.9999996773855632,True,4.728482919580464e-08,3.2942882165444025e-08,0.9999996773855632,2.423867254000571e-07,0.8794480335224898,0.0452481690610696,0.4338189185083022
Data_for_model/images/Control2_15_hrs_PE_2.tif,46,Crenated,Stressed,0.5163598169852605,False,0.4173589200398512,0.0643135017819659,0.0019677611929224737,0.5163598169852605,0.6826361432481759,0.0677467985860977,0.504054921813263
Data_for_model/images/Control2_15_hrs_PE_2.tif,51,Healthy,Healthy,0.9999855633239503,True,7.995691950496723e-06,3.459034444534004e-06,0.9999855633239503,2.981949654770172e-06,0.934892655545998,0.049007155913281,0.4289042606614694
Data_for_model/images/Control2_15_hrs_PE_2.tif,52,Healthy,Healthy,0.987092795577601,True,1.7159976331793056e-06,2.0598593680610147e-06,0.987092795577601,0.012903428565397683,0.7941816916536213,0.0469894906476742,0.4281663330778956
Data_for_model/images/Control2_15_hrs_PE_2.tif,57,Stressed,Healthy,0.8907099111755532,False,5.719355951664286e-05,6.32671955113974e-05,0.8907099111755532,0.10916962806941877,0.622061201881415,0.0510810871015818,0.4394111824098503
Data_for_model/images/Control2_15_hrs_PE_2.tif,64,Crenated,Stressed,0.9999937958178826,False,4.348506973158367e-06,1.2251040347494678e-06,6.305711094317501e-07,0.9999937958178826,0.4720675798125961,0.0714845360497448,0.4880463982968049
Data_for_model/images/Control2_15_hrs_PE_2.tif,67,Dead,Dead,0.9854097240119154,True,2.1516386214203592e-07,0.9854097240119154,0.014589508344421763,5.524798006669124e-07,0.5682403459146002,0.0469436440542368,0.4589047714910557
Data_for_model/images/Control2_15_hrs_PE_2.tif,68,Dead,Dead,0.9999993357580246,True,1.46474608898725e-08,0.9999993357580246,6.293923529476116e-07,2.0202161568835616e-08,0.5932262247329966,0.0544385613898291,0.4547609629074301
Data_for_model/images/Control2_15_hrs_PE_3.tif,7,Healthy,Healthy,0.9992762283028424,True,2.9928962348610563e-07,1.1890272732133726e-06,0.9992762283028424,0.0007222833802609478,0.7981118586948761,0.0550578017277757,0.4518392534515165
Data_for_model/images/Control2_15_hrs_PE_3.tif,12,Healthy,Healthy,0.9999998859271809,True,7.998572029300471e-08,8.520941434904446e-09,0.9999998859271809,2.5566157378971917e-08,0.8931103974970922,0.0463837764731626,0.4332208803238475
Data_for_model/images/Control2_15_hrs_PE_3.tif,15,Healthy,Healthy,0.9999996336326976,True,3.3435931677844936e-08,3.1087781131591797e-07,0.9999996336326976,2.205355943081081e-08,1.021874986092604,0.0452120097173973,0.4314985921806875
Data_for_model/images/Control2_15_hrs_PE_3.tif,19,Healthy,Healthy,0.9999992427910083,True,2.961620156764429e-07,1.4565671883696813e-07,0.9999992427910083,3.1539025722255796e-07,1.0069968010853472,0.0480844799734528,0.433796541712505
Data_for_model/images/Control2_15_hrs_PE_3.tif,22,Healthy,Healthy,0.9999997347713316,True,4.5829803182064836e-08,1.8714167333862916e-07,0.9999997347713316,3.225719200783947e-08,0.996343799978833,0.0460403871184145,0.4211802345048152
Data_for_model/images/Control2_15_hrs_PE_3.tif,24,Stressed,Stressed,0.9974681809671345,True,6.726606187150815e-05,1.4778546832148197e-05,0.0024497744241617006,0.9974681809671345,0.6093128213430347,0.0536958551148959,0.5011799565371973
Data_for_model/images/Control2_15_hrs_PE_3.tif,25,Healthy,Healthy,0.999993996593331,True,2.3740252066046727e-07,3.482571029591311e-06,0.999993996593331,2.283433118629854e-06,0.857103650715661,0.0503089193021732,0.4426145443192284
Data_for_model/images/Control2_15_hrs_PE_3.tif,28,Healthy,Healthy,0.9999995939566467,True,1.7526549268739378e-08,4.603516984308212e-08,0.9999995939566467,3.4248163417134114e-07,0.9712523930910472,0.0469172630083641,0.4248360864508165
Data_for_model/images/Control2_15_hrs_PE_3.tif,32,Stressed,Stressed,0.9906837623463055,True,0.0002056814505289304,0.00025714762046699787,0.008853408582698528,0.9906837623463055,0.6682159943549355,0.0634598132141959,0.5291494034847246
Data_for_model/images/Control2_15_hrs_PE_3.tif,36,Healthy,Healthy,0.999990367788204,True,1.50738003997808e-07,9.881647716701025e-07,0.999990367788204,8.493309020320478e-06,0.8041638553898599,0.0499003234327632,0.4490348034613101
Data_for_model/images/Control2_15_hrs_PE_3.tif,37,Healthy,Healthy,0.9999919166768003,True,2.9686947254297892e-08,1.7776791908790026e-06,0.9999919166768003,6.275957061487515e-06,1.0047419840445964,0.0518122117811816,0.4585178559162314
Data_for_model/images/Control2_15_hrs_PE_3.tif,40,Healthy,Healthy,0.9997322324410362,True,1.981524590107612e-06,0.00023959286278499455,0.9997322324410362,2.6193171588790145e-05,0.8137588841314269,0.0509292022103757,0.4386765685377609
Data_for_model/images/Control2_15_hrs_PE_3.tif,44,Healthy,Healthy,0.9999980574655543,True,6.623991650154393e-08,1.6972649421184515e-07,0.9999980574655543,1.7065680350270181e-06,0.9262553149325696,0.0492389405984011,0.4552638888123227
Data_for_model/images/Control2_15_hrs_PE_3.tif,47,Healthy,Healthy,0.9999994481369231,True,1.8379469742816483e-07,7.070228914596668e-08,0.9999994481369231,2.9736609031819256e-07,0.9501497442896768,0.0456556507241562,0.4237394836789344
Data_for_model/images/Control2_15_hrs_PE_3.tif,51,Healthy,Healthy,0.9999943814088692,True,2.1845042844792867e-07,4.344572944611169e-08,0.9999943814088692,5.356694972913475e-06,0.9605872165726692,0.0453143137313545,0.421160592998034
Data_for_model/images/Crenated_1.tif,2,Stressed,Stressed,0.9999707817662883,True,9.264192268883844e-07,1.1983061967587857e-06,2.7093508288057653e-05,0.9999707817662883,0.439769956866265,0.0481887011789312,0.4328799884833782
Data_for_model/images/Crenated_1.tif,6,Stressed,Stressed,0.9998107303893299,True,3.9320123930476933e-07,3.954341616423728e-07,0.00018848097526916587,0.9998107303893299,0.5601502195882812,0.0641841117383427,0.4824092447703876
Data_for_model/images/Crenated_1.tif,11,Stressed,Stressed,0.9999935679675132,True,1.596395429246146e-06,1.7461263830083777e-07,4.661024419432131e-06,0.9999935679675132,0.6354592205235723,0.0589480579142678,0.4610723216705609
Data_for_model/images/Crenated_1.tif,12,Stressed,Stressed,0.5044620110295701,True,0.4951782584359581,0.00011894814729743425,0.00024078238717430142,0.5044620110295701,0.4768078813466077,0.0640946501902086,0.4459800888552445
Data_for_model/images/Crenated_1.tif,14,Stressed,Stressed,0.9986833645528738,True,0.0013160943695207502,3.6587179999020576e-07,1.7520580554992317e-07,0.9986833645528738,0.41021382217984,0.101219488715666,0.5873737330708432
Data_for_model/images/Crenated_1.tif,22,Stressed,Crenated,0.9991215241561008,False,0.9991215241561008,2.841606418174731e-07,1.0623954637324312e-07,0.0008780854437110035,0.4270403123885521,0.1139801720824341,0.5917152974753009
Data_for_model/images/Crenated_1.tif,27,Healthy,Stressed,0.9999056156102427,False,1.5284793478897052e-06,8.908239361178456e-06,8.394767104821209e-05,0.9999056156102427,0.7154363308334838,0.0740047930110494,0.4686969186118891
Data_for_model/images/Crenated_1.tif,28,Stressed,Stressed,0.9999973903960807,True,1.0152763739591867e-06,6.872553247953644e-07,9.070722204271308e-07,0.9999973903960807,0.4110741897580649,0.0574915699312693,0.4796043405818547
Data_for_model/images/Crenated_1.tif,35,Healthy,Healthy,0.9999840467556499,True,4.9764772184722245e-09,7.872584958857833e-09,0.9999840467556499,1.5940395287952588e-05,0.7033445035817267,0.0505182772930382,0.4384072669031489
Data_for_model/images/Crenated_1.tif,36,Crenated,Crenated,0.9999674481982862,True,0.9999674481982862,7.185647519867483e-09,5.417008437151342e-09,3.253919905778717e-05,0.3248378354026111,0.0689798779296745,0.4351670897712898
Data_for_model/images/Crenated_1.tif,38,Stressed,Stressed,0.995652227070747,True,0.004332491888767193,1.492891922458424e-06,1.3788148563438236e-05,0.995652227070747,0.3691891320673003,0.0490331167739732,0.4297173745568233
Data_for_model/images/Crenated_1.tif,42,Crenated,Stressed,0.9224114939286634,False,0.07752513438956452,4.340620147344149e-05,1.9965480298582274e-05,0.9224114939286634,0.3340819810086401,0.0768785114248764,0.4994482314364407
Data_for_model/images/Crenated_1.tif,49,Stressed,Stressed,0.9691959009582413,True,0.029460761686961007,9.828664828024243e-06,0.001333508689969611,0.9691959009582413,0.4125763425900021,0.0537938370535335,0.4515975116837589
Data_for_model/images/Crenated_1.tif,50,Crenated,Crenated,0.9999997011025236,True,0.9999997011025236,4.832841363517133e-09,1.2121723376473716e-09,2.9285246266420387e-07,0.2525156523230425,0.092656932156364,0.4956226332298777
Data_for_model/images/Crenated_1.tif,51,Crenated,Crenated,0.9999999675949268,True,0.9999999675949268,2.419155764151583e-09,7.344167270578182e-10,2.9251500670269617e-08,0.2473028181850074,0.0794424458059564,0.511283233452209
Data_for_model/images/Crenated_1.tif,54,Crenated,Crenated,0.9999980403287251,True,0.9999980403287251,4.516064534273015e-09,1.8334966765508823e-09,1.9533217139373803e-06,0.3902728196246091,0.1898368074682693,0.6086790720634357
Data_for_model/images/Crenated_1.tif,56,Crenated,Crenated,0.9999999539673959,True,0.9999999539673959,2.2131259280305777e-09,7.53250145443175e-10,4.3066227956726215e-08,0.2410357894342207,0.0770923034846357,0.5336037921588852
Data_for_model/images/Crenated_1.tif,62,Crenated,Crenated,0.9999999817244386,True,0.9999999817244386,1.9773519284005157e-09,1.1777458652136724e-09,1.5120463392980338e-08,0.2817543102880221,0.0964017465523747,0.4727885417343127
Data_for_model/images/Crenated_1.tif,71,Crenated,Crenated,0.999999975640823,True,0.999999975640823,3.4429502573113643e-09,1.1636666477471493e-09,1.9752559977725184e-08,0.283619699391835,0.0999670951764527,0.6113792088027367
Data_for_model/images/Crenated_10.tif,3,Healthy,Healthy,0.9999978113275235,True,1.5095258203195783e-08,1.490280858774506e-08,0.9999978113275235,2.158674409663212e-06,0.6908119056916069,0.0520906780740962,0.4285483147409594
Data_for_model/images/Crenated_10.tif,5,Healthy,Stressed,0.9994957464483389,False,1.228006891503772e-05,1.113846481996672e-05,0.000480835017926169,0.9994957464483389,0.8147874577773155,0.0606672752832384,0.4875045268313784
Data_for_model/images/Crenated_10.tif,8,Stressed,Healthy,0.9253644277768912,False,6.642075283583799e-07,1.202827689854299e-06,0.9253644277768912,0.07463370518789054,0.6273349914839473,0.0552937985339041,0.430783920927673
Data_for_model/images/Crenated_10.tif,9,Stressed,Stressed,0.9999922729482855,True,2.150619760423304e-06,6.10027284944721e-07,4.966404669151727e-06,0.9999922729482855,0.3388708436376441,0.058957896309056,0.4549912377595492
Data_for_model/images/Crenated_10.tif,15,Stressed,Stressed,0.9999927736413283,True,2.404644660915296e-06,1.7947566924571413e-06,3.026957318359491e-06,0.9999927736413283,0.4754435085152536,0.0534700837025078,0.461652791566237
Data_for_model/images/Crenated_10.tif,33,Crenated,Crenated,0.9983165341788444,True,0.9983165341788444,2.530662184198131e-07,9.755718978762418e-06,0.001673457035958678,0.3169609123819312,0.0473270274484441,0.4331149199623674
Data_for_model/images/Crenated_10.tif,36,Crenated,Crenated,0.9999934803770756,True,0.9999934803770756,2.482204734389742e-08,5.4430375057115124e-09,6.489357839465672e-06,0.2276252361082275,0.0930117843110142,0.4933907040688172
Data_for_model/images/Crenated_10.tif,47,Crenated,Crenated,0.7350421447148696,True,0.7350421447148696,9.624582804438539e-06,1.61974340591295e-05,0.26493203326826686,0.3497905545253252,0.0501929880309335,0.4329619691742211
Data_for_model/images/Crenated_10.tif,52,Crenated,Crenated,0.9999696246944834,True,0.9999696246944834,2.9033081894048415e-05,2.7267910907441403e-09,1.33949683160164e-06,0.2988899945707059,0.072220796597109,0.4930325388557736
Data_for_model/images/Crenated_10.tif,65,Crenated,Crenated,0.999999597580257,True,0.999999597580257,1.2018174300666692e-08,1.5107262070724065e-09,3.8889084249284693e-07,0.2322396785519958,0.1104516281801926,0.550330017365863
Data_for_model/images/Crenated_10.tif,67,Crenated,Crenated,0.9999998398875648,True,0.9999998398875648,5.66412147756469e-09,1.8219486262792918e-09,1.526263653111654e-07,0.2492440545889295,0.0998117293691933,0.5548896753492174
Data_for_model/images/Crenated_10.tif,68,Crenated,Crenated,0.9999999656431086,True,0.9999999656431086,2.399360710817945e-09,8.514491092393857e-10,3.110608175487841e-08,0.3030059667472169,0.0740065734336414,0.4927157588939536
Data_for_model/images/Crenated_11.tif,8,Stressed,Stressed,0.7672594110281896,True,6.428154393155536e-07,2.833836463651023e-07,0.23273966277272473,0.7672594110281896,0.6185249978886144,0.051956768876631,0.4491036042525053
Data_for_model/images/Crenated_11.tif,10,Stressed,Stressed,0.9861567119030391,True,1.3045894796431189e-05,1.9100216108308107e-06,0.013828332180553524,0.9861567119030391,0.5595929198327054,0.0482229828945058,0.4215941359793821
Data_for_model/images/Crenated_11.tif,11,Stressed,Stressed,0.9999911845317078,True,6.706356671237437e-07,3.5204295838593416e-07,7.792789666662158e-06,0.9999911845317078,0.4631308227950355,0.0541441734946011,0.4267496794270772
Data_for_model/images/Crenated_11.tif,14,Stressed,Stressed,0.5276340745397141,True,0.47235256539105996,9.5909421723609e-06,3.7691270534986693e-06,0.5276340745397141,0.4509012349529345,0.0744887814738393,0.518051536853712
Data_for_model/images/Crenated_11.tif,15,Stressed,Stressed,0.9296848057705884,True,2.268653320643496e-05,1.42207406134528e-05,0.07027828695559181,0.9296848057705884,0.5781956501486568,0.0589260492741598,0.4869354754392354
Data_for_model/images/Crenated_11.tif,19,Stressed,Stressed,0.9998802153483713,True,0.00010896456551266229,2.945229057427518e-06,7.874857058635097e-06,0.9998802153483713,0.5313734703861426,0.0655488662824714,0.4833635803678873
Data_for_model/images/Crenated_11.tif,21,Stressed,Crenated,0.6185240904805364,False,0.6185240904805364,1.4710472068563613e-05,2.122850159430316e-05,0.3814399705458008,0.4441261444285553,0.0549950904655265,0.4919403780412759
Data_for_model/images/Crenated_11.tif,23,Stressed,Stressed,0.9999945055797946,True,5.459586584381322e-07,3.390106835447907e-07,4.609450863470102e-06,0.9999945055797946,0.457690236905044,0.0549460412401389,0.458846972109813
Data_for_model/images/Crenated_11.tif,24,Stressed,Stressed,0.9648677000157543,True,0.0350540213845598,3.5718303740959324e-05,4.2560295944862725e-05,0.9648677000157543,0.3527264055908009,0.0659933623107845,0.4883288725820512
Data_for_model/images/Crenated_11.tif,26,Stressed,Stressed,0.9999568162144822,True,1.5518044222925088e-07,9.439073253355248e-08,4.293421434305168e-05,0.9999568162144822,0.5829979818535317,0.0564365428486165,0.4419138393582307
Data_for_model/images/Crenated_11.tif,29,Stressed,Stressed,0.9994465935971933,True,0.0005449134646333443,2.4279019623065906e-06,6.065036210963846e-06,0.9994465935971933,0.5541700374974026,0.0761959530366215,0.4749317785811048
Data_for_model/images/Crenated_11.tif,31,Crenated,Stressed,0.9939676528037623,False,0.006002150894938945,7.586446127909705e-06,2.260985517084921e-05,0.9939676528037623,0.4770072587901036,0.0611580073937445,0.4370553296055154
Data_for_model/images/Crenated_11.tif,32,Crenated,Crenated,0.9983564191559141,True,0.9983564191559141,3.8595172286283454e-07,1.4214273709413342e-07,0.001643052749625869,0.4796860387260929,0.0969026612291624,0.545796643255629
Data_for_model/images/Crenated_11.tif,33,Crenated,Crenated,0.6795770287609066,True,0.6795770287609066,2.181765472827586e-06,2.4335274039304217e-06,0.3204183559462167,0.3310535075247497,0.0515267945685011,0.4655612793118643
Data_for_model/images/Crenated_11.tif,34,Crenated,Crenated,0.999976644338521,True,0.999976644338521,7.802793806457175e-08,8.620623606880247e-08,2.3191427305037784e-05,0.3588002019841739,0.051675979683194,0.4438658038278886
Data_for_model/images/Crenated_11.tif,39,Crenated,Crenated,0.9999992235532302,True,0.9999992235532302,1.147180494227567e-08,3.845969008907955e-09,7.611289957728592e-07,0.2641170842948288,0.1063566385663517,0.6453279066928586
Data_for_model/images/Crenated_11.tif,40,Stressed,Stressed,0.9966236628956768,True,0.00337148270290925,2.533876105716533e-06,2.3205253081758144e-06,0.9966236628956768,0.3987987422503588,0.0625414970072786,0.514847982745919
Data_for_model/images/Crenated_11.tif,42,Crenated,Crenated,0.9867776588596474,True,0.9867776588596474,3.2919546739291405e-07,1.2006177691840004e-07,0.013221891883108518,0.3899646042697115,0.0849503096247462,0.5255951736749049
Data_for_model/images/Crenated_11.tif,43,Crenated,Crenated,0.999996637900267,True,0.999996637900267,9.514841728434258e-09,5.441589097591454e-09,3.34714330206625e-06,0.2557531270212334,0.0788321041478947,0.5585664555511082
Data_for_model/images/Crenated_11.tif,46,Crenated,Stressed,0.6838272352749668,False,0.31616505749722995,4.393592081358223e-06,3.3136357218245275e-06,0.6838272352749668,0.4289624029732435,0.0748897178412979,0.4443292924844899
Data_for_model/images/Crenated_11.tif,51,Crenated,Crenated,0.9996655044624695,True,0.9996655044624695,4.8866851401038984e-08,1.6331216033709594e-08,0.00033443033946294574,0.3469883760685117,0.0694445787638833,0.5381676975171996
Data_for_model/images/Crenated_11.tif,60,Crenated,Crenated,0.9997561326856264,True,0.9997561326856264,2.871246923847473e-08,1.3318006709771636e-08,0.00024382528389755814,0.3764479336627886,0.0902532416672995,0.4969480007940998
Data_for_model/images/Crenated_11.tif,63,Crenated,Crenated,0.9999999665055115,True,0.9999999665055115,1.1066654379130366e-09,3.14276540737811e-10,3.207354653783372e-08,0.220940979177062,0.0624509311242752,0.4536506567045967
Data_for_model/images/Crenated_11.tif,65,Crenated,Crenated,0.9999998534620437,True,0.9999998534620437,3.380382150547545e-09,9.58936490911633e-10,1.421986376714358e-07,0.2963428643736088,0.118470754098878,0.6379095955883876
Data_for_model/images/Crenated_11.tif,66,Crenated,Crenated,0.99999991171278,True,0.99999991171278,3.871458673423622e-09,7.073129011790823e-10,8.370844847082789e-08,0.2856613310966797,0.1134288097976296,0.5386123511344372
Data_for_model/images/Crenated_11.tif,67,Crenated,Crenated,0.9999999275991599,True,0.9999999275991599,1.816170996306658e-09,2.508555981324557e-10,7.033381335238434e-08,0.2623718037402932,0.1262976104900761,0.5594069643794736
Data_for_model/images/Crenated_12.tif,2,Stressed,Stressed,0.9999854947751567,True,4.843736513458478e-06,1.3395997736594395e-06,8.32188855618594e-06,0.9999854947751567,0.460326685604177,0.0490386100645614,0.4253179444165536
Data_for_model/images/Crenated_12.tif,4,Healthy,Healthy,0.7122152024419001,True,4.653942563386606e-06,9.248799871961907e-06,0.7122152024419001,0.28777089481566454,0.7694668557027093,0.0517561531964111,0.462367261499308
Data_for_model/images/Crenated_12.tif,8,Healthy,Stressed,0.9996439403049205,False,7.194711005304772e-07,8.787752423036008e-07,0.0003544614487367042,0.9996439403049205,0.6488050778435609,0.0479372678668417,0.4315032936709311
Data_for_model/images/Crenated_12.tif,10,Stressed,Stressed,0.9997886453528425,True,6.126824580144975e-05,5.631165285279593e-06,0.00014445523607088388,0.9997886453528425,0.5544761163597336,0.0498859995680219,0.4506736584119021
Data_for_model/images/Crenated_12.tif,15,Healthy,Stressed,0.9999913384673927,False,2.668262848223063e-06,2.713692631789057e-06,3.2795771271310894e-06,0.9999913384673927,0.5845670919586989,0.0585949357440481,0.4699262117227453
Data_for_model/images/Crenated_12.tif,21,Stressed,Stressed,0.9999729125837866,True,1.078090859620914e-05,2.0640158691427652e-07,1.6100106030161727e-05,0.9999729125837866,0.5863748842366533,0.0514841027993704,0.4320611116134447
Data_for_model/images/Crenated_12.tif,24,Crenated,Stressed,0.5961012838547098,False,0.40388933056197995,5.102333384977847e-06,4.283249925295871e-06,0.5961012838547098,0.366996234310924,0.06120792452355,0.515921405018907
Data_for_model/images/Crenated_12.tif,26,Stressed,Stressed,0.9999906322025187,True,1.252179895652066e-07,1.7195346446684816e-07,9.070626027222026e-06,0.9999906322025187,0.6125092951949705,0.0703962408338988,0.478651729368078
Data_for_model/images/Crenated_12.tif,29,Stressed,Stressed,0.9999053742123407,True,8.752588547143919e-05,2.7856825424214106e-06,4.314219645318886e-06,0.9999053742123407,0.3594573147100142,0.0506251745266667,0.4495722695954919
Data_for_model/images/Crenated_12.tif,31,Stressed,Stressed,0.9999962626891916,True,1.1825785259286145e-07,7.798360662185053e-08,3.5410693491276266e-06,0.9999962626891916,0.578448912134712,0.056216434684984,0.4728265820919716
Data_for_model/images/Crenated_12.tif,32,Stressed,Stressed,0.9999276917625175,True,1.4666246900564838e-05,2.4611739157165473e-05,3.3030251424710845e-05,0.9999276917625175,0.601778912720892,0.074482275341887,0.4742679627800353
Data_for_model/images/Crenated_12.tif,34,Crenated,Crenated,0.9999804068862517,True,0.9999804068862517,3.0764586004696693e-09,1.199037399044063e-09,1.958883825232741e-05,0.3253034093007932,0.0941885907328549,0.5527032286958175
Data_for_model/images/Crenated_12.tif,35,Healthy,Healthy,0.9999833233286162,True,2.8873564736522257e-07,1.623191048347297e-08,0.9999833233286162,1.637170382596987e-05,0.8577113010845847,0.0622230570236815,0.4369998752922989
Data_for_model/images/Crenated_12.tif,36,Stressed,Healthy,0.7040633881779524,False,0.028631595131417005,0.004257717364489757,0.7040633881779524,0.26304729932614085,0.9023248759103808,0.0594561123579757,0.4804849594002179
Data_for_model/images/Crenated_12.tif,37,Stressed,Stressed,0.9996916831749044,True,9.182849544031558e-06,1.6897392054795927e-06,0.00029744423634606957,0.9996916831749044,0.6659891273223105,0.1079691926219708,0.4911591553487601
Data_for_model/images/Crenated_12.tif,45,Crenated,Stressed,0.9995598629713978,False,0.00038018471234418504,3.9460031767230446e-05,2.0492284490762545e-05,0.9995598629713978,0.5427086387441682,0.0954905201533802,0.5021035087852284
Data_for_model/images/Crenated_12.tif,48,Crenated,Stressed,0.773063506419805,False,0.22693306667505367,2.204735657244415e-06,1.2221694840348704e-06,0.773063506419805,0.3421702441320056,0.0658583921621442,0.4667073611238555
Data_for_model/images/Crenated_12.tif,50,Crenated,Crenated,0.9999978484818407,True,0.9999978484818407,1.190839484091401e-08,5.040758737713363e-09,2.1345690056677563e-06,0.2221383524810895,0.090003579860808,0.5035184620142193
Data_for_model/images/Crenated_12.tif,52,Crenated,Crenated,0.9999976677383142,True,0.9999976677383142,8.882765003047914e-09,5.730425571099421e-09,2.317648495187763e-06,0.3081956347698538,0.0926600427864431,0.4776504728881406
Data_for_model/images/Crenated_12.tif,58,Crenated,Crenated,0.9999999440893343,True,0.9999999440893343,1.983987189587075e-09,6.891660790890473e-10,5.323751263285331e-08,0.2376783338572438,0.0982362942631269,0.473808599418033
Data_for_model/images/Crenated_12.tif,69,Crenated,Crenated,0.9999999053492045,True,0.9999999053492045,1.7379597294738731e-09,1.9573739002538645e-09,9.095546189742319e-08,0.2733431323818886,0.0485462151819793,0.4322458858982755
Data_for_model/images/Crenated_12.tif,72,Crenated,Crenated,0.8820949158871968,True,0.8820949158871968,8.381078147576974e-05,0.0001258383278938172,0.11769543500343349,0.6399279681832551,0.0626967275723286,0.5517525786226228
Data_for_model/images/Crenated_12.tif,83,Crenated,Crenated,0.999999676639943,True,0.999999676639943,3.602961347098138e-09,2.296494485130451e-09,3.174606010699872e-07,0.2250707328314986,0.0668573652080248,0.5143118861280209
Data_for_model/images/Crenated_13.tif,1,Stressed,Stressed,0.997737241943597,True,0.0022164443129792867,1.1453793419560699e-05,3.4859950004171026e-05,0.997737241943597,0.5239551954984021,0.0628117144931241,0.4396351146781269
Data_for_model/images/Crenated_13.tif,2,Healthy,Stressed,0.9910660956463148,False,2.4945955504985377e-06,3.43807768292174e-06,0.008927971680451665,0.9910660956463148,0.6455909147487308,0.0516062215452271,0.4493397448700337
Data_for_model/images/Crenated_13.tif,4,Healthy,Stressed,0.9999738342692059,False,5.467608626997302e-06,6.9749340217434344e-06,1.3723188145261758e-05,0.9999738342692059,0.6714013373388928,0.0539689726266235,0.4773466946379077
Data_for_model/images/Crenated_13.tif,7,Stressed,Stressed,0.9999454800857268,True,4.624941298461805e-05,4.12520152094631e-06,4.145299767586268e-06,0.9999454800857268,0.4387762403003387,0.0614289043951477,0.4912971764779251
Data_for_model/images/Crenated_13.tif,8,Healthy,Healthy,0.9994612450350219,True,1.8583094981045726e-07,2.703275621443169e-07,0.9994612450350219,0.0005382988064661666,0.792970241315712,0.0525803829412897,0.4330527596576731
Data_for_model/images/Crenated_13.tif,9,Stressed,Stressed,0.9987056856332067,True,6.02008326880281e-07,8.082932424447525e-07,0.00129290406522405,0.9987056856332067,0.583552247600173,0.0523700655725284,0.448559961918885
Data_for_model/images/Crenated_13.tif,13,Healthy,Stressed,0.9916926495778843,False,6.799433204417236e-06,5.788784753977183e-06,0.008294762204157216,0.9916926495778843,0.615719099778601,0.0505799666406616,0.434764286703404
Data_for_model/images/Crenated_13.tif,27,Stressed,Stressed,0.9998727883044033,True,0.00011556036151030488,2.077024823252344e-06,9.574309263191941e-06,0.9998727883044033,0.5454150640862341,0.0726716155065074,0.5005427767065782
Data_for_model/images/Crenated_13.tif,33,Stressed,Stressed,0.9999952364554515,True,3.3505215023071547e-06,3.3863989396433637e-07,1.0743831522445946e-06,0.9999952364554515,0.4458477557459278,0.0530056536536526,0.4650871862871332
Data_for_model/images/Crenated_13.tif,38,Stressed,Stressed,0.9994330333898274,True,3.3434448123798536e-07,3.32382708038616e-07,0.0005662998829833927,0.9994330333898274,0.473100192673785,0.0512609997905696,0.4337041900437771
Data_for_model/images/Crenated_13.tif,40,Crenated,Crenated,0.9153746055794703,True,0.9153746055794703,2.735677581559101e-06,1.6698135363493552e-06,0.08462098892941168,0.4537641848116963,0.068807331210411,0.4505231141730101
Data_for_model/images/Crenated_13.tif,41,Stressed,Stressed,0.999955481536061,True,8.507004716294194e-07,1.0361333493272466e-06,4.263163011822031e-05,0.999955481536061,0.5364411894298973,0.0669133062881767,0.4485285414147077
Data_for_model/images/Crenated_13.tif,46,Stressed,Stressed,0.9914480752390211,True,0.008288392108308272,0.0001957642881329729,6.776836453761055e-05,0.9914480752390211,0.4077967534571685,0.0576047519808637,0.478068257249367
Data_for_model/images/Crenated_13.tif,47,Stressed,Stressed,0.9999410356257468,True,5.2914415679588666e-05,2.1675948276976386e-06,3.8823637458751514e-06,0.9999410356257468,0.4619737538815618,0.0515656497071575,0.4404665636502498
Data_for_model/images/Crenated_13.tif,51,Crenated,Stressed,0.9995630416666722,False,0.00043389006665652734,1.6538445324231304e-06,1.4144221387845215e-06,0.9995630416666722,0.409800615907987,0.0823953823031215,0.4999985078181758
Data_for_model/images/Crenated_13.tif,53,Crenated,Crenated,0.9999910254693427,True,0.9999910254693427,3.002645296907598e-08,3.8742969804830316e-08,8.905761234470324e-06,0.2681523688667502,0.0594934333297554,0.4515595107679019
Data_for_model/images/Crenated_13.tif,54,Crenated,Crenated,0.9999995245948501,True,0.9999995245948501,2.2955034856114286e-09,1.20537193670695e-09,4.7190427453129626e-07,0.2433508818570167,0.0939803935125556,0.5091724683726797
Data_for_model/images/Crenated_13.tif,69,Crenated,Crenated,0.9999997216574179,True,0.9999997216574179,2.617855151974909e-09,1.4014418952466218e-09,2.743232850329073e-07,0.263694637938958,0.0613187825894439,0.5096816567769473
Data_for_model/images/Crenated_13.tif,70,Crenated,Crenated,0.9999999865641489,True,0.9999999865641489,7.506427674970767e-10,4.883139216815182e-10,1.2196894437593074e-08,0.2709165033237846,0.0543915950531847,0.4687527536791326
Data_for_model/images/Crenated_14.tif,1,Stressed,Stressed,0.9840397708179812,True,1.5752529571257327e-05,2.97604997860036e-06,0.015941500602468843,0.9840397708179812,0.6625076743130617,0.049018920492342,0.4177346915039727
Data_for_model/images/Crenated_14.tif,5,Healthy,Stressed,0.9998270540561733,False,0.00010067062007358079,1.839429636694127e-06,7.043589411630306e-05,0.9998270540561733,0.6174417396103954,0.048163879742804,0.427185633570831
Data_for_model/images/Crenated_14.tif,6,Stressed,Stressed,0.999995938397196,True,9.068151264429802e-07,2.3729397471697892e-07,2.9174937028312034e-06,0.999995938397196,0.5697208662424108,0.0841933634811331,0.4542241885420998
Data_for_model/images/Crenated_14.tif,7,Healthy,Healthy,0.9997723136411145,True,9.888326308333385e-08,5.407397553443432e-07,0.9997723136411145,0.00022704673586689092,0.920152998059514,0.0632222944309297,0.4415436652808474
Data_for_model/images/Crenated_14.tif,8,Healthy,Healthy,0.9999314364894245,True,3.0960097980687446e-06,5.632971128165784e-05,0.9999314364894245,9.137789495765601e-06,0.8195899945716114,0.0490476566024463,0.4231857546075258
Data_for_model/images/Crenated_14.tif,12,Crenated,Stressed,0.9999848102367334,False,1.4771168754383351e-05,2.2495567487270837e-07,1.9363883740928692e-07,0.9999848102367334,0.4166068809561378,0.0627235451749643,0.4551779910263989
Data_for_model/images/Crenated_14.tif,15,Stressed,Stressed,0.9999309145136682,True,3.3415688088187525e-06,6.26455381153359e-07,6.511746214194953e-05,0.9999309145136682,0.4610594204289538,0.053128750283336,0.4488972984470128
Data_for_model/images/Crenated_14.tif,17,Crenated,Stressed,0.9982363127494174,False,0.0017632136801381886,2.4452997295754643e-07,2.290404715207907e-07,0.9982363127494174,0.3516803987369061,0.0578148457025888,0.4792397612811875
Data_for_model/images/Crenated_14.tif,20,Healthy,Stressed,0.9999978889595708,False,2.349845946917599e-08,4.755030282047428e-08,2.039991667102558e-06,0.9999978889595708,0.6002973849959962,0.0505011504752097,0.4353231378127797
Data_for_model/images/Crenated_14.tif,23,Stressed,Stressed,0.9999994330108424,True,1.8797597768140895e-08,6.146399307400344e-08,4.867275669196085e-07,0.9999994330108424,0.5234759295885908,0.0508656356685989,0.4289321853619628
Data_for_model/images/Crenated_14.tif,24,Healthy,Healthy,0.9183643615538771,True,3.668105753577291e-08,9.804607859613534e-08,0.9183643615538771,0.08163550371898667,0.8498398318894894,0.0540476196818667,0.4503547237712536
Data_for_model/images/Crenated_14.tif,30,Stressed,Stressed,0.9996294831386258,True,0.0003653036728521918,2.0826918493194457e-06,3.130496672780061e-06,0.9996294831386258,0.5219041745391078,0.0569955137309866,0.4711351778216125
Data_for_model/images/Crenated_14.tif,36,Stressed,Stressed,0.5816118148177577,True,0.4183785032167226,3.5447413438344116e-06,6.137224175831189e-06,0.5816118148177577,0.3690834498120571,0.0765042568490368,0.5113896957805628
Data_for_model/images/Crenated_14.tif,38,Stressed,Crenated,0.6427672044499335,False,0.6427672044499335,7.455094521301379e-06,1.317994432658357e-05,0.3572121605112186,0.4935974455014225,0.0495726482353472,0.4340841900632465
Data_for_model/images/Crenated_14.tif,42,Stressed,Stressed,0.9958313479336133,True,0.004160288538940041,4.42985466084724e-06,3.933672785884497e-06,0.9958313479336133,0.3457992634915561,0.051359111211209,0.4302176476062314
Data_for_model/images/Crenated_14.tif,48,Crenated,Crenated,0.9999957493488251,True,0.9999957493488251,1.003515025023547e-08,1.074948506895974e-08,4.22986653956723e-06,0.2826954436553482,0.0502059896820377,0.4319020928046996
Data_for_model/images/Crenated_14.tif,49,Crenated,Stressed,0.9720664901695021,False,0.027913027113576305,1.2810294434518739e-05,7.672422487107065e-06,0.9720664901695021,0.512233198419593,0.0860631295610134,0.463342289344655
Data_for_model/images/Crenated_14.tif,50,Crenated,Crenated,0.9999999674013276,True,0.9999999674013276,1.6827077796949297e-09,1.2999813523701784e-09,2.961598339071011e-08,0.2880389927133494,0.0971122266170287,0.4878654046612792
Data_for_model/images/Crenated_14.tif,53,Stressed,Stressed,0.5944604035991117,True,0.40536876253402776,5.491555940850395e-05,0.00011591830745194538,0.5944604035991117,0.6281814120343389,0.1156850449678568,0.5125347121187217
Data_for_model/images/Crenated_14.tif,54,Crenated,Crenated,0.9999999441995597,True,0.9999999441995597,2.072629142867946e-09,7.565488471492875e-10,5.297126235757793e-08,0.2290137641896443,0.0798081047562951,0.5706206822093944
Data_for_model/images/Crenated_14.tif,57,Crenated,Crenated,0.9998739258673313,True,0.9998739258673313,5.770744188980355e-08,3.496292503192453e-08,0.00012598146230187064,0.3345957936063001,0.0998559782295485,0.4834612783252313
Data_for_model/images/Crenated_14.tif,58,Crenated,Crenated,0.9999999910194323,True,0.9999999910194323,1.0416961899781352e-09,8.066189120231424e-10,7.132252574288845e-09,0.2940741258564465,0.1072762254028176,0.5036621785874154
Data_for_model/images/Crenated_14.tif,60,Crenated,Crenated,0.999999994053915,True,0.999999994053915,7.69873112960387e-10,1.1079594477480653e-09,4.068252305200717e-09,0.2401060709248857,0.0542729273492861,0.4618247006359636
Data_for_model/images/Crenated_14.tif,69,Crenated,Crenated,0.9999996214644006,True,0.9999996214644006,6.69431968268797e-09,6.627908024976535e-09,3.652133718563918e-07,0.2751218817571775,0.057740027353408,0.4532296115991478
Data_for_model/images/Crenated_14.tif,72,Crenated,Crenated,0.9999999663430192,True,0.9999999663430192,2.915363704190556e-09,8.354264465914324e-09,2.2387352556738143e-08,0.2616498555423702,0.0634302382912807,0.5083730071628892
Data_for_model/images/Crenated_14.tif,75,Crenated,Crenated,0.9999999920903994,True,0.9999999920903994,1.4196236583000043e-09,5.674485521259914e-10,5.922528325571807e-09,0.2154140579828971,0.1011107240135619,0.4872587899996032
Data_for_model/images/Crenated_15.tif,2,Stressed,Stressed,0.8198976697553322,True,3.0470720938768504e-05,5.359847169497373e-05,0.1800182610520341,0.8198976697553322,0.6127138082325754,0.0491604934398252,0.4405055867452758
Data_for_model/images/Crenated_15.tif,4,Stressed,Stressed,0.9995838832475551,True,1.8109132793690867e-06,9.019757049221041e-07,0.0004134038634607083,0.9995838832475551,0.5876789122160814,0.0552520554178395,0.4411049993850769
Data_for_model/images/Crenated_15.tif,10,Healthy,Healthy,0.7297488471531478,True,8.15041820445016e-06,2.5751607192822473e-06,0.7297488471531478,0.27024042726792835,0.7315018367513308,0.0489129266983015,0.4320909283531934
Data_for_model/images/Crenated_15.tif,17,Healthy,Healthy,0.8145607024701623,True,1.6886065665607963e-06,2.4040658628365293e-06,0.8145607024701623,0.18543520485740805,0.7545821067203592,0.0466426168795486,0.4394570122691075
Data_for_model/images/Crenated_15.tif,18,Stressed,Stressed,0.9999511431028826,True,1.2218034826387068e-05,4.049232591144767e-06,3.2589629699843784e-05,0.9999511431028826,0.6378989359506797,0.0641263988700618,0.4677809742313528
Data_for_model/images/Crenated_15.tif,29,Healthy,Healthy,0.992224979109309,True,8.850009100832272e-08,2.6826573016932885e-07,0.992224979109309,0.007774664124869966,0.9472276685958492,0.0570047927603524,0.4654421898458654
Data_for_model/images/Crenated_15.tif,30,Stressed,Stressed,0.9999032555763857,True,2.5591015740118827e-07,7.079404870355761e-07,9.578057296977428e-05,0.9999032555763857,0.6065078114037465,0.0581868273129279,0.4441509587673848
Data_for_model/images/Crenated_15.tif,33,Stressed,Stressed,0.9999228789785628,True,4.781863751776302e-06,1.6526606977585812e-05,5.5812550707920964e-05,0.9999228789785628,0.6279232951488061,0.0596612257113473,0.4518956722491111
Data_for_model/images/Crenated_15.tif,37,Healthy,Stressed,0.6884981353581816,False,2.2062128573426906e-06,3.0710657980949888e-06,0.31149658736316294,0.6884981353581816,0.7185332999909891,0.0489625021818825,0.4281556932090156
Data_for_model/images/Crenated_15.tif,41,Stressed,Stressed,0.9999942127281156,True,2.9414588218387885e-06,1.267032936221424e-06,1.5787801263897598e-06,0.9999942127281156,0.5608417844837404,0.0726268476716813,0.5359102396618686
Data_for_model/images/Crenated_15.tif,43,Stressed,Stressed,0.9999890898707801,True,1.0037443685917558e-05,2.502403763544928e-07,6.224451576070149e-07,0.9999890898707801,0.4654052195197953,0.06358224391612,0.4353492593381883
Data_for_model/images/Crenated_15.tif,45,Stressed,Stressed,0.9999932794362536,True,5.672739401463936e-07,2.9438370903577203e-07,5.858906097319837e-06,0.9999932794362536,0.4803469974369626,0.056270683415659,0.4769865251466823
Data_for_model/images/Crenated_15.tif,46,Stressed,Stressed,0.9991445041797326,True,1.5460233096928258e-06,4.7960821860081214e-06,0.0008491537147716429,0.9991445041797326,0.520778520353817,0.0624664608181263,0.4328992914081255
Data_for_model/images/Crenated_15.tif,48,Stressed,Stressed,0.9994810984744522,True,1.6676500505383856e-06,5.78674718796097e-07,0.000516655200778534,0.9994810984744522,0.5142601058182767,0.053246323254992,0.4633445461233973
Data_for_model/images/Crenated_15.tif,49,Crenated,Crenated,0.9999999160019137,True,0.9999999160019137,9.126466983288846e-10,1.0797422876754962e-09,8.200569731278363e-08,0.2815216099263333,0.0560714806244088,0.4993392772645627
Data_for_model/images/Crenated_15.tif,52,Stressed,Crenated,0.9998454121373844,False,0.9998454121373844,5.121244509400119e-07,1.967450920610035e-07,0.00015387899307239171,0.4465509496206317,0.1273563824477091,0.6183626695933531
Data_for_model/images/Crenated_15.tif,53,Stressed,Stressed,0.9999934373247664,True,4.62294780073144e-06,1.4571514750667274e-06,4.825759578006095e-07,0.9999934373247664,0.4066711766979412,0.0600326723836348,0.4590847609307212
Data_for_model/images/Crenated_15.tif,61,Stressed,Stressed,0.9999854615199248,True,1.4138117080443252e-05,1.9107284085124083e-07,2.0929015397109547e-07,0.9999854615199248,0.3846782981002155,0.0851765214285214,0.5313282486011763
Data_for_model/images/Crenated_15.tif,62,Crenated,Stressed,0.9942876351383998,False,0.005711311651268039,2.4456711914844735e-07,8.086432130213869e-07,0.9942876351383998,0.3928090333130662,0.0622147712017447,0.4838848645424574
Data_for_model/images/Crenated_15.tif,64,Crenated,Crenated,0.9999999958630834,True,0.9999999958630834,1.2289831430044833e-09,6.064813262436433e-10,2.301452187773689e-09,0.2660913401385203,0.065538761773792,0.5096535397937313
Data_for_model/images/Crenated_15.tif,65,Stressed,Crenated,0.8061728392179421,False,0.8061728392179421,2.922356397611602e-05,2.6073979985734457e-05,0.19377186323809603,0.3801209423829018,0.0766732325432774,0.4695215361893467
Data_for_model/images/Crenated_15.tif,67,Crenated,Crenated,0.9999998293404999,True,0.9999998293404999,3.3238310275913017e-09,2.974741404162599e-09,1.643609275583055e-07,0.3215148786921148,0.0529589554910653,0.4419656259440143
Data_for_model/images/Crenated_15.tif,83,Crenated,Crenated,0.9999999789856315,True,0.9999999789856315,1.5195701425259225e-09,6.877943045452926e-10,1.8807004005759707e-08,0.2758235357281813,0.149057384200516,0.5258464893004031
Data_for_model/images/Crenated_15.tif,86,Crenated,Crenated,0.9878535284559803,True,0.9878535284559803,0.0010487052397600426,5.465470580043404e-06,0.01109230083367939,0.4136787152690339,0.2324525351175884,1.0272652237069495
Data_for_model/images/Crenated_15.tif,170,Stressed,Crenated,0.9999889232884477,False,0.9999889232884477,8.604113301667934e-08,3.655883047867405e-07,1.0625082114336598e-05,0.3281828448306073,0.0913929351234818,0.5935492450685204
Data_for_model/images/Crenated_2.tif,3,Stressed,Healthy,0.965289349606794,False,4.394956732142587e-06,1.088890564499279e-06,0.965289349606794,0.03470516654590935,0.6839333101319168,0.0494422871451949,0.4325020804022424
Data_for_model/images/Crenated_2.tif,4,Stressed,Stressed,0.8268205977896916,True,1.4274936899253463e-05,8.743040433092025e-06,0.17315638423297589,0.8268205977896916,0.4499539214753308,0.0551173962061028,0.4746507174013763
Data_for_model/images/Crenated_2.tif,5,Stressed,Stressed,0.9998331283150432,True,0.00015353344716243257,6.613966418950579e-06,6.724271375366739e-06,0.9998331283150432,0.5168346418037851,0.1011427189945365,0.480156322686211
Data_for_model/images/Crenated_2.tif,6,Stressed,Stressed,0.9999961150390345,True,1.9015189465108647e-06,3.8197432403085554e-07,1.6014676949504628e-06,0.9999961150390345,0.5295359249119628,0.068795833362376,0.536402449459828
Data_for_model/images/Crenated_2.tif,7,Crenated,Crenated,0.999997874105026,True,0.999997874105026,2.7179557389759438e-08,3.573216713449492e-08,2.0629832492208347e-06,0.312023048511756,0.0498081315146386,0.443006029617783
Data_for_model/images/Crenated_2.tif,9,Stressed,Stressed,0.9006737194001383,True,0.0001306780161433548,0.0001627893890375191,0.09903281319468091,0.9006737194001383,0.6036430302057788,0.0595828159535917,0.4359477883570368
Data_for_model/images/Crenated_2.tif,12,Healthy,Healthy,0.958214704641409,True,2.6029375960240283e-06,9.046653028195773e-06,0.958214704641409,0.04177364576796676,0.7187109837499064,0.0521549258797412,0.4367369289522375
Data_for_model/images/Crenated_2.tif,19,Stressed,Stressed,0.9999610641516115,True,3.224212027560519e-05,3.164357589275829e-06,3.5293705235284494e-06,0.9999610641516115,0.6348601558781967,0.1185964790864721,0.4764171045410235
Data_for_model/images/Crenated_2.tif,22,Crenated,Crenated,0.9994952850439643,True,0.9994952850439643,5.08119427672742e-07,4.832509047355508e-07,0.0005037235857032786,0.3108310517657304,0.0631517069880542,0.5023415698309898
Data_for_model/images/Crenated_2.tif,26,Stressed,Stressed,0.9999953690603138,True,2.2109041013923023e-06,1.41756550098833e-06,1.002470083880951e-06,0.9999953690603138,0.4923516368582238,0.0603716520040971,0.5061360621831057
Data_for_model/images/Crenated_2.tif,27,Crenated,Crenated,0.9999998760725646,True,0.9999998760725646,2.9852068551831635e-09,1.1489224789612653e-09,1.1979330627698538e-07,0.2135735007423219,0.1117616058825435,0.5028217287282059
Data_for_model/images/Crenated_2.tif,40,Crenated,Crenated,0.9999999893549191,True,0.9999999893549191,2.170653109217505e-09,8.10515312299669e-10,7.663912560074048e-09,0.2849015893235268,0.1400265847804826,0.562131569488819
Data_for_model/images/Crenated_2.tif,49,Crenated,Crenated,0.9999951260561979,True,0.9999951260561979,4.7796366864362095e-06,2.126476902804754e-08,7.304234658886823e-08,0.2153402874205404,0.0697061320609221,0.4590578666309913
Data_for_model/images/Crenated_3.tif,1,Stressed,Stressed,0.9999180714834439,True,7.816890268725527e-05,1.491276082931098e-06,2.2683377860377154e-06,0.9999180714834439,0.4181886597117948,0.052127105238327,0.4617844575092854
Data_for_model/images/Crenated_3.tif,3,Stressed,Stressed,0.9999410638223833,True,1.3350322978910847e-06,1.673884700906208e-06,5.592726061799454e-05,0.9999410638223833,0.6283663935507648,0.0519583855659514,0.4300896670403276
Data_for_model/images/Crenated_3.tif,4,Healthy,Healthy,0.6403872309351507,True,4.673867573329234e-06,6.508369832674645e-06,0.6403872309351507,0.3596015868274433,0.6907832673081007,0.0464783153677712,0.4193481774562798
Data_for_model/images/Crenated_3.tif,9,Stressed,Stressed,0.9995739369433242,True,2.375656112044881e-05,1.0335643769734063e-05,0.00039197085178556434,0.9995739369433242,0.4456202517185346,0.0624675356778243,0.4577633031054619
Data_for_model/images/Crenated_3.tif,12,Healthy,Healthy,0.999129005887642,True,1.194585470651671e-08,3.5958507605397836e-08,0.999129005887642,0.000870946207995795,0.764685750006212,0.0468367681435181,0.4224392610646372
Data_for_model/images/Crenated_3.tif,15,Healthy,Healthy,0.9963581761885822,True,1.7928785798068245e-08,6.506266992819561e-08,0.9963581761885822,0.00364174081996199,0.8452082434568116,0.053706523442621,0.4649807924199991
Data_for_model/images/Crenated_3.tif,18,Stressed,Stressed,0.9999944197923971,True,8.100432212321672e-08,1.2116833649389974e-07,5.378034944282347e-06,0.9999944197923971,0.4901800316429499,0.0536682362940311,0.4418180605188728
Data_for_model/images/Crenated_3.tif,19,Stressed,Stressed,0.5779877755950718,True,0.002099835891320499,0.0028192344179146646,0.41709315409569303,0.5779877755950718,0.9409134601702488,0.0816998963251965,0.546512088927155
Data_for_model/images/Crenated_3.tif,28,Healthy,Stressed,0.9998912970716499,False,4.91657500603367e-07,7.088185207833994e-07,0.00010750245232876699,0.9998912970716499,0.6607124977324156,0.0494843885802901,0.4259757435179183
Data_for_model/images/Crenated_3.tif,35,Stressed,Stressed,0.9960476282696434,True,0.0037655698278943046,3.994524453901265e-05,0.00014685665792316008,0.9960476282696434,0.5510977670021393,0.0956345559886259,0.4796516331592086
Data_for_model/images/Crenated_3.tif,44,Healthy,Stressed,0.99819831758392,False,4.790301837395414e-07,3.2696191085999063e-06,0.0017979337667878078,0.99819831758392,0.6719011308930591,0.0565376913224887,0.4666383122724765
Data_for_model/images/Crenated_3.tif,45,Crenated,Crenated,0.9999999374883258,True,0.9999999374883258,7.96834183610183e-09,8.725864834119192e-09,4.581746744804958e-08,0.2864621028974979,0.0480860003637521,0.4413287352652485
Data_for_model/images/Crenated_3.tif,49,Stressed,Stressed,0.9999697265282825,True,2.9719111408126625e-05,2.5927488266278025e-07,2.950854266183421e-07,0.9999697265282825,0.4952537321408345,0.0815610759935391,0.4835861629570857
Data_for_model/images/Crenated_3.tif,55,Crenated,Crenated,0.837988364342109,True,0.837988364342109,3.1005724544382674e-05,0.0002184711529494994,0.1617621587803973,0.3692989790413514,0.0555086593332857,0.441750118735537
Data_for_model/images/Crenated_3.tif,58,Crenated,Crenated,0.9999998721051307,True,0.9999998721051307,1.6208514289490563e-08,2.3129997888988235e-08,8.855635704808067e-08,0.2657619356066301,0.047567148467916,0.43449481195145
Data_for_model/images/Crenated_3.tif,59,Crenated,Crenated,0.9999998707714006,True,0.9999998707714006,1.8947274942413475e-08,8.424748859900797e-09,1.0185657560851231e-07,0.2769880723989706,0.1329053012167295,0.6314861213171731
Data_for_model/images/Crenated_3.tif,61,Crenated,Crenated,0.9999998618125066,True,0.9999998618125066,1.276130195567076e-08,4.924243825828353e-09,1.2050194764258635e-07,0.2469984081651653,0.0648293447603754,0.515214034475446
Data_for_model/images/Crenated_3.tif,66,Crenated,Crenated,0.999999954050585,True,0.999999954050585,5.07853045396164e-09,2.0944451983651797e-09,3.8776439295931746e-08,0.2306932607119287,0.1226895194605818,0.5447780335773044
Data_for_model/images/Crenated_4.tif,12,Stressed,Healthy,0.9741768287159961,False,0.0021640737989704582,8.392398668372465e-05,0.9741768287159961,0.02357517349834956,0.7600363764652609,0.0568379516041605,0.4670145747380179
Data_for_model/images/Crenated_4.tif,23,Stressed,Stressed,0.9999993830347399,True,1.7973141115867814e-07,2.0219701161277064e-07,2.3503683727898833e-07,0.9999993830347399,0.5863026259561211,0.0555652711635578,0.4622783899325497
Data_for_model/images/Crenated_4.tif,24,Stressed,Stressed,0.9985087797833657,True,0.0014822742463023717,7.312341775863924e-06,1.6336285560907284e-06,0.9985087797833657,0.5297025102692239,0.0903933312604084,0.5463134294196614
Data_for_model/images/Crenated_4.tif,25,Stressed,Stressed,0.9997178805676016,True,0.00022480009037257226,2.4615554997816324e-05,3.270378702804728e-05,0.9997178805676016,0.5979593733569868,0.0925258753046186,0.4772519849249379
Data_for_model/images/Crenated_4.tif,27,Stressed,Stressed,0.9995065089511568,True,0.00024878752270619835,3.316963788165201e-05,0.0002115338882552284,0.9995065089511568,0.5311304931995827,0.0514588443388742,0.4613344803470973
Data_for_model/images/Crenated_4.tif,30,Healthy,Healthy,0.9999607585534293,True,1.517443084976896e-08,6.804077592082417e-08,0.9999607585534293,3.915823136401579e-05,0.8382940184209788,0.0478847289939713,0.4306228565174666
Data_for_model/images/Crenated_4.tif,35,Stressed,Stressed,0.9999998387508127,True,7.925433873306849e-08,5.822002190111592e-08,2.3774826744512086e-08,0.9999998387508127,0.4132966341239063,0.0634874364010147,0.4576096511811393
Data_for_model/images/Crenated_4.tif,39,Crenated,Crenated,0.9999608308795889,True,0.9999608308795889,2.7966556995398143e-07,3.6487276190583145e-07,3.852458207936192e-05,0.2648392213089058,0.0699802420526332,0.5475160244741677
Data_for_model/images/Crenated_4.tif,43,Stressed,Stressed,0.6270926153288044,True,0.005558569293714128,0.00040039114809822454,0.3669484242293833,0.6270926153288044,0.5938335065482985,0.0548375708567367,0.4610674059966969
Data_for_model/images/Crenated_4.tif,44,Crenated,Crenated,0.9999667465659041,True,0.9999667465659041,2.2532017614896952e-07,2.2001736441844e-05,1.1026377478073062e-05,0.338419046580213,0.0506432149917126,0.4300054386459286
Data_for_model/images/Crenated_4.tif,53,Crenated,Dead,0.9894939149893595,False,0.006163343962063539,0.9894939149893595,0.00010695474503637354,0.004235786303540572,0.6401608273475408,0.0650629213091685,0.5203079384432927
Data_for_model/images/Crenated_4.tif,59,Crenated,Crenated,0.9999999489373365,True,0.9999999489373365,6.81694153486446e-09,1.0506370311376588e-08,3.373935155894287e-08,0.3001339399482619,0.1231028097876464,0.6008247148975588
Data_for_model/images/Crenated_5.tif,1,Stressed,Stressed,0.9999922236581326,True,1.5064386560477402e-06,8.686366575359324e-07,5.401266553756546e-06,0.9999922236581326,0.5871192021952396,0.0730717015266959,0.5418987098046003
Data_for_model/images/Crenated_5.tif,4,Stressed,Stressed,0.9992555675532496,True,0.0007383706597801849,4.8143032260185046e-06,1.2474837440855033e-06,0.9992555675532496,0.4772681489993394,0.0770737051468557,0.4902387703422655
Data_for_model/images/Crenated_5.tif,7,Stressed,Stressed,0.999932573052269,True,5.133936362143145e-06,2.9573172939025886e-06,5.9335694074961615e-05,0.999932573052269,0.6692908304576025,0.0561295759550445,0.4407376823694996
Data_for_model/images/Crenated_5.tif,8,Healthy,Stressed,0.9999938533168677,False,1.7101200519830917e-07,6.577895624453999e-07,5.3178815646653384e-06,0.9999938533168677,0.5938859060838351,0.0519897152845977,0.4301760675389635
Data_for_model/images/Crenated_5.tif,11,Stressed,Stressed,0.9999968647358695,True,2.575122621353402e-06,2.9158817818725997e-07,2.6855333107490436e-07,0.9999968647358695,0.5089384727167215,0.0510083822259001,0.432646513748551
Data_for_model/images/Crenated_5.tif,12,Healthy,Stressed,0.9999658527930656,False,2.1863342060358415e-05,4.55918392942633e-06,7.72468094469464e-06,0.9999658527930656,0.5271342421506491,0.0530976015637623,0.4542502528473162
Data_for_model/images/Crenated_5.tif,21,Stressed,Healthy,0.9743503064856821,False,0.0018124344573088663,8.468781920963227e-05,0.9743503064856821,0.023752571237799468,0.653339583428779,0.0503975456739115,0.434543539852074
Data_for_model/images/Crenated_5.tif,37,Crenated,Crenated,0.9997726571871072,True,0.9997726571871072,1.1284463199053636e-07,2.120895879179722e-07,0.00022701787867298361,0.4347752740958661,0.0947679297355948,0.4948440214228021
Data_for_model/images/Crenated_5.tif,41,Stressed,Stressed,0.9999688757886298,True,2.598062612818309e-05,3.6107841451747126e-06,1.5328010968088842e-06,0.9999688757886298,0.3896389569095433,0.0795223596602561,0.4602793253152234
Data_for_model/images/Crenated_5.tif,44,Crenated,Crenated,0.58868180658267,True,0.58868180658267,5.051136531073478e-05,4.423147714744881e-05,0.4112234505748719,0.3602646939192268,0.0598041394555441,0.4592132059951181
Data_for_model/images/Crenated_5.tif,47,Crenated,Crenated,0.9999998988368719,True,0.9999998988368719,2.0768175237372285e-08,8.700541278328699e-09,7.169441166857919e-08,0.2356083865299868,0.0606636449977823,0.4994904500196276
Data_for_model/images/Crenated_5.tif,56,Crenated,Crenated,0.9999996138292139,True,0.9999996138292139,1.5542787546979394e-08,2.7475290085392317e-07,9.587509765864324e-08,0.2275471021409738,0.0521097773559423,0.4321342328842057
Data_for_model/images/Crenated_6.tif,2,Stressed,Stressed,0.9991826448436588,True,0.00018375280876907897,9.650996807264027e-05,0.0005370923794995274,0.9991826448436588,0.5622817067373062,0.048231991505005,0.4364744870558966
Data_for_model/images/Crenated_6.tif,11,Healthy,Healthy,0.988338848955812,True,3.886400339479665e-06,8.502526763286462e-06,0.988338848955812,0.011648762117085173,0.735197511281113,0.0563498019475609,0.4382916566618996
Data_for_model/images/Crenated_6.tif,16,Crenated,Crenated,0.9897816531892581,True,0.9897816531892581,1.824730527924474e-05,0.0015233245142171076,0.008676774991245398,0.3628685402490374,0.0532130155359029,0.4475701468922476
Data_for_model/images/Crenated_6.tif,18,Healthy,Healthy,0.9985278080700313,True,2.349558781421586e-06,2.344098789956186e-06,0.9985278080700313,0.0014674982723974167,0.7883894093162401,0.0485326751557564,0.4389515980444365
Data_for_model/images/Crenated_6.tif,19,Stressed,Stressed,0.9639674099190403,True,0.0360166596788376,8.304870340229218e-06,7.625531781930461e-06,0.9639674099190403,0.4752488564035689,0.0701403075613417,0.5343929173432204
Data_for_model/images/Crenated_6.tif,21,Stressed,Crenated,0.9991933601449129,False,0.9991933601449129,3.2481592838761167e-07,9.757682111860608e-08,0.0008062174623377826,0.349391394532863,0.0665478122858335,0.5032271678018924
Data_for_model/images/Crenated_6.tif,28,Stressed,Stressed,0.9999344177924127,True,9.279925935645508e-06,1.700300371193026e-05,3.929927793987739e-05,0.9999344177924127,0.4620788062541245,0.0532324041259506,0.4359965640688133
Data_for_model/images/Crenated_6.tif,31,Stressed,Stressed,0.9999799622686419,True,8.071586482673186e-06,5.960715362504794e-06,6.005429512870412e-06,0.9999799622686419,0.4536622949080232,0.0666600072300766,0.4843087918249011
Data_for_model/images/Crenated_6.tif,41,Crenated,Crenated,0.9975233155466077,True,0.9975233155466077,6.937986961114515e-07,3.1700258976661666e-07,0.0024756736521065244,0.321746359345065,0.0569695957722341,0.4718144857286935
Data_for_model/images/Crenated_6.tif,42,Stressed,Stressed,0.9999988406232417,True,6.37596267354037e-07,1.8024696725858955e-07,3.4153352357519364e-07,0.9999988406232417,0.4043930879873812,0.0910686840864423,0.5948916487382298
Data_for_model/images/Crenated_6.tif,43,Crenated,Crenated,0.7416804474338775,True,0.7416804474338775,1.3291260070390587e-06,1.075351621060203e-05,0.2583074699239048,0.4261062219982027,0.0693138972684245,0.4395126425647356
Data_for_model/images/Crenated_6.tif,49,Crenated,Crenated,0.9999999517783776,True,0.9999999517783776,8.237386214316377e-09,2.7883972586101176e-09,3.71958389869398e-08,0.292959382272463,0.1016490150213991,0.5230498944350399
Data_for_model/images/Crenated_6.tif,52,Crenated,Crenated,0.9999999742773258,True,0.9999999742773258,3.172517267838307e-09,1.9590176108324134e-08,2.9599807553474122e-09,0.2811994866989455,0.0652586937644641,0.4455027846943956
Data_for_model/images/Crenated_6.tif,53,Crenated,Crenated,0.9998101118382681,True,0.9998101118382681,5.562175997887697e-07,2.2569551261228705e-07,0.00018910624861936137,0.257845283051982,0.0993166633082973,0.5929122952578906
Data_for_model/images/Crenated_6.tif,57,Crenated,Crenated,0.9999997482207194,True,0.9999997482207194,1.2426320022472296e-08,9.368522297385293e-09,2.2998443843465806e-07,0.2452699326343308,0.08114707321111,0.5728035309535505
Data_for_model/images/Crenated_6.tif,59,Crenated,Crenated,0.9999999795269601,True,0.9999999795269601,6.0784001386502905e-09,1.8850174587463636e-09,1.2509622356860133e-08,0.2477411196234363,0.0533480128450806,0.4714511508345774
Data_for_model/images/Crenated_6.tif,60,Crenated,Crenated,0.9999992018741366,True,0.9999992018741366,3.672245220178371e-08,3.57879252960065e-08,7.256154858055593e-07,0.2676288935413304,0.0662302578749007,0.4552469561656031
Data_for_model/images/Crenated_6.tif,67,Crenated,Crenated,0.9999834080435008,True,0.9999834080435008,7.364269102311399e-07,1.5537043815851168e-06,1.4301825207308133e-05,0.2462303527551376,0.108789855635394,0.5369833986709636
Data_for_model/images/Crenated_6.tif,73,Crenated,Crenated,0.9999968676987042,True,0.9999968676987042,2.3290442365528675e-08,1.5777125175123995e-08,3.0932337282533525e-06,0.3525289926872937,0.0886220729058524,0.5449281383418166
Data_for_model/images/Crenated_6.tif,75,Crenated,Crenated,0.9999959216678035,True,0.9999959216678035,6.199898239209704e-08,4.0943286881631096e-08,3.975389927076693e-06,0.2630656757082041,0.0643186317941374,0.493709740656737
Data_for_model/images/Crenated_7.tif,2,Stressed,Stressed,0.9999824685384594,True,3.7319982691549075e-06,5.3297534662741504e-06,8.469709805290253e-06,0.9999824685384594,0.5782146099665441,0.0483490659190726,0.4306295462553772
Data_for_model/images/Crenated_7.tif,4,Stressed,Crenated,0.9952141498716197,False,0.9952141498716197,2.684173124987717e-06,3.87146354827927e-06,0.004779294491706911,0.6247474132938926,0.0699577129699534,0.4488975345342391
Data_for_model/images/Crenated_7.tif,6,Healthy,Stressed,0.6525016789025475,False,0.0019609003718421302,3.9239722011095376e-05,0.34549818100359925,0.6525016789025475,0.8423888499582913,0.0525101654168431,0.4654146420456128
Data_for_model/images/Crenated_7.tif,13,Stressed,Stressed,0.9504220920757959,True,8.929101800167002e-05,1.488107328085494e-05,0.04947373583292162,0.9504220920757959,0.6001487209263947,0.0560421036899201,0.4798419269280825
Data_for_model/images/Crenated_7.tif,14,Stressed,Stressed,0.9155793671470717,True,9.735742733403176e-05,0.0004351336520118753,0.08388814177358245,0.9155793671470717,0.627766961625911,0.0523941521286652,0.4703772035580876
Data_for_model/images/Crenated_7.tif,26,Stressed,Healthy,0.999834559903738,False,7.841416910211442e-08,4.2105034371280586e-07,0.999834559903738,0.00016494063174926786,0.8539146633975123,0.0741716998500683,0.4935775348802425
Data_for_model/images/Crenated_7.tif,37,Crenated,Crenated,0.9999999527004546,True,0.9999999527004546,4.63749705918099e-09,3.886402425216312e-09,3.877564593139712e-08,0.2745478668584447,0.0566805501119049,0.460081593993527
Data_for_model/images/Crenated_7.tif,38,Crenated,Crenated,0.9999999139077854,True,0.9999999139077854,5.332471640693808e-09,1.441945952542432e-09,7.931779701060689e-08,0.2723143281018341,0.0643464538779937,0.4599972270851073
Data_for_model/images/Crenated_7.tif,39,Healthy,Healthy,0.9337026285456244,True,2.648169545429593e-06,3.2690119910195812e-06,0.9337026285456244,0.06629145427283925,0.8706014850343662,0.052170080744053,0.4471349441522204
Data_for_model/images/Crenated_7.tif,46,Crenated,Crenated,0.9999998646900369,True,0.9999998646900369,1.7232746215709117e-08,4.243209518267206e-09,1.1383400738576697e-07,0.2989172391824432,0.1397747738237028,0.5091738447190184
Data_for_model/images/Crenated_7.tif,50,Crenated,Crenated,0.9999379045954339,True,0.9999379045954339,1.243309971970589e-05,4.473896989356232e-05,4.92333495283938e-06,0.2466391090947832,0.0560942892335934,0.4823516653361453
Data_for_model/images/Crenated_7.tif,52,Crenated,Crenated,0.9999998512335339,True,0.9999998512335339,1.0764587503674292e-08,2.958888337883923e-09,1.3504299041783134e-07,0.2478679666367686,0.1006828215938359,0.5408339953481378
Data_for_model/images/Crenated_7.tif,53,Crenated,Crenated,0.9999999698967903,True,0.9999999698967903,1.0796177738294477e-08,1.6029311187662367e-09,1.770410078090065e-08,0.2770510985717799,0.097876782610447,0.5892461831615969
Data_for_model/images/Crenated_7.tif,55,Crenated,Crenated,0.9999998405788756,True,0.9999998405788756,5.454824413717209e-09,2.8991823680410807e-09,1.5106711754139417e-07,0.2777986757348073,0.1044300941952637,0.4999246305049989
Data_for_model/images/Crenated_7.tif,59,Crenated,Crenated,0.9999995521737279,True,0.9999995521737279,7.704453712479664e-09,6.445389040554314e-09,4.3367642928971663e-07,0.2326342534462306,0.1030743027620916,0.5045292161560456
Data_for_model/images/Crenated_8.tif,2,Stressed,Stressed,0.9818892065643143,True,4.5028635655822066e-07,1.4084353981789366e-06,0.01810893471393088,0.9818892065643143,0.6601981987674387,0.0525296265632694,0.4522774408485317
Data_for_model/images/Crenated_8.tif,7,Stressed,Stressed,0.8168957504693062,True,0.18308483612821927,1.1445495659342e-05,7.967906815191026e-06,0.8168957504693062,0.3736247865360391,0.0640915132846029,0.4592173485147402
Data_for_model/images/Crenated_8.tif,12,Stressed,Crenated,0.9998903294536147,False,0.9998903294536147,1.4446771018348632e-07,1.2053758093869928e-07,0.00010940554109411221,0.3588566516260412,0.0580053258629808,0.4430090198883842
Data_for_model/images/Crenated_8.tif,15,Healthy,Stressed,0.8977945892211576,False,0.0008910826237101669,1.795233618091876e-05,0.10129637581895128,0.8977945892211576,0.8480168286864928,0.0627610644863371,0.4645965209461615
Data_for_model/images/Crenated_8.tif,17,Stressed,Stressed,0.9987583909694694,True,0.000785497175572299,1.889478220670502e-05,0.00043721707275156557,0.9987583909694694,0.7626771953876121,0.121562856621014,0.6695337115986904
Data_for_model/images/Crenated_8.tif,25,Crenated,Stressed,0.9999655538794828,False,3.3099196253590604e-05,1.0707962731332183e-06,2.761279904370466e-07,0.9999655538794828,0.4754404049254241,0.1200951556283075,0.4999259359248164
Data_for_model/images/Crenated_8.tif,26,Stressed,Stressed,0.99996660670271,True,6.262737096170814e-06,5.941748523243751e-06,2.118881167055974e-05,0.99996660670271,0.4338871996993646,0.0562171561342772,0.4576388733595162
Data_for_model/images/Crenated_8.tif,27,Stressed,Stressed,0.9492205214652479,True,0.05074187711075679,1.6699037054441323e-05,2.090238694079383e-05,0.9492205214652479,0.4408039959541089,0.0526812718533461,0.4314134097789934
Data_for_model/images/Crenated_8.tif,32,Crenated,Crenated,0.9949233893733828,True,0.9949233893733828,2.5969536754528885e-07,5.479676945919723e-08,0.005076296134480322,0.3455347388406431,0.116288990561586,0.694745887587451
Data_for_model/images/Crenated_8.tif,36,Dead,Healthy,0.9999590920073119,False,5.788736416956204e-06,3.0225189879547476e-05,0.9999590920073119,4.894066391635265e-06,0.7908285627845174,0.0505904000036355,0.4547929033132021
Data_for_model/images/Crenated_8.tif,43,Crenated,Crenated,0.999999598386521,True,0.999999598386521,3.621553948566727e-08,2.1059213314532535e-08,3.4433872620220456e-07,0.2945976439886216,0.0625654113108258,0.4739532631003689
Data_for_model/images/Crenated_8.tif,47,Crenated,Crenated,0.9999999786405733,True,0.9999999786405733,3.7125272743921734e-09,4.019072855534308e-09,1.362782663560285e-08,0.2646898053007158,0.0630417072517647,0.4492924628541911
Data_for_model/images/Crenated_8.tif,50,Crenated,Crenated,0.9999999713491557,True,0.9999999713491557,5.608778753237706e-09,5.58615524800539e-09,1.7455910191511653e-08,0.2569958089292127,0.0543920079175361,0.4493470805795326
Data_for_model/images/Crenated_8.tif,54,Crenated,Crenated,0.9999999473365849,True,0.9999999473365849,4.725698197795261e-09,2.676506745748057e-09,4.526121026243546e-08,0.2255076521446204,0.0835443103367846,0.5067063300918371
Data_for_model/images/Crenated_8.tif,57,Crenated,Crenated,0.9998976235727532,True,0.9998976235727532,9.80804077048308e-05,1.450060526806279e-06,2.8459590150558945e-06,0.2668374900061789,0.0881397044892166,0.4913029208451817
Data_for_model/images/Crenated_8.tif,62,Crenated,Crenated,0.9988499535586202,True,0.9988499535586202,6.638899539801633e-07,2.2698707120728733e-06,0.001147112680713823,0.2910936154087157,0.0657612823743323,0.5141726153259827
Data_for_model/images/Crenated_9.tif,2,Stressed,Stressed,0.9998707163502519,True,8.376967222617222e-05,8.202697545542593e-06,3.731127997630709e-05,0.9998707163502519,0.5434257872578239,0.0514487987825091,0.4372744311967275
Data_for_model/images/Crenated_9.tif,9,Stressed,Stressed,0.9999916014442313,True,5.424419876851953e-06,2.2256168850983444e-06,7.485190067503152e-07,0.9999916014442313,0.5304099553525116,0.0675138941753664,0.4936667386707333
Data_for_model/images/Crenated_9.tif,10,Stressed,Stressed,0.9983436917896252,True,0.0015619857043102777,1.0696392932847622e-05,8.362611313162068e-05,0.9983436917896252,0.3722147958800277,0.0467692998622424,0.4285588426090746
Data_for_model/images/Crenated_9.tif,25,Crenated,Crenated,0.9998101051678051,True,0.9998101051678051,7.23790444563025e-07,2.1707386638370753e-07,0.00018895396788385052,0.2756988166757241,0.0762798417124634,0.5090215193203435
Data_for_model/images/Crenated_9.tif,28,Stressed,Stressed,0.8955394694429573,True,0.10441509411979587,3.0740131346078694e-05,1.4696305900804963e-05,0.8955394694429573,0.3454560803989419,0.0690338699431483,0.4796398445132106
Data_for_model/images/Crenated_9.tif,29,Healthy,Healthy,0.9972180684201299,True,5.119990038559485e-05,0.00015851303432065625,0.9972180684201299,0.002572218645163669,1.0450163514867263,0.0526911134326151,0.4535174146020646
Data_for_model/images/Crenated_9.tif,30,Stressed,Stressed,0.9999413828079438,True,5.520607797267979e-05,1.2876675496644422e-06,2.123446533930141e-06,0.9999413828079438,0.4092736728247628,0.0568166580973644,0.4776855129114877
Data_for_model/images/Crenated_9.tif,39,Crenated,Crenated,0.9999999817027597,True,0.9999999817027597,7.881133060783677e-09,3.558598281298362e-09,6.8575088919413954e-09,0.2582207711081237,0.0582530559522247,0.4871806955497794
Data_for_model/images/Crenated_9.tif,40,Stressed,Stressed,0.9999978418940052,True,1.6722103779578995e-06,2.6358609267233225e-07,2.2230952405197868e-07,0.9999978418940052,0.395234853099159,0.0681245933363582,0.4717396077561041
Data_for_model/images/Crenated_9.tif,45,Crenated,Crenated,0.9994721123523937,True,0.9994721123523937,4.333590950400423e-07,8.402262590782511e-08,0.0005273702658852857,0.3543842753115567,0.0574575143867651,0.5189540345916227
Data_for_model/images/Crenated_9.tif,47,Dead,Dead,0.9999994836031618,True,3.6134325420133584e-07,0.9999994836031618,4.643853159820197e-08,1.0861505239550335e-07,0.6517634112735694,0.0975767479520256,0.4657312775728516
Data_for_model/images/Crenated_9.tif,57,Crenated,Crenated,0.9999996657536729,True,0.9999996657536729,5.140337352324039e-09,3.414705237051732e-09,3.256912845654664e-07,0.2445953073043665,0.0858904161339715,0.5738849361861681
Data_for_model/images/Crenated_9.tif,62,Crenated,Crenated,0.9999993996207938,True,0.9999993996207938,2.1973526474964255e-08,2.986994766289253e-08,5.485357321368903e-07,0.2544876247534696,0.0551927033824134,0.4799285470164755
Data_for_model/images/Dead_cells_1.tif,5,Dead,Dead,0.9999860085490073,True,1.3534798302300045e-08,0.9999860085490073,1.3962613543151524e-05,1.530265120954652e-08,0.6719795686849419,0.0463010651577642,0.451995210349577
Data_for_model/images/Dead_cells_1.tif,10,Dead,Dead,0.9995241510299816,True,8.425533218543522e-07,0.9995241510299816,0.00047494835668897316,5.806000752978898e-08,0.7880005894200316,0.0509029744497358,0.464666330120257
Data_for_model/images/Dead_cells_1.tif,12,Dead,Dead,0.9995398401696172,True,6.683432338472735e-05,0.9995398401696172,0.0001706930315542201,0.0002226324754437833,0.6663485910910207,0.0605071744407548,0.4745199368406188
Data_for_model/images/Dead_cells_1.tif,14,Dead,Dead,0.9999998627658078,True,2.4432765359383564e-09,0.9999998627658078,1.3184583182410604e-07,2.945083856723622e-09,0.6380134581412509,0.0472581777880399,0.4673805387523953
Data_for_model/images/Dead_cells_1.tif,17,Dead,Dead,0.9999594126369231,True,6.317526412932324e-07,0.9999594126369231,3.902527661232705e-05,9.303338234170262e-07,0.6995086581644451,0.0517786857320308,0.4628503032295195
Data_for_model/images/Dead_cells_10.tif,3,Dead,Dead,0.9988630249199594,True,1.5790453295865869e-06,0.9988630249199594,0.001134966354870377,4.296798406082965e-07,0.6048217302104822,0.0431022839856718,0.4317443683088934
Data_for_model/images/Dead_cells_10.tif,4,Dead,Dead,0.9999998386657116,True,1.2377725292134287e-08,0.9999998386657116,1.393512091728234e-07,9.605353853743666e-09,0.5960122827508216,0.0446078389332877,0.4465186761368122
Data_for_model/images/Dead_cells_10.tif,5,Dead,Dead,0.9999993051551542,True,7.852229681542012e-09,0.9999993051551542,6.850979990243278e-07,1.894617097948486e-09,0.7014442672521269,0.0476181190192057,0.4620947674085264
Data_for_model/images/Dead_cells_10.tif,7,Dead,Dead,0.9999989490005564,True,8.321974860130965e-07,0.9999989490005564,1.6664007570980315e-07,5.2161881817535216e-08,0.7767755047103482,0.0554210825552682,0.499936782782535
Data_for_model/images/Dead_cells_10.tif,12,Dead,Dead,0.9999985514299743,True,1.4029424789789415e-06,0.9999985514299743,8.931096456077317e-09,3.669645026502284e-08,0.621739920801826,0.0605312117715629,0.5351762957006995
Data_for_model/images/Dead_cells_10.tif,17,Dead,Dead,0.9999994485884868,True,3.205297009737212e-08,0.9999994485884868,7.439726631393824e-08,4.4496127660548356e-07,0.4735181942003744,0.061563777408537,0.5013664873785162
Data_for_model/images/Dead_cells_10.tif,18,Dead,Dead,0.9999998001693222,True,1.167720745531837e-07,0.9999998001693222,4.215554225670592e-10,8.263704772222158e-08,0.4836209788827655,0.145307859204134,0.6145000119829013
Data_for_model/images/Dead_cells_10.tif,20,Dead,Dead,0.9876934434536179,True,9.988516964394316e-05,0.9876934434536179,0.0005831487322742163,0.011623522644463898,0.5715810855748471,0.074222783800649,0.5087462346982277
Data_for_model/images/Dead_cells_11.tif,8,Dead,Dead,0.9999999585005388,True,6.783500529572263e-09,0.9999999585005388,3.301244940929919e-08,1.7035112054781087e-09,0.7111063249558366,0.0476356729311644,0.4479095220057411
Data_for_model/images/Dead_cells_11.tif,12,Dead,Dead,0.9999998900135797,True,4.312678283248789e-08,0.9999998900135797,4.517573737705612e-08,2.1683900283858322e-08,0.6804098702072046,0.0711718860944601,0.5893481971014172
Data_for_model/images/Dead_cells_11.tif,17,Dead,Dead,0.9870749989068551,True,0.006733085497137119,0.9870749989068551,0.0008382358308908128,0.005353679765116912,0.4379658633877276,0.0668940423567469,0.4960321636400784
Data_for_model/images/Dead_cells_11.tif,18,Dead,Dead,0.9999999848571923,True,5.337439881685603e-09,0.9999999848571923,1.1980902163446478e-09,8.607277351880207e-09,0.6373645012590191,0.0738048839655556,0.5835549380109312
Data_for_model/images/Dead_cells_12.tif,9,Dead,Dead,0.9999741333397352,True,2.0521584444675546e-06,0.9999741333397352,2.2197968784755677e-06,2.159470494210621e-05,0.691748750164605,0.053135986804263,0.4874155094755993
Data_for_model/images/Dead_cells_12.tif,10,Dead,Dead,0.9999996445370776,True,5.685586689038399e-08,0.9999996445370776,2.5340860277529455e-07,4.519845272583651e-08,0.5989609765859082,0.0513934401299435,0.488201032088602
Data_for_model/images/Dead_cells_12.tif,14,Dead,Dead,0.999993904578571,True,3.7569409470096436e-07,0.999993904578571,5.6602336410363165e-06,5.9493693233935354e-08,0.6761276706983048,0.0459873915941976,0.451590629423307
Data_for_model/images/Dead_cells_12.tif,20,Dead,Dead,0.9996343559734369,True,0.00012322285028408463,0.9996343559734369,4.347947833718628e-06,0.00023807322844515355,0.5477420887110929,0.0951302938335644,0.6178054126934992
Data_for_model/images/Dead_cells_12.tif,21,Dead,Dead,0.9999999930423855,True,2.6067460046178266e-09,0.9999999930423855,1.4406183920886937e-09,2.9102503183238216e-09,0.4891084474516713,0.0617331663176039,0.4936304789843128
Data_for_model/images/Dead_cells_12.tif,23,Dead,Dead,0.999983527050169,True,3.3454307171982728e-06,0.999983527050169,2.3881656617731006e-06,1.0739353451844099e-05,0.7116991877351345,0.0599015219182471,0.506579099111498
Data_for_model/images/Dead_cells_12.tif,24,Dead,Dead,0.9999972730132809,True,5.287216281805349e-07,0.9999972730132809,1.6778742117533145e-06,5.203908792379576e-07,0.7248067869413304,0.0572213131856831,0.5000141935993642
Data_for_model/images/Dead_cells_12.tif,25,Dead,Dead,0.9999994727976612,True,3.858924456720553e-08,0.9999994727976612,4.6594146876861467e-07,2.2671625428723978e-08,0.6355536381541151,0.0543693958595474,0.4541776511383966
Data_for_model/images/Dead_cells_12.tif,27,Dead,Dead,0.999995748199001,True,1.5133917894522243e-06,0.999995748199001,2.0781670690129804e-07,2.530592502598929e-06,0.6389734209838153,0.1102257985166589,0.7440229165438048
Data_for_model/images/Dead_cells_13.tif,1,Dead,Dead,0.9999999929384542,True,3.4458112635607958e-09,0.9999999929384542,2.4014834018676453e-09,1.21425115118562e-09,0.6596039839649679,0.0558827558800563,0.4787081902390945
Data_for_model/images/Dead_cells_13.tif,2,Dead,Dead,0.9998011161826779,True,3.650733049356724e-05,0.9998011161826779,4.425642410613744e-07,0.00016193392258755885,0.4753442170622592,0.0544631534819014,0.4691145933998668
Data_for_model/images/Dead_cells_13.tif,8,Dead,Dead,0.9999999809465353,True,4.204420169429879e-09,0.9999999809465353,9.712132771696873e-09,5.13691190527573e-09,0.8047713629655558,0.0589854437077915,0.599060059233914
Data_for_model/images/Dead_cells_13.tif,9,Dead,Dead,0.9999993974504349,True,9.46057968416889e-08,0.9999993974504349,7.189408499661594e-08,4.360496834396161e-07,0.5085532624288052,0.0543898455493836,0.44603260711321
Data_for_model/images/Dead_cells_13.tif,10,Dead,Dead,0.999999965099904,True,1.4748552193092367e-08,0.999999965099904,4.803521503160204e-09,1.5348022502974017e-08,0.5021172883467664,0.0551200669897191,0.4540285455918029
Data_for_model/images/Dead_cells_13.tif,14,Dead,Dead,0.9999987130975462,True,2.759881807131995e-07,0.9999987130975462,3.9625290336759177e-07,6.146613697581533e-07,0.4428721106792534,0.0534847473577995,0.4721952554520479
Data_for_model/images/Dead_cells_13.tif,20,Dead,Dead,0.9999689890709217,True,4.201540297363263e-07,0.9999689890709217,6.089186127846471e-06,2.4501588920655665e-05,0.5747139350061345,0.1242665230259039,0.5011946655488471
Data_for_model/images/Dead_cells_13.tif,23,Dead,Dead,0.9999397984463488,True,1.1472003437340386e-05,0.9999397984463488,3.710009705407912e-05,1.1629453159857718e-05,0.4673279373535125,0.0564494275378644,0.5033558851614814
Data_for_model/images/Dead_cells_13.tif,25,Dead,Dead,0.9999999937273698,True,2.065559426693696e-09,0.9999999937273698,2.877637210647495e-09,1.3294335484101697e-09,0.6197666548658816,0.0567171582504358,0.4874770774767192
Data_for_model/images/Dead_cells_13.tif,28,Dead,Dead,0.9999929285775566,True,5.651300809295386e-06,0.9999929285775566,5.1000100844428776e-08,1.3691215334016097e-06,0.6720167592942761,0.2332663882757362,0.7939613740716812
Data_for_model/images/Dead_cells_13.tif,31,Dead,Dead,0.9999999769190256,True,6.745752260896598e-09,0.9999999769190256,4.493704277139752e-09,1.1841518035119695e-08,0.5374018787654532,0.0684169970414983,0.4847218561960987
Data_for_model/images/Dead_cells_14.tif,8,Dead,Dead,0.9897737585454272,True,8.661418479460908e-06,0.9897737585454272,0.010214543014227272,3.037021866075753e-06,0.7691479599309471,0.0462171028232893,0.4322958778384549
Data_for_model/images/Dead_cells_14.tif,12,Dead,Dead,0.9999991648489366,True,1.122695361079836e-07,0.9999991648489366,2.5878845981298913e-07,4.640930673981268e-07,0.6378992208533634,0.0501213027767698,0.4557691460555405
Data_for_model/images/Dead_cells_14.tif,15,Dead,Dead,0.9999995941542732,True,8.57667769197527e-08,0.9999995941542732,5.2686771111119146e-08,2.6739217880418825e-07,0.7208588338865827,0.0785572218030072,0.6269787900988241
Data_for_model/images/Dead_cells_14.tif,16,Dead,Dead,0.999976372826998,True,1.638286734714977e-06,0.999976372826998,2.0228127433175994e-05,1.760758834045867e-06,0.6019275419460548,0.0592494026068854,0.4512240139833934
Data_for_model/images/Dead_cells_14.tif,17,Dead,Dead,0.9999686402670479,True,1.0328612648258294e-06,0.9999686402670479,2.994446386646268e-05,3.824078207820969e-07,0.4547855095456188,0.0487076666838866,0.4398818083569617
Data_for_model/images/Dead_cells_14.tif,20,Dead,Dead,0.9999999400204223,True,1.3465729375504296e-08,0.9999999400204223,2.5806962803888787e-09,4.393315209401484e-08,0.6404731851462478,0.080247781772158,0.5873803641595268
Data_for_model/images/Dead_cells_14.tif,22,Dead,Dead,0.9999999245293766,True,4.335983552325507e-08,0.9999999245293766,2.871173420157894e-08,3.3990537115741714e-09,0.6572003463998204,0.0547399388070633,0.4702076088730632
Data_for_model/images/Dead_cells_14.tif,25,Dead,Dead,0.9724845164322689,True,0.009181456280131518,0.9724845164322689,0.0006095003983535326,0.0177245268892462,0.5426326907702026,0.0934482429087735,0.7228033698094023
Data_for_model/images/Dead_cells_15.tif,2,Healthy,Healthy,0.9999931202641842,True,1.511951847999007e-06,2.9470623205133878e-06,0.9999931202641842,2.420721647230431e-06,0.7312697663540053,0.0482675392857516,0.4313858246013007
Data_for_model/images/Dead_cells_15.tif,5,Dead,Dead,0.9833114930145598,True,8.917193395081306e-06,0.9833114930145598,2.445941661950899e-05,0.01665513037542564,0.7088451450660961,0.0585493541007173,0.5001060827598757
Data_for_model/images/Dead_cells_15.tif,7,Dead,Dead,0.9999850404934768,True,8.71446570676082e-06,0.9999850404934768,3.006376577371923e-06,3.238664239189983e-06,0.6194124371685827,0.0493774241557032,0.448344314892027
Data_for_model/images/Dead_cells_15.tif,8,Dead,Dead,0.9999999937840127,True,3.019326626973724e-09,0.9999999937840127,1.3969175132722455e-09,1.7997432026965852e-09,0.6337395699253734,0.0492293784145329,0.4903627859701898
Data_for_model/images/Dead_cells_15.tif,12,Dead,Dead,0.999999983195278,True,3.4580717444375673e-09,0.999999983195278,1.2048346791236224e-08,1.2983033468126185e-09,0.6380774912079976,0.0465906747072291,0.4526450428466274
Data_for_model/images/Dead_cells_15.tif,14,Dead,Dead,0.9999902029099208,True,3.8082356934930113e-06,0.9999902029099208,4.378162969611851e-06,1.6106914162446162e-06,0.5040466872701207,0.0486198810200186,0.4280713879684002
Data_for_model/images/Dead_cells_15.tif,15,Dead,Dead,0.9999997302727325,True,3.228014075436741e-08,0.9999997302727325,1.1166249522273255e-07,1.2578463138944417e-07,0.7516180035932857,0.0473928533547765,0.4694007056164326
Data_for_model/images/Dead_cells_15.tif,23,Dead,Dead,0.9999996895651388,True,1.2199132230961807e-07,0.9999996895651388,3.291933693531687e-08,1.5552420182644697e-07,0.7635897188462546,0.0880608964399293,0.5007607310827982
Data_for_model/images/Dead_cells_15.tif,25,Dead,Dead,0.9999999047672128,True,6.68537211678719e-09,0.9999999047672128,4.031021742619142e-08,4.8237197766679534e-08,0.7052023409807139,0.0806190155122213,0.5493774493347676
Data_for_model/images/Dead_cells_16.tif,6,Dead,Dead,0.9975495868670721,True,5.997854751251298e-05,0.9975495868670721,0.0023775659485457904,1.2868636869659431e-05,0.6501199090058251,0.0403401167831548,0.4171878101259124
Data_for_model/images/Dead_cells_16.tif,7,Dead,Dead,0.9999999410350887,True,2.9419788658948262e-08,0.9999999410350887,2.5578724178558517e-08,3.966398598311989e-09,0.592422785536032,0.0580948583355356,0.4776594303547032
Data_for_model/images/Dead_cells_16.tif,8,Dead,Dead,0.9999999847953744,True,2.545498046612051e-09,0.9999999847953744,1.1376702899779337e-08,1.2824246693947541e-09,0.6321485840241422,0.0474025285140352,0.4656663996620698
Data_for_model/images/Dead_cells_16.tif,10,Dead,Dead,0.999407788378251,True,1.6633010900448263e-05,0.999407788378251,0.0005735875818741111,1.9910289745000937e-06,0.6987713576243947,0.0445246922750296,0.4412700589342795
Data_for_model/images/Dead_cells_16.tif,15,Dead,Dead,0.999997725849202,True,4.0862097552053915e-08,0.999997725849202,2.1625697219823223e-06,7.071897837181551e-08,0.5593844380553488,0.0593532985177074,0.4732259836198037
Data_for_model/images/Dead_cells_16.tif,25,Dead,Dead,0.9999987458306145,True,5.376302329288518e-09,0.9999987458306145,2.589422702282012e-08,1.2228988561556157e-06,0.4353890366556413,0.0600564211511607,0.4963569394494468
Data_for_model/images/Dead_cells_17.tif,1,Crenated,Dead,0.9969487814729657,False,7.839860246852036e-05,0.9969487814729657,0.002926921383502204,4.589854106348004e-05,0.5920443664398465,0.0431953235313299,0.4212555340696477
Data_for_model/images/Dead_cells_17.tif,2,Dead,Dead,0.9958908245535806,True,1.7787588267145648e-06,0.9958908245535806,0.004099782560528284,7.6141270644885716e-06,0.7249040311978137,0.0479472668874209,0.4600543130331318
Data_for_model/images/Dead_cells_17.tif,3,Dead,Dead,0.999728314856282,True,1.7718275168968834e-05,0.999728314856282,0.0002520394841231099,1.9273844256717358e-06,0.4915514651899916,0.0503716738164441,0.4252753308484206
Data_for_model/images/Dead_cells_17.tif,6,Dead,Healthy,0.943607491902873,False,0.0004336762153935112,0.0557999222560451,0.943607491902873,0.00015890962568840738,0.7148510105752469,0.04762282639018,0.4275793593704772
Data_for_model/images/Dead_cells_17.tif,14,Dead,Dead,0.9998904184404817,True,2.093936422302643e-06,0.9998904184404817,0.00010694337224767317,5.44250848559855e-07,0.6325103376017847,0.0475632377795377,0.454894670982731
Data_for_model/images/Dead_cells_17.tif,27,Dead,Dead,0.9999988283673431,True,8.538288035640962e-07,0.9999988283673431,2.0723817208252746e-07,1.1056568123831046e-07,0.5873743468079999,0.0693611199984829,0.4921730472012487
Data_for_model/images/Dead_cells_17.tif,29,Dead,Dead,0.9999714727736424,True,1.1941013492423173e-07,0.9999714727736424,1.053076643189694e-06,2.7354739579569776e-05,0.4913105351032553,0.1026101947130877,0.5881533323393193
Data_for_model/images/Dead_cells_2.tif,3,Dead,Dead,0.9999838544179575,True,1.604464516436743e-07,0.9999838544179575,1.5901013111135413e-05,8.4122479637839e-08,0.7087518351080415,0.0442194158910765,0.4429267014471955
Data_for_model/images/Dead_cells_2.tif,13,Dead,Dead,0.9999820555376553,True,2.4031142035681133e-06,0.9999820555376553,1.0845240812829776e-05,4.696107328210733e-06,0.5789328014740771,0.0739156903001437,0.5079112686094911
Data_for_model/images/Dead_cells_2.tif,18,Dead,Dead,0.9999999683797519,True,1.6632411678628634e-08,0.9999999683797519,1.8601554541438141e-09,1.3127680947940868e-08,0.648540411584699,0.07279226673757,0.5403077027043103
Data_for_model/images/Dead_cells_3.tif,1,Dead,Dead,0.9999996458245108,True,2.96436995673385e-07,0.9999996458245108,4.1708792631214954e-08,1.6029700983947666e-08,0.5264072030529948,0.0476679952745795,0.4486628092830063
Data_for_model/images/Dead_cells_3.tif,8,Dead,Dead,0.999997420251028,True,1.0279401733783481e-07,0.999997420251028,2.406337165902872e-06,7.061778893605558e-08,0.6117759516129329,0.0499581920644579,0.4622531042015679
Data_for_model/images/Dead_cells_3.tif,9,Dead,Dead,0.9999998419661004,True,8.359531112805143e-08,0.9999998419661004,7.462022107709991e-09,6.697656640613622e-08,0.586021477338945,0.0619971614201509,0.6035849717249482
Data_for_model/images/Dead_cells_3.tif,14,Dead,Dead,0.9999995433303956,True,4.1251869019573005e-08,0.9999995433303956,2.8584967130181087e-07,1.2956806387940538e-07,0.6482815182469074,0.0542887410339449,0.4519586876316034
Data_for_model/images/Dead_cells_3.tif,21,Dead,Dead,0.9999994081395968,True,1.3869510921650936e-07,0.9999994081395968,3.3794183524835716e-07,1.1522345875069806e-07,0.6673137108296415,0.0456357407159213,0.4537399935035402
Data_for_model/images/Dead_cells_3.tif,24,Dead,Dead,0.9999987622939188,True,9.721959843261672e-07,0.9999987622939188,1.983555174361662e-07,6.715457937289457e-08,0.5496651032249888,0.0589800402575709,0.5053570182966873
Data_for_model/images/Dead_cells_3.tif,28,Dead,Dead,0.9999562058007131,True,3.918564448784245e-05,0.9999562058007131,2.3059261841789822e-06,2.302628614871228e-06,0.7583939504906361,0.09745765169243,0.5489921250798973
Data_for_model/images/Dead_cells_4.tif,11,Dead,Dead,0.9999991271452982,True,2.8302842200801934e-07,0.9999991271452982,5.158342233840916e-07,7.399205647702604e-08,0.553663346599203,0.0479949189331083,0.4415177870381078
Data_for_model/images/Dead_cells_4.tif,12,Dead,Dead,0.992918582354317,True,1.5181220789154215e-05,0.992918582354317,0.007062749747784744,3.486677109368242e-06,0.6045706219941934,0.0451650708359585,0.4416398178454556
Data_for_model/images/Dead_cells_4.tif,13,Dead,Dead,0.9999732138187036,True,8.659534842516018e-07,0.9999732138187036,1.2119292893544257e-05,1.3800934918726548e-05,0.5508234503181898,0.0614988158499934,0.5087715239877791
Data_for_model/images/Dead_cells_4.tif,14,Dead,Dead,0.9999999789830025,True,4.543664576561208e-09,0.9999999789830025,7.874497540145381e-09,8.598835237177706e-09,0.6373865157095492,0.0542568553690319,0.4843049846496141
Data_for_model/images/Dead_cells_4.tif,21,Dead,Dead,0.9999863326031583,True,1.2020005356797507e-06,0.9999863326031583,1.0494494225686243e-05,1.9709020803868166e-06,0.7523113341324061,0.0552344984360239,0.4687776063970372
Data_for_model/images/Dead_cells_5.tif,2,Healthy,Dead,0.9999719868646281,False,6.307389425374689e-08,0.9999719868646281,2.7557661289573418e-05,3.9240018814238035e-07,0.7002518542864622,0.0440039389328084,0.4145655877229441
Data_for_model/images/Dead_cells_5.tif,4,Dead,Healthy,0.9995765044617668,False,1.7322774029659726e-06,0.0004214118150849726,0.9995765044617668,3.5144574526118103e-07,0.7555148385877267,0.0447984493503263,0.4379533328603968
Data_for_model/images/Dead_cells_5.tif,5,Healthy,Dead,0.9999969436907418,False,4.778759295032698e-09,0.9999969436907418,2.959436298116305e-06,9.209420095015893e-08,0.5601850220715567,0.0450148933689847,0.437126216553334
Data_for_model/images/Dead_cells_5.tif,7,Healthy,Dead,0.9973361308003397,False,9.118998167958517e-07,0.9973361308003397,0.0026628417255390624,1.1557430443639393e-07,0.8982966399029453,0.0446720598851327,0.4373124391818467
Data_for_model/images/Dead_cells_5.tif,8,Healthy,Dead,0.9999929674791979,False,2.2989624409129863e-08,0.9999929674791979,6.771566382701814e-06,2.3796479494259194e-07,0.6769062118548245,0.0447375911863806,0.4274892492620232
Data_for_model/images/Dead_cells_5.tif,9,Healthy,Dead,0.8806225026504119,False,4.897571542142811e-07,0.8806225026504119,0.11936911624596577,7.89134646812413e-06,0.8244958216516741,0.0446257320000574,0.4156290692765054
Data_for_model/images/Dead_cells_5.tif,11,Dead,Healthy,0.9997891855087184,False,2.5264829466994253e-07,0.00021036181811014186,0.9997891855087184,2.0002487673761817e-07,0.6872016087830644,0.0449759984270009,0.4270611868204573
Data_for_model/images/Dead_cells_5.tif,12,Healthy,Dead,0.9999935604095498,False,5.779266539822673e-09,0.9999935604095498,6.333048821584206e-06,1.0076236222997088e-07,0.6582650418653235,0.043874012699259,0.4429934482464064
Data_for_model/images/Dead_cells_5.tif,14,Dead,Healthy,0.5123411670742275,False,6.595661069688781e-06,0.4876191192396906,0.5123411670742275,3.31180250121978e-05,0.7133246610502594,0.0491418347551285,0.4410017848415933
Data_for_model/images/Dead_cells_5.tif,20,Dead,Dead,0.9998485681238817,True,9.07764852826515e-05,0.9998485681238817,6.063720053545292e-05,1.8190300346169126e-08,0.7630695946446435,0.046322076329891,0.452782542969034
Data_for_model/images/Dead_cells_5.tif,23,Dead,Dead,0.9999993314642841,True,2.999687158746601e-09,0.9999993314642841,6.042670640393059e-07,6.126896476340004e-08,0.5918466154174757,0.0483997141107427,0.4713837039121235
Data_for_model/images/Dead_cells_5.tif,35,Dead,Dead,0.9999999112934165,True,1.4688867774286837e-08,0.9999999112934165,4.494026324800424e-08,2.907745261522566e-08,0.4951918401220129,0.0545242686082733,0.4880522798675114
Data_for_model/images/Dead_cells_6.tif,4,Healthy,Dead,0.999990067925763,False,8.005387278574415e-09,0.999990067925763,9.798052303902197e-06,1.2601654581234316e-07,0.6773146476943134,0.0434303687077679,0.4240226011590366
Data_for_model/images/Dead_cells_6.tif,6,Healthy,Dead,0.9989210667922825,False,1.3742652202188082e-08,0.9989210667922825,0.0010788069793940143,1.1248567130324038e-07,0.8307913204342704,0.0468648346928234,0.4303604697553627
Data_for_model/images/Dead_cells_6.tif,8,Healthy,Dead,0.9997166532423301,False,1.3642926894407754e-07,0.9997166532423301,0.00028312152874709895,8.879965402566751e-08,0.7534988858077006,0.0455893565176129,0.4375341771699298
Data_for_model/images/Dead_cells_6.tif,13,Dead,Dead,0.9999976788839781,True,3.353540853045188e-09,0.9999976788839781,2.277400209932865e-06,4.036227139440768e-08,0.607889365372221,0.0480032270799394,0.4429648495459393
Data_for_model/images/Dead_cells_6.tif,16,Healthy,Dead,0.9999980970501944,False,1.542926004149285e-08,0.9999980970501944,1.6516398142663932e-07,1.7223565641480535e-06,0.5777834703870631,0.0598004133391017,0.4501092239214293
Data_for_model/images/Dead_cells_6.tif,19,Dead,Dead,0.999983229932407,True,4.2436233807795185e-09,0.999983229932407,1.671557119441063e-05,5.025277546638298e-08,0.7746485209365268,0.0477161067458646,0.4661822486764321
Data_for_model/images/Dead_cells_6.tif,31,Dead,Dead,0.9999972414302689,True,1.41703913594006e-07,0.9999972414302689,3.515359406200665e-08,2.58171222344536e-06,0.515761946706857,0.0678577433536894,0.4910848006604891
Data_for_model/images/Dead_cells_6.tif,39,Dead,Dead,0.999999040142823,True,2.7269369523337213e-09,0.999999040142823,1.6915186017147383e-07,7.879783798331621e-07,0.4870872474489139,0.0547917048126575,0.4655083239492801
Data_for_model/images/Dead_cells_6.tif,48,Dead,Dead,0.9999988657059525,True,8.953097431535975e-07,0.9999988657059525,1.9564165727038513e-08,2.194201386876297e-07,0.6434908596765045,0.1686221786978701,0.5391337163164251
Data_for_model/images/Dead_cells_6.tif,50,Dead,Dead,0.9999998644378654,True,4.7758361907324355e-09,0.9999998644378654,3.8984248814118034e-08,9.180204965919993e-08,0.6852740086405411,0.1024934189784409,0.698602160857131
Data_for_model/images/Dead_cells_7.tif,4,Healthy,Dead,0.9999915339225744,False,1.4085772689365466e-08,0.9999915339225744,8.305022372061954e-06,1.4696928070856583e-07,0.719531249065203,0.042183454844959,0.4326272537400882
Data_for_model/images/Dead_cells_7.tif,7,Healthy,Dead,0.9999980749345552,False,9.35332528840445e-08,0.9999980749345552,1.7867841076515342e-06,4.474808425951752e-08,0.7450410426138908,0.0446069019002438,0.4620787609447582
Data_for_model/images/Dead_cells_7.tif,9,Dead,Dead,0.9999997698275546,True,3.279817665835262e-09,0.9999997698275546,1.445774210215398e-07,8.231520673047593e-08,0.6494921490485562,0.0484441777130619,0.4454073956004136
Data_for_model/images/Dead_cells_7.tif,11,Dead,Dead,0.9999979066063265,True,8.29767325590886e-09,0.9999979066063265,1.8932772757587043e-06,1.9181872461698797e-07,0.5948100815597313,0.0445429724997449,0.4367449165454165
Data_for_model/images/Dead_cells_7.tif,13,Dead,Dead,0.9999968897763422,True,2.9569834824758405e-06,0.9999968897763422,6.320803049409177e-08,9.003214472627837e-08,0.6950485774010323,0.0540616573290962,0.4525551570854637
Data_for_model/images/Dead_cells_7.tif,15,Healthy,Dead,0.9995894360339885,False,1.1708537742936913e-08,0.9995894360339885,0.00041035460760282323,1.9764987100629606e-07,0.7493359193390221,0.0486368476960862,0.4255259808089293
Data_for_model/images/Dead_cells_7.tif,20,Dead,Dead,0.9999816526552198,True,2.888205892533906e-09,0.9999816526552198,1.8209208832590555e-05,1.3524774172000512e-07,0.8121130348799129,0.0528789993020466,0.4740177949861728
Data_for_model/images/Dead_cells_7.tif,35,Dead,Dead,0.9999794052371794,True,3.409718949660726e-06,0.9999794052371794,7.499577524480657e-07,1.6435086118575752e-05,0.6527973226295587,0.1699519110523236,0.7180912530893371
Data_for_model/images/Dead_cells_8.tif,8,Healthy,Dead,0.9999741516337248,False,2.1575301347901e-08,0.9999741516337248,2.5731163499747583e-05,9.562747401914942e-08,0.7233321139936962,0.0461087095599515,0.4288459653593874
Data_for_model/images/Dead_cells_8.tif,13,Dead,Dead,0.9999838186871263,True,7.804253815737462e-09,0.9999838186871263,1.6037920091078145e-05,1.3558852883467936e-07,0.6411666821230071,0.0441220248861571,0.4223779444075639
Data_for_model/images/Dead_cells_8.tif,15,Dead,Dead,0.999999253041125,True,1.8574788178319177e-08,0.999999253041125,6.987108315850474e-07,2.96732552892644e-08,0.6319533875516586,0.0478699744714832,0.4489390153974469
Data_for_model/images/Dead_cells_8.tif,16,Dead,Dead,0.9999997183246773,True,4.673893202228254e-08,0.9999997183246773,1.8490112482681535e-08,2.1644627837000846e-07,0.5669593051444035,0.091374247630565,0.4839386041506728
Data_for_model/images/Dead_cells_8.tif,22,Dead,Dead,0.9999996090794181,True,4.933588114675483e-08,0.9999996090794181,5.442113662121597e-08,2.8716356416900536e-07,0.4329044951413753,0.0797826326499441,0.5519921347222947
Data_for_model/images/Dead_cells_9.tif,2,Dead,Dead,0.9999380064182519,True,8.017335069818414e-09,0.9999380064182519,6.181314336405397e-05,1.7242104908274265e-07,0.7501193153990203,0.0422487228560603,0.4140329627174625
Data_for_model/images/Dead_cells_9.tif,5,Dead,Dead,0.9999998055246072,True,3.5192113156516554e-09,0.9999998055246072,1.4418923297507494e-07,4.6766948457207396e-08,0.5619573199069972,0.0468591514816441,0.4397808937149429
Data_for_model/images/Dead_cells_9.tif,7,Dead,Dead,0.9999538518556303,True,1.295621089292118e-07,0.9999538518556303,4.5983401093102663e-05,3.5181167419381185e-08,0.776131242897549,0.0432370357582303,0.4691647164108711
Data_for_model/images/Dead_cells_9.tif,13,Dead,Dead,0.9999998727776789,True,2.8150324820624378e-09,0.9999998727776789,1.644238715390602e-08,1.0796490153465205e-07,0.5981883774283632,0.0521346315686347,0.4705959327592418
Data_for_model/images/Dead_cells_9.tif,20,Dead,Dead,0.999855829635534,True,0.00014410829683784252,0.999855829635534,4.575984590257087e-08,1.6307782417802194e-08,0.6432570313702435,0.0758951193102751,0.5763354319722085
Data_for_model/images/Dead_cells_9.tif,22,Dead,Dead,0.9999996319261968,True,5.636670150244337e-09,0.9999996319261968,2.706631408148869e-07,9.177399213740466e-08,0.5168983206184871,0.0494555965200094,0.4352477004828745
