image,cell_id,shape_Elongation,shape_MajorAxisLength,shape_MaximumDiameter,shape_MinorAxisLength,shape_Perimeter,shape_PerimeterSurfaceRatio,shape_PixelSurface,shape_Sphericity,shape_bbox_area,shape_convex_area,shape_extent,shape_eccentricity,shape_diameter,shape_solidity
Data/images/Control5_3.png,2,0.9370150727054194,46.72354539585084,48.104053883222775,43.78066628614814,153.8822509939088,0.09590666936360785,1605.0,0.9227546920225098,1978.0,1639.0,0.8114256825075834,0.3492889255657244,45.20563537104568,0.9792556436851739
Data/images/Control5_3.png,4,0.9593694427782673,45.48052082489446,47.70744176750625,43.632621921044375,156.56854249492397,0.10084930273425055,1553.0,0.892105522239629,1849.0,1593.0,0.8399134667387778,0.2821529235420353,44.467302740032565,0.9748901443816698
Data/images/Control5_3.png,5,0.8770989227378824,50.41436949185433,52.478567053607705,44.218389171815,166.61017305526673,0.095342016054516,1748.0,0.8894304809887001,2160.0,1795.0,0.8092592592592592,0.48030977476212766,47.17650606177894,0.973816155988858
Data/images/Control5_3.png,6,0.9443506158643457,44.93299485223351,46.010868281309364,42.43250136133619,153.88225099390883,0.1030346508161425,1494.0,0.8902644160397354,1845.0,1537.0,0.8097560975609757,0.3289405939020416,43.61444577011535,0.9720234222511386
Data/images/Control5_3.png,8,0.9702030737904175,46.56065530619341,48.27007354458868,45.17329089576496,158.2253967444164,0.09609802413872845,1647.0,0.9090957055300243,1978.0,1684.0,0.8326592517694641,0.24229320173630248,45.79329132284349,0.9780285035629454
Data/images/Control5_3.png,10,0.9321283896033173,49.12647370565214,51.40038910358559,45.79218082213924,162.32590180780466,0.0923618217967594,1758.0,0.9155135460635176,2021.0,1798.0,0.8698664027709055,0.36212796812111053,47.311257853120075,0.9777530589543938
Data/images/Control5_3.png,11,0.9851032516287824,45.41002545524978,47.12748667179272,44.733563732512344,154.2253967444164,0.09690568441370807,1592.0,0.9169641514798864,1935.0,1635.0,0.8227390180878553,0.17196390211436663,45.02218736599077,0.9737003058103976
Data/images/Control5_3.png,13,0.9306215678321056,49.578296150558494,50.774009099144415,46.13863169407719,168.1248916810281,0.09379352395036435,1793.0,0.8926937550844232,2254.0,1847.0,0.7954747116237799,0.3659829196639038,47.77989643888051,0.9707634001082837
Data/images/Control5_3.png,14,0.806318923106894,57.15019505250185,57.87054518492115,46.081283730082234,182.36753236814747,0.08846351315457068,2062.0,0.8825698352567196,2508.0,2119.0,0.8221690590111643,0.591481017649543,51.238851872811374,0.973100519112789
Data/images/Control5_3.png,15,0.9670511158313857,45.734914841239174,47.16990566028302,44.22800042967375,156.81118318204332,0.09896571990031135,1585.0,0.8998580830090651,1978.0,1637.0,0.801314459049545,0.25458228408369615,44.92309738213999,0.9682345754428833
Data/images/Control5_3.png,16,0.9691969232832485,45.39279262372472,48.25971404805462,43.99455495014854,154.56854249492395,0.09892386719675132,1563.0,0.9065543230735318,1849.0,1602.0,0.8453217955651704,0.2462870761901303,44.610238829455504,0.9756554307116105
Data/images/Control5_3.png,17,0.9649197008887969,47.90850294786171,50.60632371551998,46.22785833448077,162.2253967444164,0.09352862308700859,1735.0,0.9100667327591634,2070.0,1776.0,0.8381642512077294,0.26254517865821675,47.00075116543891,0.9769144144144144
Data/images/Control5_3.png,18,0.9412984226720156,48.047967648146326,51.03920062069938,45.22747615979617,160.56854249492395,0.09436881721711662,1702.0,0.9106687702762757,2025.0,1747.0,0.8404938271604938,0.3375755907573535,46.551624087020286,0.9742415569547797
Data/images/Control5_3.png,19,0.9782884861639486,47.41091059331305,50.44799302251776,46.38154795198653,162.2253967444164,0.09423490952333222,1722.0,0.9066498636479323,2068.0,1770.0,0.8326885880077369,0.20724776920162116,46.8243365786847,0.9728813559322034
Data/images/Control5_3.png,20,0.9482913231053464,48.51189761274939,49.76946855251722,46.00341157354521,167.88225099390883,0.09601501343660786,1749.0,0.8829436075827538,2162.0,1807.0,0.8089731729879741,0.3174012705127551,47.18999855628097,0.9679026009961261
Data/images/Control5_3.png,21,0.9740999856655203,51.204284421208605,53.25410782277739,49.87809272071252,174.2253967444164,0.08704741281259876,2002.0,0.910272174060107,2400.0,2044.0,0.8341666666666666,0.22611770812220294,50.487875460944046,0.9794520547945206
Data/images/Control5_3.png,22,0.9386208043933242,48.08517498326365,50.566787519082126,45.13374562218468,162.46803743153572,0.09554133339108246,1701.0,0.8997571692698872,2068.0,1744.0,0.8225338491295938,0.3449507001877606,46.5379465124377,0.9753440366972477
Data/images/Control5_3.png,23,0.9669232849298873,50.25935296953695,53.075418038862395,48.59693867175535,167.63961030678954,0.08779241178674498,1910.0,0.9240343602140157,2256.0,1956.0,0.8466312056737588,0.2550673657299098,49.314171699869,0.976482617586912
Data/images/Control5_3.png,24,0.9373566266478301,50.39615749901662,51.62363799656123,47.23917218929097,167.05382386916258,0.0896451966027167,1864.0,0.9160374085045299,2205.0,1905.0,0.8453514739229024,0.34837128825349545,48.71671696026266,0.9784776902887139
Data/images/Control5_3.png,26,0.9592429235980502,47.0952738444741,50.08991914547278,45.17580817022412,162.46803743153572,0.09754910683370503,1666.0,0.8904495446840076,2025.0,1710.0,0.822716049382716,0.2825827551834394,46.056672497356786,0.9742690058479532
Data/images/Control5_3.png,28,0.9615312727284671,46.315534121337244,48.84669896727925,44.533834470788136,157.29646455628188,0.09736704707909742,1616.0,0.9058148823870025,1980.0,1663.0,0.8161616161616162,0.2746954887965477,45.36028113109555,0.9717378232110644
Data/images/Control5_3.png,29,0.9631672551136318,47.57510935814072,50.60632371551998,45.822787492211255,162.568542494924,0.09520851683450893,1708.0,0.9010497615993391,2070.0,1758.0,0.8251207729468599,0.26890302838917723,46.63360529068772,0.9715585893060296
Data/images/Control5_3.png,30,0.9448187370821962,45.78600146650678,47.80167361086848,43.259472081628516,151.15432893255087,0.09761338645950976,1549.0,0.9228687650789921,1804.0,1579.0,0.8586474501108647,0.3275935806123236,44.40999949104669,0.981000633312223
Data/images/Control5_3.png,31,0.9770671333775692,46.26900854428251,47.92702786528704,45.207927542584365,161.29646455628193,0.09838149713710395,1640.0,0.8898889095046478,2024.0,1688.0,0.8102766798418972,0.21293148398801925,45.69587348290507,0.9715639810426541
Data/images/Control5_3.png,32,0.9785900929233637,47.26157748027637,49.57822102496216,46.24971149812841,168.02438661763983,0.0981164301416875,1713.0,0.8730676639530313,2115.0,1776.0,0.8099290780141843,0.20581892535003302,46.70181302831116,0.964527027027027
Data/images/Control5_3.png,33,0.9485669634476,46.238556289510186,48.46648326421054,43.8603669337416,159.29646455628196,0.10028106046980294,1589.0,0.8869362482459604,2025.0,1645.0,0.7846913580246914,0.31657655607419904,44.97974695998382,0.9659574468085106
Data/images/Control5_3.png,34,0.9785755427205365,48.58281911813787,50.566787519082126,47.54195858542542,164.71067811865504,0.09092502242266357,1812.0,0.9160144950159862,2256.0,1859.0,0.8031914893617021,0.20588809385005077,48.03238548167387,0.9747175901022055
Data/images/Control5_3.png,35,0.9008947310567517,52.482286043567704,53.009433122794285,47.28101497046344,175.1543289325509,0.0902159819379608,1942.0,0.8917697862819312,2295.0,1993.0,0.8461873638344226,0.4340376522309822,49.725558778918575,0.9744104365278474
Data/images/Control5_3.png,36,0.9669544456619119,51.33996818793799,53.907327887774215,49.643410479467775,175.63961030678948,0.08815036903728456,1993.0,0.9009104659555023,2350.0,2038.0,0.8480851063829787,0.25494921065706844,50.37426339567835,0.9779195289499509
Data/images/Control5_3.png,37,0.9511826431026349,48.12745045556863,50.99019513592785,45.77799553011888,162.81118318204335,0.09441066000698367,1725.0,0.904174592175251,2116.0,1774.0,0.8152173913043478,0.30862854608782464,46.865106579076034,0.9723788049605412
Data/images/Control5_3.png,38,0.9723994188973463,45.44245628409079,47.4236228055175,44.18821808391794,155.2964645562819,0.09869492504371268,1574.0,0.9054755688100431,1936.0,1617.0,0.8130165289256198,0.2333224595449503,44.76694141230944,0.9734075448361162
Data/images/Control5_3.png,39,0.991753185270429,49.616563120833554,53.25410782277739,49.20738451725797,167.6396103067895,0.08774645920271631,1911.0,0.924276285695374,2256.0,1951.0,0.8470744680851063,0.1281624730799148,49.327079479621496,0.9794976934905176
Data/images/Control5_3.png,40,0.9858181845455968,46.9030321762263,48.84669896727925,46.23786202965112,162.3675323681474,0.09559466138837057,1699.0,0.8997845199391777,2115.0,1745.0,0.8033096926713948,0.16781688538172612,46.510579296597044,0.9736389684813753
Data/images/Control5_3.png,42,0.9752228982330037,46.336174780155915,48.16637831516918,45.18809866213466,160.4680374315357,0.09787620459380036,1640.0,0.8944830213442659,2024.0,1693.0,0.8102766798418972,0.22122454376045644,45.69587348290507,0.9686946249261665
Data/images/Control5_3.png,44,0.9630178075818187,47.51896403708931,49.678969393496885,45.76160856555704,161.8822509939088,0.09502920516225935,1704.0,0.9038092177267454,2070.0,1751.0,0.8231884057971014,0.2694377521438082,46.57896718722644,0.9731581953169617
Data/images/Control5_3.png,45,0.9727358571851321,47.477593649053105,49.678969393496885,46.18315775529906,160.2253967444164,0.0932898962121784,1718.0,0.9168999503970564,2070.0,1758.0,0.8299516908212561,0.23191582987434584,46.76992129408611,0.9772468714448237
Data/images/Control5_3.png,46,0.994187723861803,47.48396125380374,50.15974481593781,47.20797135886119,166.4680374315357,0.09477258037662152,1757.0,0.8924792951787995,2208.0,1811.0,0.7957427536231884,0.1076604371275058,47.297799949888585,0.9701822197680839
Data/images/Control5_3.png,47,0.9467277656738503,48.11311127403957,49.658836071740545,45.55001833608882,157.3969696196702,0.0916430681919477,1718.0,0.9333766633645809,2068.0,1753.0,0.8307543520309478,0.3220349945304134,46.76992129408611,0.980034227039361
Data/images/Control5_3.png,49,0.9866929361037927,48.19974524467249,50.53711507397311,47.55834815492072,166.46803743153572,0.09266241994519105,1797.0,0.9025841096289784,2208.0,1853.0,0.813858695652174,0.16259474112921496,47.833162783670154,0.9697787371829466
Data/images/Control5_3.png,50,0.95689441092658,48.27596210568578,51.03920062069938,46.19499832103409,161.63961030678945,0.09249763107684661,1748.0,0.9167812646720542,2116.0,1789.0,0.8260869565217391,0.2904360279605001,47.17650606177894,0.9770821688093907
Data/images/Control5_3.png,51,0.9826695106462968,46.17929774497478,48.46648326421054,45.37898791704401,163.39696961967016,0.09954125471804456,1642.0,0.8789848257586244,2025.0,1692.0,0.8108641975308643,0.18536621279555318,45.723728330650566,0.9704491725768322
Data/images/Control5_3.png,52,0.9726352217707732,47.19015948422737,50.32891812864648,45.89881123533964,161.0538238691626,0.09493299373366497,1697.0,0.9065897892124617,2070.0,1747.0,0.8198067632850241,0.23233752467244412,46.48319596817296,0.9713795077275329
Data/images/Control5_3.png,53,0.9761467955181059,45.71615789488807,47.70744176750625,44.62568103249474,159.29646455628193,0.09971609674884628,1598.0,0.8894452666905296,1978.0,1648.0,0.80788675429727,0.21711156947463514,45.106948383666904,0.9696601941747572
Data/images/Control5_3.png,54,0.9416976750051612,45.063632780192826,46.861498055439924,42.43631821639396,149.39696961967016,0.09963119014316116,1500.0,0.9188325646164616,1848.0,1541.0,0.8116883116883117,0.33646023374222467,43.70193722368317,0.9733939000648929
Data/images/Control5_3.png,55,0.92181080554285,48.52483204098337,49.49747468305833,44.730714512530376,164.710678118655,0.09680321958193065,1702.0,0.887767319090073,2156.0,1764.0,0.7894248608534323,0.38764008923799687,46.551624087020286,0.9648526077097506
Data/images/Control5_3.png,56,0.9023969615804183,46.68794455723073,48.104053883222775,42.13105931088003,154.46803743153572,0.1001413532781431,1543.0,0.9013197543008469,1932.0,1585.0,0.7986542443064182,0.4309057016685099,44.32390571154979,0.9735015772870662
Data/images/Control5_3.png,57,0.9605978265867239,49.25496058241744,50.99019513592785,47.314208084084946,165.29646455628193,0.09049902247811767,1827.0,0.9165395402674392,2254.0,1875.0,0.8105590062111802,0.2779421082831171,48.23078527487545,0.9744
Data/images/Control5_3.png,58,0.9695253439284807,44.732062466099855,46.09772228646444,43.368868247075746,150.710678118655,0.0990540112511699,1522.0,0.9174805925953735,1935.0,1563.0,0.7865633074935401,0.24499103551020115,44.02125153930676,0.9737683941138836
Data/images/Control5_3.png,59,0.9546608362151044,47.42387651717897,49.040799340956916,45.273717612451925,159.53910524340117,0.09482264799013443,1683.0,0.9114132047158185,2068.0,1727.0,0.8138297872340425,0.2976956294557859,46.291059112848984,0.9745222929936306
Data/images/Control5_3.png,60,0.9676764628214172,49.95588418145927,52.0,48.341133301830894,169.53910524340122,0.08963209370520815,1892.0,0.9093649646763743,2352.0,1944.0,0.8044217687074829,0.2521948915054185,49.08125119267976,0.9732510288065843
Data/images/Control5_3.png,61,0.9715958884484425,47.01700355527704,49.678969393496885,45.68152734147298,160.8111831820433,0.09563555348322528,1682.0,0.9039348295415307,2024.0,1732.0,0.8310276679841897,0.23664621178054038,46.27730452656619,0.9711316397228638
Data/images/Control5_3.png,62,0.9590342811104756,45.07277246157614,46.61544808322666,43.22633393534372,151.29646455628188,0.09904842196810597,1528.0,0.9157285652166893,1935.0,1571.0,0.7896640826873385,0.28329004157384696,44.10793607000138,0.9726288987905792
Data/images/Control5_3.png,63,0.9498668969640388,46.530422853839084,48.91829923454004,44.19770837060073,154.91168824543158,0.09630816801083716,1609.0,0.9177645484135621,1892.0,1649.0,0.8504228329809725,0.31265456665768837,45.261931327318294,0.9757428744693754
Data/images/Control5_3.png,64,0.9581739557306064,48.52257161051259,50.24937810560445,46.493064382266475,169.78174593052057,0.09613915398104222,1767.0,0.8774235493565854,2205.0,1828.0,0.8013605442176871,0.28618642623220353,47.43220715449612,0.9666301969365426
Data/images/Control5_3.png,66,0.9661842533573685,47.291615281316425,49.39635614091387,45.69241400064263,160.3675323681474,0.0946959151863876,1694.0,0.9096641635126032,2162.0,1747.0,0.7835337650323775,0.2578526489378428,46.44209070209227,0.9696622781911849
Data/images/Control5_3.png,67,0.9787585584689562,44.4054569145756,46.61544808322666,43.46222099786536,152.46803743153566,0.10087200623985158,1512.0,0.9039204205110438,1849.0,1558.0,0.8177393185505679,0.20501630233659526,43.87639674858871,0.9704749679075738
Data/images/Control5_3.png,68,0.9707082860012938,45.3126076075095,47.50789408087881,43.98532366493473,151.63961030678948,0.09717373297455269,1561.0,0.9234729075815871,1892.0,1600.0,0.8250528541226215,0.24026115684485916,44.581688273680136,0.975625
Data/images/Control5_3.png,69,0.9524889411071729,48.347415490536235,49.73932046178355,46.05037858584938,165.19595949289362,0.094641053848693,1746.0,0.8965312616630603,2205.0,1795.0,0.7918367346938775,0.3045731719448357,47.149509489575756,0.9727019498607242
Data/images/Control5_3.png,70,0.9604279613365935,47.24703664047901,49.09175083453431,45.37737507981059,163.19595949289362,0.0971115498321295,1681.0,0.8904607646376972,2112.0,1738.0,0.7959280303030303,0.27852851035905074,46.26354585091602,0.9672036823935558
Data/images/Control5_3.png,72,0.97639329417727,49.18937599793909,51.73973328110612,48.028176869152084,166.46803743153572,0.09000704916546944,1850.0,0.9158012677114994,2256.0,1904.0,0.8200354609929078,0.21600031269805098,48.53342309955121,0.9716386554621849
Data/images/Control5_3.png,73,0.9663911495781358,45.0477264558663,47.16990566028302,43.53372415556603,153.2964645562819,0.09989994431820261,1535.0,0.9058498973835071,1892.0,1579.0,0.8113107822410148,0.2570761482849956,44.20885319897447,0.9721342621912603
Data/images/Control5_3.png,74,0.9566913625532834,43.83845823163666,45.5411901469428,41.93987433785968,148.46803743153566,0.10299551677525887,1442.0,0.9065239608215495,1849.0,1490.0,0.7798810167658193,0.2911041683245752,42.848703871973825,0.9677852348993289
Data/images/Control5_3.png,75,0.8986233053129767,51.24119863544638,54.120236510939236,46.04653528598362,171.39696961967022,0.09277237868453056,1848.0,0.8889841470683691,2256.0,1901.0,0.8191489361702128,0.43872104479769386,48.50718172261279,0.9721199368753288
Data/images/Control5_3.png,76,0.9470790537015931,44.66981863499175,45.880278987817846,42.30584956184977,151.29646455628193,0.10212383702752746,1482.0,0.9018347800081378,1892.0,1526.0,0.7832980972515856,0.3210004143917808,43.4389342099632,0.9711664482306684
Data/images/Control5_3.png,77,0.9560835857136285,49.483337272806914,51.894122981316485,47.31020653286208,166.71067811865504,0.09097444917798365,1833.0,0.9102559063452624,2209.0,1876.0,0.8297872340425532,0.29309414379849075,48.30991705125929,0.9770788912579957
Data/images/Control5_3.png,78,0.98309366362466,47.00812651218491,49.57822102496216,46.21339131299538,161.05382386916264,0.09465402519492368,1702.0,0.9079247771086565,2070.0,1755.0,0.8222222222222222,0.18310338211252145,46.551624087020286,0.9698005698005698
Data/images/Control5_3.png,79,0.9720710680482002,45.33564191771518,46.486557196677836,44.06946585960415,155.6396103067895,0.09948201361891308,1565.0,0.9008916901926393,1935.0,1615.0,0.8087855297157622,0.2346866819051111,44.63877112455639,0.9690402476780186
Data/images/Control5_3.png,80,0.9461823358979481,48.31529905580985,50.35871324805669,45.71508252023409,166.9533188057744,0.09647692505390025,1731.0,0.8832744686010782,2250.0,1798.0,0.7693333333333333,0.3236340328746429,46.946540361740894,0.9627363737486095
Data/images/Control5_3.png,81,0.9285927509432227,46.999851920126034,48.703182647543684,43.64372178843394,160.710678118655,0.09991338397180914,1609.0,0.8846484705987182,2024.0,1662.0,0.7949604743083004,0.3711003946315627,45.261931327318294,0.9681107099879663
Data/images/Control5_3.png,82,0.9751659347272983,47.505852454189586,50.80354318352215,46.32608901350691,161.63961030678948,0.09384012209392713,1723.0,0.9101998352464582,2070.0,1765.0,0.8323671497584542,0.2214755059762451,46.837930521946475,0.9762039660056657
Data/images/Control5_3.png,85,0.9646251748437156,44.59457635434569,46.14108798023731,43.01705101289214,150.22539674441637,0.09985071235919998,1505.0,0.9152877889665109,1892.0,1544.0,0.7954545454545454,0.2636252492796003,43.77471318953923,0.9747409326424871
Data/images/Control5_3.png,86,0.9969929884414002,44.95847767554749,47.01063709417264,44.82328701352007,153.296464556282,0.09711527688076148,1579.0,0.9187452065098107,1935.0,1619.0,0.8160206718346253,0.07749181246226212,44.83798881681494,0.9752933909820877
Data/images/Control5_3.png,87,0.9607127928502929,44.66577240843245,45.880278987817846,42.910978955320694,154.71067811865498,0.10303741466443889,1502.0,0.8878657652417846,1935.0,1553.0,0.7762273901808786,0.27754446428237645,43.73106214342632,0.9671603348358017
Data/images/Control5_3.png,88,0.9783917262379127,47.80508969239664,49.040799340956916,46.7721042271022,164.46803743153572,0.09384766757862238,1753.0,0.9023030704619905,2162.0,1804.0,0.8108233117483812,0.20675983659598282,47.24393000080264,0.9717294900221729
Data/images/Control5_3.png,89,0.952303227134542,46.836126798596695,48.84669896727925,44.602194696786235,156.4680374315357,0.09555299995818974,1638.0,0.9167901763606143,2070.0,1684.0,0.7913043478260869,0.3051533443846464,45.66800164531175,0.9726840855106889
Data/images/Control5_3.png,90,0.9612590069158675,45.32387926845534,47.01063709417264,43.56798717517006,157.53910524340122,0.10186815728638941,1547.0,0.8848945486335622,2024.0,1617.0,0.7643280632411067,0.2756467333801001,44.38132012125481,0.9567099567099567
Data/images/Control5_3.png,91,0.955112355343221,44.25962611415155,46.647615158762406,42.27291574449762,150.81118318204327,0.1029779332072675,1465.0,0.8995308716879685,1806.0,1513.0,0.8111849390919158,0.2962437993793712,43.18907191682884,0.9682749504296101
Data/images/Control5_3.png,93,0.9679392310122412,47.4233369566692,49.24428900898052,45.90290830587279,159.2964645562819,0.09334688810798822,1707.0,0.9192887411454164,2070.0,1746.0,0.8246376811594203,0.25118448412955563,46.61995176813166,0.9776632302405498
Data/images/Control5_3.png,94,0.9667030805755596,47.11600778726124,48.91829923454004,45.5471898723675,162.46803743153572,0.09662089648024723,1682.0,0.8947164731973098,2112.0,1735.0,0.7964015151515151,0.255900672147855,46.27730452656619,0.9694524495677234
Data/images/Control5_3.png,95,0.9428001028397089,46.01634823158747,47.12748667179272,43.384217845048525,155.2964645562819,0.0992626810842326,1565.0,0.9028823160323226,1978.0,1620.0,0.7912032355915066,0.33335861483608753,44.63877112455639,0.9660493827160493
Data/images/Control5_3.png,96,0.9122102342082127,47.71084344529247,49.24428900898052,43.52231967350161,158.81118318204332,0.09776003889322457,1625.0,0.8996709727311076,1935.0,1667.0,0.8397932816537468,0.40972245313846223,45.4864184146723,0.9748050389922016
Data/images/Control5_3.png,97,0.9790163269726866,45.130823602672436,46.861498055439924,44.183813156740605,157.2964645562819,0.10066973731602041,1563.0,0.8908323578996302,1936.0,1614.0,0.8073347107438017,0.2037818233329669,44.610238829455504,0.9684014869888475
Data/images/Control5_3.png,99,0.9641390661837146,47.662280673019715,50.53711507397311,45.953066780271335,161.9827560572971,0.09453326878161489,1714.0,0.9058957087372423,2025.0,1753.0,0.8464197530864197,0.26539755284929845,46.715442625282584,0.9777524244152881
Data/images/Control5_3.png,100,0.9491872487628455,45.98746461473315,47.75981574503821,43.65071501523727,159.78174593052051,0.10154543751542454,1574.0,0.8800576921936628,2025.0,1634.0,0.777283950617284,0.314711879003666,44.76694141230944,0.9632802937576499
Data/images/Control5_3.png,101,0.9526975058252701,46.395797201819946,48.46648326421054,44.201160274948904,160.8111831820433,0.10010033189047202,1607.0,0.88354576516568,2025.0,1665.0,0.7935802469135802,0.303920157926896,45.23379210711176,0.9651651651651652
Data/images/Control5_3.png,103,0.8322496424714331,50.6508393867701,53.71219600798314,42.1541429705174,170.1248916810282,0.10242317379953535,1662.0,0.8492232710951957,2100.0,1725.0,0.7914285714285715,0.5544010575442402,46.00134914706133,0.9634782608695652
Data/images/Control5_3.png,104,0.9136856011172153,47.37304255402547,49.24428900898052,43.284066862726185,161.6396103067895,0.10080424715110041,1604.0,0.8781963331446252,2024.0,1669.0,0.7924901185770751,0.4064217296246279,45.19155042433487,0.9610545236668664
Data/images/Control5_3.png,107,0.8320607218286434,50.58463077579031,51.894122981316485,42.0894843967395,166.12489168102815,0.10062077024895709,1652.0,0.8670492319518688,2115.0,1729.0,0.7810874704491726,0.5546845546704872,45.86274880447626,0.9554655870445344
Data/images/Crenated_1.png,3,0.8906516091439797,45.960902300107996,47.53945729601885,40.935151591300425,154.710678118655,0.10499537028751613,1474.0,0.8795483382057959,1840.0,1521.0,0.8010869565217391,0.45468638766653213,43.32153147038583,0.9690992767915845
Data/images/Crenated_1.png,4,0.9002925077924271,50.570778505347974,52.20153254455275,45.528493001595095,167.5391052434012,0.09284516777135007,1805.0,0.8988085260938309,2250.0,1857.0,0.8022222222222222,0.4352854240757706,47.93951791838304,0.971997845988153
Data/images/Crenated_1.png,5,0.9520132287987828,44.12116236999616,45.69463863518345,42.003930246215404,150.4680374315357,0.10373528950812526,1451.0,0.8972625512299393,1848.0,1499.0,0.7851731601731602,0.3060568773808481,42.982212360588434,0.9679786524349566
Data/images/Crenated_1.png,7,0.8734032180169794,50.952247104848574,51.92301994298868,44.50185658657107,167.05382386916264,0.09398246068588616,1778.0,0.8946503076345419,2250.0,1826.0,0.7902222222222223,0.48699776052625227,47.579616544683496,0.9737130339539978
Data/images/Crenated_1.png,8,0.8906730703577226,48.058171657153544,49.678969393496885,42.804119305655426,152.46803743153566,0.09449521997616094,1614.0,0.9339220016634544,1980.0,1645.0,0.8151515151515152,0.45464434642866414,45.332202959955,0.9811550151975684
Data/images/Crenated_1.png,10,0.7100359017960298,53.621433677139066,55.60575509783138,38.07314301654344,161.29646455628196,0.10084180341124224,1600.0,0.8789662628882517,2160.0,1652.0,0.7407407407407407,0.7041654764050127,45.1351666838205,0.9685230024213075
Data/images/Crenated_1.png,11,0.9462594530752654,46.55569550519357,48.83646178829912,44.05376696628306,157.2964645562819,0.09785161092148174,1608.0,0.903569288892439,2024.0,1661.0,0.7944664031620553,0.3234084839111379,45.247863904654565,0.9680915111378687
Data/images/Crenated_1.png,12,0.9830978560943914,45.40169920017482,47.43416490252569,44.63431314673431,157.0538238691626,0.09893154259474811,1588.0,0.8993179961992742,1935.0,1634.0,0.820671834625323,0.18308087104503928,44.96559125642004,0.9718482252141983
Data/images/Crenated_1.png,13,0.7631807992257817,51.956045507207385,53.85164807134504,39.651856334801614,158.2253967444164,0.09800272328548554,1615.0,0.9002181469357625,2024.0,1656.0,0.7979249011857708,0.646185010421239,45.34624421875849,0.9752415458937198
Data/images/Crenated_1.png,15,0.9168552608201963,45.964272549602974,47.53945729601885,42.14258509687682,153.88225099390877,0.10133832795120762,1519.0,0.8976846511917546,1936.0,1564.0,0.7846074380165289,0.39921977744887854,43.977845200199525,0.9712276214833759
Data/images/Crenated_1.png,16,0.9415645277448129,47.78961650679954,50.44799302251776,44.997007697330424,157.39696961967016,0.09338295438722644,1686.0,0.924640567886688,2025.0,1729.0,0.8325925925925926,0.3368326588867037,46.33229837190774,0.9751301330248698
Data/images/Crenated_1.png,17,0.8815409656274503,51.72340543490212,52.773099207835045,45.59630077262372,165.2964645562819,0.08942194458008218,1849.0,0.9220428293188137,2250.0,1889.0,0.8217777777777778,0.4721075363946443,48.520304185107044,0.9788247750132345
Data/images/Crenated_1.png,18,0.8867588314238506,47.385161899021455,49.658836071740545,42.019210792406234,152.8111831820433,0.09792450059727222,1561.0,0.9163928249133868,1980.0,1603.0,0.7883838383838384,0.46223238191607474,44.581688273680136,0.9737991266375546
Data/images/Crenated_1.png,19,0.9101622914024703,50.235295796819564,53.33854141237835,45.722271931714175,165.98275605729708,0.09228955021256441,1799.0,0.9057267229512721,2162.0,1840.0,0.832099907493062,0.4142518597532237,47.85977372469032,0.9777173913043479
Data/images/Crenated_1.png,20,0.9597791417163318,46.953971022689494,48.104053883222775,45.06544200833044,159.0538238691626,0.09590221517585928,1659.0,0.9076502996030722,2024.0,1704.0,0.8196640316205533,0.280756120371864,45.95981293168669,0.9735915492957746
Data/images/Crenated_1.png,21,0.8643743485303336,48.86558769641011,51.884487084291386,42.23816053063638,158.81118318204335,0.09818311170450902,1618.0,0.8977305308450659,1978.0,1662.0,0.8179979777553084,0.5028488695450766,45.38834193249951,0.97352587244284
Data/images/Crenated_1.png,22,0.9398881360145209,48.31874676487769,49.51767361255979,45.414216831398555,166.71067811865504,0.09700941409290371,1719.0,0.881487751790505,2160.0,1777.0,0.7958333333333333,0.3414824911750958,46.783531048861036,0.9673607203151379
Data/images/Crenated_1.png,23,0.8709602034887769,51.05897145125043,54.08326913195984,44.47033216510872,162.81118318204332,0.0915441007489701,1779.0,0.9182218739628097,2208.0,1825.0,0.8057065217391305,0.49135356306715433,47.59299475851309,0.9747945205479452
Data/images/Crenated_1.png,24,0.8740480631511761,47.74302315150496,49.76946855251722,41.729696914554665,156.81118318204332,0.10048778159695182,1561.0,0.8930171241166001,1932.0,1607.0,0.8079710144927537,0.4858394624787887,44.581688273680136,0.9713752333540759
Data/images/Crenated_1.png,25,0.9256279360419005,45.881915085270805,47.80167361086848,42.46958236202895,151.88225099390877,0.09949705273102441,1527.0,0.9118981009608486,1936.0,1577.0,0.7887396694214877,0.3784348345736824,44.09350048261754,0.9682942295497781
Data/images/Crenated_1.png,26,0.8938970672826694,49.879394949714595,51.478150704935004,44.587044863383866,165.05382386916264,0.09477681531390332,1742.0,0.8962745840096137,2115.0,1789.0,0.8236406619385342,0.44827227563551525,47.09546991939515,0.9737283398546674
Data/images/Crenated_1.png,27,0.8168505530630906,51.249225591361444,52.839379254491625,41.862958268358696,166.71067811865504,0.09920302179033326,1681.0,0.8716874078839425,2208.0,1740.0,0.761322463768116,0.5768493511832377,46.26354585091602,0.9660919540229885
Data/images/Crenated_1.png,28,0.8393773351123953,49.63043976486259,52.009614495783374,41.658666270286616,157.8822509939088,0.09748826859765902,1620.0,0.9035706143758625,2021.0,1664.0,0.801583374567046,0.54354915996588,45.416385396362884,0.9735576923076923
Data/images/Crenated_1.png,30,0.9196089330883301,44.38092053553443,45.5411901469428,40.813090983160784,151.88225099390883,0.10707243637215991,1419.0,0.8790479734207075,1804.0,1472.0,0.7865853658536586,0.392835092862312,42.505610382385946,0.9639945652173914
Data/images/Crenated_1.png,31,0.9367434840080109,47.582322662937514,49.64876634922564,44.572430708473426,154.91168824543158,0.09351746951127773,1657.0,0.931357605029866,1892.0,1682.0,0.8757928118393234,0.3500166355597032,45.93210125420091,0.9851367419738407
Data/images/Crenated_1.png,32,0.8310177336987157,49.62819456807891,50.695167422546305,41.241909777523844,156.9116882454316,0.09797795082449678,1602.0,0.9040930035692916,1880.0,1643.0,0.8521276595744681,0.5562459224823605,45.16336735304101,0.9750456482045039
Data/images/Crenated_1.png,33,0.9796090621791936,44.29187816376816,46.14108798023731,43.388725230164034,149.3969696196702,0.09916825066025237,1507.0,0.9209747250434466,1849.0,1549.0,0.8150351541373716,0.20091312873080344,43.803789720934994,0.972885732730794
Data/images/Crenated_1.png,34,0.8693883129790956,49.52771669096564,50.44799302251776,43.058818059665214,163.53910524340125,0.0980156459355117,1669.0,0.8854140724155042,2107.0,1723.0,0.7921214997626957,0.49412949846711346,46.09812143854657,0.9686593151479976
Data/images/Crenated_1.png,35,0.8401715274093786,54.036010743099546,55.569775957799216,45.399517681139535,176.46803743153575,0.09188650738429355,1921.0,0.8803310742211415,2392.0,1985.0,0.8030936454849499,0.5423207579750118,49.455971989601494,0.9677581863979848
Data/images/Crenated_1.png,36,0.9673715103686257,45.04277141406685,47.20169488482379,43.573093814014605,149.98275605729705,0.09754976003726637,1538.0,0.9267682871880598,1849.0,1577.0,0.8318009734991888,0.25336211423005783,44.25203294542162,0.9752694990488269
Data/images/Crenated_1.png,37,0.9766809501351787,40.67705423242585,43.01162633521314,39.72850397642588,143.19595949289362,0.11342254217258901,1263.0,0.8796093995123018,1722.0,1315.0,0.7334494773519163,0.21469588175613522,40.1011414426137,0.9604562737642586
Data/images/Crenated_1.png,39,0.9606137002489579,45.91134999430461,47.885279575251516,44.10307180145392,156.22539674441646,0.0987206298542916,1583.0,0.9026619897184985,1980.0,1626.0,0.7994949494949495,0.2778872413300165,44.89474578740548,0.9735547355473555
Data/images/Crenated_1.png,40,0.623237046411721,61.86277935599737,65.03076195155643,38.55517588865178,178.85281374238613,0.09571999665099605,1869.0,0.8567531427179206,2535.0,1944.0,0.7372781065088757,0.7820329813888882,48.78201214699963,0.9614197530864198
Data/images/Crenated_1.png,41,0.8981980258105251,43.961775455824856,44.598206241955516,39.48637992554748,147.05382386916256,0.10808807340622018,1361.0,0.8891558353828422,1764.0,1409.0,0.7715419501133787,0.439591067277391,41.62786350972815,0.9659332860184529
Data/images/Crenated_1.png,42,0.8595316979779826,55.84542746949572,57.48912940721924,48.00091509716192,177.6396103067895,0.08485293064570791,2094.0,0.9130648051265223,2496.0,2136.0,0.8389423076923077,0.5110824397013511,51.63490686227129,0.9803370786516854
Data/images/Crenated_1.png,44,0.9338600531876671,44.818233572101285,47.853944456021594,41.85395798741979,152.4680374315357,0.10389644799423216,1468.0,0.8906666211198252,1849.0,1524.0,0.7939426717144402,0.35763864592675615,43.23327019404407,0.963254593175853
Data/images/Crenated_1.png,46,0.921434726509587,45.59612771896229,47.92702786528704,42.01385547461822,151.8822509939088,0.10169551455902832,1494.0,0.9019875029733818,1890.0,1540.0,0.7904761904761904,0.3885331964996091,43.61444577011535,0.9701298701298702
Data/images/Crenated_1.png,48,0.7399671790313598,53.67498766434733,54.120236510939236,39.71772920653012,167.53910524340125,0.10032281751101871,1671.0,0.8646632000585739,2132.0,1743.0,0.7837711069418386,0.6726429765903824,46.12573337360022,0.9586919104991394
Data/images/Crenated_1.png,50,0.8385862289509899,51.90217944194593,55.47071299343465,43.52445293255903,167.15432893255087,0.09489317566423552,1762.0,0.8900791490928389,2107.0,1808.0,0.8362600854295207,0.5447688836688058,47.36505122791864,0.9745575221238938
Data/images/Crenated_1.png,51,0.8788780907465125,48.9598094427141,51.088159097779204,43.029703846325646,160.81118318204324,0.09766849874402869,1647.0,0.8944777710098657,2021.0,1701.0,0.8149430974764967,0.477046435481669,45.79329132284349,0.9682539682539683
Data/images/Crenated_1.png,53,0.7730623344011908,53.206747794735485,55.80322571321482,41.132132656093624,165.296464556282,0.09663634291510201,1711.0,0.88695769626412,2209.0,1766.0,0.7745586238116795,0.6343300616636276,46.67454189429033,0.9688561721404304
Data/images/Crenated_1.png,55,0.9094028930096096,46.772893843673984,48.25971404805462,42.53540497586848,154.568542494924,0.09917776226815785,1559.0,0.9053931899385811,1892.0,1605.0,0.8239957716701902,0.4159163115168152,44.55311942212485,0.9713395638629283
Data/images/Crenated_1.png,56,0.8673473837493832,58.93143865895306,62.20128616033595,51.1140291414302,190.12489168102815,0.08064682573956655,2358.0,0.9052985047941139,2860.0,2421.0,0.8244755244755245,0.4977032408002788,54.793237233124984,0.9739776951672863
Data/images/Crenated_1.png,58,0.9655408098755358,49.362712555047956,51.31276644267,47.66171345805428,170.61017305526676,0.09284907377157374,1838.0,0.8906635561996183,2303.0,1899.0,0.7980894485453756,0.26025169445153734,48.37576131931392,0.9678778304370721
Data/images/Crenated_1.png,59,0.8001755991020831,43.53951075442169,44.28317965096906,34.83925410253097,139.29646455628193,0.11759937911041109,1185.0,0.8758553168413419,1628.0,1239.0,0.7278869778869779,0.5997657964586017,38.8431314457417,0.9564164648910412
Data/images/Crenated_1.png,60,0.9220203466399881,46.31178924155495,47.75981574503821,42.70041197001656,158.61017305526673,0.10269354034008853,1545.0,0.8783504929281485,2024.0,1606.0,0.7633399209486166,0.3871414216818939,44.352622206762774,0.9620174346201743
Data/images/Crenated_1.png,61,0.877061549130846,52.49457439307686,55.758407437802596,46.04097273815643,183.5391052434013,0.097965895512891,1874.0,0.83599401937358,2303.0,1966.0,0.8137212331741207,0.4803780168119699,48.84722005225778,0.953204476093591
Data/images/Crenated_1.png,62,0.9052566594651278,43.336081437563514,44.9221548904324,39.23027631647748,152.7106781186551,0.11494970125604448,1330.0,0.8460895004855141,1763.0,1399.0,0.7543959160521838,0.4248651321231676,41.151046092387084,0.9506790564689064
Data/images/Crenated_1.png,63,0.5921870646605787,60.644057950869055,63.25345840347388,35.91262666703117,171.53910524340122,0.10099446879211141,1699.0,0.8516763099485879,2400.0,1749.0,0.7079166666666666,0.8058005214993889,46.510579296597044,0.9714122355631789
Data/images/Crenated_1.png,64,0.8746114897957586,49.21228020003378,50.96076922496363,43.041625701997866,167.0538238691627,0.10220484788569147,1635.0,0.8579085051448343,2156.0,1704.0,0.7583487940630798,0.4848244444303946,45.626161964841955,0.9595070422535211
Data/images/Crenated_1.png,66,0.7407728961340101,55.027031128201436,55.072679252057455,40.7625332144941,179.19595949289368,0.10355155128164904,1731.0,0.8229292913002582,2288.0,1861.0,0.7565559440559441,0.6717555480628578,46.946540361740894,0.9301450832885545
Data/images/Crenated_1.png,67,0.6912565863936108,53.17389864593282,53.85164807134504,36.75680766322736,162.71067811865507,0.10659068334009503,1527.0,0.851211105825543,2028.0,1609.0,0.7529585798816568,0.7226093908658061,44.09350048261754,0.9490366687383468
Data/images/Crenated_1.png,68,0.878868362228966,46.145265855300984,47.43416490252569,40.555614226868606,159.78174593052051,0.10951456198116553,1459.0,0.8474330852188525,1890.0,1519.0,0.771957671957672,0.4770643582085917,43.10053939069211,0.9605003291639236
Data/images/Crenated_10.png,1,0.8921958276223239,49.37234712627076,52.478567053607705,44.04980210597981,162.8111831820433,0.09557451316820857,1704.0,0.8986524621656715,2115.0,1749.0,0.8056737588652483,0.45164876305965507,46.57896718722644,0.9742710120068611
Data/images/Crenated_10.png,2,0.9309446422352003,47.412406136898724,49.040799340956916,44.1383254686252,158.36753236814735,0.09665397153991294,1639.0,0.9060705299037725,2116.0,1687.0,0.7745746691871456,0.36516033888358523,45.68193968978257,0.971547125074096
Data/images/Crenated_10.png,5,0.9457620340526194,49.037102686215874,51.0,46.37742998056269,167.29646455628188,0.093854959077858,1783.0,0.8946083307348022,2205.0,1832.0,0.8086167800453514,0.32486023909467726,47.64647005039088,0.9732532751091703
Data/images/Crenated_10.png,7,0.9662964953649695,43.61811535942063,46.22769732530488,42.1480320062331,144.56854249492397,0.10042969259807154,1440.0,0.9303298678589367,1681.0,1469.0,0.8566329565734682,0.25743170559466316,42.81897878766651,0.9802586793737236
Data/images/Crenated_10.png,8,0.8967905016929179,46.889235067055814,48.16637831516918,42.04982063978214,157.7817459305205,0.10209106821774215,1546.0,0.8832480337171568,2021.0,1602.0,0.7649678377041069,0.44245541704601643,44.36697348434488,0.9650436953807741
Data/images/Crenated_10.png,9,0.9808414610730372,45.31825858306112,47.16990566028302,44.45002696189538,156.2253967444164,0.09897079299614596,1579.0,0.9015204628758218,1935.0,1623.0,0.8160206718346253,0.19480766986982162,44.83798881681494,0.9728897104128158
Data/images/Crenated_10.png,10,0.9249497503007869,47.71351311852818,49.24428900898052,44.13260204495595,162.71067811865507,0.09888221095026135,1646.0,0.8837670800947851,1978.0,1692.0,0.8321536905965622,0.38008940976895667,45.779387180630515,0.9728132387706856
Data/images/Crenated_10.png,11,0.9680208251617437,46.97647342874461,49.24428900898052,45.47420457168209,164.02438661763983,0.09801277957432915,1674.0,0.8841162399372032,2115.0,1730.0,0.7914893617021277,0.25086985082543656,46.167120311826494,0.9676300578034682
Data/images/Crenated_10.png,12,0.8577209340073982,50.5217412041973,53.823786563191554,43.33355505334416,160.46803743153572,0.09359465583641628,1715.0,0.9147135987139935,2070.0,1755.0,0.8285024154589372,0.5141155505968255,46.72906824687182,0.9772079772079773
Data/images/Crenated_10.png,14,0.9757080657331731,47.599616823497335,49.658836071740545,46.44333006049479,165.29646455628193,0.09540921475110069,1733.0,0.892643380744376,2160.0,1788.0,0.8023148148148148,0.21907480563321857,46.97365358396169,0.9692393736017897
Data/images/Crenated_10.png,15,0.8976663044452919,46.92029555765082,48.27007354458868,42.11876831671726,156.1248916810281,0.10082330751115795,1549.0,0.8934873060685565,2025.0,1606.0,0.7649382716049383,0.440675851237089,44.40999949104669,0.9645080946450809
Data/images/Crenated_10.png,16,0.8899115406073448,48.73484415420172,51.42956348249516,43.3697002425245,167.43860018001297,0.10117135962538548,1656.0,0.8612879010622551,2162.0,1715.0,0.7659574468085106,0.4561331493038649,45.91823914395487,0.965597667638484
Data/images/Crenated_10.png,17,0.8351248948342485,51.466580788043004,54.589376255824725,42.981022868092765,163.88225099390877,0.09453836226934455,1734.0,0.900606204213741,2208.0,1786.0,0.7853260869565217,0.5500603694396512,46.987204328101626,0.9708846584546472
Data/images/Crenated_10.png,18,0.6768007688094337,60.87884573225061,61.66036003787198,41.20284959581812,182.02438661763992,0.09265685243962327,1965.0,0.8631800063761269,2440.0,2028.0,0.805327868852459,0.7361662307787264,50.01915338552418,0.9689349112426036
Data/images/Crenated_10.png,19,0.9879594841353834,45.77772991549193,48.54894437575342,45.22654243219832,166.85281374238608,0.1029320257510093,1622.0,0.8553875100387428,2116.0,1687.0,0.7665406427221172,0.15471282334359632,45.444411554782334,0.9614700652045051
Data/images/Crenated_10.png,20,0.9359691211255831,46.64435817240962,47.92702786528704,43.657678924097134,156.56854249492397,0.09831619622915164,1593.0,0.9035249377078564,1890.0,1629.0,0.8428571428571429,0.35208209880567054,45.03632528041241,0.9779005524861878
Data/images/Crenated_10.png,21,0.8805593534621143,48.09812939588709,49.09175083453431,42.35325772357945,156.710678118655,0.09809745109148983,1598.0,0.9041214555452446,2068.0,1648.0,0.7727272727272727,0.47393588704632217,45.106948383666904,0.9696601941747572
Data/images/Crenated_10.png,23,0.8739227756230983,45.98621219332872,47.53945729601885,40.1883982003866,147.3969696196702,0.10175834975469118,1449.0,0.9153256379362867,1800.0,1483.0,0.805,0.48606479223167437,42.952579670157775,0.9770734996628456
Data/images/Crenated_10.png,25,0.8830176921157605,47.57879646363234,48.703182647543684,42.01291904696213,155.39696961967022,0.09951775191781634,1562.0,0.9014328506300562,1932.0,1612.0,0.8084886128364389,0.4693397015068669,44.59596583634359,0.9689826302729528
Data/images/Crenated_10.png,26,0.9055573732688998,47.17292049724635,48.877397639399746,42.71778597490905,158.4680374315357,0.10039153464145435,1579.0,0.8887621394745528,2025.0,1641.0,0.779753086419753,0.424223813238166,44.83798881681494,0.9622181596587447
Data/images/Crenated_10.png,27,0.9182660530107454,44.18917343563276,46.61544808322666,40.57741787654577,153.53910524340125,0.1093583370679496,1405.0,0.865106311537597,1806.0,1462.0,0.7779623477297896,0.39596395781443106,42.295408265589586,0.9610123119015048
Data/images/Crenated_10.png,28,0.9189376346186258,48.85042142134839,51.478150704935004,44.89049071105694,161.29646455628193,0.09407784459392356,1715.0,0.9100155815650529,2070.0,1750.0,0.8285024154589372,0.3944028697683693,46.72906824687182,0.98
Data/images/Crenated_10.png,29,0.849858129047182,48.89482080232692,51.42956348249516,41.553660927162795,154.8111831820433,0.09733491554985432,1591.0,0.9132074353790415,1932.0,1634.0,0.8234989648033126,0.5270115373428003,45.00804501057165,0.9736842105263158
Data/images/Crenated_10.png,30,0.9656044730493933,47.652631512952645,50.11985634456667,46.013594141481555,157.39696961967022,0.09174990942563113,1716.0,0.9328330543124326,2024.0,1749.0,0.8478260869565217,0.26001538728891427,46.74268989655537,0.9811320754716981
Data/images/Crenated_10.png,32,0.9048935859488574,47.01145859533656,47.853944456021594,42.540367349020336,156.36753236814744,0.09975600151077986,1568.0,0.8975571773739751,2068.0,1623.0,0.758220502901354,0.4256378720328105,44.68153540496046,0.9661121380160197
Data/images/Crenated_10.png,34,0.9743967397370241,44.23807930392431,45.5411901469428,43.105440245971764,154.4680374315357,0.10335766974341633,1495.0,0.8871851482390143,1892.0,1554.0,0.790169133192389,0.22483548116313337,43.62903986313552,0.9620334620334621
Data/images/Crenated_10.png,36,0.7750447017173121,52.61750296440614,55.154328932550705,40.78091689015795,165.43860018001303,0.09856336025023117,1679.0,0.8778670694076074,2193.0,1742.0,0.7656178750569995,0.6319064094784334,46.23601621690972,0.9638346727898967
Data/images/Crenated_10.png,37,0.6810416585508144,56.219506976816355,57.30619512757761,38.28782627440009,161.78174593052046,0.09604140452984296,1685.0,0.899313104185478,2244.0,1734.0,0.7508912655971479,0.7322446717582561,46.318556031883695,0.9717416378316033
Data/images/Crenated_10.png,38,0.7709718658794068,52.94138164764127,54.817880294662984,40.81631579111577,164.46803743153578,0.09723206469496647,1692.0,0.8864605703005578,2115.0,1740.0,0.8,0.636869203229695,46.414666967370295,0.9724137931034482
Data/images/Crenated_10.png,39,0.875636586153107,49.86837929404076,52.43090691567332,43.666577402022135,161.3969696196702,0.09468874721013211,1705.0,0.9067927905637237,2070.0,1748.0,0.8236714975845411,0.48297056741600025,46.59263271992099,0.9754004576659039
Data/images/Crenated_10.png,40,0.9659524210940126,45.80474341800368,48.16637831516918,44.24520280221069,157.39696961967022,0.09927276544917706,1586.0,0.8967919240241843,1936.0,1638.0,0.8192148760330579,0.2587197715340204,44.937266471715525,0.9682539682539683
Data/images/Crenated_10.png,41,0.9537791693493735,47.64483407202748,49.20365840057018,45.442650265007096,159.05382386916258,0.09375409600304307,1697.0,0.9179895753623154,2024.0,1739.0,0.8384387351778656,0.3005083960810736,46.48319596817296,0.975848188614146
Data/images/Crenated_10.png,45,0.8205154697324613,60.26184106263824,62.48199740725323,49.445772826453535,190.4680374315357,0.08183374325737301,2328.0,0.8978993764423905,2736.0,2379.0,0.8508771929824561,0.5716243206247604,54.44356399193075,0.978562421185372
Data/images/Crenated_10.png,47,0.7871486617607962,53.93159373225506,55.47071299343465,42.45218183297152,169.296464556282,0.09516383617553793,1780.0,0.8831714418110345,2250.0,1834.0,0.7911111111111111,0.6167633130206336,47.60636921283317,0.9705561613958561
Data/images/Crenated_10.png,55,0.8684231527078213,47.70061707754545,50.32891812864648,41.42432026859056,157.78174593052054,0.10209106821774218,1546.0,0.8832480337171564,1980.0,1607.0,0.7808080808080808,0.4958237870867106,44.36697348434488,0.9620410703173615
Data/images/Crenated_10.png,56,0.8540293101534386,49.206078253790345,50.0,42.02343306644069,160.71067811865504,0.0995420737805234,1615.0,0.8862968853275,2208.0,1675.0,0.7314311594202898,0.5202248911757699,45.34624421875849,0.9641791044776119
Data/images/Crenated_10.png,57,0.8648554167443856,44.419211172976595,45.5411901469428,38.416195390461546,147.88225099390877,0.1112314787468287,1330.0,0.8740435056912713,1755.0,1382.0,0.7578347578347578,0.5020210235915348,41.151046092387084,0.9623733719247467
Data/images/Crenated_10.png,58,0.8049422062120789,49.276278856034594,50.99019513592785,39.66455661629811,162.95331880577436,0.10667975044567879,1528.0,0.8502219864304612,1932.0,1588.0,0.7908902691511387,0.5933532208208115,44.10793607000138,0.9622166246851386
Data/images/Crenated_10.png,59,0.895774816617818,56.75618004841662,58.66856057549052,50.84075677479826,190.1248916810282,0.08455632274006146,2249.0,0.8841224089532516,2544.0,2299.0,0.8840408805031447,0.4445081303118243,53.5118280019416,0.9782514136581122
Data/images/Crenated_10.png,60,0.7862439053398264,48.05944372267887,49.24428900898052,37.786444720978636,152.22539674441643,0.10716325008406648,1421.0,0.8776845155091642,1794.0,1474.0,0.7920847268673356,0.6179162737102617,42.53555445822549,0.9640434192672999
Data/images/Crenated_10.png,62,0.825733100862674,66.96541140568146,73.0,55.29555681055803,213.98275605729714,0.07441584282987207,2876.0,0.8883474113146542,3249.0,2941.0,0.8851954447522314,0.5640610305097429,60.513113708173435,0.9778986739204353
Data/images/Crenated_10.png,63,0.7165253689193962,57.63165048916303,60.41522986797286,41.29453962818124,172.3675323681474,0.0925960420994614,1862.0,0.8873214659268704,2385.0,1907.0,0.780712788259958,0.6975610336701181,48.69057436811434,0.9764027267960147
Data/images/Crenated_10.png,64,0.9713068842747087,46.13034026995561,49.64876634922564,44.80671707814271,160.71067811865498,0.10022493178587775,1604.0,0.883272441657822,1978.0,1663.0,0.8109201213346815,0.2378296376832767,45.19155042433487,0.9645219482862297
Data/images/Crenated_10.png,65,0.6279153202470277,53.969671808273056,55.00909015790027,33.88838375711875,155.05382386916264,0.11167002079161875,1389.0,0.8519132892163009,1813.0,1454.0,0.7661334804191947,0.7782816653365744,42.0538907550436,0.9552957359009628
Data/images/Crenated_10.png,66,0.8914111025099044,56.32221572162191,58.60034129593445,50.206248412211664,197.5391052434013,0.08987220438735273,2198.0,0.8413286799160892,2700.0,2294.0,0.8140740740740741,0.4531955938908429,52.901611689322735,0.958151700087184
Data/images/Crenated_10.png,67,0.9030914863962225,54.02633815833752,58.0,48.790726031957995,186.12489168102815,0.09103687536367236,2045.0,0.8611801907709733,2448.0,2155.0,0.8353758169934641,0.4294482124758007,51.02719734595863,0.9489559164733179
Data/images/Crenated_11.png,1,0.9122639409224707,46.80998631526894,48.16637831516918,42.703062590494156,159.88225099390877,0.10206335843849905,1567.0,0.8775459728215547,2016.0,1628.0,0.777281746031746,0.40960285898978527,44.66728519397614,0.9625307125307125
Data/images/Crenated_11.png,2,0.9452196963097161,47.716175961009526,49.57822102496216,45.1022693509264,161.6396103067895,0.09590009510933818,1686.0,0.9003710358899729,2070.0,1738.0,0.8144927536231884,0.32643487207736904,46.33229837190774,0.9700805523590333
Data/images/Crenated_11.png,3,0.9199913935759654,46.700960102592425,48.84669896727925,42.96448136611957,154.46803743153572,0.09823086641115149,1573.0,0.9100424067817388,1980.0,1614.0,0.7944444444444444,0.3919385611880436,44.752718396410415,0.9745972738537795
Data/images/Crenated_11.png,4,0.9694058930400047,45.97829657531897,47.885279575251516,44.571631652055274,163.05382386916258,0.10165450365907892,1605.0,0.870715199732729,2025.0,1673.0,0.7925925925925926,0.24546326515246852,45.20563537104568,0.9593544530783025
Data/images/Crenated_11.png,5,0.9451769645205872,46.96556001624695,48.84669896727925,44.39076545316575,157.5391052434012,0.09644267232531448,1634.0,0.9094443451432402,2024.0,1669.0,0.8073122529644269,0.32655857933860405,45.61220687598064,0.9790293588975434
Data/images/Crenated_11.png,7,0.9666708318159914,46.46777949284454,48.104053883222775,44.919047054990095,161.19595949289368,0.09862096022813929,1635.0,0.8890849172968255,2070.0,1690.0,0.7898550724637681,0.25602246564740794,45.626161964841955,0.9674556213017751
Data/images/Crenated_11.png,8,0.7948109151137454,51.294845335888056,53.150729063673246,40.76970296203522,164.95331880577436,0.10098152360316766,1634.0,0.8685672373238821,2236.0,1696.0,0.7307692307692307,0.6068571571762608,45.61220687598064,0.9634433962264151
Data/images/Crenated_11.png,9,0.8745738041960252,47.52359274329324,50.08991914547278,41.562889294564584,155.63961030678954,0.10057486934202878,1548.0,0.8959837354802364,1935.0,1593.0,0.8,0.48489242210421457,44.39566212199151,0.9717514124293786
Data/images/Crenated_11.png,10,0.9837956673318942,46.46723616074536,48.373546489791295,45.714265607829205,158.2253967444164,0.09517317097408505,1663.0,0.9135021328291849,2024.0,1708.0,0.8216403162055336,0.17929329306751104,46.01518622036181,0.9736533957845434
Data/images/Crenated_11.png,11,0.8680331581173342,54.713714444413746,56.60388679233962,47.49331834151447,178.02438661763983,0.08741683605089115,2037.0,0.8986025385459824,2548.0,2085.0,0.7994505494505495,0.4965062299798938,50.92729084317687,0.9769784172661871
Data/images/Crenated_11.png,12,0.8389708703907413,52.64451024806889,54.20332093147061,44.16721058411666,169.0538238691626,0.09286120509154772,1821.0,0.894695545362767,2236.0,1869.0,0.8144007155635062,0.5441763304626541,48.15152345422449,0.9743178170144462
Data/images/Crenated_11.png,13,0.9337753586431139,46.5672439900259,48.41487374764082,43.48334495780782,157.0538238691626,0.09899390095755602,1587.0,0.8990347018163752,1935.0,1632.0,0.8201550387596899,0.3578597205483227,44.951431095068635,0.9724264705882353
Data/images/Crenated_11.png,15,0.9590168451160545,46.043943466552655,47.885279575251516,44.156917399995294,157.78174593052054,0.09901584306904333,1594.0,0.896859078135426,2070.0,1647.0,0.770048309178744,0.2833490617306678,45.050458758017655,0.9678202792956891
Data/images/Crenated_11.png,16,0.9019857776654006,48.904706004903076,50.80354318352215,44.111349277330284,164.71067811865504,0.09743311335028396,1691.0,0.8848930097027966,2160.0,1754.0,0.7828703703703703,0.43176574307064136,46.40094902205299,0.9640820980615735
Data/images/Crenated_11.png,17,0.9579649915408935,45.34306823801764,46.861498055439924,43.43707198107073,153.88225099390883,0.09976158897498141,1543.0,0.9047508250359346,1890.0,1588.0,0.8164021164021164,0.28688512506237623,44.32390571154979,0.9716624685138538
Data/images/Crenated_11.png,18,0.9267174235921207,44.45629183107474,46.32493928760188,41.19842022815303,151.2964645562819,0.10539635287793933,1436.0,0.8877235694239716,1806.0,1488.0,0.7951273532668881,0.37575898766467575,42.75946662716566,0.9650537634408602
Data/images/Crenated_11.png,19,0.9740342209968306,48.35341612108914,50.566787519082126,47.09788200404065,164.81118318204327,0.09235706538640699,1785.0,0.9086079469403794,2162.0,1829.0,0.8256244218316374,0.22640083110955508,47.6731852025042,0.9759431383269547
Data/images/Crenated_11.png,20,0.9239008488840127,45.88419066678053,46.647615158762406,42.39244270739443,154.710678118655,0.10154950975953726,1524.0,0.894346623262046,1935.0,1567.0,0.7875968992248062,0.38263196603446653,44.05016533653861,0.9725590299936184
Data/images/Crenated_11.png,21,0.9402083189674107,45.416578405495606,47.01063709417264,42.701044835882634,152.4680374315357,0.10027493418713297,1521.0,0.9066075556824292,1892.0,1565.0,0.8039112050739958,0.3405999367945875,44.00678751672499,0.9718849840255591
Data/images/Crenated_11.png,22,0.9123076794608276,45.81400952036453,47.20169488482379,41.79647271232003,152.71067811865498,0.10170541333243754,1502.0,0.8994938422849881,1980.0,1559.0,0.7585858585858586,0.40950543097351133,43.73106214342632,0.9634381013470174
Data/images/Crenated_11.png,23,0.8825520539585403,45.600133177476756,46.69047011971501,40.244491196565086,148.71067811865498,0.10373957315567142,1434.0,0.9025299582845308,1849.0,1489.0,0.7755543537047053,0.47021470846153063,42.72967946463235,0.9630624580255205
Data/images/Crenated_11.png,25,0.9563116274772008,45.568737660745306,47.16990566028302,43.577913674428956,156.710678118655,0.10074617686830924,1556.0,0.8921571283180153,1935.0,1602.0,0.8041343669250646,0.2923492280679194,44.510231763134115,0.9712858926342073
Data/images/Crenated_11.png,26,0.8993862213558544,50.53011595501932,52.0,45.446090053458,164.8111831820433,0.09168911442672784,1798.0,0.9119115246991091,2112.0,1843.0,0.8513257575757576,0.43715492086357294,47.84647010421796,0.9755832881172002
Data/images/Crenated_11.png,27,0.9146019095701935,49.96702602346322,51.894122981316485,45.69993741660301,166.56854249492397,0.09318519859855887,1788.0,0.8997771741618421,2115.0,1839.0,0.8453900709219858,0.404355471102539,47.71322988424144,0.9722675367047309
Data/images/Crenated_11.png,28,0.9525959501452702,46.55370558197688,48.46648326421054,44.34687140164643,165.09545442950534,0.10213142866038066,1617.0,0.8632919087473387,2115.0,1681.0,0.7645390070921986,0.3042383206744828,45.37431370100002,0.9619274241522903
Data/images/Crenated_11.png,29,0.9434964725268981,47.87446098982612,49.73932046178355,45.16938506802754,160.22539674441643,0.0946678858164942,1693.0,0.9102022716069448,2070.0,1740.0,0.8178743961352657,0.3313825679321393,46.42838085951986,0.9729885057471265
Data/images/Crenated_11.png,30,0.9748434524759051,46.40831153958129,48.84669896727925,45.240838644822816,160.12489168102815,0.0973107819392453,1646.0,0.898038645906567,2025.0,1687.0,0.8128395061728395,0.22289065293290708,45.779387180630515,0.975696502667457
Data/images/Crenated_11.png,31,0.9642169954429247,43.51028611343596,46.09772228646444,41.953357347159226,146.91168824543155,0.10298751366661868,1427.0,0.9113484735882511,1722.0,1463.0,0.8286875725900116,0.26511428799485304,42.62526047236635,0.9753930280246069
Data/images/Crenated_11.png,33,0.92403049552645,47.426997609259956,50.47771785649585,43.82399210221624,158.81118318204335,0.09763982980758891,1627.0,0.9002246164590341,1936.0,1670.0,0.8403925619834711,0.38231877188694724,45.5144014492568,0.974251497005988
Data/images/Crenated_11.png,36,0.879400041791098,48.24438794588762,50.11985634456667,42.426116775799514,155.98275605729708,0.09733713326508399,1603.0,0.9097610965853881,1936.0,1642.0,0.827995867768595,0.4760835709177698,45.177461086369895,0.9762484774665042
Data/images/Crenated_11.png,37,0.9145190737796256,44.59798579790687,46.87216658103186,40.78570866433869,151.0538238691626,0.10603989039604254,1425.0,0.8857362824283223,1764.0,1472.0,0.8078231292517006,0.40454278351400114,42.59537945889914,0.9680706521739131
Data/images/Crenated_11.png,39,0.9177141196758222,43.63932779195665,44.598206241955516,40.04842728784014,155.29646455628193,0.11356231411793925,1368.0,0.8441255208901707,1806.0,1432.0,0.7574750830564784,0.39724148140347937,41.73477802981229,0.9553072625698324
Data/images/Crenated_11.png,40,0.8136346486606666,52.82051243249139,53.75872022286245,42.976599075086504,166.71067811865504,0.09368400006667886,1780.0,0.8969960077104459,2256.0,1820.0,0.7890070921985816,0.5813765204227237,47.60636921283317,0.978021978021978
Data/images/Crenated_11.png,43,0.7664341080850978,56.92056660694283,59.53990258641679,43.62586369909063,177.05382386916273,0.09161905504225755,1933.0,0.8801554298393279,2332.0,1983.0,0.8289022298456261,0.6423229389986016,49.6102009668684,0.9747856782652546
Data/images/Crenated_11.png,44,0.904389100192566,43.23387554836993,44.384682042344295,39.10024580502766,148.36753236814744,0.11206006976446181,1325.0,0.8693808125062157,1722.0,1370.0,0.7694541231126597,0.42670874780449464,41.07362166615078,0.9671532846715328
Data/images/Crenated_11.png,45,0.8892478613721614,43.419871564163245,44.721359549995796,38.61102792948609,147.2964645562819,0.11235428265162617,1312.0,0.8713927753739527,1760.0,1369.0,0.7454545454545455,0.4574256672346189,40.87163175960233,0.95836376917458
Data/images/Crenated_11.png,47,0.8917426449091516,47.18515993747145,48.104053883222775,42.07701932310212,155.2964645562819,0.10002992886072909,1553.0,0.8994130147638424,2024.0,1599.0,0.767292490118577,0.4525428766983644,44.467302740032565,0.9712320200125079
Data/images/Crenated_11.png,48,0.861153242578373,51.052710011258604,52.55473337388365,43.96420676860871,172.36753236814747,0.0981871446130148,1757.0,0.8616876819680275,2250.0,1824.0,0.7808888888888889,0.5083454463224328,47.297799949888585,0.9632675438596491
Data/images/Crenated_11.png,49,0.8512606815461662,43.029574453349696,44.77722635447622,36.62938487579997,141.0538238691626,0.11453822482270615,1232.0,0.8819364172659253,1638.0,1276.0,0.7521367521367521,0.5247430343068458,39.60594802695323,0.9655172413793104
Data/images/Crenated_11.png,53,0.8836015058867329,52.271728640553114,55.54277630799526,46.1873781420954,184.50966799187853,0.09819567216172354,1880.0,0.8328162578513272,2397.0,1977.0,0.7843137254901961,0.4682396595705013,48.925354818356766,0.9509357612544259
Data/images/Crenated_11.png,54,0.9274494984897979,51.273291041400554,54.405882034941776,47.55338806226839,177.19595949289362,0.09304067182614524,1905.0,0.8730550039054811,2304.0,1964.0,0.8268229166666666,0.37394842926668875,49.24958205630262,0.969959266802444
Data/images/Crenated_11.png,55,0.9207205469177853,60.57526365015717,63.8200595424354,55.77288987766175,206.8111831820434,0.07880022220691309,2625.0,0.8781206724667301,2912.0,2683.0,0.9014423076923077,0.39022259606974796,57.81222885281108,0.9783824077525158
Data/images/Crenated_11.png,56,0.8800527301751999,59.101492959618014,62.609903369994115,52.012430236542194,196.22539674441643,0.08187999029602187,2397.0,0.8843790230655383,2856.0,2478.0,0.8392857142857143,0.4748759755043149,55.244503697021166,0.9673123486682809
Data/images/Crenated_11.png,58,0.9089769328079005,47.5797982480614,51.0,43.248939075141564,165.6396103067895,0.10362190197484486,1599.0,0.8556517683482417,1980.0,1670.0,0.8075757575757576,0.41684641730874894,45.12105973967727,0.9574850299401197
Data/images/Crenated_11.png,60,0.7946192557690129,60.14586284080773,49.39635614091387,47.79306076814777,265.6812408671324,0.5587407799519083,479.0,0.290950629839502,1794.0,1451.0,0.2670011148272018,0.6071080944618509,24.695783889727878,0.3301171605789111
Data/images/Crenated_11.png,124,0.9043884025789216,36.62125610398172,40.607881008493905,33.119839308313615,116.62741699796955,0.12506961608361344,933.0,0.928172495928357,990.0,941.0,0.9424242424242424,0.42671022636064265,34.46639660942099,0.9914984059511158
Data/images/Crenated_12.png,1,0.976012271387251,46.72999786099899,48.84669896727925,45.60905135423501,161.0538238691626,0.09641055005636792,1671.0,0.8996159180395007,2070.0,1717.0,0.8072463768115942,0.21771551644635037,46.12573337360022,0.9732090856144437
Data/images/Crenated_12.png,3,0.9363132484647996,45.467178654198165,47.92702786528704,42.57152174424168,152.710678118655,0.1007658714078885,1516.0,0.903677557149214,1892.0,1557.0,0.8012684989429175,0.35116591626935384,43.934395976484154,0.9736673089274245
Data/images/Crenated_12.png,4,0.926787884535769,47.88973271188659,49.9799959983992,44.38362407103279,160.46803743153572,0.09634826624529313,1666.0,0.9015476992939425,2068.0,1713.0,0.8056092843326886,0.37558516621095966,46.056672497356786,0.9725627553998832
Data/images/Crenated_12.png,5,0.9236079518047798,49.77421777840533,50.99019513592785,45.971863334998005,167.6812408671323,0.09349386164880528,1794.0,0.8953052751213723,2303.0,1848.0,0.7789839339991316,0.3833384292801616,47.79321859066286,0.9707792207792207
Data/images/Crenated_12.png,6,0.9591283307742416,47.8135590805635,49.4064773081425,45.85933910931646,162.22539674441637,0.09445437947273151,1718.0,0.905595925641406,2068.0,1760.0,0.8307543520309478,0.28297145634536813,46.76992129408611,0.9761363636363637
Data/images/Crenated_12.png,7,0.9519307168699231,47.185178849926025,48.91829923454004,44.917021128245615,161.3969696196702,0.0973150253962437,1659.0,0.8944731194647243,1978.0,1704.0,0.8387259858442871,0.306313418379791,45.95981293168669,0.9735915492957746
Data/images/Crenated_12.png,8,0.9117377466664273,50.124930333662405,51.86520991955976,45.70079103422501,165.39696961967016,0.09211749909199118,1796.0,0.908176141663092,2156.0,1851.0,0.8330241187384044,0.4107727854953783,47.81985175995794,0.9702863317125878
Data/images/Crenated_12.png,9,0.970337907733783,46.50782639509081,48.703182647543684,45.12830695745842,161.2964645562819,0.09814205327428166,1644.0,0.8909738095228921,2116.0,1697.0,0.776937618147448,0.24175265213607153,45.751566219579935,0.9687684148497349
Data/images/Crenated_12.png,10,0.939223985624407,48.18696794332721,50.24937810560445,45.25835608688732,161.63961030678948,0.0947199591601462,1707.0,0.9059626294131743,2115.0,1752.0,0.8070921985815603,0.34330497349704037,46.61995176813166,0.9743150684931506
Data/images/Crenated_12.png,11,0.8302614033695332,52.06190072816503,53.009433122794285,43.22498676065162,167.05382386916264,0.09483611914230068,1762.0,0.8906146499226205,2150.0,1808.0,0.8195348837209302,0.557374202914751,47.36505122791864,0.9745575221238938
Data/images/Crenated_12.png,12,0.8984453840527693,50.975486560912806,53.225933528685054,45.79869060049609,165.88225099390883,0.09067081224045304,1830.0,0.9140526643163938,2256.0,1880.0,0.8111702127659575,0.4390852899770979,48.27036737860349,0.973404255319149
Data/images/Crenated_12.png,13,0.9375113248555215,46.21857993095468,48.38388161361178,43.33044210401013,160.71067811865498,0.10252674840105581,1568.0,0.8733010315697043,2024.0,1616.0,0.7747035573122529,0.3479547610935166,44.68153540496046,0.9702970297029703
Data/images/Crenated_12.png,14,0.9607378902973106,44.46181620412066,46.51881339845203,42.71615149873366,153.2964645562819,0.10298721166024985,1489.0,0.8921691720282747,1848.0,1536.0,0.8057359307359307,0.2774575754004035,43.54140193092842,0.9694010416666666
Data/images/Crenated_12.png,16,0.8626586689537732,53.74611142968313,54.78138369920935,46.36454894737163,171.88225099390883,0.08807699256669681,1952.0,0.91108349094962,2340.0,1992.0,0.8341880341880342,0.505786536869956,49.853421059372025,0.9799196787148594
Data/images/Crenated_12.png,17,0.9485571923902589,49.51835055513002,52.0,46.97098757437075,169.88225099390883,0.0931627370408055,1824.0,0.8910658689584198,2256.0,1883.0,0.8085106382978723,0.31660583185517976,48.19117066016281,0.9686670207116304
Data/images/Crenated_12.png,18,0.8696194580393711,49.40746956798428,51.0,42.96569690880721,158.71067811865498,0.0953503623422379,1665.0,0.9112565951510505,2112.0,1707.0,0.7883522727272727,0.493722592352539,46.04284789176323,0.9753954305799648
Data/images/Crenated_12.png,20,0.8978727112960835,49.22526253826853,50.24937810560445,44.198019939496696,159.63961030678948,0.09360282046718821,1706.0,0.9170439180496734,2064.0,1748.0,0.8265503875968992,0.4402551468294494,46.60629424571522,0.9759725400457666
Data/images/Crenated_12.png,22,0.8735521146987778,46.49860336065279,48.08326112068523,40.61895329623794,150.2253967444164,0.10153794981035241,1480.0,0.907651348253988,1840.0,1519.0,0.8043478260869565,0.4867306266358158,43.40961329254202,0.9743252139565504
Data/images/Crenated_12.png,23,0.9163550519056397,48.12151931539024,50.00999900019995,44.096397330032666,164.02438661763983,0.09866128518354275,1663.0,0.8812057790571493,2156.0,1724.0,0.7713358070500927,0.40036660555922077,46.01518622036181,0.9646171693735499
Data/images/Crenated_12.png,24,0.9615710098360251,48.606633781370654,49.92995093127971,46.738729929882425,167.63961030678948,0.09420601871693705,1780.0,0.8920255328765719,2205.0,1838.0,0.8072562358276644,0.274556356770202,47.60636921283317,0.9684439608269858
Data/images/Crenated_12.png,25,0.9695196074801781,47.11604642238452,49.658836071740545,45.67993083344809,159.63961030678945,0.0946573437929377,1687.0,0.911921480673434,2025.0,1729.0,0.8330864197530864,0.2450137357608377,46.346036637108675,0.9757085020242915
Data/images/Crenated_12.png,27,0.9221171251381339,47.882464942876254,49.57822102496216,44.15324091765253,160.46803743153572,0.09698884099820836,1655.0,0.8985655757444717,2070.0,1709.0,0.7995169082125604,0.38691085217008664,45.90437284765684,0.9684025746050322
Data/images/Crenated_12.png,29,0.9349462476653272,46.871842105813094,47.853944456021594,43.82265289799163,156.12489168102806,0.09700210728861638,1610.0,0.9109158784338139,2021.0,1653.0,0.7966353290450272,0.35478939383319424,45.27599437918081,0.9739866908650938
Data/images/Crenated_12.png,30,0.8826617191147255,46.40837712722226,48.373546489791295,40.96289793643851,151.8822509939088,0.10196861429601128,1490.0,0.9007788089590868,1890.0,1539.0,0.7883597883597884,0.47000881865071154,43.55602049838107,0.96816114359974
Data/images/Crenated_12.png,31,0.8523499809730448,52.5695399559282,54.56189146281496,44.807646381197124,164.95331880577433,0.0893813702550931,1846.0,0.923210848037084,2254.0,1889.0,0.8189884649511979,0.5229718060615218,48.48092614194896,0.9772366331392272
Data/images/Crenated_12.png,32,0.9083807012459111,51.34885969771291,54.378304497290095,46.644313180386355,171.1543289325509,0.09135539307848993,1874.0,0.8964867862917378,2209.0,1924.0,0.8483476686283387,0.41814411583087807,48.84722005225778,0.974012474012474
Data/images/Crenated_12.png,33,0.9485597305690716,46.526031219569965,48.703182647543684,44.1327196380835,162.46803743153572,0.10100592939479995,1609.0,0.8750795409002385,2024.0,1669.0,0.7949604743083004,0.3165982273208936,45.261931327318294,0.9640503295386459
Data/images/Crenated_12.png,35,0.957757880183912,48.10701218929997,50.774009099144415,46.07487001640556,162.2253967444164,0.09347473163031772,1736.0,0.9103290376306599,2070.0,1780.0,0.8386473429951691,0.2875758038250424,47.01429409935071,0.9752808988764045
Data/images/Crenated_12.png,37,0.9063067166370407,46.76679608786221,48.75448697299562,42.38506141002439,154.46803743153572,0.09943227385357947,1554.0,0.9045278269889017,1980.0,1600.0,0.7848484848484848,0.42262055721247976,44.48161701780234,0.97125
Data/images/Crenated_12.png,38,0.9064687985167974,46.26405214235642,47.51841748206689,41.936919760000286,154.61017305526673,0.10161693924105601,1522.0,0.8943403887228489,2021.0,1571.0,0.7530925284512617,0.4222727996396572,44.02125153930676,0.9688096753660089
Data/images/Crenated_12.png,39,0.9457724696077588,46.986389089298164,48.703182647543684,44.43843324693658,158.46803743153572,0.09686310356450839,1637.0,0.9048048134109807,2024.0,1683.0,0.8087944664031621,0.324829856589631,45.654059345598846,0.9726678550207962
Data/images/Crenated_12.png,40,0.8046680448222375,50.661546152451244,52.478567053607705,40.76572729016449,164.22539674441643,0.10159319316078963,1617.0,0.8678655847716972,1974.0,1670.0,0.8191489361702128,0.5937249680129317,45.37431370100002,0.9682634730538923
Data/images/Crenated_12.png,41,0.8990948111472696,49.19644358822392,51.0,44.2322671570715,161.39696961967024,0.09474433203385398,1704.0,0.9065267518927305,2064.0,1753.0,0.8255813953488372,0.4377539498029221,46.57896718722644,0.9720479178551056
Data/images/Crenated_12.png,42,0.9187519826359379,47.07469405764517,48.010415536631214,43.2499684974417,158.71067811865504,0.09953632995839137,1595.0,0.8918894906429429,1980.0,1641.0,0.8055555555555556,0.3948351483879479,45.06458780298101,0.9719683120048751
Data/images/Crenated_12.png,44,0.8529149370621776,47.684538543304896,49.76946855251722,40.670855190501875,157.05382386916258,0.10329090685245813,1521.0,0.8801356842521477,1932.0,1579.0,0.7872670807453416,0.522049911537414,44.00678751672499,0.9632678910702976
Data/images/Crenated_12.png,45,0.7902333254232384,53.677164050168635,56.85068161420758,42.41748384665347,165.63961030678954,0.09287334471925401,1784.0,0.9038103050653058,2162.0,1825.0,0.8251618871415356,0.6128060797597639,47.659829498305285,0.9775342465753425
Data/images/Crenated_12.png,46,0.80672718869329,48.22397772258025,49.24428900898052,38.90359397574501,159.53910524340128,0.10916120782990166,1462.0,0.8494487660898334,1920.0,1522.0,0.7614583333333333,0.5909240585921522,43.14482836218969,0.9605781865965834
Data/images/Crenated_12.png,47,0.8928609942308214,52.335549438025545,53.16013544000805,46.7283707048518,170.8111831820433,0.08917315749519357,1916.0,0.9083008261112225,2295.0,1964.0,0.8348583877995642,0.45033237167801826,49.391567779455755,0.9755600814663951
Data/images/Crenated_12.png,50,0.9480269823427927,48.18474818622001,51.42956348249516,45.680441417929515,160.4680374315357,0.09305192080692125,1725.0,0.9173773014953319,2162.0,1766.0,0.7978723404255319,0.318189944451454,46.865106579076034,0.9767836919592299
Data/images/Crenated_12.png,51,0.8027524782797771,47.56630941066533,49.24428900898052,38.18397276203428,155.29646455628193,0.10928674493756646,1422.0,0.8604792503431419,1800.0,1479.0,0.79,0.5963123834163395,42.55051859394197,0.9614604462474645
Data/images/Crenated_12.png,52,0.8168043081823523,56.44069863464721,58.82176467941097,46.10100580160165,176.8111831820433,0.08724953524897276,2027.0,0.902544254088282,2392.0,2076.0,0.8474080267558528,0.576914830919391,50.802131423574885,0.9763969171483622
Data/images/Crenated_12.png,53,0.8651466135711945,49.26469613182927,49.9799959983992,42.62118502706601,166.12489168102815,0.10098777609788945,1646.0,0.8654722996397565,2112.0,1711.0,0.7793560606060606,0.5015190295754448,45.779387180630515,0.962010520163647
Data/images/Crenated_12.png,54,0.7768855445882248,55.45909340461194,56.64803615307419,43.08536798201118,176.02438661763986,0.09415586339536768,1870.0,0.8707526946812807,2491.0,1935.0,0.7507025291047772,0.6296418431218317,48.7950606993654,0.9664082687338501
Data/images/Crenated_12.png,55,0.9533805718094751,47.88948114669549,50.695167422546305,45.656900919295616,167.9827560572971,0.09849472650677052,1706.0,0.871497391444911,2162.0,1777.0,0.7890841813135985,0.30177058388159506,46.60629424571522,0.960045019696117
Data/images/Crenated_12.png,56,0.9643458362548183,48.144165593782624,50.59644256269407,46.42762563032676,168.6101730552668,0.09693025182826491,1740.0,0.8768662898268573,2208.0,1793.0,0.7880434782608695,0.26464524952848484,47.068426868115985,0.9704406023424428
Data/images/Crenated_12.png,60,0.9620962370674369,50.23585721956679,52.80151512977634,48.331729196802236,179.43860018001297,0.09456579719631777,1898.0,0.8605576143967669,2350.0,1972.0,0.8076595744680851,0.27271015863124365,49.15901398428714,0.962474645030426
Data/images/Crenated_12.png,61,0.8305987496513788,55.51267490777059,58.83026432033091,46.10875836819772,177.63961030678954,0.08893096886447537,1998.0,0.8918842901384308,2346.0,2051.0,0.8516624040920716,0.5568713649287106,50.43741280419581,0.9741589468551926
Data/images/Crenated_12.png,62,0.7982446078468461,51.313674656226645,52.773099207835045,40.96086410314029,159.39696961967022,0.09704533919005796,1643.0,0.901316996044059,2021.0,1682.0,0.8129638792676893,0.6023334176711704,45.737649393031475,0.9768133174791914
Data/images/Crenated_12.png,63,0.6785541443300379,54.40930891752289,57.3149195236284,36.91966205611845,162.1248916810282,0.10349498351805184,1567.0,0.865407057673723,2116.0,1630.0,0.7405482041587902,0.734550388477557,44.66728519397614,0.9613496932515337
Data/images/Crenated_12.png,64,0.8959120135195734,55.62885269327022,58.66856057549052,49.838557426211466,193.09545442950545,0.08962425362242073,2155.0,0.8521305406508453,2650.0,2247.0,0.8132075471698114,0.44423154326466274,52.381592367016445,0.9590565198041834
Data/images/Crenated_12.png,66,0.9942256911528802,46.62319852007243,49.20365840057018,46.35398177237695,167.88225099390885,0.0996038273473206,1686.0,0.8668910650838006,2162.0,1767.0,0.7798334875115633,0.10730924960868941,46.33229837190774,0.9541595925297114
Data/images/Crenated_12.png,67,0.9356210827058071,47.174707872024364,49.64876634922564,44.1376512555536,162.95331880577436,0.10037161614153024,1624.0,0.8765321872325587,2115.0,1697.0,0.7678486997635934,0.35300593422266163,45.472420439755616,0.9569829110194461
Data/images/Crenated_12.png,69,0.9002872455267131,54.61323402730557,56.36488268416781,49.167598031748696,183.78174593052054,0.08757767259019325,2099.0,0.8836027234081704,2496.0,2150.0,0.8409455128205128,0.4352963077513093,51.69651636618377,0.9762790697674418
Data/images/Crenated_12.png,70,0.9673773438118481,47.155332264828594,49.24428900898052,45.617000072915026,168.5096679918786,0.1002735304920432,1681.0,0.8623813731733687,2115.0,1747.0,0.7947990543735225,0.2533398402927092,46.26354585091602,0.9622209502003435
Data/images/Crenated_12.png,71,0.9023656026923687,51.582614149591436,54.56189146281496,46.546376705543985,168.7106781186551,0.08985921604189352,1878.0,0.9104421041243799,2254.0,1925.0,0.8331854480922803,0.4309713668883795,48.899323768459574,0.9755844155844156
Data/images/Crenated_12.png,73,0.7794288433494162,53.501424173380556,54.3415126767741,41.70055316100451,174.8528137423861,0.10063471294525819,1738.0,0.8450739476034845,2226.0,1826.0,0.7807726864330637,0.6264907646206693,47.04136827038211,0.9518072289156626
Data/images/Crenated_12.png,74,0.8003026168570901,51.7950964246884,55.072679252057455,41.45175120904344,168.12489168102823,0.10064345506197439,1671.0,0.8617794912172322,2107.0,1736.0,0.7930707166587565,0.5995962987308163,46.12573337360022,0.9625576036866359
Data/images/Crenated_13.png,1,0.9106049516278697,47.35426591158007,49.92995093127971,43.12102901978765,156.8111831820433,0.09803762624697925,1600.0,0.904107397133378,1935.0,1639.0,0.8268733850129198,0.4132778993253872,45.1351666838205,0.9762050030506406
Data/images/Crenated_13.png,2,0.9560558717876966,45.17841306070877,47.01063709417264,43.19308708474058,155.63961030678948,0.10182506398874025,1529.0,0.8904663629779956,1935.0,1574.0,0.7901808785529716,0.2931845323687238,44.12236693447059,0.9714104193138501
Data/images/Crenated_13.png,3,0.9377914330657753,47.81138319933843,49.76946855251722,44.837105567364524,164.95331880577433,0.09821573016122317,1680.0,0.8807119279627399,2116.0,1735.0,0.7939508506616257,0.34719911876103554,46.24978308224886,0.968299711815562
Data/images/Crenated_13.png,5,0.9510244094755408,48.27378549206542,49.658836071740545,45.90954834074044,160.1248916810281,0.09226441468224032,1736.0,0.9222706585293122,2160.0,1779.0,0.8037037037037037,0.309115791543715,47.01429409935071,0.9758291174817313
Data/images/Crenated_13.png,6,0.938183787614776,46.28364446024219,47.634021455258214,43.422564864325665,158.71067811865504,0.10073670461355445,1576.0,0.8865597054368629,2024.0,1635.0,0.7786561264822134,0.3461375169738073,44.79537389622523,0.963914373088685
Data/images/Crenated_13.png,7,0.8640303053633589,50.33784563656646,51.61395160225576,43.49342413669614,162.4680374315357,0.09476117668797648,1715.0,0.9034533703863208,2112.0,1759.0,0.8120265151515151,0.5034397991951971,46.72906824687182,0.9749857873791927
Data/images/Crenated_13.png,8,0.9175008035474376,51.69397705586813,53.23532661682466,47.429265487321814,172.3675323681474,0.08970467466466167,1922.0,0.9015081601111412,2400.0,1979.0,0.8008333333333333,0.39773392549517905,49.46884276977765,0.9711975745325923
Data/images/Crenated_13.png,9,0.9108767699862858,47.43188152692182,48.703182647543684,43.20459903961473,160.12489168102815,0.09973521749051893,1606.0,0.8870564089357404,1978.0,1656.0,0.8119312436804853,0.41267845824485616,45.21971593060566,0.9698067632850241
Data/images/Crenated_13.png,10,0.9472710920250805,46.148009560798094,49.4064773081425,43.714675411441064,155.3969696196702,0.09838364648285546,1580.0,0.9066135418535317,1892.0,1627.0,0.8350951374207188,0.32043326639662684,44.85218479273398,0.9711124769514444
Data/images/Crenated_13.png,11,0.953564624211057,48.53530134526613,50.99019513592785,46.281546388269106,170.46803743153572,0.0969946158927657,1758.0,0.8717854925836627,2162.0,1820.0,0.81313598519889,0.3011884915683589,47.311257853120075,0.9659340659340659
Data/images/Crenated_13.png,12,0.9156399070868503,48.89536550480779,50.44799302251776,44.77054792779979,163.53910524340125,0.09527474817559059,1717.0,0.8980597217458214,2156.0,1771.0,0.7963821892393321,0.40199945342000465,46.75630757780467,0.9695087521174478
Data/images/Crenated_13.png,13,0.9879797298339539,45.325831559652826,47.853944456021594,44.7810028188051,155.98275605729705,0.09825685420932098,1588.0,0.9054932336595398,1892.0,1624.0,0.8393234672304439,0.1545834837142284,44.96559125642004,0.9778325123152709
Data/images/Crenated_13.png,14,0.8814228842382592,49.207156825226825,50.21951811795888,43.372314094055774,159.3969696196702,0.09530461561714211,1673.0,0.9095109554512714,2058.0,1719.0,0.8129251700680272,0.47232795718770165,46.153328789394244,0.9732402559627691
Data/images/Crenated_13.png,15,0.8632193865221676,50.764050488606635,52.15361924162119,43.820512520155354,167.53910524340125,0.09614869741371665,1743.0,0.8832326879295997,2156.0,1803.0,0.8084415584415584,0.5048289717639949,47.108985623481516,0.9667221297836939
Data/images/Crenated_13.png,16,0.9593452586816819,45.09051606484907,46.95742752749558,43.25737279832317,153.3969696196702,0.10029223250713971,1530.0,0.9037803455534851,1892.0,1574.0,0.8086680761099366,0.28223514069828165,44.13679308065777,0.9720457433290979
Data/images/Crenated_13.png,17,0.9211032670296196,47.513085964978494,50.60632371551998,43.764458709000856,156.56854249492397,0.09626101598212357,1627.0,0.9131191629640124,1935.0,1672.0,0.8408268733850129,0.3893183420638723,45.5144014492568,0.9730861244019139
Data/images/Crenated_13.png,19,0.9678304306771751,43.82820737897989,45.79301256742124,42.418272823406646,149.63961030678945,0.10266868631683668,1458.0,0.9044043555136725,1764.0,1498.0,0.826530612244898,0.25160337329859744,43.08576628335473,0.9732977303070761
Data/images/Crenated_13.png,20,0.9380979364435892,44.18311398657868,46.238512086787566,41.44808805646135,150.81118318204332,0.10505829549428305,1436.0,0.8905800930890239,1806.0,1482.0,0.7951273532668881,0.3463701223262194,42.75946662716566,0.9689608636977058
Data/images/Crenated_13.png,21,0.9432936997914482,47.472342453143575,48.662100242385755,44.780361550392435,163.53910524340122,0.09813327647368811,1667.0,0.8848832485833705,2112.0,1720.0,0.7892992424242424,0.33195932873435324,46.07049295453128,0.9691860465116279
Data/images/Crenated_13.png,22,0.9553348279043556,46.449426393621884,48.46648326421054,44.374754770006795,158.36753236814747,0.09815155399327392,1614.0,0.8991316122596723,2025.0,1659.0,0.797037037037037,0.2955255768845633,45.332202959955,0.972875226039783
Data/images/Crenated_13.png,24,0.9403595858988054,48.16269555420249,49.9799959983992,45.29025244712009,166.3675323681474,0.09726251526930571,1711.0,0.8812474965308414,2162.0,1768.0,0.7913968547641073,0.3401820824326734,46.67454189429033,0.9677601809954751
Data/images/Crenated_13.png,25,0.8875685793005478,51.316907617805384,53.48831648126533,45.547274788432986,166.8111831820433,0.09107899709639274,1832.0,0.9094592211942742,2200.0,1875.0,0.8327272727272728,0.46067560933742546,48.296737425573774,0.9770666666666666
Data/images/Crenated_13.png,26,0.8724391674072475,55.30446892808911,56.938563381947034,48.24978482552204,177.74011537017782,0.0852675055745636,2085.0,0.9105848575957107,2392.0,2127.0,0.8716555183946488,0.4887227221786885,51.523824108588975,0.9802538787023978
Data/images/Crenated_13.png,27,0.8016351945082631,56.22097519524578,58.60034129593445,45.06871238608508,174.22539674441643,0.08788166292278256,1983.0,0.9059413190669818,2332.0,2028.0,0.8503430531732419,0.5978135285569379,50.24772648796986,0.977810650887574
Data/images/Crenated_13.png,28,0.8507874274753731,50.84909837202972,52.20153254455275,43.26177359338135,163.88225099390877,0.09503174890919616,1725.0,0.8982652743808459,2107.0,1770.0,0.8186995728523968,0.5255099934823658,46.865106579076034,0.9745762711864406
Data/images/Crenated_13.png,29,0.9213126943447912,49.095965706817125,51.264022471905186,45.23273644680716,165.29646455628188,0.09502527424908415,1740.0,0.8944448828407647,2205.0,1783.0,0.7891156462585034,0.38882247779563844,47.068426868115985,0.975883342680875
Data/images/Crenated_13.png,30,0.9046663175537243,49.1247507630852,50.08991914547278,44.44150737358479,161.5391052434012,0.09438451956961799,1712.0,0.907853371446214,2160.0,1752.0,0.7925925925925926,0.4261207034207371,46.68817945247596,0.9771689497716894
Data/images/Crenated_13.png,31,0.7983685493921604,54.74100240878668,55.71355310873648,43.70349468537577,172.9533188057743,0.09231562252776851,1874.0,0.8871618964246138,2279.0,1924.0,0.8222904782799474,0.6021691285191024,48.84722005225778,0.974012474012474
Data/images/Crenated_13.png,32,0.7438146675166322,59.82133219315977,60.00833275470999,44.49598431565714,179.74011537017782,0.0865175043899773,2078.0,0.8989394339446409,2352.0,2120.0,0.8835034013605442,0.6683859217451572,51.43726056041154,0.980188679245283
Data/images/Crenated_13.png,33,0.9328273493856958,46.75441615450888,48.84669896727925,43.613798093486274,155.98275605729708,0.09758070444622902,1599.0,0.9086249598991348,1935.0,1639.0,0.8263565891472868,0.360323654841114,45.12105973967727,0.975594874923734
Data/images/Crenated_13.png,34,0.9189938574384683,46.163115706443854,47.4236228055175,42.42361977444318,154.710678118655,0.10075589587668839,1536.0,0.8978619199699578,1935.0,1586.0,0.7937984496124031,0.3942718478288349,44.223251132330944,0.9684741488020177
Data/images/Crenated_13.png,35,0.9888522033211987,45.47130731313118,47.92702786528704,44.9644024244851,157.63961030678948,0.09861721007618986,1599.0,0.8990749545224791,1980.0,1653.0,0.8075757575757576,0.14890036933067094,45.12105973967727,0.9673321234119783
Data/images/Crenated_13.png,36,0.9514717376733234,44.595164331438525,46.61544808322666,42.43103849826122,149.74011537017782,0.10100513684329027,1483.0,0.9115156291794642,1849.0,1526.0,0.8020551649540292,0.3077361408884319,43.45358724941183,0.971821756225426
Data/images/Crenated_13.png,37,0.8993525098395633,48.03425335987277,49.36598018878993,43.19972631747105,163.53910524340122,0.10060849292119423,1626.0,0.8739303092698556,2107.0,1692.0,0.7717133364973896,0.4372242708785458,45.500412083182,0.9609929078014184
Data/images/Crenated_13.png,38,0.9503497101968462,47.43709417958549,48.91829923454004,45.08182870614957,160.81118318204327,0.096035343793397,1675.0,0.9020513496540963,2021.0,1726.0,0.8287976249381495,0.3111839139942345,46.1809077155419,0.97045191193511
Data/images/Crenated_13.png,39,0.9402745463943323,44.57097095520752,46.61544808322666,41.90894949726271,147.74011537017773,0.10115721696006692,1461.0,0.9169745427129423,1763.0,1496.0,0.8287010777084515,0.34041706391268617,43.130070424914365,0.9766042780748663
Data/images/Crenated_13.png,40,0.9921891729566924,45.40293395052579,47.16990566028302,45.04829948617951,152.8111831820433,0.09529852396759794,1604.0,0.9289327528682422,1980.0,1643.0,0.8101010101010101,0.124742314663129,45.19155042433487,0.9762629336579428
Data/images/Crenated_13.png,41,0.9645362794532557,46.10507704090943,47.53945729601885,44.4700194729445,157.78174593052051,0.09815349669083702,1608.0,0.9007902263104682,2025.0,1656.0,0.794074074074074,0.26395030899483973,45.247863904654565,0.9710144927536232
Data/images/Crenated_13.png,42,0.9439787780945245,45.14722641694362,47.265209192385896,42.61802362742327,151.5391052434012,0.10052345289777857,1508.0,0.9082572511387055,2021.0,1560.0,0.7461652647204354,0.3300061613169796,43.818320751263684,0.9666666666666667
Data/images/Crenated_13.png,43,0.8812709934812479,46.98197849360897,48.84669896727925,41.4038548627774,157.29646455628188,0.10317905185718719,1525.0,0.8799331614339289,1935.0,1576.0,0.7881136950904393,0.47261129488044973,44.06461512053774,0.9676395939086294
Data/images/Crenated_13.png,44,0.9379608344423204,43.157674949313865,45.79301256742124,40.48020880804886,150.12489168102812,0.10974041789548838,1369.0,0.8733639744182966,1764.0,1424.0,0.7760770975056689,0.34674121914226697,41.750029182533964,0.961376404494382
Data/images/Crenated_13.png,45,0.9535925091681741,44.91147785738468,46.486557196677836,42.827248860474356,149.29646455628193,0.09910153637987516,1507.0,0.9215947171068526,1892.0,1546.0,0.7965116279069767,0.3011001933880915,43.803789720934994,0.9747736093143596
Data/images/Crenated_13.png,47,0.8869402390888073,52.352718789768275,54.20332093147061,46.433732920346166,175.05382386916264,0.09201252240166236,1903.0,0.8832744394184212,2303.0,1945.0,0.8263135041250543,0.4618841979166313,49.223722468247104,0.9784061696658097
Data/images/Crenated_13.png,48,0.8218159134224058,57.32472826423454,58.240879114244144,47.110373920163106,184.0243866176399,0.08694750135489719,2117.0,0.8862141694672206,2576.0,2177.0,0.8218167701863354,0.5697531083247342,51.91770522860519,0.9724391364262747
Data/images/Crenated_13.png,49,0.8751548189434876,50.31385467640559,51.92301994298868,44.03241237967868,165.88225099390883,0.0956920974871121,1734.0,0.889747824865527,2200.0,1789.0,0.7881818181818182,0.48384299403834685,46.987204328101626,0.9692565679150363
Data/images/Crenated_13.png,50,0.8905631876724738,50.89159982094356,53.33854141237835,45.32218536229139,169.0538238691626,0.09399712197340152,1799.0,0.889273098173433,2162.0,1845.0,0.832099907493062,0.4548595483911956,47.85977372469032,0.9750677506775067
Data/images/Crenated_13.png,51,0.9596964717689178,48.457578710221114,50.44799302251776,46.50456731866383,166.95331880577433,0.09456432670958614,1766.0,0.8921620307606327,2303.0,1831.0,0.7668258792878854,0.2810385775552731,47.41878357784284,0.9645002730748226
Data/images/Crenated_13.png,52,0.9953113511635523,43.38984395686324,45.79301256742124,43.18640421548125,152.4680374315357,0.1038256979445255,1469.0,0.8909700333654241,1849.0,1518.0,0.7944835045970795,0.09672287343221544,43.247992915463186,0.9677206851119895
Data/images/Crenated_13.png,53,0.9267514509466618,45.2651002634695,47.01063709417264,41.94949734641648,155.29646455628193,0.10433084619165733,1489.0,0.8806792881525867,1892.0,1542.0,0.7869978858350951,0.37567505662241896,43.54140193092842,0.9656290531776913
Data/images/Crenated_13.png,54,0.8985138737460403,48.36605314731127,49.73932046178355,43.45756977119751,159.7401153701778,0.09719508084586419,1644.0,0.8996545742768026,1980.0,1690.0,0.8303030303030303,0.4389451203577554,45.751566219579935,0.9727810650887574
Data/images/Crenated_13.png,55,0.8016405718695487,50.91659461344958,53.33854141237835,40.81680802357571,160.46803743153572,0.09865849211898907,1627.0,0.8909296752037442,2068.0,1674.0,0.7867504835589942,0.5978063177423455,45.5144014492568,0.9719235364396654
Data/images/Crenated_13.png,56,0.9276662097416597,46.6881379863363,49.4064773081425,43.31100800568021,156.8111831820433,0.09915345126907575,1582.0,0.899005809968902,1890.0,1625.0,0.837037037037037,0.37341050240123785,44.88056327377173,0.9735384615384616
Data/images/Crenated_13.png,57,0.8403355015260435,44.177264169004815,45.221676218380054,37.12372344150917,141.05382386916256,0.1096415265209192,1287.0,0.9014153788847086,1634.0,1329.0,0.7876376988984088,0.5420666424665644,40.48035689163516,0.9683972911963883
Data/images/Crenated_13.png,59,0.8316694792308236,53.10796320604908,54.589376255824725,44.168272102584574,178.61017305526673,0.09736177326534028,1835.0,0.8500756942245236,2352.0,1901.0,0.780187074829932,0.5552709944846124,48.33626552174903,0.9652814308258811
Data/images/Crenated_13.png,60,0.9754743368614518,48.290289300018465,51.07837115648854,47.105937931783174,171.43860018001294,0.09634088237145992,1780.0,0.8722587127876504,2256.0,1834.0,0.7890070921985816,0.22011319389057696,47.60636921283317,0.9705561613958561
Data/images/Crenated_13.png,61,0.8926565351030858,46.955693606729085,48.05205510693585,41.91530675834491,161.78174593052051,0.10495085691243627,1542.0,0.860294563752491,2021.0,1607.0,0.7629886194952994,0.45073751822735336,44.30954048488453,0.9595519601742377
Data/images/Crenated_13.png,62,0.834923348549778,52.85159122533976,55.00909015790027,44.127027522044735,171.43860018001294,0.0938618123076994,1827.0,0.8837026519883492,2295.0,1888.0,0.796078431372549,0.5503662435564409,48.23078527487545,0.9676906779661016
Data/images/Crenated_13.png,64,0.8554846835303547,52.091169160011034,53.33854141237835,44.56319736357821,170.71067811865504,0.09434135292547943,1810.0,0.8833311346565622,2295.0,1871.0,0.7886710239651417,0.5178281145756468,48.0058702240741,0.9673971138428648
Data/images/Crenated_13.png,65,0.879897571728696,49.133973068625124,50.566787519082126,43.23286359246639,163.39696961967022,0.09840227017143645,1661.0,0.884057217658023,2021.0,1721.0,0.8218703612073232,0.4751634069096096,45.98750791035654,0.9651365485183033
Data/images/Crenated_13.png,66,0.7788852373331171,58.51923002750988,63.8200595424354,45.5797643685283,182.22539674441637,0.087840634728569,2075.0,0.886038814082082,2385.0,2110.0,0.870020964360587,0.6271664747613138,51.40011726956917,0.9834123222748815
Data/images/Crenated_13.png,67,0.9107054762885788,51.650280206787926,53.48831648126533,47.038193036161346,173.88225099390888,0.09173423951142648,1896.0,0.8875883078776168,2350.0,1952.0,0.8068085106382978,0.41305633448477247,49.13310672874115,0.9713114754098361
Data/images/Crenated_13.png,70,0.7986596396549768,53.97131492701698,55.71355310873648,43.104710931316646,175.580735803744,0.09714010279598562,1808.0,0.8583555514595703,2496.0,1901.0,0.7243589743589743,0.6017830007454358,47.9793403131095,0.9510783798001052
Data/images/Crenated_13.png,72,0.666656048921406,54.46589654557154,55.0,36.31001939203277,166.46803743153572,0.10883820688560687,1530.0,0.8328155263243318,2070.0,1597.0,0.7391304347826086,0.7453654891638731,44.13679308065777,0.9580463368816531
Data/images/Crenated_13.png,73,0.9054776116947384,50.17720700370857,53.23532661682466,45.434337559230535,168.6101730552667,0.09448594735515085,1785.0,0.8881359177228694,2208.0,1837.0,0.8084239130434783,0.4243940323798064,47.6731852025042,0.9716929776810016
Data/images/Crenated_13.png,74,0.9149102681450688,49.52451398824528,51.478150704935004,45.31048637273971,170.5096679918785,0.0970735371431133,1757.0,0.8713246496015197,2295.0,1823.0,0.7655773420479303,0.40365728191463995,47.297799949888585,0.9637959407569939
Data/images/Crenated_13.png,75,0.8818654345093745,53.94725562394658,55.362442142665635,47.574220021399945,178.36753236814752,0.08920606770099901,2000.0,0.8886890563798859,2392.0,2053.0,0.8361204013377926,0.47150117223352467,50.4626504404032,0.974184120798831
Data/images/Crenated_13.png,77,0.5910561930022625,64.78222661607953,63.788713735268246,38.289936237909814,183.19595949289368,0.0956387154752773,1916.0,0.8468960735965555,2394.0,1991.0,0.8003341687552213,0.8066303841994009,49.391567779455755,0.9623304871923657
Data/images/Crenated_13.png,78,0.7242742461704047,50.18437501680449,50.0,36.34725038482896,154.46803743153578,0.10943537898089677,1412.0,0.8621974707663953,1776.0,1478.0,0.795045045045045,0.6895120131906987,42.40063958439837,0.9553450608930988
Data/images/Crenated_13.png,79,0.6403583445597011,60.669407350794714,61.741396161732524,38.85016125657307,188.95331880577444,0.10274786231961634,1840.0,0.8045282016220549,2408.0,1945.0,0.7641196013289037,0.7680762921434043,48.402073946399234,0.9460154241645244
Data/images/Crenated_13.png,81,0.8466992869031804,52.32873874999058,53.53503525729669,44.306705784159846,171.53910524340125,0.09464226496187655,1813.0,0.879793601581854,2295.0,1893.0,0.7899782135076253,0.5320717221932094,48.04563762304389,0.9577390385631274
Data/images/Crenated_14.png,1,0.9265357751691431,46.429721720956714,48.83646178829912,43.01879820561423,155.29646455628188,0.09926268108423258,1565.0,0.9028823160323228,2024.0,1620.0,0.7732213438735178,0.3762066683775226,44.63877112455639,0.9660493827160493
Data/images/Crenated_14.png,2,0.9420419190442797,49.2658133852008,50.15974481593781,46.41046138467192,164.710678118655,0.09194009384239744,1792.0,0.9109437973584062,2205.0,1844.0,0.8126984126984127,0.33549519037293596,47.76657057153477,0.9718004338394793
Data/images/Crenated_14.png,4,0.8683499605992269,53.49670654459166,55.47071299343465,46.45386302018457,168.71067811865498,0.08689707860862991,1942.0,0.9258295931255857,2350.0,1980.0,0.8263829787234043,0.49595195929376107,49.725558778918575,0.9808080808080808
Data/images/Crenated_14.png,5,0.9443893797052115,46.443344476102276,48.38388161361178,43.86060128122169,160.26702730475915,0.1003864875068958,1597.0,0.883782121843235,2070.0,1651.0,0.7714975845410628,0.3288292862565719,45.09283261164744,0.9672925499697154
Data/images/Crenated_14.png,6,0.9595938328553053,48.00240630610937,49.24428900898052,46.06281305355717,163.2964645562819,0.09425481359669952,1733.0,0.9035761756847922,2160.0,1779.0,0.8023148148148148,0.28138883408206833,46.97365358396169,0.9741427768409219
Data/images/Crenated_14.png,7,0.9178661119048058,49.99608662929825,51.088159097779204,45.88971364488983,163.6396103067895,0.09113874146855444,1796.0,0.9179292313783236,2200.0,1847.0,0.8163636363636364,0.39689016190472304,47.81985175995794,0.9723876556578235
Data/images/Crenated_14.png,9,0.9092886416539678,51.911309401077006,54.20332093147061,47.20236401178416,167.39696961967022,0.08725408893389118,1919.0,0.927551948473671,2256.0,1953.0,0.8506205673758865,0.4161660319621031,49.430220375260085,0.9825908858166923
Data/images/Crenated_14.png,10,0.8161571575292229,53.300006206053986,54.120236510939236,43.50118156142296,167.88225099390883,0.09231908220726358,1819.0,0.9004441917454125,2236.0,1866.0,0.8135062611806798,0.5778299872919526,48.12507383758763,0.9748124330117899
Data/images/Crenated_14.png,11,0.9398952186765842,50.06657624541881,51.884487084291386,47.057335628575785,168.46803743153572,0.09138488604911078,1844.0,0.9034601188596885,2254.0,1890.0,0.8181011535048802,0.34146299639770195,48.45465633447048,0.9756613756613757
Data/images/Crenated_14.png,12,0.9411871917968481,46.038985020468296,47.4236228055175,43.33130302459171,153.05382386916256,0.09795444727626404,1563.0,0.9155261650289334,1890.0,1596.0,0.8269841269841269,0.3378855871409153,44.610238829455504,0.9793233082706767
Data/images/Crenated_14.png,13,0.9130369903434815,46.492030870710735,48.25971404805462,42.44894394114996,157.8822509939088,0.10205704653775617,1548.0,0.8831140192885278,1936.0,1602.0,0.7995867768595041,0.407876763575122,44.39566212199151,0.9662921348314607
Data/images/Crenated_14.png,14,0.988397295676356,45.529061316333824,47.634021455258214,45.00080107974735,157.29646455628188,0.09797350641935962,1606.0,0.903007017967491,2024.0,1664.0,0.7934782608695652,0.1518907037960726,45.21971593060566,0.9651442307692307
Data/images/Crenated_14.png,15,0.9183927626650258,50.664404669655475,51.61395160225576,46.52982257334372,170.71067811865504,0.09240090831862248,1848.0,0.8925580433904621,2250.0,1898.0,0.8213333333333334,0.3956699805197511,48.50718172261279,0.9736564805057956
Data/images/Crenated_14.png,16,0.9552383641714448,47.900600231259155,50.24937810560445,45.756491007738326,160.71067811865498,0.09351799715953156,1719.0,0.9143973665880867,2162.0,1773.0,0.7950971322849214,0.29583723162418707,46.783531048861036,0.9695431472081218
Data/images/Crenated_14.png,17,0.9348890890393496,47.379283373608715,48.703182647543684,44.294375072490254,160.3675323681474,0.09751750220015044,1645.0,0.8964073819458919,2112.0,1699.0,0.7788825757575758,0.3549399825254655,45.76547881416016,0.9682165979988229
Data/images/Crenated_14.png,19,0.9804380209578686,45.65971948190342,47.92702786528704,44.766525006328834,157.3969696196702,0.09828096760516403,1602.0,0.9013055325253969,1936.0,1639.0,0.8274793388429752,0.19682806471694123,45.16336735304101,0.9774252593044539
Data/images/Crenated_14.png,20,0.9063411680492761,48.9504517318752,49.92995093127971,44.36580959920748,159.6396103067895,0.09382286823790156,1702.0,0.9159678907878626,2064.0,1742.0,0.8246124031007752,0.42254666854570294,46.551624087020286,0.9770378874856487
Data/images/Crenated_14.png,21,0.6935250834719108,55.517673428094234,56.356011214421486,38.502899098385335,160.71067811865504,0.09597532285378026,1675.0,0.9026154735140521,2250.0,1718.0,0.7444444444444445,0.7204324802473018,46.1809077155419,0.9749708963911525
Data/images/Crenated_14.png,22,0.9421057303538976,45.54220941185007,47.01063709417264,42.90557645988115,153.29646455628193,0.10016103531936095,1531.0,0.9046684819510487,1892.0,1574.0,0.8091966173361522,0.3353159597071805,44.1512145131879,0.9726810673443456
Data/images/Crenated_14.png,23,0.9306941855239796,47.15338835048576,49.39635614091387,43.88538436555125,161.19595949289362,0.0994116308929347,1622.0,0.8855421893594659,2116.0,1679.0,0.7665406427221172,0.3657982135438294,45.444411554782334,0.9660512209648601
Data/images/Crenated_14.png,24,0.9359059103778736,46.408406501575,48.02082881417188,43.433901936042986,158.12489168102812,0.10011072597722578,1580.0,0.8909729235065037,1978.0,1626.0,0.7987866531850354,0.3522500914403911,44.85218479273398,0.971709717097171
Data/images/Crenated_14.png,25,0.9482411976198118,46.78866221039657,48.46648326421054,44.36693708941528,157.6396103067895,0.09685997561093057,1628.0,0.9071938095206935,2068.0,1675.0,0.7872340425531915,0.31755098982139074,45.528386516862696,0.9719402985074627
Data/images/Crenated_14.png,26,0.9626576580975643,43.784970455660805,45.31004303683677,42.149937118717475,149.29646455628188,0.10321221192967983,1447.0,0.9030558858033404,1848.0,1494.0,0.783008658008658,0.27072168975926847,42.92292652221864,0.9685408299866132
Data/images/Crenated_14.png,27,0.9517957396924924,46.76738002961364,48.84669896727925,44.512993068766015,157.29646455628188,0.09641217563976824,1632.0,0.9102894505607327,2070.0,1681.0,0.7884057971014493,0.306732570659232,45.58428388170407,0.9708506841165973
Data/images/Crenated_14.png,28,0.8337072616285668,50.627868416126596,52.478567053607705,42.20882153930031,159.63961030678948,0.09533568844836636,1675.0,0.9086713789269681,2107.0,1728.0,0.794969150450878,0.5522066659392991,46.1809077155419,0.9693287037037037
Data/images/Crenated_14.png,29,0.8743279790548326,48.589685985161275,50.44799302251776,42.48332195031498,158.61017305526678,0.09799825335512313,1619.0,0.8991460586293272,2107.0,1669.0,0.7683910773611771,0.4853355386141549,45.402365829615405,0.9700419412822049
Data/images/Crenated_14.png,32,0.8829504949091389,49.024645603701146,50.60632371551998,43.286335098533065,157.0538238691626,0.09441167650686061,1664.0,0.9205933210935936,2070.0,1704.0,0.8038647342995169,0.46946610478255696,46.029019134012735,0.9765258215962441
Data/images/Crenated_14.png,33,0.9124693565101042,44.2535436234767,46.06517122512408,40.38000247340561,143.63961030678945,0.10256309197200246,1401.0,0.9235752164202318,1764.0,1435.0,0.79421768707483,0.40914505182152267,42.23515836567874,0.9763066202090592
Data/images/Crenated_14.png,34,0.9559746335700517,44.13837143621834,46.87216658103186,42.19516346011767,149.98275605729708,0.10276310795292709,1460.0,0.9029540532122696,1806.0,1508.0,0.8084163898117387,0.2934493141423395,43.115307436145436,0.9681697612732095
Data/images/Crenated_14.png,35,0.8992150924097505,49.68959226233029,52.43090691567332,44.68163129797415,164.568542494924,0.0946612266292344,1739.0,0.8981429323528473,2070.0,1789.0,0.840096618357488,0.43750682004115565,47.05489951423176,0.9720514253773057
Data/images/Crenated_14.png,36,0.8790158614048947,49.9514841748844,53.2634959423431,43.90814689043898,160.08326112068542,0.09342472198464279,1714.0,0.9166447670697521,1980.0,1747.0,0.8656565656565657,0.47679252867322763,46.715442625282584,0.9811104751001717
Data/images/Crenated_14.png,38,0.9325586143791809,50.569011023506775,52.81098370604357,47.158566850607,172.9533188057743,0.09266183702425626,1867.0,0.8855029839874345,2300.0,1915.0,0.8117391304347826,0.361018601663658,48.75590456570926,0.974934725848564
Data/images/Crenated_14.png,40,0.8806867124177398,51.86730679308531,53.225933528685054,45.6788479015646,165.88225099390877,0.08959343828998584,1852.0,0.9195320481671155,2352.0,1896.0,0.7874149659863946,0.4736991815180101,48.559650295791066,0.9767932489451476
Data/images/Crenated_14.png,41,0.9532572485577978,47.917096072108514,49.47726750741192,45.677319160577824,159.53910524340125,0.093107152170062,1714.0,0.9197712584501682,2160.0,1764.0,0.7935185185185185,0.3021599213529401,46.715442625282584,0.971655328798186
Data/images/Crenated_14.png,42,0.9409726481075767,48.062040804572895,49.24428900898052,45.225065809333366,165.29646455628193,0.09703343971604457,1704.0,0.8851409558419921,2070.0,1752.0,0.8231884057971014,0.3384826074016417,46.57896718722644,0.9726027397260274
Data/images/Crenated_14.png,43,0.8591818577033127,48.876318068455326,50.53711507397311,41.993645755753434,162.12489168102806,0.10098093533542701,1606.0,0.8761135315066416,2016.0,1664.0,0.7966269841269841,0.5116703385906605,45.21971593060566,0.9651442307692307
Data/images/Crenated_14.png,44,0.8193113443724878,50.22255989419682,51.03920062069938,41.147913064742184,159.88225099390885,0.0987232176560104,1620.0,0.8922676635009675,2021.0,1666.0,0.801583374567046,0.5733488649875799,45.416385396362884,0.9723889555822329
Data/images/Crenated_14.png,45,0.7353012722474158,50.53963723073372,54.08326913195984,37.161859554681364,150.32590180780468,0.10250658152594933,1467.0,0.9030507295239488,1800.0,1503.0,0.815,0.6777403920612456,43.21854245721949,0.9760479041916168
Data/images/Crenated_14.png,47,0.803699822291223,53.33933454397072,55.02726596879042,42.868813694121364,167.88225099390883,0.09381517239111976,1790.0,0.8932355508513994,2184.0,1829.0,0.8195970695970696,0.5950349533002737,47.73990767770651,0.9786768726079825
Data/images/Crenated_14.png,50,0.9507996955156258,46.24139332815689,48.373546489791295,43.96630269662986,156.8111831820433,0.09846856086784508,1593.0,0.9021268747172827,1892.0,1629.0,0.8419661733615222,0.30980629271755167,45.03632528041241,0.9779005524861878
Data/images/Crenated_14.png,51,0.7528629310338762,52.7667426693789,53.600373133029585,39.7261245471789,166.02438661763986,0.10114187427209251,1642.0,0.8650744616295617,2080.0,1708.0,0.7894230769230769,0.6581773371023037,45.723728330650566,0.9613583138173302
Data/images/Crenated_14.png,53,0.814221800171073,55.862515559777904,58.137767414994535,45.48447798116694,178.8111831820433,0.09005851583079491,1986.0,0.8833751962833315,2392.0,2053.0,0.830267558528428,0.5805539252525789,50.285720993578614,0.9673648319532392
Data/images/Crenated_14.png,54,0.882339762023075,48.67346785564509,49.76946855251722,42.94653604458768,157.9827560572971,0.09665509700660575,1635.0,0.90716797130912,1932.0,1679.0,0.8462732919254659,0.4706129453734376,45.626161964841955,0.9737939249553306
Data/images/Crenated_14.png,56,0.9401103880999604,49.19348009776847,51.894122981316485,46.24730166670079,169.63961030678948,0.09541035450325618,1779.0,0.8811372151060322,2068.0,1829.0,0.8602514506769826,0.3408701485705948,47.59299475851309,0.9726626571897211
Data/images/Crenated_14.png,57,0.8552500949105112,48.73987800087907,49.24428900898052,41.68478528617856,164.36753236814744,0.10360386534393157,1588.0,0.8590311947683439,1927.0,1642.0,0.8240788790866632,0.5182154717446819,44.96559125642004,0.9671132764920828
Data/images/Crenated_14.png,58,0.964636878589687,51.33036017674372,54.378304497290095,49.51515841777844,176.71067811865504,0.0894058578895295,1977.0,0.8918473945104275,2400.0,2033.0,0.82375,0.26358242062919385,50.17165115821301,0.9724545007378259
Data/images/Crenated_14.png,59,0.8299629591056967,51.45880375751914,53.53503525729669,42.70890103862993,171.29646455628196,0.10020267011189352,1710.0,0.8556400118562878,2200.0,1779.0,0.7772727272727272,0.5578185067855991,46.66090035026251,0.9612141652613828
Data/images/Crenated_14.png,60,0.8384281481826739,49.78435661734656,52.839379254491625,41.740605927147726,163.63961030678956,0.10085646243869927,1623.0,0.8725872203549091,2024.0,1681.0,0.8018774703557312,0.5450121469609394,45.45841815445374,0.9654967281380131
Data/images/Crenated_14.png,61,0.8796517041694113,49.00198043584986,50.93132631298737,43.10467559807148,159.98275605729708,0.0968125603977592,1653.0,0.9007463104613984,1974.0,1696.0,0.837386018237082,0.4756184178013403,45.87662768172073,0.9746462264150944
Data/images/Crenated_14.png,62,0.9769229899296693,42.07905093347443,43.93176527297759,41.10799225133268,148.3675323681474,0.10986118649992403,1351.0,0.8780380825242522,1849.0,1413.0,0.7306652244456463,0.2135918344574057,41.47465038957176,0.9561217268223637
Data/images/Crenated_14.png,64,0.8787046244165714,46.91876675538509,50.11985634456667,41.22773731987938,163.53910524340125,0.10833991735236917,1511.0,0.8421702066681452,1935.0,1579.0,0.7808785529715763,0.4773658796237244,43.861884958296436,0.9569347688410387
Data/images/Crenated_14.png,66,0.8676816057891946,48.79160068412487,50.60632371551998,42.335574430626636,158.32590180780468,0.09800427224252843,1616.0,0.8999252612178467,1927.0,1661.0,0.8386092371562014,0.4971203385248733,45.36028113109555,0.9729078868151716
Data/images/Crenated_14.png,67,0.9812582348643762,49.04688869134114,51.62363799656123,48.127663422854944,170.12489168102812,0.09198426151988544,1850.0,0.8961160133996239,2256.0,1902.0,0.8200354609929078,0.19269737027487555,48.53342309955121,0.9726603575184016
Data/images/Crenated_14.png,68,0.9102748629955868,49.582614707521564,51.62363799656123,45.13380780985216,172.6101730552668,0.09854991324879635,1752.0,0.8594955151277588,2160.0,1815.0,0.8111111111111111,0.4140044369307714,47.23045291309417,0.9652892561983472
Data/images/Crenated_14.png,69,0.8412168768325746,61.17500736537318,65.60487786742691,51.461448636108976,193.53910524340128,0.0788186134161683,2456.0,0.9076244201851376,2912.0,2510.0,0.8434065934065934,0.5406978510518137,55.92026754111214,0.9784860557768924
Data/images/Crenated_14.png,70,0.8147567512867593,50.77497335519667,52.3450093132096,41.369252337551806,162.85281374238605,0.09890848086388464,1647.0,0.8832640061944178,2116.0,1703.0,0.7783553875236295,0.5798029287892967,45.79329132284349,0.9671168526130358
Data/images/Crenated_14.png,72,0.9442683013207126,45.75808204786081,48.38388161361178,43.207906407027316,158.61017305526673,0.1030605412964696,1540.0,0.8767851850139693,2024.0,1616.0,0.7608695652173914,0.32917681437320895,44.28079605079555,0.9529702970297029
Data/images/Crenated_14.png,73,0.8970263154977404,45.76747711804737,48.76474136094644,41.05463136882916,156.710678118655,0.10656965530000341,1471.0,0.8674388251002115,1892.0,1533.0,0.7774841437632135,0.4419771366310122,43.27742333255787,0.95955642530985
Data/images/Crenated_14.png,74,0.8501326223525456,63.45492263539504,64.88451279003334,53.94509978120629,204.3675323681475,0.07657082516603503,2670.0,0.8961223679803423,3009.0,2715.0,0.8873379860418744,0.526568632195257,58.30565653899186,0.9834254143646409
Data/images/Crenated_14.png,78,0.7973599468249865,56.50468992994466,57.77542730261716,45.054576557903026,180.71067811865493,0.09161504594101644,1973.0,0.8712235822053764,2385.0,2059.0,0.8272536687631027,0.6035040308061341,50.12087012176141,0.9582321515298688
Data/images/Crenated_15.png,1,0.9578713417897567,47.284976356845554,49.03060268852505,45.292923749428574,162.71067811865504,0.09688042757883598,1680.0,0.8928507772756299,2160.0,1732.0,0.7777777777777778,0.2871976541998468,46.24978308224886,0.9699769053117783
Data/images/Crenated_15.png,2,0.8843832931708968,48.27172105227843,50.15974481593781,42.69070363124091,158.71067811865504,0.09824245008892296,1616.0,0.8977434929451815,2070.0,1667.0,0.7806763285024154,0.46676138524967975,45.36028113109555,0.9694061187762447
Data/images/Crenated_15.png,3,0.8541951549479551,51.19201691651004,52.392747589718944,43.72797282209663,168.61017305526673,0.0961563576020911,1754.0,0.8803878553628569,2244.0,1812.0,0.7816399286987522,0.5199525336638345,47.25740324505225,0.9679911699779249
Data/images/Crenated_15.png,4,0.9407227551856489,49.373474899159966,52.32590180780452,46.44675134022724,167.19595949289365,0.09301583281941232,1798.0,0.8989046015157394,2256.0,1856.0,0.7969858156028369,0.33917649959264945,47.84647010421796,0.96875
Data/images/Crenated_15.png,5,0.9367205491752999,48.41283198806588,49.658836071740545,45.3492945669926,161.8822509939088,0.09409023597437303,1721.0,0.9083077835667129,2112.0,1772.0,0.8148674242424242,0.3500780095246267,46.810738687711556,0.9712189616252822
Data/images/Crenated_15.png,6,0.9346810865746287,47.36062256643251,48.46648326421054,44.26707816124402,156.71067811865495,0.09535179684737144,1644.0,0.9170461592889833,2021.0,1677.0,0.8134586838198912,0.3554873646132469,45.751566219579935,0.9803220035778175
Data/images/Crenated_15.png,7,0.9609151751220018,44.26483999888396,45.60701700396552,42.53475647927496,151.63961030678945,0.10277167760541474,1476.0,0.8979701065884197,1848.0,1527.0,0.7987012987012987,0.2768429631040912,43.35091196306141,0.9666011787819253
Data/images/Crenated_15.png,8,0.8807756365522824,50.47652680625705,51.97114584074513,44.458495028729395,179.09545442950542,0.10187454745705656,1759.0,0.8299077191931659,2295.0,1836.0,0.7664488017429194,0.4735338193370338,47.32471192927804,0.9580610021786492
Data/images/Crenated_15.png,9,0.9400137161172626,47.80199701370354,48.877397639399746,44.934532850677755,158.2253967444164,0.09398597965216299,1684.0,0.9192535147203884,2068.0,1729.0,0.8143133462282398,0.3411366493231383,46.304809613408565,0.9739733950260266
Data/images/Crenated_15.png,10,0.8672547531813027,52.37583884815095,54.62600113499065,45.423195192916836,173.19595949289365,0.09289137006859408,1865.0,0.8837885480468547,2400.0,1931.0,0.7770833333333333,0.49786463329346686,48.72978299696273,0.965820818228897
Data/images/Crenated_15.png,13,0.8692459206505588,47.24763080181648,49.658836071740545,41.06981033488267,154.3259018078047,0.10153019855776625,1521.0,0.8955460084441675,1845.0,1565.0,0.824390243902439,0.494379944407502,44.00678751672499,0.9718849840255591
Data/images/Crenated_15.png,14,0.9414264332598852,49.771617740984766,50.99019513592785,46.85631656746971,168.95331880577436,0.09245051644638816,1828.0,0.8969472395962644,2300.0,1885.0,0.7947826086956522,0.3372184318206363,48.243982917830046,0.9697612732095491
Data/images/Crenated_15.png,15,0.8928635325216494,48.73963649876566,50.566787519082126,43.517844018109024,159.2964645562819,0.09575982239632215,1664.0,0.9076328323349412,2107.0,1712.0,0.7897484575225439,0.4503273390467866,46.029019134012735,0.9719626168224299
Data/images/Crenated_15.png,16,0.9298841251742759,47.13996115880363,49.24428900898052,43.83470154290345,157.88225099390883,0.09748826859765905,1620.0,0.9035706143758623,2025.0,1664.0,0.8,0.36785257067046934,45.416385396362884,0.9735576923076923
Data/images/Crenated_15.png,17,0.9746793971624234,45.30247068391341,47.50789408087881,44.15538481616508,151.7401153701778,0.09686569765092741,1567.0,0.9246337077250192,1892.0,1609.0,0.8282241014799154,0.22360696041736927,44.66728519397614,0.9738968303293971
Data/images/Crenated_15.png,18,0.9234489474879295,44.4052733797676,46.389654018972806,41.00600296546016,147.29646455628193,0.10318491387480346,1428.0,0.9092863414836655,1886.0,1475.0,0.7571580063626723,0.38372130691874773,42.64019312669459,0.9681355932203389
Data/images/Crenated_15.png,19,0.9618496184473925,42.732548827923324,44.654227123532216,41.102285785422616,151.29646455628193,0.11019407469503419,1374.0,0.8681832865067617,1764.0,1431.0,0.7789115646258503,0.2735787116948346,41.82620153045354,0.960167714884696
Data/images/Crenated_15.png,20,0.9142150610986083,46.555463548116286,47.634021455258214,42.56170595211516,154.56854249492397,0.09962522880755655,1552.0,0.9033576157142301,1886.0,1596.0,0.8229056203605515,0.4052293450139915,44.45298385293132,0.9724310776942355
Data/images/Crenated_15.png,22,0.9015647176648699,47.338418102041686,48.05205510693585,42.678647550868774,158.22539674441643,0.0999213114900009,1584.0,0.8915337171897538,1974.0,1641.0,0.8024316109422492,0.43264426479714546,44.90892382211466,0.9652650822669104
Data/images/Crenated_15.png,23,0.9041024609651949,48.372101337151534,50.80354318352215,43.7333358609765,161.8822509939088,0.09772547599994494,1657.0,0.8912538469756466,1978.0,1698.0,0.8377148634984833,0.42731573815701723,45.93210125420091,0.9758539458186102
Data/images/Crenated_15.png,24,0.953615423158075,46.35362205846437,47.853944456021594,44.20352891419198,158.95331880577436,0.09906719775990923,1605.0,0.893316164710721,2021.0,1659.0,0.7941613062840178,0.3010276145390116,45.20563537104568,0.9674502712477396
Data/images/Crenated_15.png,25,0.8770148286473672,50.56141423155731,53.23532661682466,44.34311003845779,166.81118318204332,0.09502203542127219,1756.0,0.8903898202722321,2068.0,1794.0,0.8491295938104448,0.48046330799825604,47.28433821631583,0.9788182831661093
Data/images/Crenated_15.png,26,0.9807779086461044,46.0661225486044,48.46648326421054,45.18063533265537,161.05382386916258,0.09880602691359668,1631.0,0.8886437557444706,2070.0,1691.0,0.7879227053140097,0.19512737868319216,45.57031596843553,0.9645180366646955
Data/images/Crenated_15.png,27,0.8830243393478167,47.87868640396891,49.57822102496216,42.278045430705944,153.8822509939088,0.09693370141348585,1588.0,0.9178532888958058,2024.0,1634.0,0.7845849802371542,0.4693271951627694,44.96559125642004,0.9718482252141983
Data/images/Crenated_15.png,28,0.9539195873927276,43.60557649410013,45.60701700396552,41.59621353727402,149.98275605729708,0.1055844815609272,1421.0,0.8908082309060431,1764.0,1471.0,0.8055555555555556,0.30006236149922066,42.53555445822549,0.9660095173351462
Data/images/Crenated_15.png,29,0.9592384052548604,46.454382265820115,48.041648597857254,44.56082756176495,158.95331880577433,0.09796814718383626,1623.0,0.8983130001333127,2112.0,1676.0,0.7684659090909091,0.282598092499071,45.45841815445374,0.9683770883054893
Data/images/Crenated_15.png,30,0.9209579207924324,47.20979666052155,49.73932046178355,43.47823617350745,160.2253967444164,0.09967365271814395,1608.0,0.887051974982033,1935.0,1655.0,0.8310077519379845,0.38966204348086103,45.247863904654565,0.9716012084592145
Data/images/Crenated_15.png,31,0.9312758742182387,46.10505785680242,48.27007354458868,42.936528061476146,155.5391052434012,0.10031545001186791,1551.0,0.8974313175870587,1978.0,1608.0,0.7841253791708797,0.3643147623951786,44.43866035204299,0.9645522388059702
Data/images/Crenated_15.png,32,0.9141761141100547,47.73687675882318,50.47771785649585,43.63991249513156,160.46803743153566,0.09832600332814685,1633.0,0.892434740613146,2025.0,1682.0,0.8064197530864198,0.40531719972219205,45.59824751624256,0.9708680142687277
Data/images/Crenated_15.png,33,0.9466321429688417,44.624172965478195,46.400431032480725,42.242676482522874,151.05382386916258,0.10223609060518618,1478.0,0.9020631731306256,1892.0,1530.0,0.781183932346723,0.32231597214258145,43.380272556988054,0.9660130718954248
Data/images/Crenated_15.png,34,0.8161274163312913,53.32624880902911,54.78138369920935,43.52101366315252,167.98275605729714,0.09242517527224052,1818.0,0.8996579860063038,2244.0,1869.0,0.8101604278074866,0.5778719930161106,48.111843576488795,0.9727126805778491
Data/images/Crenated_15.png,35,0.9319693218825014,45.950582796862946,49.09175083453431,42.82453348929809,154.8111831820433,0.10055939147907976,1540.0,0.8984469708380727,1892.0,1583.0,0.813953488372093,0.36253714715855984,44.28079605079555,0.9728363866077069
Data/images/Crenated_15.png,36,0.919905689319107,48.74136002739626,49.9799959983992,44.837454394352726,164.81118318204335,0.09629633840610187,1712.0,0.8898293094203387,2162.0,1772.0,0.7918593894542091,0.3921396725126625,46.68817945247596,0.9661399548532731
Data/images/Crenated_15.png,38,0.90958442665664,46.013547093683776,46.75467891024384,41.853205851646656,155.29646455628188,0.10294760660012056,1509.0,0.8865761018527731,1978.0,1565.0,0.762891809908999,0.4155191581428113,43.8328469644097,0.9642172523961662
Data/images/Crenated_15.png,39,0.9139055311085557,46.33599894654077,47.75981574503821,42.346725726683815,154.56854249492397,0.100597814835616,1537.0,0.8989801503694833,1890.0,1587.0,0.8132275132275132,0.4059269394967366,44.23764437962249,0.9684940138626339
Data/images/Crenated_15.png,40,0.9353853006679504,45.990563100720045,47.92702786528704,43.01889669385537,157.29646455628193,0.10144886459611863,1551.0,0.8874049683739259,2021.0,1604.0,0.7674418604651163,0.3536302296104342,44.43866035204299,0.9669576059850374
Data/images/Crenated_15.png,41,0.8972587814863988,48.789517624044,49.72926703662542,43.776823132658905,159.8822509939088,0.09559476890517715,1673.0,0.9067503693098912,2016.0,1713.0,0.8298611111111112,0.4415050158781236,46.153328789394244,0.9766491535318156
Data/images/Crenated_15.png,42,0.9723008833766255,45.2895192270032,47.853944456021594,44.03503955211787,155.6396103067895,0.09954564138585834,1564.0,0.9006037273627823,1936.0,1611.0,0.8078512396694215,0.23373273665670746,44.62450725740055,0.9708255741775295
Data/images/Crenated_15.png,43,0.9527284423612652,54.4858725175862,57.706152185014034,51.910240454374375,182.22539674441646,0.08262316787323348,2206.0,0.9135862585076743,2550.0,2247.0,0.8650980392156863,0.3038231642187294,52.997796517268235,0.9817534490431686
Data/images/Crenated_15.png,44,0.9621700108827922,44.51021717244293,45.70557952810576,42.82639614120485,158.3675323681474,0.10607336394383618,1494.0,0.8649055543854101,1935.0,1556.0,0.772093023255814,0.2724497571256186,43.61444577011535,0.9601542416452442
Data/images/Crenated_15.png,45,0.948009156663886,45.00753533993836,45.880278987817846,42.667555621135,152.32590180780468,0.10117960930442024,1506.0,0.9029663246932311,1848.0,1554.0,0.814935064935065,0.31824305001276454,43.78925386862803,0.9691119691119691
Data/images/Crenated_15.png,46,0.9489356073180106,45.27908198393074,47.43416490252569,42.96693316122331,155.0538238691626,0.10170798548321588,1525.0,0.8926601865438828,1935.0,1581.0,0.7881136950904393,0.3154698292452081,44.06461512053774,0.9645793801391525
Data/images/Crenated_15.png,47,0.9436812217789691,47.102954181695736,48.46648326421054,44.450173351581434,164.22539674441643,0.10007641483511057,1642.0,0.8744176250343888,2024.0,1697.0,0.8112648221343873,0.3308560890504371,45.723728330650566,0.9675898644667059
Data/images/Crenated_15.png,48,0.9089505350505236,51.97160324541331,53.48831648126533,47.23961657735196,182.71067811865507,0.09516181152013285,1921.0,0.8501422828915464,2346.0,1996.0,0.8188405797101449,0.41690397555237024,49.455971989601494,0.9624248496993988
Data/images/Crenated_15.png,49,0.9095365975021252,47.902353072618354,48.46648326421054,43.568943226014774,155.63961030678948,0.0951051697566694,1637.0,0.9213885310681553,2064.0,1685.0,0.7931201550387597,0.4156238417177924,45.654059345598846,0.971513353115727
Data/images/Crenated_15.png,50,0.8879015268151725,49.58123005001822,51.31276644267,44.02324986278549,159.7401153701778,0.09349728731061036,1709.0,0.9172726190060639,2070.0,1760.0,0.8256038647342995,0.4600335625574348,46.64725481689563,0.9710227272727273
Data/images/Crenated_15.png,51,0.712415943459023,55.885352744602535,58.82176467941097,39.81361630108632,164.56854249492403,0.09444392682635526,1743.0,0.8991755776290816,2208.0,1791.0,0.7894021739130435,0.7017574534733418,47.108985623481516,0.9731993299832495
Data/images/Crenated_15.png,52,0.8650392559557358,53.0255361786052,55.94640292279746,45.869170362594595,171.63961030678956,0.09017053338943502,1904.0,0.9010810423408786,2352.0,1955.0,0.8095238095238095,0.5017041814212296,49.2366539599895,0.9739130434782609
Data/images/Crenated_15.png,53,0.9088883408477165,45.503477871854535,47.16990566028302,41.35758050575065,151.88225099390883,0.10307584051164495,1474.0,0.8959277265874342,1804.0,1519.0,0.8170731707317073,0.4170395471308255,43.32153147038583,0.9703752468729427
Data/images/Crenated_15.png,55,0.8438746230309891,58.00733854493898,60.74537019394976,48.95092094764136,183.39696961967024,0.08262985790478497,2220.0,0.9106266403169119,2592.0,2266.0,0.8564814814814815,0.5365404184255884,53.165701249132994,0.9796999117387467
Data/images/Crenated_15.png,56,0.909711325401522,44.370939775951385,45.5411901469428,40.36474643289185,150.81118318204327,0.10745363960245334,1404.0,0.8805977942668737,1720.0,1455.0,0.8162790697674419,0.4152412605175572,42.28035383967556,0.9649484536082474
Data/images/Crenated_15.png,57,0.9006187244568773,47.36496486102063,49.658836071740545,42.65777423707721,162.12489168102812,0.10254578853954972,1582.0,0.8694030672490853,1932.0,1637.0,0.8188405797101449,0.4346100702441996,44.88056327377173,0.9664019547953574
Data/images/Crenated_15.png,60,0.7847833049363673,46.634176074268034,47.16990566028302,36.59772282254854,145.2964645562819,0.10887708097136149,1335.0,0.8912697653890452,1760.0,1379.0,0.7585227272727273,0.6197702512166526,41.228325120254915,0.9680928208846991
Data/images/Crenated_15.png,61,0.9254069499410147,49.15934056317033,51.42956348249516,45.492395411675055,161.88225099390883,0.09253058073387187,1750.0,0.9159308157232602,2070.0,1789.0,0.8454106280193237,0.3789749028641184,47.20348719413148,0.9782001117942984
Data/images/Crenated_15.png,62,0.8286558018953599,45.87425297044196,47.12748667179272,38.01396588157218,152.22539674441637,0.1113980217668616,1367.0,0.8608403896400295,1755.0,1427.0,0.7789173789173789,0.5597584854070167,41.719521301819455,0.9579537491240364
Data/images/Crenated_15.png,63,0.8622511903731349,45.58793997131756,47.12748667179272,39.30825550692759,155.05382386916267,0.11075273133511619,1401.0,0.855433923326222,1800.0,1466.0,0.7783333333333333,0.5064808828574993,42.23515836567874,0.9556616643929059
Data/images/Crenated_15.png,65,0.8997343106205669,52.0462899378395,57.42821606144492,46.827832797580164,182.36753236814747,0.09641423862973696,1892.0,0.8453967679932137,2209.0,1957.0,0.8564961521050249,0.436438048630195,49.08125119267976,0.966785896780787
Data/images/Crenated_15.png,67,0.8666923215627509,53.45136296062424,55.569775957799216,46.32588585503665,177.29646455628193,0.09162607987404751,1936.0,0.8795192336445904,2300.0,1990.0,0.8417391304347827,0.49884308128325244,49.64868335220255,0.9728643216080402
Data/images/Crenated_15.png,68,0.8272811459013943,37.62851433477892,40.80441152620633,31.12936045744295,115.59797974644678,0.12654403913130463,914.0,0.9268489529909388,1056.0,927.0,0.865530303030303,0.5617881323382294,34.11364747264559,0.9859762675296656
Data/images/Crenated_15.png,69,0.9382586305414589,50.970128331839,53.23532661682466,47.82316280715367,174.56854249492406,0.09248664503042334,1888.0,0.8822312279370332,2304.0,1955.0,0.8194444444444444,0.34593459239351326,49.02934081200753,0.9657289002557545
Data/images/Crenated_15.png,70,0.9369648500947362,54.51648366414108,58.309518948453004,51.080028944064075,188.22539674441646,0.0866798971883106,2172.0,0.8776202341255449,2499.0,2227.0,0.8691476590636255,0.34942362496967644,52.58779602878194,0.9753030983385721
Data/images/Crenated_15.png,71,0.8571222207489412,52.45575979067628,56.938563381947034,44.960997322857466,171.05382386916264,0.093191949806136,1836.0,0.8878699126436946,2156.0,1883.0,0.8515769944341373,0.5151130931149028,48.34943437242838,0.9750398300584174
Data/images/Crenated_15.png,72,0.8110664544232581,50.67144943073361,51.62363799656123,41.09791283027253,158.568542494924,0.09755062595811996,1626.0,0.9013249322617455,1968.0,1676.0,0.8262195121951219,0.5849540208506032,45.500412083182,0.9701670644391408
Data/images/Crenated_15.png,74,0.8412506384760381,51.130550357623804,53.85164807134504,43.013608133982245,174.85281374238608,0.1018955791039546,1717.0,0.8398291571355315,2254.0,1792.0,0.761756876663709,0.5406453211336043,46.75630757780467,0.9581473214285714
Data/images/Crenated_15.png,76,0.8988074281276657,57.113814651469696,59.50630218724736,51.334320857447665,192.5096679918785,0.0841204579383345,2289.0,0.8809025058088478,2754.0,2348.0,0.8311546840958606,0.43834370891177626,53.98560287612603,0.9748722316865417
Data/images/Crenated_15.png,79,0.9117333465990328,45.9736663740752,48.76474136094644,41.915724698663006,159.53910524340128,0.10639486845175143,1500.0,0.8604210267579322,2021.0,1556.0,0.7422068283028204,0.4107825516003885,43.70193722368317,0.9640102827763496
Data/images/Crenated_15.png,80,0.9188016332815132,48.21233127728494,50.21951811795888,44.29756872187878,170.61017305526678,0.10249935299204974,1665.0,0.8476994634409653,2208.0,1758.0,0.7540760869565217,0.39471959500286025,46.04284789176323,0.947098976109215
Data/images/Crenated_15.png,83,0.7187146974390716,57.99786329392401,60.21627686929839,41.68391676940523,184.22539674441643,0.09765459673703494,1887.0,0.8357643387780457,2397.0,1951.0,0.7872340425531915,0.6953051011498935,49.016354626953365,0.9671963095848283
Data/images/Crenated_15.png,85,0.8574629955355698,41.3419205828187,42.720018726587654,35.449167064137356,135.4974746830585,0.11828675223313706,1146.0,0.8854647516650392,1435.0,1182.0,0.7986062717770035,0.5145456357672886,38.19859314512115,0.9695431472081218
Data/images/Crenated_15.png,88,0.9508566929786416,44.79084647444626,46.84015371452148,42.58967615440602,161.43860018001294,0.10823908828696811,1493.0,0.8480260195169947,1980.0,1552.0,0.7540404040404041,0.3096313120756994,43.59984679204272,0.9619845360824743
Data/images/Crenated_2.png,1,0.9012150601214443,47.52272070966893,48.33218389437829,42.82819160149889,154.568542494924,0.09687780789402946,1596.0,0.9160775169856209,1974.0,1637.0,0.8085106382978723,0.4333721442482211,45.078712419470456,0.9749541844838119
Data/images/Crenated_2.png,2,0.9747004517225916,43.95775301054495,46.06517122512408,42.84564171608827,153.8822509939088,0.10429159674273725,1476.0,0.8848833192309108,1806.0,1521.0,0.8172757475083057,0.22351516595474305,43.35091196306141,0.9704142011834319
Data/images/Crenated_2.png,3,0.9199161954854189,48.8818563333327,51.088159097779204,44.96721130642425,162.46803743153572,0.09432106672367821,1723.0,0.9055587117099257,2112.0,1771.0,0.8158143939393939,0.39211502557748656,46.837930521946475,0.9728966685488425
Data/images/Crenated_2.png,4,0.9213006418001567,51.261245246499755,52.630789467763066,47.227018145075455,170.12489168102812,0.0896101615385979,1899.0,0.9079091041543759,2397.0,1955.0,0.7922403003754693,0.3888510349974912,49.17196249339733,0.9713554987212276
Data/images/Crenated_2.png,5,0.9108087864391808,47.62549116991633,50.60632371551998,43.377715816041416,158.2253967444164,0.09782095625620797,1618.0,0.9010541336321846,1980.0,1663.0,0.8171717171717172,0.4128284807824999,45.38834193249951,0.9729404690318701
Data/images/Crenated_2.png,7,0.9153777222467164,49.20287080174421,51.894122981316485,45.039211802500084,165.78174593052051,0.09568931944041588,1733.0,0.8900304078619806,2256.0,1781.0,0.7681737588652482,0.4025961073016147,46.97365358396169,0.9730488489612578
Data/images/Crenated_2.png,8,0.8440057573590694,49.90374110666257,51.62363799656123,42.119044807779666,160.12489168102812,0.09725168034073982,1647.0,0.8983114815944377,2112.0,1702.0,0.7798295454545454,0.5363341137245927,45.79329132284349,0.9676850763807285
Data/images/Crenated_2.png,9,0.8808940321275515,49.47226917086551,50.80354318352215,43.57982666842328,162.46803743153572,0.09610649951584485,1691.0,0.8971077018889027,2150.0,1747.0,0.7865116279069767,0.47331353684641736,46.40094902205299,0.9679450486548369
Data/images/Crenated_2.png,10,0.8116255136337591,54.122041017936446,55.65968020030299,43.926829340090045,169.88225099390883,0.09116300026504365,1864.0,0.9007859914886972,2279.0,1917.0,0.8179025888547609,0.5841780769754512,48.71671696026266,0.9723526343244653
Data/images/Crenated_2.png,12,0.8810448516397683,49.426843349100466,51.62363799656123,43.547265865530285,166.4680374315357,0.09894088406034811,1683.0,0.8734772718587767,2107.0,1739.0,0.798766018035121,0.4730327360754852,46.291059112848984,0.9677975848188615
Data/images/Crenated_2.png,13,0.8833198444925906,50.45632295627253,52.20153254455275,44.56907134740258,168.36753236814744,0.09552767793937443,1763.0,0.8839163109229344,2200.0,1822.0,0.8013636363636364,0.46877078868631117,47.37849002836722,0.9676180021953897
Data/images/Crenated_2.png,14,0.8856298163769648,50.242932890046106,52.3450093132096,44.4966394296517,160.8111831820433,0.09176101750758534,1753.0,0.922821486857284,2116.0,1798.0,0.8284499054820416,0.4643918909112255,47.24393000080264,0.974972191323693
Data/images/Crenated_2.png,15,0.9256217848327168,49.40547138155357,51.088159097779204,45.730780600695326,164.71067811865504,0.09313580894467348,1769.0,0.9050773756105427,2205.0,1825.0,0.8022675736961451,0.3784498796975597,47.459042917409356,0.9693150684931506
Data/images/Crenated_2.png,16,0.7513363086768062,54.710305557981926,55.362442142665635,41.1058390245143,167.29646455628193,0.0950818212880261,1760.0,0.8888179247099237,2226.0,1815.0,0.7906558849955077,0.6599195036244275,47.33816218162558,0.9696969696969697
Data/images/Crenated_2.png,17,0.8766733629145913,47.85128162987288,50.08991914547278,41.94994398623386,155.05382386916256,0.09860338560837047,1573.0,0.9066043071189542,1978.0,1620.0,0.795247724974722,0.481086078322811,44.752718396410415,0.9709876543209877
Data/images/Crenated_2.png,18,0.9488962488527024,42.74513470489128,44.64302857109943,40.5606979781748,146.71067811865498,0.10807416435996683,1358.0,0.8902523457240862,1763.0,1404.0,0.7702779353374929,0.31558819514245173,41.581958849365805,0.9672364672364673
Data/images/Crenated_2.png,19,0.8138071560748267,48.130767626660436,49.57822102496216,39.16916312195087,151.53910524340125,0.10263400287395953,1477.0,0.8988701097517686,1892.0,1521.0,0.7806553911205074,0.5811350210763441,43.36559474484162,0.9710716633793557
Data/images/Crenated_2.png,20,0.916969531162853,52.17207029094188,56.08029957123981,47.84019883448038,171.05382386916258,0.08765248468827189,1952.0,0.9154959399656004,2352.0,1996.0,0.8299319727891157,0.398957239461797,49.853421059372025,0.9779559118236473
Data/images/Crenated_2.png,21,0.9615105200598031,48.137247713847316,49.658836071740545,46.2844700835889,170.36753236814747,0.0977718980591951,1743.0,0.8685693347819805,2205.0,1808.0,0.7904761904761904,0.2747681200836999,47.108985623481516,0.9640486725663717
Data/images/Crenated_2.png,22,0.7501208677291831,57.18956239619431,58.180752831155424,42.89908416968554,176.568542494924,0.09239588827573209,1911.0,0.8776511847837997,2173.0,1954.0,0.8794293603313391,0.6613007513962295,49.327079479621496,0.9779938587512794
Data/images/Crenated_2.png,23,0.9913480852814879,45.472756964078364,47.92702786528704,45.07933054880953,159.2964645562819,0.09921922426426777,1606.0,0.891669578426911,1980.0,1647.0,0.8111111111111111,0.13125918561657277,45.21971593060566,0.9751062537947783
Data/images/Crenated_2.png,26,0.9152882740376994,45.025033323346406,46.51881339845203,41.210885039015636,151.39696961967024,0.1041602818160786,1454.0,0.8926788961073202,1806.0,1501.0,0.805094130675526,0.402799423297861,43.02662313085849,0.9686875416389074
Data/images/Crenated_2.png,27,0.9062210175723845,47.37829603321362,49.64876634922564,42.93520764206451,157.15432893255087,0.09874604394128235,1592.0,0.8998744165875848,1935.0,1633.0,0.8227390180878553,0.42280428960699123,45.02218736599077,0.9748928352725046
Data/images/Crenated_2.png,28,0.989395078935066,46.425193551686455,48.82622246293481,45.932858038646536,158.32590180780468,0.09489116080779424,1669.0,0.914568137742385,1936.0,1706.0,0.8620867768595041,0.14524936412623426,46.09812143854657,0.9783118405627198
Data/images/Crenated_2.png,30,0.8321621876014037,51.84432936927099,53.85164807134504,43.14289054266025,168.81118318204332,0.09643598010970769,1751.0,0.8785870056694434,2116.0,1801.0,0.8275047258979206,0.5545323196410171,47.21697197863571,0.9722376457523598
Data/images/Crenated_2.png,32,0.9256187606089005,39.55904735321818,41.400483088968905,36.616596381954615,133.88225099390877,0.11811402822576865,1134.0,0.8914411722275289,1443.0,1169.0,0.7858627858627859,0.378457276332272,37.99807421080277,0.9700598802395209
Data/images/Crenated_2.png,33,0.7146562718933771,55.59201364571674,56.462376853972415,39.729181219093675,166.12489168102812,0.09661232432743712,1720.0,0.8848533741920995,2340.0,1776.0,0.7350427350427351,0.6994758130510738,46.797136845585754,0.9684684684684685
Data/images/Crenated_2.png,35,0.7208540438517035,56.87579166078716,58.82176467941097,40.99914441594541,168.81118318204332,0.09262616361154641,1823.0,0.8964735628891781,2304.0,1865.0,0.7912326388888888,0.6930868974830258,48.17795855006936,0.9774798927613941
Data/images/Crenated_2.png,37,0.8937541186364945,53.20817044660403,54.78138369920935,47.55502148176495,173.88225099390885,0.08801936268990578,1976.0,0.906125172218145,2444.0,2025.0,0.8085106382978723,0.4485572153252096,50.158960718865394,0.9758024691358025
Data/images/Crenated_2.png,39,0.944715097092493,47.0890686291916,48.60041152089147,44.48575404202181,161.05382386916256,0.09817362015797779,1641.0,0.8915013573119256,2025.0,1694.0,0.8103703703703704,0.32789233800978285,45.7098030285671,0.9687131050767415
Data/images/Crenated_2.png,40,0.8074121254537777,57.37421581322727,57.9396237474839,46.32463753600158,183.63961030678956,0.08903738681541312,2063.0,0.8766687949866242,2430.0,2126.0,0.8489711934156379,0.5899878470529835,51.251274918665594,0.9703668861712136
Data/images/Crenated_2.png,41,0.7888683844994684,58.85741287751106,62.20128616033595,46.43075221250036,189.05382386916267,0.0885290676043843,2136.0,0.8665013704215427,2550.0,2193.0,0.8376470588235294,0.6145621790650628,52.150164597576364,0.9740082079343365
Data/images/Crenated_2.png,43,0.8403302069187287,49.97629525987917,53.41348144429457,41.99659053676575,174.26702730475918,0.10734033095457911,1625.0,0.8196262434651003,2116.0,1720.0,0.7679584120982986,0.5420748503112158,45.4864184146723,0.9447674418604651
Data/images/Crenated_2.png,44,0.7042160006751532,60.84155039468735,62.00806399170998,42.84559329382252,181.78174593052054,0.0891742683004761,2039.0,0.8804607890214388,2650.0,2090.0,0.769433962264151,0.7099857916839559,50.952285834052596,0.9755980861244019
Data/images/Crenated_2.png,45,0.8686260777433029,51.719497199608384,55.54277630799526,44.92490399535157,174.02438661763986,0.09611951760156855,1811.0,0.8667504681626035,2346.0,1869.0,0.7719522591645354,0.49546819985170243,48.01912968302716,0.9689673622257892
Data/images/Crenated_2.png,46,0.9046838869646552,47.199927496203706,48.91829923454004,42.701013871715475,160.46803743153572,0.10230668628086434,1569.0,0.8749004752111229,1935.0,1642.0,0.8108527131782945,0.4260834010689955,44.695781072596446,0.9555420219244823
Data/images/Crenated_2.png,48,0.8914757825576474,53.31128608199881,54.20332093147061,47.5257204791045,182.1248916810282,0.09282614254894404,1963.0,0.8621545550253422,2346.0,2057.0,0.8367433930093776,0.45306834927330086,49.9936918652256,0.9543023821098687
Data/images/Crenated_2.png,49,0.9740933392812162,49.34794032649518,53.81449618829484,48.06949997928588,182.9949493661171,0.10021629209535439,1827.0,0.8277824511251034,2304.0,1929.0,0.79296875,0.2261463383916907,48.23078527487545,0.9471228615863142
Data/images/Crenated_2.png,50,0.801348602882812,55.270487547175755,59.54829972383762,44.290927976581145,178.6101730552668,0.09427826500673889,1895.0,0.8638653319697541,2256.0,1961.0,0.8399822695035462,0.5981976401305545,49.120147976905905,0.9663437021927588
Data/images/Crenated_2.png,51,0.5687707249177218,61.10932195413043,63.0317380372777,34.75719334708122,170.9533188057744,0.10326385913970063,1656.0,0.8437076523890699,2401.0,1711.0,0.6897126197417742,0.8224961169978673,45.91823914395487,0.9678550555230859
Data/images/Crenated_2.png,52,0.7107306207983383,56.964774305293254,59.16924876994806,40.486609405638305,170.08326112068542,0.0948860592026139,1793.0,0.8824151176840632,2142.0,1847.0,0.8370681605975724,0.703464273904232,47.77989643888051,0.9707634001082837
Data/images/Crenated_2.png,54,0.7228729582971598,64.39804899933142,68.62215385719105,46.55160818871215,194.9533188057744,0.08379682733968381,2327.0,0.8770529781631808,2915.0,2402.0,0.7982847341337908,0.6909809593344182,54.43186953062263,0.9687760199833472
Data/images/Crenated_2.png,55,0.737747151120344,53.38143468601712,54.56189146281496,39.382001362325845,162.46803743153572,0.09897535024766112,1642.0,0.8840105361102559,2080.0,1707.0,0.7894230769230769,0.6750771370842116,45.723728330650566,0.9619214997070885
Data/images/Crenated_2.png,56,0.9725171455800243,46.93766011015853,49.9799959983992,45.647679230536745,166.02438661763992,0.0998042600647069,1664.0,0.8708521937752424,2115.0,1731.0,0.7867612293144208,0.2328312727124092,46.029019134012735,0.9612940496822646
Data/images/Crenated_2.png,57,0.8458332609969892,55.05566229702415,57.38466694161429,46.567910377040924,194.99494936611714,0.09744875030790462,2001.0,0.8132144998615516,2499.0,2070.0,0.8007202881152461,0.5334473681547229,50.47526452644959,0.9666666666666667
Data/images/Crenated_2.png,58,0.9170526837744796,48.890042537048004,52.839379254491625,44.834744718448334,187.33809511662463,0.11032867792498506,1698.0,0.7797361601373146,2209.0,1805.0,0.768673607967406,0.3987660657353172,46.49688964823676,0.9407202216066483
Data/images/Crenated_3.png,1,0.970515923230986,46.92838472102654,48.703182647543684,45.54474462326596,160.3675323681474,0.09565614814682219,1677.0,0.9050868691767363,2162.0,1728.0,0.7756706753006476,0.24103701532152325,46.208470181568096,0.9704861111111112
Data/images/Crenated_3.png,2,0.9679466853501193,49.06794881593985,50.695167422546305,47.49515841331829,167.53910524340125,0.09182740764231365,1825.0,0.9037757290223104,2303.0,1881.0,0.7924446374294398,0.2511557570905287,48.20437914901168,0.9702286018075492
Data/images/Crenated_3.png,3,0.9263983031047442,48.94204290208462,50.35871324805669,45.33982549497078,165.19595949289365,0.0950221222277214,1739.0,0.8947317705781023,2250.0,1797.0,0.7728888888888888,0.37654506238251356,47.05489951423176,0.9677239844184753
Data/images/Crenated_3.png,4,0.926557922918775,48.03571835223968,49.76946855251722,44.507875422362474,159.29646455628188,0.09507398660476388,1676.0,0.9109006478826897,2070.0,1717.0,0.8096618357487922,0.3761521174690459,46.19469100422832,0.9761211415259173
Data/images/Crenated_3.png,5,0.9751527837844916,45.02713449480993,46.861498055439924,43.90833554845261,151.15432893255087,0.09761338645950976,1549.0,0.9228687650789921,1848.0,1585.0,0.8382034632034632,0.22153340217077006,44.40999949104669,0.9772870662460568
Data/images/Crenated_3.png,6,0.8454926143292212,53.672656088519005,55.94640292279746,45.37983431427512,172.12489168102815,0.09023585409228212,1908.0,0.899484171557713,2352.0,1954.0,0.8112244897959183,0.5339871151205242,49.28834599938094,0.9764585465711362
Data/images/Crenated_3.png,8,0.9533871158604355,49.08375331308483,51.03920062069938,46.795818006767036,168.12489168102812,0.09342867000890698,1800.0,0.8944351128172493,2256.0,1857.0,0.7978723404255319,0.30174990855230327,47.873073648171925,0.9693053311793215
Data/images/Crenated_3.png,9,0.912621588780104,47.79932431210231,49.8196748283246,43.62269529632626,159.8822509939088,0.09787710498555788,1634.0,0.8961160323417977,2070.0,1689.0,0.7893719806763285,0.4088053763008497,45.61220687598064,0.9674363528715216
Data/images/Crenated_3.png,10,0.8633769576857725,48.71239936550561,49.8196748283246,42.05716316576459,156.36753236814738,0.09733428718838928,1607.0,0.9086543589960737,2058.0,1646.0,0.7808551992225462,0.5045594404401337,45.23379210711176,0.9763061968408262
Data/images/Crenated_3.png,11,0.9098108389199466,48.629059709891564,50.59644256269407,44.24324561054462,166.61017305526673,0.0988491089025611,1686.0,0.8735098265848363,2112.0,1748.0,0.7982954545454546,0.41502317692362944,46.33229837190774,0.9645308924485125
Data/images/Crenated_3.png,13,0.9361819726391127,48.162807931053806,49.678969393496885,45.089152536732655,158.81118318204327,0.09339087514380669,1701.0,0.920475362800278,2068.0,1752.0,0.8225338491295938,0.35151573806237846,46.5379465124377,0.9708904109589042
Data/images/Crenated_3.png,14,0.943063514193195,48.06786883883972,50.60632371551998,45.33105330693376,164.81118318204332,0.09652192280061102,1708.0,0.888788877249945,2070.0,1754.0,0.8251207729468599,0.33261269999442494,46.63360529068772,0.9737742303306728
Data/images/Crenated_3.png,15,0.9005993974580622,46.03952976696447,47.53945729601885,41.46317276738072,151.5391052434012,0.10126234897654607,1497.0,0.9049374760290647,1932.0,1546.0,0.7748447204968945,0.43465011825395244,43.65821341361255,0.9683053040103493
Data/images/Crenated_3.png,17,0.9002899201199601,45.97897637361583,46.75467891024384,41.39440896660013,150.46803743153566,0.10088369925010772,1492.0,0.9098552479581892,1886.0,1538.0,0.7910922587486744,0.43529077606859023,43.585242924008845,0.9700910273081924
Data/images/Crenated_3.png,18,0.959216215130194,47.08078196844208,48.83646178829912,45.1606494851389,159.29646455628193,0.09558743747751691,1667.0,0.9084508882309138,2112.0,1717.0,0.7892992424242424,0.28267340276599046,46.07049295453128,0.970879440885265
Data/images/Crenated_3.png,19,0.9129549834624138,47.40454860921972,49.57822102496216,43.27821889157338,157.53910524340122,0.0980025538061594,1608.0,0.9021776174545567,1978.0,1660.0,0.8129423660262892,0.40806028742226663,45.247863904654565,0.9686746987951808
Data/images/Crenated_3.png,20,0.8931035638297646,45.50556231238325,47.16990566028302,40.6411798752669,145.63961030678945,0.10040648762963768,1451.0,0.9270097253074552,1804.0,1488.0,0.8043237250554324,0.4498511134526332,42.982212360588434,0.9751344086021505
Data/images/Crenated_3.png,21,0.9225808184902623,46.56415656641354,48.02082881417188,42.959197677350524,161.19595949289368,0.10290198499386766,1567.0,0.8703941831217857,1978.0,1625.0,0.7922143579373104,0.38580387939189925,44.66728519397614,0.9643076923076923
Data/images/Crenated_3.png,22,0.9814292159335991,44.905491356167936,46.52956049652737,44.07156117279691,155.88225099390883,0.10047196325743399,1552.0,0.8957445066538994,1936.0,1600.0,0.8016528925619835,0.1918246441726409,44.45298385293132,0.97
Data/images/Crenated_3.png,23,0.8196048692841388,48.356828856186276,49.33558553417604,39.633492393670025,159.78174593052057,0.1068059799000806,1497.0,0.8581111921307486,1968.0,1568.0,0.760670731707317,0.572929191301795,43.65821341361255,0.954719387755102
Data/images/Crenated_3.png,24,0.9446167990011524,45.45185935212195,46.8187996428785,42.93458988985203,154.710678118655,0.10115114620376267,1530.0,0.8961059953689525,1978.0,1581.0,0.7735085945399394,0.3281754150524032,44.13679308065777,0.967741935483871
Data/images/Crenated_3.png,25,0.9303003503497415,44.10493921212813,46.22769732530488,41.03084040119685,145.1543289325508,0.10247393500356569,1417.0,0.9191433070427243,1680.0,1450.0,0.843452380952381,0.36679866158308955,42.47564519686223,0.9772413793103448
Data/images/Crenated_3.png,26,0.9223209058928674,44.72543503361679,46.486557196677836,41.25120375665803,154.3675323681474,0.10693975224672492,1444.0,0.8724837847846161,1936.0,1502.0,0.7458677685950413,0.3864248265225206,42.87840834962948,0.9613848202396804
Data/images/Crenated_3.png,27,0.9779492750904325,46.972733479326,49.040799340956916,45.936950655122956,157.39696961967016,0.09316186423182608,1690.0,0.925737088364342,2024.0,1730.0,0.8349802371541502,0.20884256115575553,46.38722701997205,0.976878612716763
Data/images/Crenated_3.png,28,0.883624350415112,47.174541985849444,48.76474136094644,41.684574018376644,154.95331880577427,0.10052112799596126,1542.0,0.8982057151861854,1927.0,1586.0,0.8002075765438506,0.46819654778038394,44.30954048488453,0.9722572509457755
Data/images/Crenated_3.png,29,0.8589423099404832,54.240724236317355,55.362442142665635,46.58965296838717,173.8822509939088,0.0878415008809845,1980.0,0.9070420711850576,2340.0,2026.0,0.8461538461538461,0.5120723661691787,50.20970323130403,0.9772951628825272
Data/images/Crenated_3.png,30,0.9116150274881909,45.562477004514946,47.01063709417264,41.53543872690096,149.05382386916258,0.10047443469441361,1484.0,0.9160213274036484,1849.0,1525.0,0.8025959978366685,0.41104506037380517,43.46823534935576,0.9731147540983607
Data/images/Crenated_3.png,31,0.949255523664498,45.9108473543996,47.53945729601885,43.581125447281416,159.6396103067895,0.10190846492613438,1567.0,0.8788797793712886,1936.0,1623.0,0.809400826446281,0.3145058835577481,44.66728519397614,0.9654959950708565
Data/images/Crenated_3.png,32,0.9637315592409516,48.3106883694995,51.42956348249516,46.55853503034146,159.6396103067895,0.0906785630825274,1761.0,0.9317132844646654,2070.0,1789.0,0.8507246376811595,0.26687353132711034,47.35160861342117,0.9843487982112912
Data/images/Crenated_3.png,33,0.9569766329548759,43.22736192585758,44.654227123532216,41.36757526732899,147.29646455628188,0.10517419818370716,1401.0,0.9006460852624251,1806.0,1446.0,0.7757475083056479,0.2901649944055153,42.23515836567874,0.9688796680497925
Data/images/Crenated_3.png,34,0.9628785047701733,46.77358418365145,48.46648326421054,45.037278801496136,159.88225099390883,0.09683964324282787,1652.0,0.9009033763579574,2024.0,1702.0,0.8162055335968379,0.26993514971480304,45.86274880447626,0.9706227967097533
Data/images/Crenated_3.png,35,0.9420244580202299,46.8596341720992,49.64876634922564,44.14292148399799,158.8111831820433,0.0980618605631635,1620.0,0.8982853705339092,1935.0,1671.0,0.8372093023255814,0.33554421540490625,45.416385396362884,0.9694793536804309
Data/images/Crenated_3.png,36,0.8391420517773668,50.17949717019696,52.773099207835045,42.10772621255565,162.56854249492403,0.0983773328259752,1653.0,0.8864191992159597,2021.0,1707.0,0.8179119247897081,0.5439123246800639,45.87662768172073,0.968365553602812
Data/images/Crenated_3.png,37,0.8152460245119927,50.198063857234345,50.92150822589606,40.923771997809446,159.78174593052054,0.09921250911550483,1611.0,0.890344610656878,2112.0,1663.0,0.7627840909090909,0.5791147723183995,45.29005306431366,0.9687312086590499
Data/images/Crenated_3.png,38,0.9040472046026683,44.87032801698065,46.61544808322666,40.564894613356145,146.71067811865495,0.1029187499955489,1426.0,0.9122771945915866,1763.0,1463.0,0.8088485536018151,0.4274326284341231,42.61032258493641,0.9747095010252905
Data/images/Crenated_3.png,43,0.8613815355106942,48.749145124933335,51.0,41.99161348254875,155.7401153701778,0.09718571941976774,1603.0,0.9111784902804241,1935.0,1636.0,0.8284237726098191,0.5079585123622194,45.177461086369895,0.9798288508557457
Data/images/Crenated_3.png,47,0.843691490060284,50.487262552112576,52.0,42.595673771656635,161.29646455628188,0.09581019575662719,1684.0,0.9017510239635813,2160.0,1733.0,0.7796296296296297,0.5368283427687652,46.304809613408565,0.9717253317945759
Data/images/Crenated_3.png,48,0.936057043830133,47.48367337600242,50.08991914547278,44.447426930536416,163.6396103067895,0.09908544372194339,1652.0,0.8803508429856889,2068.0,1705.0,0.7988394584139265,0.3518482779494482,45.86274880447626,0.9689149560117302
Data/images/Crenated_3.png,49,0.8054250429735439,54.98597196049587,57.30619512757761,44.28707882922446,176.4680374315357,0.09285347931151576,1901.0,0.8757352136718739,2295.0,1956.0,0.828322440087146,0.5926976464868626,49.197849287764036,0.971881390593047
Data/images/Crenated_3.png,51,0.8340054701437778,59.8443873971995,63.51377803280167,49.91054644666773,191.0538238691626,0.08197975707752096,2331.0,0.8957230521944571,2756.0,2382.0,0.8457910014513788,0.5517561742022072,54.47863231375825,0.9785894206549118
Data/images/Crenated_3.png,52,0.8775248401369565,35.00242647956895,36.05551275463989,30.71549870088932,113.49747468305844,0.13568138037424798,837.0,0.9033409667934268,1054.0,863.0,0.7941176470588235,0.47953118245074294,32.64508384034771,0.9698725376593279
Data/images/Crenated_3.png,53,0.8553362575877617,51.75905027764168,54.405882034941776,44.271392360774826,163.6396103067895,0.09139324786751718,1791.0,0.9166502433928069,2156.0,1830.0,0.8307050092764379,0.518073244296368,47.75324098551507,0.978688524590164
Data/images/Crenated_3.png,54,0.8806495950949035,46.583397043332525,48.76474136094644,41.02364974435591,156.36753236814747,0.10445392943764026,1498.0,0.8771406726950415,1927.0,1550.0,0.7773741567202906,0.47376818240483576,43.672792880846,0.9664516129032258
Data/images/Crenated_3.png,55,0.9215523201944809,36.953963957366945,39.698866482558415,34.05501122529473,128.76955262170057,0.1328205803215065,971.0,0.8571674125947142,1056.0,998.0,0.9195075757575758,0.3882541965570577,35.16127981086358,0.9729458917835672
Data/images/Crenated_3.png,56,0.8630399827860746,53.532914102356386,54.78138369920935,46.201045265386064,175.39696961967024,0.09057421617333862,1937.0,0.8893886789417601,2340.0,1995.0,0.8277777777777777,0.5051356135857095,49.661504187368415,0.9709273182957393
Data/images/Crenated_3.png,57,0.9053920941912416,45.679780958027195,46.95742752749558,41.358112543785445,150.1248916810281,0.10133303522175369,1482.0,0.9088726879419063,1845.0,1522.0,0.8032520325203252,0.4245764427944601,43.4389342099632,0.973718791064389
Data/images/Crenated_3.png,58,0.9484293771016711,56.79056167128199,59.405386961116584,53.86183703114801,194.22539674441646,0.08135095151598595,2388.0,0.8918064414155209,2754.0,2446.0,0.8671023965141612,0.3169885118589229,55.14069307532839,0.9762878168438267
Data/images/Crenated_3.png,60,0.7667287217273524,51.40162790708919,54.405882034941776,39.4111044599075,156.2253967444164,0.09847172817170904,1587.0,0.9038020747825727,1932.0,1623.0,0.8214285714285714,0.6419712355536965,44.951431095068635,0.977818853974122
Data/images/Crenated_3.png,61,0.9443430179119415,49.50577162627686,52.354560450833695,46.750429781617655,167.6396103067895,0.09254187706695528,1812.0,0.9000102563140462,2209.0,1861.0,0.8202806699864192,0.32896240593868337,48.03238548167387,0.9736700698549167
Data/images/Crenated_3.png,62,0.8856119667678358,54.515797019271616,44.94441010848846,48.279842218153256,266.65180361560954,0.6094898368356789,440.0,0.2780669895761814,1760.0,1383.0,0.25,0.4644259298506103,23.66908109081279,0.31814895155459144
Data/images/Crenated_3.png,65,0.8489609828897752,50.37297910422149,52.0,42.76469385140599,170.50966799187844,0.10219338806825198,1669.0,0.84921768295065,2205.0,1745.0,0.7569160997732426,0.5284555322170682,46.09812143854657,0.9564469914040115
Data/images/Crenated_3.png,66,0.906055927375373,55.998296931936814,59.07622195096772,50.73758885810752,188.95331880577442,0.08509494204268156,2221.0,0.8840478991477752,2700.0,2292.0,0.8225925925925925,0.42315795687656893,53.177674158022334,0.9690226876090751
Data/images/Crenated_3.png,68,0.8021671802156652,54.30043430777169,55.569775957799216,43.558026273151185,177.19595949289373,0.09635451848444467,1839.0,0.8579104975326769,2448.0,1929.0,0.7512254901960784,0.597099501745604,48.3889194213713,0.9533437013996889
Data/images/Crenated_3.png,125,0.8537714829869181,36.4635994489843,39.11521443121589,31.13158137660029,114.28427124746193,0.13143676969230814,870.0,0.9146464685234607,957.0,880.0,0.9090909090909091,0.5206479183078688,33.282403818227905,0.9886363636363636
Data/images/Crenated_4.png,2,0.9623333355208736,48.23794633261532,51.0,46.4209837929426,165.29646455628185,0.09426658942474014,1754.0,0.8980370454199477,2160.0,1809.0,0.812037037037037,0.27187230705842264,47.25740324505225,0.9695964621337756
Data/images/Crenated_4.png,3,0.9579774704083448,49.76978982965793,52.20153254455275,47.678337363770666,174.02438661763983,0.09363701190080163,1859.0,0.8781649577430388,2401.0,1925.0,0.7742607246980425,0.28684345240919723,48.651334140624215,0.9657142857142857
Data/images/Crenated_4.png,4,0.818057118757522,51.790213371484626,53.16013544000805,42.367352730514,165.53910524340125,0.09621569616007047,1721.0,0.8882427410905007,2193.0,1774.0,0.7847697218422253,0.5751369840743512,46.810738687711556,0.9701240135287486
Data/images/Crenated_4.png,5,0.8432505117502612,54.61250572820678,56.859475903318,46.05202340327444,171.29646455628193,0.08697459484959733,1970.0,0.9184056039935494,2400.0,2011.0,0.8208333333333333,0.5375207665131856,50.08275055473961,0.9796121332670313
Data/images/Crenated_4.png,6,0.9297640470596088,50.527311991515916,51.73973328110612,46.97847808427534,164.4680374315357,0.08839991262108879,1861.0,0.929690213006534,2300.0,1907.0,0.8091304347826087,0.36815596802896033,48.67749780701693,0.9758783429470372
Data/images/Crenated_4.png,7,0.918389567926078,50.042164405649146,52.773099207835045,45.95820174658988,167.2964645562819,0.09276210954049455,1804.0,0.8998626829903119,2209.0,1846.0,0.8166591217745586,0.3956773957715453,47.92623643373464,0.9772481040086674
Data/images/Crenated_4.png,8,0.7372296550940054,54.64445991529943,55.226805085936306,40.28551633615441,171.19595949289365,0.09933040875711845,1724.0,0.8596408907181811,2400.0,1795.0,0.7183333333333334,0.6756422393915096,46.85152052093316,0.9604456824512535
Data/images/Crenated_4.png,9,0.8976519312082394,48.590833744406154,50.695167422546305,43.61765574968467,158.12489168102812,0.09516996189047736,1662.0,0.9138078064207296,2068.0,1714.0,0.8036750483558994,0.4407051286269731,46.00134914706133,0.969661610268378
Data/images/Crenated_4.png,10,0.9142244928309701,48.8793966185553,50.44799302251776,44.68674158348255,161.53910524340122,0.094384519569618,1712.0,0.9078533714462139,2156.0,1757.0,0.7940630797773655,0.4052080659463168,46.68817945247596,0.9743881616391576
Data/images/Crenated_4.png,11,0.9339462849295624,49.329511211948564,51.97114584074513,46.07111373379056,169.05382386916256,0.09505416017383332,1779.0,0.8843147484153898,2160.0,1831.0,0.8236111111111111,0.3574133977151218,47.59299475851309,0.971600218459858
Data/images/Crenated_4.png,12,0.9647352686990796,48.57579603944975,51.42956348249516,46.86278364439024,168.12489168102812,0.09431971482806627,1783.0,0.8902001922385065,2254.0,1839.0,0.7910381543921916,0.26322207606527925,47.64647005039088,0.9695486677542142
Data/images/Crenated_4.png,13,0.8426281156371882,50.28670453855035,50.92150822589606,42.372991086922724,159.78174593052054,0.09570634676880535,1670.0,0.906506622803536,2205.0,1723.0,0.7573696145124716,0.5384959226751128,46.111929472835136,0.9692396982008126
Data/images/Crenated_4.png,14,0.9551193809527594,49.26690151787035,51.66236541235796,47.05577247920889,172.61017305526678,0.09518068544541869,1814.0,0.874575534169625,2350.0,1890.0,0.7719148936170213,0.29622114733492233,48.05888611016266,0.9597883597883597
Data/images/Crenated_4.png,15,0.8346538347210362,47.964335695698324,49.040799340956916,40.03361671826168,155.05382386916264,0.10312858255348363,1504.0,0.8864906658746611,1840.0,1554.0,0.8173913043478261,0.5507748870323222,43.760167678857044,0.9678249678249679
Data/images/Crenated_4.png,16,0.8616563458061737,48.98074699096223,51.62363799656123,42.204571467089245,157.7401153701778,0.09758126530787367,1617.0,0.9035467588284946,1978.0,1661.0,0.8174924165824065,0.5074922085430986,45.37431370100002,0.9735099337748344
Data/images/Crenated_4.png,17,0.9019447510970483,46.29705068218392,47.53945729601885,41.75738185406981,158.71067811865504,0.10510640935010268,1511.0,0.8679351129244718,1932.0,1566.0,0.7820910973084886,0.43185143969712725,43.861884958296436,0.9648786717752235
Data/images/Crenated_4.png,18,0.9120603375112266,49.35463942219917,51.42956348249516,45.01440908915587,161.0538238691626,0.09253307892511498,1741.0,0.9182710764034588,2116.0,1780.0,0.8227788279773157,0.410056021464029,47.081950335387745,0.9780898876404495
Data/images/Crenated_4.png,19,0.6425650223892114,61.021135952534436,62.625873247404705,39.2100475895554,178.46803743153578,0.09531003334127411,1873.0,0.8595188337092299,2484.0,1947.0,0.7540257648953301,0.7662311609442366,48.83418543693506,0.9619928094504365
Data/images/Crenated_4.png,20,0.9110718101096776,45.69777414428071,46.8187996428785,41.63395380761305,148.8111831820433,0.0998397740235111,1491.0,0.9196770572190838,1848.0,1532.0,0.8068181818181818,0.41224768868179085,43.57063416109671,0.9732375979112271
Data/images/Crenated_4.png,21,0.8867684251654439,49.90062403786408,51.62363799656123,44.25029779282962,161.0538238691626,0.0930677976707094,1731.0,0.9156293244496654,2112.0,1776.0,0.8196022727272727,0.4622139765623725,46.946540361740894,0.9746621621621622
Data/images/Crenated_4.png,22,0.9284943749040587,50.92214348481231,52.20153254455275,47.28092378370559,173.05382386916264,0.09183010022242645,1885.0,0.8892457594000839,2300.0,1946.0,0.8195652173913044,0.37134646325435683,48.99037192985762,0.9686536485097637
Data/images/Crenated_4.png,23,0.9725983115659109,46.967264890325986,49.193495504995376,45.68028253119994,158.46803743153566,0.09429814783191649,1681.0,0.917027819812613,2070.0,1720.0,0.8120772946859903,0.23249198768804052,46.26354585091602,0.9773255813953489
Data/images/Crenated_4.png,24,0.9667072274972417,44.593053201988845,47.01063709417264,43.108426826531634,154.2253967444164,0.10244131301522179,1506.0,0.8918450697125868,1806.0,1549.0,0.8338870431893688,0.25588500601754094,43.78925386862803,0.9722401549386701
Data/images/Crenated_4.png,25,0.9395486906798663,46.63747453920983,48.75448697299562,43.8181781399302,156.46803743153572,0.09776197277821663,1601.0,0.9063733676405972,2021.0,1647.0,0.7921820880752103,0.34241532944912295,45.14926922023208,0.9720704310868246
Data/images/Crenated_4.png,26,0.9662780049524307,48.69456833724606,51.10772935672255,47.05249034493392,165.15432893255087,0.0921363062385221,1793.0,0.9087502692054369,2116.0,1842.0,0.8473534971644613,0.2575011012503635,47.77989643888051,0.9733984799131379
Data/images/Crenated_4.png,28,0.9261538577700226,43.90634323793751,46.32493928760188,40.66402917039057,147.6396103067895,0.10549454112668061,1400.0,0.8982319384177788,1764.0,1447.0,0.7936507936507936,0.37714590245381713,42.22008245644752,0.967519004837595
Data/images/Crenated_4.png,29,0.8102461629597133,54.256363463858534,55.94640292279746,43.961010312738956,173.29646455628196,0.09314510322831603,1861.0,0.8823280102337683,2352.0,1914.0,0.7912414965986394,0.5860897161775328,48.67749780701693,0.9723092998955067
Data/images/Crenated_4.png,30,0.9456368155098781,54.79087628749924,56.08029957123981,51.81226977150647,195.58073580374403,0.08792121186951855,2226.0,0.854860127981838,2862.0,2316.0,0.7777777777777778,0.32522455804003647,53.23749831256604,0.961139896373057
Data/images/Crenated_4.png,31,0.8652998880999773,49.882383942259004,51.264022471905186,43.16322124339682,160.95331880577433,0.0953797444774959,1688.0,0.9047464477411766,2150.0,1732.0,0.7851162790697674,0.5012545298091265,46.35977083110911,0.9745958429561201
Data/images/Crenated_4.png,32,0.8875135802817375,50.70867636993285,53.71219600798314,45.00463891642705,163.7401153701778,0.09175685927160425,1785.0,0.9145513941119713,2115.0,1830.0,0.8439716312056738,0.4607815586755738,47.6731852025042,0.9754098360655737
Data/images/Crenated_4.png,33,0.9141208248536161,48.410020458281515,49.76946855251722,44.25260783250473,155.05382386916258,0.09243148963884505,1678.0,0.9363834201196302,2070.0,1712.0,0.8106280193236715,0.40544187939696813,46.2222452512381,0.9801401869158879
Data/images/Crenated_4.png,35,0.8684752236585868,49.4609332414106,50.80354318352215,42.955595059196504,170.61017305526678,0.10253015207648244,1665.0,0.8475721334419832,2156.0,1743.0,0.7722634508348795,0.4957325749748214,46.04284789176323,0.955249569707401
Data/images/Crenated_4.png,36,0.8548700339231863,52.131410398696,54.56189146281496,44.56558057599679,170.8111831820433,0.09418868661816558,1814.0,0.8837865969351313,2156.0,1861.0,0.8413729128014842,0.5188421967228289,48.05888611016266,0.9747447608812466
Data/images/Crenated_4.png,37,0.9382707444434416,49.55307485575255,51.73973328110612,46.49420043436854,166.61017305526676,0.09227924289962158,1806.0,0.9040702180415323,2208.0,1857.0,0.8179347826086957,0.3459017347767293,47.95279572445911,0.9725363489499192
Data/images/Crenated_4.png,38,0.9217989260201396,47.145589783518055,49.24428900898052,43.45875402903301,160.46803743153572,0.10001124177721142,1605.0,0.8848838148481613,1935.0,1650.0,0.8294573643410853,0.3876683376136328,45.20563537104568,0.9727272727272728
Data/images/Crenated_4.png,40,0.9615371467986839,51.842941439655455,54.120236510939236,49.84891399353756,175.3969696196702,0.08685168092085674,2020.0,0.9082486794483148,2350.0,2062.0,0.8595744680851064,0.274674926642832,50.71433604381535,0.979631425800194
Data/images/Crenated_4.png,41,0.7220534422294675,57.49077693706368,62.369864518050704,41.51141338385331,178.36753236814747,0.0957164112520244,1864.0,0.85793389562644,2352.0,1919.0,0.7925170068027211,0.6918372833004719,48.71671696026266,0.9713392391870767
Data/images/Crenated_4.png,43,0.8571242027599131,54.23273288127535,58.137767414994535,46.48418793435446,178.36753236814747,0.09116664061750446,1957.0,0.8790813248651062,2450.0,2015.0,0.7987755102040817,0.5151097951341864,49.91722938071296,0.9712158808933002
Data/images/Crenated_4.png,45,0.9285763538616766,50.12546548183897,52.0,46.54532197274536,170.46803743153575,0.09338155980911299,1826.0,0.8884907063515184,2160.0,1865.0,0.8453703703703703,0.3711414218986467,48.21758401959193,0.9790884718498659
Data/images/Crenated_4.png,46,0.9008812511976574,46.89021447952709,48.38388161361178,42.24251508924288,157.78174593052051,0.10195912499548983,1548.0,0.8838193455710199,2024.0,1605.0,0.7648221343873518,0.4340656301074086,44.39566212199151,0.9644859813084112
Data/images/Crenated_4.png,47,0.8540106425935383,48.30289914050231,50.774009099144415,41.25118993411125,166.6101730552668,0.10683563517490659,1560.0,0.8402259803352945,1980.0,1620.0,0.7878787878787878,0.520255535613963,44.56740613707347,0.9629629629629629
Data/images/Crenated_4.png,49,0.9473118288507383,45.53642777043245,47.12748667179272,43.137196670537904,154.2253967444164,0.10024400178382606,1539.0,0.9015665418174293,1935.0,1586.0,0.7953488372093023,0.3203128141668238,44.266416834293416,0.9703656998738966
Data/images/Crenated_4.png,51,0.8721758022730932,55.005171381661924,57.706152185014034,47.97417947896998,182.36753236814752,0.0888514165009245,2053.0,0.8806411869598765,2550.0,2117.0,0.8050980392156862,0.4891925693725178,51.1269086229677,0.9697685403873406
Data/images/Crenated_4.png,53,0.940236931120201,37.89879422278614,41.400483088968905,35.633845973188436,123.2132034355965,0.1187597141547918,1038.0,0.9267054896258509,1088.0,1045.0,0.9540441176470589,0.34052094408078004,36.3541283410165,0.9933014354066986
Data/images/Crenated_4.png,54,0.8517279254618894,58.671391856334694,62.26556030423239,49.972062869757536,191.68124086713232,0.08379507797470265,2288.0,0.8845163624253893,2754.0,2351.0,0.830791575889615,0.5239842946008844,53.973809188846886,0.9732028923862186
Data/images/Crenated_5.png,2,0.8585263920942586,54.09730862568359,56.04462507680822,46.443967196417745,177.1959594928936,0.08997002259095892,1970.0,0.8878285568305017,2484.0,2030.0,0.7930756843800322,0.5127693770864425,50.08275055473961,0.9704433497536946
Data/images/Crenated_5.png,3,0.9755693947026342,44.5075231567739,45.880278987817846,43.420177425767385,150.4680374315357,0.09941726952859974,1514.0,0.9165409809802009,1892.0,1556.0,0.8002114164904862,0.2196915021559481,43.9054059396908,0.9730077120822622
Data/images/Crenated_5.png,6,0.9135260159991964,47.4896149304957,49.9799959983992,43.38299872879169,163.53910524340125,0.10135674325590409,1614.0,0.8706985066099583,2115.0,1675.0,0.7631205673758865,0.40678030691348993,45.332202959955,0.9635820895522388
Data/images/Crenated_5.png,7,0.8581493008780104,48.535923890866925,49.64876634922564,41.65106915441578,159.78174593052051,0.1009041654123906,1584.0,0.8828497604145162,2064.0,1637.0,0.7674418604651163,0.5134002117282209,44.90892382211466,0.967623701893708
Data/images/Crenated_5.png,8,0.8449033158389578,47.3151862236779,49.658836071740545,39.97675772992323,152.2253967444164,0.10268154923738038,1483.0,0.8966339283333786,1890.0,1534.0,0.7846560846560846,0.5349190470382735,43.45358724941183,0.9667535853976532
Data/images/Crenated_5.png,9,0.9497334319349683,46.97422593026893,48.60041152089147,44.61299280524289,160.3675323681474,0.09757683746160475,1644.0,0.8961347934092727,2112.0,1700.0,0.7784090909090909,0.31305975190852614,45.751566219579935,0.9670588235294117
Data/images/Crenated_5.png,10,0.9065797299359791,53.43100615569228,56.08029957123981,48.43946713083515,177.8822509939088,0.0877780661208531,2027.0,0.8971098383782445,2448.0,2079.0,0.8280228758169934,0.42203458776409186,50.802131423574885,0.974987974987975
Data/images/Crenated_5.png,11,0.9145809141313024,45.43769088406197,46.09772228646444,41.55644486476094,147.39696961967022,0.09962620454185213,1480.0,0.9250684342350517,1800.0,1515.0,0.8222222222222222,0.4044029568471908,43.40961329254202,0.976897689768977
Data/images/Crenated_5.png,12,0.9482015135395551,50.59877714167417,52.43090691567332,47.97783706898609,172.36753236814747,0.09055294581988309,1904.0,0.8972757040571561,2350.0,1960.0,0.8102127659574468,0.31766946614570485,49.2366539599895,0.9714285714285714
Data/images/Crenated_5.png,13,0.8811682900416506,51.7878160603982,54.589376255824725,45.63378132293261,172.46803743153578,0.09320077678007878,1851.0,0.8841803426281045,2256.0,1909.0,0.8204787234042553,0.47280275446011616,48.54653846882171,0.9696176008381352
Data/images/Crenated_5.png,15,0.9631740998867154,45.8476174031202,48.30113870293329,44.15923762420081,155.05382386916258,0.09773326433606214,1587.0,0.9106311227156755,1980.0,1625.0,0.8015151515151515,0.26887851031165594,44.951431095068635,0.9766153846153847
Data/images/Crenated_5.png,16,0.8942580470736134,50.23952083161597,51.894122981316485,44.92709578479502,165.19595949289365,0.0934102117573614,1769.0,0.9024186108684943,2250.0,1820.0,0.7862222222222223,0.4475517235405174,47.459042917409356,0.971978021978022
Data/images/Crenated_5.png,17,0.9355010995111074,47.09933730050029,49.193495504995376,44.06148183086253,156.56854249492397,0.09620186942852471,1628.0,0.9133998204665563,1980.0,1672.0,0.8222222222222222,0.35332377900943535,45.528386516862696,0.9736842105263158
Data/images/Crenated_5.png,18,0.9409304748449808,48.238232746695665,50.695167422546305,45.38882324403106,160.71067811865504,0.09362696074491991,1717.0,0.9138651212772235,2209.0,1762.0,0.7772747849705749,0.3385998250265338,46.75630757780467,0.9744608399545971
Data/images/Crenated_5.png,19,0.9893922370810485,46.76755544649826,49.57822102496216,46.271456306022884,161.0538238691626,0.09515735531412857,1693.0,0.9055203818343843,2070.0,1744.0,0.8178743961352657,0.14526872066537078,46.42838085951986,0.970756880733945
Data/images/Crenated_5.png,20,0.8453889581657293,50.73610544642283,52.0,42.89174332473798,166.1248916810282,0.09751974856532328,1704.0,0.8807269588206952,2150.0,1760.0,0.7925581395348837,0.5341512046335403,46.57896718722644,0.9681818181818181
Data/images/Crenated_5.png,21,0.9735287879277927,47.47136560917663,49.24428900898052,46.21474102277883,161.98275605729708,0.09425822290212224,1719.0,0.9072164496466705,2115.0,1756.0,0.8127659574468085,0.2285644309070053,46.783531048861036,0.9789293849658315
Data/images/Crenated_5.png,22,0.9365650136318083,48.86619972239294,51.478150704935004,45.76637300913761,163.5391052434012,0.0933708850947195,1752.0,0.9071693854850315,2160.0,1796.0,0.8111111111111111,0.3504939018597188,47.23045291309417,0.9755011135857461
Data/images/Crenated_5.png,23,0.8690226868655537,50.37047470942663,52.15361924162119,43.77308527067935,164.56854249492397,0.09537440886405331,1726.0,0.8947786046896751,2112.0,1780.0,0.8172348484848485,0.4947722402408758,46.87868869980144,0.9696629213483146
Data/images/Crenated_5.png,24,0.9705373235647492,45.64167054685952,47.70744176750625,44.29694477557309,155.3969696196702,0.0981971372004235,1583.0,0.9074741149394114,1936.0,1626.0,0.8176652892561983,0.24095083226204758,44.89474578740548,0.9735547355473555
Data/images/Crenated_5.png,25,0.9085183607224379,47.062632707588165,48.75448697299562,42.757265918780185,155.05382386916258,0.09829085506761495,1578.0,0.9080445054964387,1932.0,1622.0,0.8167701863354038,0.41784493323506006,44.82378834494121,0.9728729963008631
Data/images/Crenated_5.png,27,0.8440364158020391,47.83067877979481,49.24428900898052,40.37083468267666,162.2670273047592,0.10731946250314763,1513.0,0.8494748932108807,1968.0,1571.0,0.7688008130081301,0.5362858648146966,43.89090374080148,0.9630808402291534
Data/images/Crenated_5.png,28,0.8360267081243653,51.438926558399416,52.354560450833695,43.00431644006965,167.63961030678954,0.0968735107233687,1731.0,0.8796584749838463,2162.0,1782.0,0.8006475485661425,0.5486887490214624,46.946540361740894,0.9713804713804713
Data/images/Crenated_5.png,29,0.9211752716034504,46.7869860808244,48.38388161361178,43.09901461051027,155.39696961967022,0.0985083801075564,1578.0,0.9060393723584147,1932.0,1619.0,0.8167701863354038,0.3891479397174165,44.82378834494121,0.9746757257566399
Data/images/Crenated_5.png,31,0.8688964689174121,53.22306094098502,57.42821606144492,46.24532971659812,177.05382386916267,0.09214354611978282,1922.0,0.8776468848418384,2303.0,1967.0,0.8345636126791142,0.4949938649143571,49.46884276977765,0.9771225216065074
Data/images/Crenated_5.png,32,0.9776652073386009,47.13235400367356,49.24428900898052,46.07966264935785,161.49747468305844,0.095026463479293,1700.0,0.9048983175886185,1980.0,1737.0,0.8585858585858586,0.21016836669577765,46.52426491681278,0.9786989061600461
Data/images/Crenated_5.png,33,0.9338905620260938,46.962019710074635,48.104053883222775,43.8573869809221,157.05382386916256,0.09739772022893801,1613.0,0.9063715787321206,1935.0,1654.0,0.8335917312661498,0.3575589715817351,45.31815735064498,0.975211608222491
Data/images/Crenated_5.png,34,0.9498636260930927,43.49915864941311,45.221676218380054,41.318268566730254,149.6396103067895,0.106278132320163,1409.0,0.888913886776649,1806.0,1467.0,0.7801771871539314,0.31266450362214104,42.35557246138747,0.9604635310156783
Data/images/Crenated_5.png,35,0.8501429476443592,49.19248372298198,50.0,41.820643114203065,159.63961030678954,0.09906274297659916,1612.0,0.8914139536208407,2016.0,1662.0,0.7996031746031746,0.5265519618903334,45.30410738678208,0.9699157641395909
Data/images/Crenated_5.png,36,0.6944600642720107,61.02408090935489,63.52952069707436,42.37878715045098,178.81118318204338,0.08863007840497814,2018.0,0.8904653542262321,2464.0,2068.0,0.8189935064935064,0.7195312495863636,50.689223719401724,0.9758220502901354
Data/images/Crenated_5.png,37,0.8158613825554328,47.77006818260553,48.75448697299562,38.973753872227846,150.22539674441643,0.10307059810937662,1458.0,0.9008777360666823,1890.0,1505.0,0.7714285714285715,0.5782475287061221,43.08576628335473,0.9687707641196013
Data/images/Crenated_5.png,38,0.7890836506478616,49.91692486583825,51.92301994298868,39.38862930225066,159.29646455628193,0.10387770756849164,1534.0,0.8714464098310846,2100.0,1603.0,0.7304761904761905,0.6142857578360785,44.1944505749731,0.9569557080474111
Data/images/Crenated_5.png,41,0.7596764178299215,47.99879824812771,50.24937810560445,36.46355511327877,146.46803743153572,0.10702816034456392,1369.0,0.8953327497259305,1760.0,1409.0,0.7778409090909091,0.6503012687924714,41.750029182533964,0.971611071682044
Data/images/Crenated_5.png,42,0.9537420242121455,53.82438635623192,58.249463516842795,51.334579195369216,187.88225099390888,0.08704297011531567,2159.0,0.8765873594082519,2548.0,2221.0,0.847331240188383,0.30062626507296497,52.43018383606161,0.9720846465556056
Data/images/Crenated_5.png,44,0.6454550640272168,55.64663864792624,55.54277630799526,35.91740471139662,161.53910524340122,0.10338502735577679,1563.0,0.8674356602310834,1998.0,1615.0,0.7822822822822822,0.7637982458225607,44.610238829455504,0.9678018575851394
Data/images/Crenated_5.png,45,0.7431819248227366,55.1026291617235,56.08029957123981,40.95127800320313,169.78174593052057,0.09643950351066206,1761.0,0.8760561674896781,2236.0,1827.0,0.787567084078712,0.6690894010644419,47.35160861342117,0.9638752052545156
Data/images/Crenated_5.png,48,0.8788291219217206,45.40885099618289,47.01063709417264,39.90662064844966,152.46803743153578,0.10748539825980669,1419.0,0.8756706466738834,1932.0,1475.0,0.734472049689441,0.4771366412908323,42.505610382385946,0.9620338983050848
Data/images/Crenated_5.png,49,0.9791403606285025,44.503648784062676,47.53945729601885,43.57531871971134,160.95331880577433,0.10627488861391504,1516.0,0.8571160640551402,2024.0,1593.0,0.7490118577075099,0.20318502451776835,43.934395976484154,0.9516635279347144
Data/images/Crenated_5.png,50,0.9193186060417831,46.80221147227272,48.82622246293481,43.0261438103625,160.9533188057744,0.10216015157459497,1576.0,0.8742068388931634,2024.0,1630.0,0.7786561264822134,0.3935140411540503,44.79537389622523,0.9668711656441717
Data/images/Crenated_5.png,51,0.9030903849789749,45.961883896270706,48.46648326421054,41.50773542224206,155.5391052434013,0.10428367766905887,1492.0,0.880191083090084,1932.0,1548.0,0.772256728778468,0.42945052865089267,43.585242924008845,0.9638242894056848
Data/images/Crenated_5.png,52,0.8522901688746469,47.11942181979665,48.25971404805462,40.15941998007021,163.19595949289362,0.11037941122278906,1479.0,0.8352302103737863,1892.0,1544.0,0.7817124735729387,0.523069276520449,43.394945404543435,0.957901554404145
Data/images/Crenated_5.png,53,0.8412757145533937,50.918212419663675,53.14132102234569,42.836255537134036,170.6101730552668,0.10092290627344976,1691.0,0.8542944718975878,2350.0,1771.0,0.7195744680851064,0.5406063004652062,46.40094902205299,0.9548277809147374
Data/images/Crenated_5.png,54,0.9005687470442315,45.79488175400161,47.43416490252569,41.241439282239966,154.85281374238605,0.10509183151841604,1474.0,0.8787410222221133,1890.0,1525.0,0.7798941798941799,0.43471362049881307,43.32153147038583,0.9665573770491803
Data/images/Crenated_5.png,55,0.9582787932412345,45.9650167298759,49.24428900898052,44.04730076321864,166.50966799187842,0.10582120622299232,1574.0,0.844498438283756,2160.0,1649.0,0.7287037037037037,0.2858351875191776,44.76694141230944,0.9545178896300789
Data/images/Crenated_5.png,56,0.7964742566998787,54.18217300047493,55.94640292279746,43.154705966937506,171.29646455628196,0.09368141348443093,1829.0,0.88492000849832,2288.0,1885.0,0.7993881118881119,0.6046724389406014,48.257176951419495,0.9702917771883289
Data/images/Crenated_5.png,57,0.8324907438709085,51.63410496319151,53.33854141237835,42.98491444991587,182.02438661763992,0.10555197832278337,1725.0,0.8087363341288034,2250.0,1832.0,0.7666666666666667,0.5540389529349558,46.865106579076034,0.9415938864628821
Data/images/Crenated_6.png,1,0.9119742096707637,50.09602267053958,52.0,45.686280682614,164.46803743153566,0.0917534378976489,1793.0,0.9125422983196688,2160.0,1842.0,0.8300925925925926,0.41024753612348236,47.77989643888051,0.9733984799131379
Data/images/Crenated_6.png,2,0.9437916938711063,44.67788471376194,47.50789408087881,42.16661649257939,151.05382386916258,0.1024440989278824,1475.0,0.9011469076091205,1806.0,1520.0,0.8167220376522702,0.33054082740246793,43.33622420659609,0.9703947368421053
Data/images/Crenated_6.png,3,0.9527324307259126,46.27342109301835,48.30113870293329,44.08618895595509,158.710678118655,0.09928725562630905,1599.0,0.8930074973377549,1978.0,1648.0,0.8083923154701719,0.30381065722435074,45.12105973967727,0.9702669902912622
Data/images/Crenated_6.png,4,0.9158703689056099,47.062524678929314,50.21951811795888,43.10317183932037,155.3969696196702,0.0978878548785324,1588.0,0.9089065927291462,1892.0,1630.0,0.8393234672304439,0.40147411792132026,44.96559125642004,0.9742331288343559
Data/images/Crenated_6.png,5,0.8007814362360163,51.6217532974939,54.405882034941776,41.33774174658848,156.22539674441634,0.09352014172069222,1671.0,0.9274201674831539,2024.0,1703.0,0.825592885375494,0.5989566690335646,46.12573337360022,0.9812096300645919
Data/images/Crenated_6.png,7,0.9808890633966232,49.75823533683519,52.630789467763066,48.80730885581703,168.81118318204327,0.08882461624943082,1901.0,0.9154563788567815,2256.0,1948.0,0.8426418439716312,0.19456784243264863,49.197849287764036,0.9758726899383984
Data/images/Crenated_6.png,8,0.9295801722316422,46.77993857275903,48.33218389437829,43.48570335545098,153.63961030678945,0.09629558778238136,1596.0,0.9216162832624624,1980.0,1637.0,0.806060606060606,0.3686199986351678,45.078712419470456,0.9749541844838119
Data/images/Crenated_6.png,10,0.9725542396697267,44.96537937838296,47.01063709417264,43.731270352804046,151.3969696196702,0.09815038549087209,1543.0,0.9196029081353357,1892.0,1581.0,0.8155391120507399,0.23267627919588002,44.32390571154979,0.9759645793801391
Data/images/Crenated_6.png,12,0.8917833318434649,48.65858754355977,50.59644256269407,43.39291732239265,164.61017305526673,0.0994323002448002,1656.0,0.8762193769720074,2112.0,1708.0,0.7840909090909091,0.4524626935407696,45.91823914395487,0.9695550351288056
Data/images/Crenated_6.png,13,0.9052188586106336,47.334348725535754,48.46648326421054,42.84794512640717,153.88225099390877,0.0967508651329197,1591.0,0.9187201425021063,1978.0,1632.0,0.8043478260869565,0.42494566478040774,45.00804501057165,0.9748774509803921
Data/images/Crenated_6.png,14,0.93725869731461,47.41326438365315,48.76474136094644,44.438494411655945,160.2253967444164,0.09701810278196572,1652.0,0.8991100774693637,2070.0,1699.0,0.7980676328502415,0.348634671695345,45.86274880447626,0.972336668628605
Data/images/Crenated_6.png,15,0.9266873809418626,46.05511452565024,47.41307836451879,42.678693458752356,155.8822509939088,0.10125511594277935,1540.0,0.8922737367142575,1932.0,1583.0,0.7971014492753623,0.37583307199222304,44.28079605079555,0.9728363866077069
Data/images/Crenated_6.png,16,0.9511778218528366,47.51787946401844,49.39635614091387,45.197953087650696,160.4680374315357,0.09531810955244176,1684.0,0.9064063747734757,2024.0,1726.0,0.8320158102766798,0.3086434046197866,46.304809613408565,0.9756662804171495
Data/images/Crenated_6.png,17,0.8550772497056257,49.43813808937425,51.22499389946279,42.27342714802907,156.46803743153572,0.09561138859244468,1637.0,0.9165101976775358,1980.0,1673.0,0.8267676767676768,0.5185006239493479,45.654059345598846,0.9784817692767483
Data/images/Crenated_6.png,18,0.9829645432570029,47.77789746897388,49.33558553417604,46.96397916336983,160.1248916810281,0.09100590604207337,1760.0,0.928625742551179,2162.0,1800.0,0.8140610545790934,0.18379528475876095,47.33816218162558,0.9777777777777777
Data/images/Crenated_6.png,19,0.948851541828972,45.67114313820084,47.16990566028302,43.335134583773545,151.98275605729708,0.09802177107855342,1551.0,0.918430931087171,1892.0,1587.0,0.8197674418604651,0.31572258640899026,44.43866035204299,0.9773156899810964
Data/images/Crenated_6.png,20,0.9695682498858893,46.463043334798215,48.02082881417188,45.04909161049254,156.8111831820433,0.09558743260106266,1641.0,0.9156215753627179,1980.0,1679.0,0.8287878787878787,0.24482117721556182,45.7098030285671,0.97736748064324
Data/images/Crenated_6.png,21,0.95976641524813,48.86179553060358,50.44799302251776,46.8959103389945,168.9533188057743,0.09404582176775636,1797.0,0.8893072146132414,2254.0,1839.0,0.7972493345164152,0.280799622794893,47.833162783670154,0.9771615008156607
Data/images/Crenated_6.png,22,0.9737402088336883,47.97209880403546,49.658836071740545,46.71236150763182,160.8111831820433,0.0916042057431178,1756.0,0.9236110105894859,2115.0,1795.0,0.8302600472813239,0.22766204273116297,47.28433821631583,0.9782729805013928
Data/images/Crenated_6.png,23,0.9332278241588715,51.35507301506246,52.49761899362675,47.925983049366714,174.71067811865507,0.0906410781419741,1928.0,0.8908050614755934,2300.0,1978.0,0.8382608695652174,0.35928516281040285,49.54599723740954,0.974721941354904
Data/images/Crenated_6.png,24,0.8862468522206776,46.28835283042665,48.46648326421054,41.02290699044571,149.15432893255087,0.10033927274305474,1487.0,0.9163292003396992,1845.0,1516.0,0.8059620596205962,0.46321325210850445,43.51215006203655,0.9808707124010554
Data/images/Crenated_6.png,25,0.9381024577146352,48.853529517093946,50.47771785649585,45.8296161080203,166.46803743153572,0.09493472337127785,1754.0,0.8917168180680762,2115.0,1800.0,0.8293144208037825,0.3463578768120647,47.25740324505225,0.9744444444444444
Data/images/Crenated_6.png,26,0.9280366463407798,47.649571826903475,49.040799340956916,44.2205488378136,158.2253967444164,0.09580708249737596,1652.0,0.9104750049205707,2021.0,1696.0,0.8174171202375062,0.3724889032556033,45.86274880447626,0.9740566037735849
Data/images/Crenated_6.png,27,0.8942238666595506,48.68701807444179,51.42956348249516,43.53709355865076,163.88225099390877,0.09881353692728898,1659.0,0.8809083961949336,2024.0,1712.0,0.8196640316205533,0.44762001328855017,45.95981293168669,0.9690420560747663
Data/images/Crenated_6.png,28,0.8766063622148039,49.06172642828435,50.566787519082126,43.00782152827625,156.56854249492395,0.09474647049617183,1653.0,0.9203884443181057,1974.0,1689.0,0.837386018237082,0.4812081521800379,45.87662768172073,0.9786856127886323
Data/images/Crenated_6.png,29,0.8925900988552111,46.70476217040559,48.46648326421054,41.68820828269144,153.9827560572971,0.10093920423290535,1526.0,0.8991640802990852,1845.0,1571.0,0.82710027100271,0.45086906683164896,44.07906016767892,0.9713558243157224
Data/images/Crenated_6.png,30,0.8999693830170215,48.21655272838483,50.15974481593781,43.39342121017218,163.6396103067895,0.0998106802725157,1640.0,0.8771466436631413,2024.0,1701.0,0.8102766798418972,0.4359531048541361,45.69587348290507,0.9641387419165197
Data/images/Crenated_6.png,31,0.9035895725208594,46.4360989099128,48.02082881417188,41.95917476354445,150.8111831820433,0.09925053187367114,1520.0,0.9162663493333857,1849.0,1550.0,0.822065981611682,0.4283992115207153,43.992318738587166,0.9806451612903225
Data/images/Crenated_6.png,32,0.945806111093599,48.622130006567126,51.31276644267,45.98710769459864,163.3969696196702,0.09350327302985419,1748.0,0.9069211424366412,2116.0,1790.0,0.8260869565217391,0.32473188974599154,47.17650606177894,0.976536312849162
Data/images/Crenated_6.png,34,0.9682099362705942,44.9513501749625,47.01063709417264,43.5223438881776,152.3259018078047,0.09939699954832282,1533.0,0.9110273510970165,1848.0,1573.0,0.8295454545454546,0.25013899997179884,44.1800432557394,0.9745708836617928
Data/images/Crenated_6.png,36,0.9186863334914505,43.79402705479555,45.221676218380054,40.23297414379551,146.22539674441643,0.1059220548673788,1381.0,0.9007418247869879,1763.0,1421.0,0.7833238797504254,0.3949878740620208,41.93261035613285,0.971850809289233
Data/images/Crenated_6.png,37,0.9531500396019442,57.315002322972745,60.8276253029822,54.629796733926995,193.98275605729714,0.07925751013577002,2448.0,0.9040722871520276,2808.0,2492.0,0.8717948717948718,0.30249793719430734,55.82911790017533,0.9823434991974318
Data/images/Crenated_6.png,38,0.9657637087902496,46.38337684320574,48.02082881417188,44.79538204631015,158.46803743153572,0.09736899381353961,1628.0,0.9024512508862214,1980.0,1682.0,0.8222222222222222,0.25942331966055304,45.528386516862696,0.9678953626634959
Data/images/Crenated_6.png,39,0.81864302787999,46.95352013229444,49.040799340956916,38.43817189072559,151.63961030678948,0.10766035520538834,1409.0,0.8773455911348779,1794.0,1465.0,0.7853957636566332,0.5743027014593253,42.35557246138747,0.9617747440273038
Data/images/Crenated_6.png,40,0.8756303222300048,51.64452660558199,53.14132102234569,45.22151347306181,169.53910524340122,0.09277105622073939,1828.0,0.8938481343634744,2300.0,1885.0,0.7947826086956522,0.48298192387643046,48.243982917830046,0.9697612732095491
Data/images/Crenated_6.png,41,0.8273043037062194,54.94037741689974,57.271284253105414,45.45241068424514,177.3969696196703,0.09160700729133504,1937.0,0.8793615777928669,2288.0,2007.0,0.8465909090909091,0.5617540289745746,49.661504187368415,0.9651220727453911
Data/images/Crenated_6.png,42,0.9422345159205933,50.93546405223304,53.33854141237835,47.993152314446576,170.2253967444164,0.0890533072165401,1912.0,0.910474376882997,2256.0,1951.0,0.8475177304964538,0.33495390281035115,49.339983882583816,0.9800102511532548
Data/images/Crenated_6.png,43,0.8492469049286903,47.20518111180648,48.30113870293329,40.08885395579992,154.81118318204335,0.10442575594067005,1483.0,0.8816575952045614,1892.0,1530.0,0.7838266384778013,0.5279959227769094,43.45358724941183,0.969281045751634
Data/images/Crenated_6.png,44,0.7891462351015975,56.75062745072133,60.207972893961475,44.78454399239011,179.05382386916273,0.09049978461923817,1979.0,0.8806216514985872,2448.0,2044.0,0.8084150326797386,0.6142053562327296,50.197022412000564,0.9681996086105675
Data/images/Crenated_6.png,45,0.9239274032680094,48.95650308819172,51.40038910358559,45.23225477135526,161.4974746830585,0.09354038498873936,1727.0,0.9120580642411437,1978.0,1764.0,0.8731041456016178,0.38256784168358227,46.89226688653073,0.9790249433106576
Data/images/Crenated_6.png,46,0.940237884176335,44.13748169627502,45.60701700396552,41.49973240297734,151.2964645562819,0.10561707822428056,1433.0,0.8867954734363845,1848.0,1479.0,0.7754329004329005,0.3405183125172751,42.714778093834084,0.9688979039891819
Data/images/Crenated_6.png,47,0.8040246951966681,63.48114173767447,65.30696746902278,51.04040563637021,198.46803743153575,0.07853899383915146,2528.0,0.8978772708184463,2891.0,2573.0,0.8744379107575233,0.594595904387093,56.73402479192263,0.982510687912942
Data/images/Crenated_6.png,49,0.8195031470738077,48.33730669851365,49.9799959983992,39.61257496050378,156.12489168102812,0.10453625154404293,1494.0,0.8774763001908914,1880.0,1538.0,0.7946808510638298,0.5730746826864057,43.61444577011535,0.9713914174252276
Data/images/Crenated_6.png,52,0.9804079555206068,49.12324773580599,51.478150704935004,48.16082288119383,174.71067811865507,0.0944637351276859,1850.0,0.8725948599988145,2209.0,1901.0,0.8374830239927569,0.1969777671512753,48.53342309955121,0.97317201472909
Data/images/Crenated_6.png,53,0.86368360970947,49.92817419978771,53.075418038862395,43.122145719075874,178.02438661763986,0.10596689679621421,1681.0,0.8161689615781966,2209.0,1768.0,0.7609778180172023,0.5040343463685979,46.26354585091602,0.9507918552036199
Data/images/Crenated_6.png,54,0.8617285691728037,49.79572094404933,50.96076922496363,42.910395360043836,167.78174593052051,0.10058857669695474,1669.0,0.8628955828066088,2107.0,1737.0,0.7921214997626957,0.5073695626182074,46.09812143854657,0.9608520437535981
Data/images/Crenated_6.png,55,0.8258691673767056,47.16865809258416,48.877397639399746,38.95514038519898,162.12489168102812,0.11433349201765029,1419.0,0.8233667947267013,1980.0,1513.0,0.7166666666666667,0.5638617901370035,42.505610382385946,0.937871777924653
Data/images/Crenated_6.png,56,0.9198838926280956,54.194264261424856,56.639209034025185,49.85243076691518,184.71067811865507,0.08731301258267789,2116.0,0.8827128404433916,2550.0,2182.0,0.8298039215686275,0.3921908006103436,51.90544168639358,0.9697525206232814
Data/images/Crenated_6.png,57,0.8826339224998667,46.191038818610465,48.373546489791295,40.76977777681377,155.88225099390885,0.10593425143996524,1473.0,0.8723452420897038,1845.0,1531.0,0.7983739837398374,0.4700610160952471,43.30683374936218,0.9621162638798171
Data/images/Crenated_6.png,58,0.8822761503762135,48.22654808980354,49.39635614091387,42.549133194605204,165.88225099390883,0.103224798378288,1608.0,0.8566688004669554,2070.0,1679.0,0.7768115942028986,0.47073218976115183,45.247863904654565,0.957712924359738
Data/images/Crenated_6.png,60,0.84861433627879,51.356392873138375,52.88667128870941,43.5817712517111,174.26702730475924,0.10003847721283539,1743.0,0.8490119135238743,2244.0,1824.0,0.7767379679144385,0.5290120114535288,47.108985623481516,0.9555921052631579
Data/images/Crenated_6.png,62,0.9573915540857851,45.642022900574275,49.09175083453431,43.6972872363998,156.8111831820433,0.1010706949288065,1552.0,0.8904382147958151,1890.0,1605.0,0.8211640211640212,0.28879302651761946,44.45298385293132,0.9669781931464174
Data/images/Crenated_6.png,63,0.9473249135944894,42.81736230634594,46.09772228646444,40.56195404720312,156.61017305526673,0.11596458574991983,1352.0,0.8318255518650809,1892.0,1425.0,0.7145877378435518,0.32027411397612643,41.489997161749,0.9487719298245614
Data/images/Crenated_6.png,66,0.9211934491808645,47.13857755882984,48.84669896727925,43.42374885089816,166.02438661763986,0.1035710459249157,1604.0,0.8548694727820101,2070.0,1670.0,0.77487922705314,0.389104907687197,45.19155042433487,0.9604790419161676
Data/images/Crenated_6.png,67,0.7811297287202201,55.41521557228596,58.89821729050889,43.28647230695225,176.22539674441646,0.09421298943834079,1871.0,0.8699920645081123,2200.0,1920.0,0.8504545454545455,0.6243687587551727,48.80810576327963,0.9744791666666667
Data/images/Crenated_6.png,69,0.8809586486687653,50.477201610267116,52.0,44.468327319161745,165.296464556282,0.09410558756406603,1757.0,0.8988049267448697,2107.0,1797.0,0.8338870431893688,0.47319325791446026,47.297799949888585,0.9777406789092933
Data/images/Crenated_6.png,70,0.9630124967875289,53.18762388558859,57.4543296888929,51.22034647625668,183.29646455628185,0.08619631533330913,2127.0,0.8918329978400138,2450.0,2174.0,0.8681632653061224,0.26945673313363167,52.04018170271594,0.9783808647654094
Data/images/Crenated_7.png,2,0.966047452285219,47.046088697769456,49.24428900898052,45.44875412646462,161.53910524340122,0.09635496882994407,1677.0,0.8985226677465122,2208.0,1744.0,0.7595108695652174,0.25836470334246026,46.208470181568096,0.9615825688073395
Data/images/Crenated_7.png,3,0.9110059636993144,50.37803826772525,51.66236541235796,45.89469330136998,165.6396103067895,0.09143781965596992,1812.0,0.9108773460717086,2250.0,1860.0,0.8053333333333333,0.412393179022501,48.03238548167387,0.9741935483870968
Data/images/Crenated_7.png,4,0.9202082887429763,49.199732502399854,51.088159097779204,45.27400165264556,163.7817459305205,0.09377712334985427,1747.0,0.9045315728033128,2209.0,1797.0,0.7908555907650521,0.3914290552944708,47.16300970731543,0.9721758486366165
Data/images/Crenated_7.png,5,0.9608521317661027,51.36771499220065,52.80151512977634,49.35677845420959,176.36753236814744,0.0887830517836131,1987.0,0.8958402640321195,2496.0,2037.0,0.796073717948718,0.27706169147058046,50.298379450920365,0.9754540991654393
Data/images/Crenated_7.png,6,0.9386492295935068,49.951244536213835,50.774009099144415,46.886697201153986,170.36753236814744,0.09297000402081715,1833.0,0.8907177165682849,2350.0,1890.0,0.78,0.34487334455350066,48.30991705125929,0.9698412698412698
Data/images/Crenated_7.png,7,0.974537227033244,44.470702237824845,46.09772228646444,43.3383548430709,150.4680374315357,0.09961472190104978,1511.0,0.9156321647120987,1848.0,1549.0,0.8176406926406926,0.22422576374349762,43.861884958296436,0.9754680438992899
Data/images/Crenated_7.png,8,0.9477203290258304,45.39490755702139,48.27007354458868,43.02167672603747,157.05382386916258,0.10275029366644592,1529.0,0.8824480315783754,1892.0,1580.0,0.8081395348837209,0.31910214344496635,44.12236693447059,0.9677215189873418
Data/images/Crenated_7.png,9,0.8887534978975029,48.39892554826383,50.60632371551998,43.0147143755003,159.1543289325509,0.09767065291963847,1630.0,0.899111719778787,1980.0,1673.0,0.8232323232323232,0.45838544913091833,45.55634377250127,0.9742976688583384
Data/images/Crenated_7.png,11,0.957395843762485,46.212197535140895,47.92702786528704,44.243365851274845,155.8822509939088,0.097395970630371,1601.0,0.9097794079229565,1980.0,1643.0,0.8085858585858586,0.28877880522351357,45.14926922023208,0.9744370054777846
Data/images/Crenated_7.png,13,0.8764105072153773,50.606050181819974,53.85164807134504,44.35167410801568,163.9827560572971,0.09330455536688313,1758.0,0.9062633508251035,2115.0,1803.0,0.8312056737588652,0.48156476495118,47.311257853120075,0.9750415973377704
Data/images/Crenated_7.png,14,0.8924311956269733,50.09529205308156,52.839379254491625,44.70660138221399,164.22539674441637,0.09360239198883806,1755.0,0.904151690321741,2162.0,1798.0,0.8117483811285846,0.45118351152475733,47.27087264912941,0.9760845383759733
Data/images/Crenated_7.png,15,0.9211227378408069,49.504596304111594,51.19570294468082,45.599809283347156,165.78174593052054,0.0936884690197912,1770.0,0.8994841322850964,2250.0,1820.0,0.7866666666666666,0.3892722721086816,47.4724551101082,0.9725274725274725
Data/images/Crenated_7.png,16,0.9316005387418969,49.156329687910294,50.695167422546305,45.79406321983152,162.12489168102815,0.09188149145991961,1765.0,0.9184723029150723,2205.0,1815.0,0.800453514739229,0.3634837495897252,47.40535620009159,0.9724517906336089
Data/images/Crenated_7.png,18,0.9402966137815942,52.77844897551343,56.0357029044876,49.627396852319926,181.2964645562819,0.08863185751957071,2046.0,0.8843319967778233,2450.0,2097.0,0.8351020408163266,0.3403561048532367,51.039671908508026,0.9756795422031473
Data/images/Crenated_7.png,20,0.9175878598652548,44.725133291286824,45.617978911828175,41.03923933894014,151.78174593052057,0.10566080468536065,1437.0,0.8851934730512754,1849.0,1489.0,0.777176852352623,0.3975330419322411,42.77435242974964,0.9650772330423103
Data/images/Crenated_7.png,23,0.899909725672963,46.91345112212308,48.33218389437829,42.21787092968174,150.9533188057743,0.09723241146909778,1553.0,0.9252904306691454,2021.0,1591.0,0.76843146956952,0.43607623833363346,44.467302740032565,0.9761156505342552
Data/images/Crenated_7.png,24,0.9406347717791103,52.404434640167814,54.08326913195984,49.293433417967556,180.61017305526678,0.08930045639320978,2023.0,0.8826875242718731,2499.0,2080.0,0.8095238095238095,0.33942042678668877,50.751981232255694,0.9725961538461538
Data/images/Crenated_7.png,25,0.9390046848348612,48.86430955440228,51.22499389946279,45.88381559280461,168.22539674441643,0.09604647259173076,1752.0,0.8818981704161283,2024.0,1798.0,0.8656126482213439,0.3439043498680757,47.23045291309417,0.9744160177975528
Data/images/Crenated_7.png,26,0.9423955718528734,47.06581259445322,48.46648326421054,44.35461337466991,157.8822509939088,0.09647555819976095,1637.0,0.9083006545309866,2021.0,1687.0,0.809995051954478,0.33450050246912455,45.654059345598846,0.97036158861885
Data/images/Crenated_7.png,27,0.8562867041272504,48.13817495354531,50.566787519082126,41.22007917367227,156.56854249492403,0.10071955129940433,1555.0,0.8926799624293794,1886.0,1599.0,0.8244962884411453,0.5165008038085622,44.495926690689096,0.9724828017510945
Data/images/Crenated_7.png,28,0.9206789483153156,46.679349143150496,49.24428900898052,42.97669407715922,154.56854249492397,0.0984199570168252,1571.0,0.9088721391238747,1849.0,1604.0,0.8496484586262845,0.39032073238428483,44.724258795187886,0.979426433915212
Data/images/Crenated_7.png,29,0.7667957337320788,48.812825702994125,50.11985634456667,37.42946650046346,149.39696961967022,0.1042910782685307,1433.0,0.8980705583051796,1848.0,1479.0,0.7754329004329005,0.6418911922828384,42.714778093834084,0.9688979039891819
Data/images/Crenated_7.png,31,0.8389338521013517,48.883003319392955,51.264022471905186,41.00960627702149,157.05382386916256,0.1000661509201418,1570.0,0.89420496552364,1968.0,1620.0,0.7977642276422764,0.5442333982753981,44.710022201226934,0.9691358024691358
Data/images/Crenated_7.png,32,0.9330737255831771,45.788921384202894,48.27007354458868,42.724439466393406,157.68124086713226,0.10289151116941746,1533.0,0.8800860651798371,2021.0,1589.0,0.7585353785254825,0.3596851715407944,44.1800432557394,0.9647577092511013
Data/images/Crenated_7.png,33,0.8408511793960998,53.001810807769786,54.42425929675111,44.566635127842176,168.46803743153575,0.09123641344789371,1847.0,0.9041949381099635,2244.0,1895.0,0.8230837789661319,0.5412663799906531,48.49405570918817,0.97467018469657
Data/images/Crenated_7.png,34,0.9502292445302668,47.69856517618124,50.11985634456667,45.32457155254039,157.98275605729708,0.09328772132110841,1694.0,0.9233956972705505,2024.0,1734.0,0.8369565217391305,0.31155157332204025,46.44209070209227,0.9769319492502884
Data/images/Crenated_7.png,35,0.8288384704458202,48.34507047502037,50.47771785649585,40.07025426611126,156.56854249492397,0.10331147640707619,1516.0,0.8814108527409978,1845.0,1557.0,0.8216802168021681,0.5594879711924418,43.934395976484154,0.9736673089274245
Data/images/Crenated_7.png,37,0.9369608945453511,47.151488629784645,49.39635614091387,44.17910096570797,162.95331880577436,0.10006344415460507,1629.0,0.8778809065826927,2070.0,1689.0,0.7869565217391304,0.3494342314267104,45.54236728995958,0.9644760213143873
Data/images/Crenated_7.png,38,0.9277539366292726,48.592251138220846,51.31276644267,45.08165228316264,157.7401153701778,0.09205726021020005,1714.0,0.9302610389080483,2024.0,1750.0,0.8468379446640316,0.37319248795881127,46.715442625282584,0.9794285714285714
Data/images/Crenated_7.png,44,0.9745551026671971,44.606584749617035,46.87216658103186,43.47157478029606,162.61017305526673,0.10712132612336411,1519.0,0.8493625452529863,2024.0,1590.0,0.7504940711462451,0.22414805791112388,43.977845200199525,0.9553459119496855
Data/images/Crenated_7.png,45,0.8580099502534702,50.263795506262184,52.773099207835045,43.126836681878615,160.81118318204327,0.09490184903041798,1695.0,0.9074223488856012,2016.0,1733.0,0.8407738095238095,0.5136330648099278,46.45579649867281,0.9780727062896711
Data/images/Crenated_7.png,46,0.838684495242979,57.40397691255947,59.53990258641679,48.143825401849554,183.05382386916264,0.08480603375916732,2159.0,0.8997091827819154,2538.0,2210.0,0.8506698187549251,0.5446175882571458,52.43018383606161,0.9769230769230769
Data/images/Crenated_7.png,47,0.9594958004456204,49.147572642441936,52.15361924162119,47.156889552519104,169.88225099390885,0.09390948092532275,1809.0,0.8875160354625992,2208.0,1858.0,0.8192934782608695,0.28172292936006815,47.99260710178089,0.9736275565123789
Data/images/Crenated_7.png,48,0.976517598946031,53.17151633859656,55.94640292279746,51.92292146728597,177.63961030678954,0.08248879048376574,2154.0,0.9260566575344404,2550.0,2199.0,0.8447058823529412,0.21543764515209068,52.36943745506095,0.9795361527967258
Data/images/Crenated_7.png,51,0.981557999041999,56.62762184873146,62.24146527838174,55.58329519234784,195.98275605729717,0.08033726421696953,2440.0,0.8933825852272588,2808.0,2510.0,0.8689458689458689,0.19116457442912627,55.73781919983771,0.9721115537848606
Data/images/Crenated_7.png,53,0.7059004877587534,65.9211547836356,68.41052550594829,46.533775315388645,202.02438661763998,0.08451135185845637,2391.0,0.8579174652859144,3180.0,2477.0,0.7518867924528302,0.7083110202318993,55.17531831772042,0.9652805813484053
Data/images/Crenated_7.png,56,0.8231341805264972,51.194280842171054,52.80151512977634,42.13976240866382,170.02438661763986,0.10069552065006802,1689.0,0.8567305384342747,2112.0,1750.0,0.7997159090909091,0.5678469167381042,46.37350095752627,0.9651428571428572
Data/images/Crenated_7.png,58,0.8039665040940113,47.72680551187366,49.76946855251722,38.370752978955856,154.71067811865504,0.10822712705047571,1430.0,0.8663167713584267,1880.0,1494.0,0.7606382978723404,0.594674583528551,42.67004275802032,0.9571619812583668
Data/images/Crenated_7.png,59,0.8277380510440592,69.17369983480036,76.21679604916491,57.2577034847644,218.46803743153578,0.07131321607035605,3064.0,0.8981026276784565,3480.0,3115.0,0.8804597701149425,0.5611147109582698,62.45963468567951,0.9836276083467095
Data/images/Crenated_7.png,61,0.7197819019662293,58.228008839911865,49.76946855251722,41.91146695049817,248.7939392393406,0.7516433209647753,341.0,0.2592263425590836,1748.0,1335.0,0.1950800915331808,0.6942002690880185,20.83685880248485,0.2554307116104869
Data/images/Crenated_7.png,62,0.9522808336111228,45.19410830892897,47.41307836451879,43.03748313473825,159.88225099390885,0.10528959564959424,1519.0,0.8639966847435225,1892.0,1580.0,0.8028541226215645,0.30522321985213674,43.977845200199525,0.9613924050632912
Data/images/Crenated_7.png,63,0.9491838050712801,30.548401477647683,33.28663395418648,28.99604795339874,104.08326112068528,0.15161436434185765,687.0,0.892368664791158,870.0,718.0,0.7896551724137931,0.3147222651647097,29.575590733458846,0.9568245125348189
Data/images/Crenated_7.png,64,0.9353635636001263,51.828115720725705,54.644304369257,48.47813101521772,185.33809511662477,0.09497212150480389,1952.0,0.8449373625496077,2499.0,2032.0,0.7811124449779911,0.3536877208630126,49.853421059372025,0.9606299212598425
Data/images/Crenated_7.png,116,0.7600307322518176,39.83701159407798,42.20189569201838,30.277353092571232,120.42640687119291,0.12872945683719178,936.0,0.9003370023795678,1080.0,959.0,0.8666666666666667,0.6498871333029804,34.52176435050956,0.9760166840458812
Data/images/Crenated_8.png,2,0.9045554260188354,51.29940670586575,53.009433122794285,46.4031566873379,170.95331880577433,0.09163940970558795,1866.0,0.895622555323794,2300.0,1919.0,0.811304347826087,0.42635604986898396,48.742845531173224,0.9723814486711829
Data/images/Crenated_8.png,3,0.8674274245317826,53.807441132749325,54.42425929675111,46.67405008242625,175.88225099390883,0.0893937743298139,1968.0,0.8940056990392952,2340.0,2019.0,0.841025641025641,0.49756372774767094,50.057321382978536,0.974739970282318
Data/images/Crenated_8.png,4,0.8468804290589063,52.71622364783384,54.70831746635972,44.64433810124278,171.5391052434012,0.09305077583043189,1844.0,0.8872854554417045,2295.0,1896.0,0.8034858387799564,0.5317833570891481,48.45465633447048,0.9725738396624473
Data/images/Crenated_8.png,5,0.9181472471380797,45.546750013577494,47.16990566028302,41.81862314105247,154.71067811865504,0.10390240303469109,1490.0,0.8841622963367457,1936.0,1541.0,0.7696280991735537,0.3962393627250653,43.55602049838107,0.9669046073977936
Data/images/Crenated_8.png,6,0.9324551380521108,51.819244149646295,53.71219600798314,48.319120457314476,173.63961030678948,0.08852389003659927,1962.0,0.904170400829866,2400.0,2009.0,0.8175,0.3612857809549378,49.98095624105635,0.9766052762568442
Data/images/Crenated_8.png,7,0.9779985348252936,45.55730955451517,47.853944456021594,44.554981994898185,156.8111831820433,0.09865440904815558,1590.0,0.9012767471139282,1935.0,1627.0,0.8217054263565892,0.2086117587279732,44.99389820996741,0.9772587584511371
Data/images/Crenated_8.png,8,0.9538254705583569,46.108081902061265,48.46648326421054,43.97906291677684,158.71067811865504,0.09984943574624412,1590.0,0.8904900083895878,2025.0,1642.0,0.7851851851851852,0.3003614018380602,44.99389820996741,0.9683313032886723
Data/images/Crenated_8.png,9,0.9323457825491787,48.72762988903046,50.695167422546305,45.43100022065485,164.12489168102812,0.09478769372279995,1732.0,0.898755844328289,2115.0,1785.0,0.8189125295508274,0.36156789371120657,46.960098929637084,0.9703081232492997
Data/images/Crenated_8.png,11,0.8737205788580867,49.979733827455206,51.478150704935004,43.66832197089726,162.95331880577436,0.0952108202195585,1712.0,0.8999744367920771,2162.0,1758.0,0.7918593894542091,0.48642815510606474,46.68817945247596,0.9738339021615472
Data/images/Crenated_8.png,12,0.9001942620268558,47.878828473149085,49.64876634922564,43.10024666409686,157.05382386916256,0.09715671133260907,1617.0,0.9074950642315546,2024.0,1671.0,0.7989130434782609,0.4354885654227042,45.37431370100002,0.9676840215439856
Data/images/Crenated_8.png,13,0.9139382035376223,49.525076004345436,51.894122981316485,45.26285899347567,162.2253967444164,0.09251519631845817,1754.0,0.915037667513645,2068.0,1793.0,0.8481624758220503,0.405853372678388,47.25740324505225,0.9782487451199108
Data/images/Crenated_8.png,16,0.9542192908941723,43.478875030812546,45.221676218380054,41.48838130077828,149.88225099390883,0.10603625821995673,1414.0,0.8892065058466048,1806.0,1467.0,0.7829457364341085,0.2991079151166406,42.430657740076576,0.9638718473074301
Data/images/Crenated_8.png,17,0.9179525290309601,47.48478838350801,49.678969393496885,43.588781587141135,160.12489168102815,0.09887304210004826,1620.0,0.8909155911486097,2025.0,1677.0,0.8,0.39669025000075725,45.416385396362884,0.9660107334525939
Data/images/Crenated_8.png,18,0.8168452870364502,47.838099938818196,50.11985634456667,39.07632647580234,150.3259018078047,0.10264657002922821,1465.0,0.9024347330474091,1804.0,1505.0,0.8120842572062085,0.5768568080956824,43.18907191682884,0.973421926910299
Data/images/Crenated_8.png,19,0.6344514325575462,63.19648069751476,64.32728814430156,40.095097711133555,193.9238815542517,0.09801560856924524,1979.0,0.8130956992972906,2520.0,2066.0,0.7853174603174603,0.7729627285488454,50.197022412000564,0.957889641819942
Data/images/Crenated_8.png,20,0.9199264323135786,46.257149814212475,47.70744176750625,42.553174797583196,157.98275605729708,0.10268622428163607,1539.0,0.8801242684540581,1890.0,1599.0,0.8142857142857143,0.3920910087349756,44.266416834293416,0.9624765478424016
Data/images/Crenated_8.png,21,0.8648039052453009,48.8781238876878,50.11985634456667,42.26999241913604,157.29646455628193,0.09718657062482665,1619.0,0.9066555460318709,2068.0,1664.0,0.7828820116054158,0.502109754408811,45.402365829615405,0.9729567307692307
Data/images/Crenated_8.png,22,0.9099034710004661,48.48311205753267,50.08991914547278,44.11495194605353,160.46803743153572,0.09565903870732383,1678.0,0.9047897152676213,2070.0,1717.0,0.8106280193236715,0.4148200494929146,46.2222452512381,0.9772859638905067
Data/images/Crenated_8.png,23,0.8917886543515108,47.979406970096576,49.73932046178355,42.78749077844593,152.56854249492403,0.09508790432840389,1605.0,0.9307001745024802,1936.0,1643.0,0.8290289256198347,0.45245220296725536,45.20563537104568,0.9768715763846622
Data/images/Crenated_8.png,24,0.96093183504246,42.40257538782915,43.46262762420146,40.74598457795292,144.22539674441637,0.1065573673767391,1354.0,0.9042579168801852,1680.0,1393.0,0.805952380952381,0.27678513038442953,41.520673688795206,0.9720028715003589
Data/images/Crenated_8.png,26,0.7315423402295564,57.01826114389542,57.97413216254298,41.711272193025245,178.9533188057744,0.09621146172353462,1861.0,0.8543221118152086,2352.0,1934.0,0.7912414965986394,0.6817960138131229,48.67749780701693,0.9622543950361944
Data/images/Crenated_8.png,27,0.8465071092812214,47.76383220382803,49.64876634922564,40.432423527055775,149.98275605729708,0.09922775789434143,1512.0,0.9188987863175221,1845.0,1547.0,0.8195121951219512,0.5323774168166325,43.87639674858871,0.9773755656108597
Data/images/Crenated_8.png,28,0.9026219520069838,55.81152345973275,58.82176467941097,50.376706249707546,182.2253967444164,0.08296171033208122,2197.0,0.9117203139007842,2548.0,2233.0,0.8622448979591837,0.4304342130396962,52.88957628666685,0.9838781907747425
Data/images/Crenated_8.png,29,0.7895194280104468,54.36556247688492,56.36488268416781,42.922667790216394,172.1248916810281,0.09434085595013872,1825.0,0.8796971518895665,2346.0,1894.0,0.777919863597613,0.6137255679813736,48.20437914901168,0.9635691657866948
Data/images/Crenated_8.png,32,0.9469883328539697,47.455288882825435,50.28916384272063,44.93960490425037,161.63961030678954,0.09693529853480631,1668.0,0.8955504543611456,2112.0,1718.0,0.7897727272727273,0.3212679527099743,46.08430926701898,0.9708963911525029
Data/images/Crenated_8.png,33,0.8718754613321822,47.9970895181637,50.566787519082126,41.84748456625102,158.32590180780468,0.10074826713827852,1572.0,0.8875854090524605,1886.0,1618.0,0.8335100742311771,0.4897276589358546,44.73849085880832,0.9715698393077874
Data/images/Crenated_8.png,34,0.9759236683990029,46.56319071868425,49.24428900898052,45.44211989854073,162.12489168102815,0.09816826623132191,1652.0,0.8885758836025158,2070.0,1699.0,0.7980676328502415,0.21811234137166838,45.86274880447626,0.972336668628605
Data/images/Crenated_8.png,36,0.7964593380028184,54.32966161256574,58.309518948453004,43.271366321861244,168.91168824543158,0.09212527310904367,1834.0,0.8986398771614619,2150.0,1878.0,0.8530232558139534,0.6046920893381282,48.32309308233785,0.9765708200212992
Data/images/Crenated_8.png,37,0.846030942681427,51.286052489766305,53.907327887774215,43.38958733432613,164.46803743153572,0.09433211209150313,1744.0,0.8999831901386933,2115.0,1792.0,0.8245862884160756,0.5331337956137989,47.12249745098538,0.9732142857142857
Data/images/Crenated_8.png,39,0.7020130231541688,62.40846224915152,62.5859409132754,43.81155325392968,186.95331880577442,0.08746354096176581,2138.0,0.8766471283793631,2562.0,2199.0,0.834504293520687,0.7121641070160337,52.17457375622515,0.9722601182355616
Data/images/Crenated_8.png,40,0.917312669058406,47.46724266138205,49.64876634922564,43.54230305855541,161.39696961967024,0.09984347022559248,1617.0,0.8830746346465891,1974.0,1667.0,0.8191489361702128,0.3981676370386533,45.37431370100002,0.97000599880024
Data/images/Crenated_8.png,41,0.9631578101936393,46.076644676881976,48.373546489791295,44.37908018805606,154.9116882454316,0.09672912160189298,1602.0,0.9157653701132143,1892.0,1637.0,0.846723044397463,0.26893685627483993,45.16336735304101,0.9786194257788637
Data/images/Crenated_8.png,45,0.6774872224470782,50.40566325533946,50.80354318352215,34.14919279446268,147.29646455628193,0.10988173409644307,1341.0,0.8811422346958028,1833.0,1392.0,0.7315875613747954,0.7355345426429295,41.32086917635994,0.9633620689655172
Data/images/Crenated_8.png,46,0.4736719923473483,72.80526818362868,69.12307863514182,34.48581643392241,193.53910524340125,0.09994273444017622,1937.0,0.806018395632452,2479.0,2055.0,0.781363453005244,0.8807013362461162,49.661504187368415,0.9425790754257908
Data/images/Crenated_8.png,47,0.8565517453847993,49.088428164617405,51.62363799656123,42.04677882259937,157.63961030678956,0.09770040923879118,1614.0,0.9032834731742887,1978.0,1662.0,0.8159757330637007,0.5160611470341996,45.332202959955,0.9711191335740073
Data/images/Crenated_8.png,48,0.8472166647499649,50.77740712342862,52.392747589718944,43.019465507762305,165.7817459305206,0.0970903343663371,1708.0,0.8835854975251274,2150.0,1771.0,0.7944186046511628,0.53124751573061,46.63360529068772,0.9644268774703557
Data/images/Crenated_8.png,49,0.9673198466326887,34.11676382269219,37.64306044943742,33.00182274857027,111.69848480983512,0.12816808354542183,872.0,0.9368959158973518,961.0,884.0,0.9073881373569199,0.2535592915089328,33.32063749403756,0.9864253393665159
Data/images/Crenated_8.png,50,0.9564321884980722,46.86752335954863,48.46648326421054,44.82560793625761,166.61017305526678,0.10180884390789294,1637.0,0.860719062268927,2070.0,1698.0,0.7908212560386474,0.2919545663365896,45.654059345598846,0.964075382803298
Data/images/Crenated_8.png,51,0.8959947080951853,50.62408208646216,52.478567053607705,45.358909651646364,166.22539674441643,0.092578889860438,1796.0,0.9036500116941684,2254.0,1854.0,0.7968056787932565,0.44406472846356787,47.81985175995794,0.9687162891046386
Data/images/Crenated_8.png,53,0.8180406273377219,51.823245333487726,55.47071299343465,42.39352012328297,170.12489168102817,0.09969228929447886,1707.0,0.8607761328978428,2116.0,1779.0,0.806710775047259,0.575160440246812,46.61995176813166,0.9595278246205734
Data/images/Crenated_8.png,57,0.922430794301092,51.58613388741038,54.120236510939236,47.584638456686434,182.26702730475915,0.09510411025554874,1917.0,0.8514344795667481,2500.0,2002.0,0.7668,0.3861624395575735,49.404455338130255,0.9575424575424576
Data/images/Crenated_8.png,58,0.9067342777037689,50.68864202492205,52.630789467763066,45.9611292142526,171.09545442950537,0.09387953603813738,1823.0,0.8845048709642777,2346.0,1893.0,0.7770673486786018,0.42170244205722174,48.17795855006936,0.9630216587427364
Data/images/Crenated_8.png,59,0.8707509414469319,42.180818495693785,44.384682042344295,36.728987416127524,141.19595949289356,0.1165945165094084,1212.0,0.8736847084433231,1638.0,1260.0,0.73992673992674,0.4917243109398616,39.28315578233268,0.9619047619047619
Data/images/Crenated_8.png,60,0.9256739603454757,48.62099143552067,51.61395160225576,45.00718569804188,166.8111831820433,0.0982687382515719,1698.0,0.8755574761188984,1978.0,1755.0,0.8584428715874621,0.37832224245783413,46.49688964823676,0.9675213675213675
Data/images/Crenated_8.png,62,0.9372644513645308,47.373049104692086,50.59644256269407,44.401074878574214,167.68124086713223,0.10233826113343437,1639.0,0.855743631370553,2304.0,1718.0,0.7113715277777778,0.3486192022943445,45.68193968978257,0.9540162980209546
Data/images/Crenated_8.png,63,0.8639108005037553,57.515194659341404,61.40032573203501,49.68799785928095,193.05382386916273,0.08721654568292872,2214.0,0.8639055955086972,2597.0,2283.0,0.8525221409318444,0.5036448438860059,53.09380709690773,0.9697766097240473
Data/images/Crenated_9.png,2,0.8680350366669274,53.97878053378276,55.569775957799216,46.855472739878145,174.02438661763983,0.08778027067724582,1983.0,0.9069877435534414,2448.0,2028.0,0.8100490196078431,0.49650294573007886,50.24772648796986,0.977810650887574
Data/images/Crenated_9.png,3,0.9684178312383871,46.3039858358293,48.84669896727925,44.841605540826805,159.2964645562819,0.09793818909085884,1627.0,0.8974821686575999,2025.0,1677.0,0.8034567901234568,0.24933291828304194,45.5144014492568,0.9701848539057841
Data/images/Crenated_9.png,4,0.9152583417350196,44.45909034302295,46.51881339845203,40.6915533024026,143.98275605729708,0.10157513654835773,1418.0,0.9269493055161515,1720.0,1446.0,0.8244186046511628,0.4028674321466817,42.490630431125176,0.9806362378976486
Data/images/Crenated_9.png,5,0.9286726090181936,47.537449947888426,49.76946855251722,44.14672766917733,157.0538238691626,0.09544443869289737,1646.0,0.9155991070994923,2024.0,1684.0,0.8132411067193676,0.37090050587635925,45.779387180630515,0.9774346793349169
Data/images/Crenated_9.png,7,0.9533703806451176,45.52832272694601,47.01063709417264,43.40535436832228,155.29646455628193,0.10022359764845559,1550.0,0.8985435964700083,1936.0,1603.0,0.8006198347107438,0.3018027788284635,44.424332232904774,0.9669369931378665
Data/images/Crenated_9.png,10,0.8705710755709507,49.58865341948303,51.31276644267,43.17044734351445,161.2964645562819,0.09609559997395407,1679.0,0.9004109265906944,2070.0,1721.0,0.8111111111111111,0.4920426834932498,46.23601621690972,0.9755955839628123
Data/images/Crenated_9.png,11,0.8582222483463601,51.83916794287816,53.2634959423431,44.489527264341454,165.63961030678954,0.09164017167733861,1808.0,0.9098711294198342,2254.0,1849.0,0.8021295474711624,0.5132782602481021,47.9793403131095,0.9778258518117902
Data/images/Crenated_9.png,12,0.9178198799735108,45.531805104811475,47.16990566028302,41.78999589627535,152.3675323681474,0.10250086267618393,1487.0,0.8970051876126646,1935.0,1537.0,0.7684754521963825,0.39699706286748604,43.51215006203655,0.9674690956408588
Data/images/Crenated_9.png,13,0.9050405511227575,47.94346248945023,49.33558553417604,43.39077771418529,158.81118318204332,0.09746006945814258,1630.0,0.901054444212242,1974.0,1675.0,0.8257345491388045,0.42532528824820254,45.55634377250127,0.9731343283582089
Data/images/Crenated_9.png,15,0.9136529182250058,49.35452489156106,50.80354318352215,45.09290569478346,168.46803743153575,0.09657095868818329,1745.0,0.8788664831231504,2162.0,1799.0,0.807123034227567,0.40649519679687646,47.136005405240475,0.9699833240689272
Data/images/Crenated_9.png,16,0.9569447068893104,44.88346279933761,46.647615158762406,42.950992152689395,152.4680374315357,0.10093878678022886,1511.0,0.9036213566747322,1892.0,1560.0,0.7986257928118393,0.2902702670900541,43.861884958296436,0.9685897435897436
Data/images/Crenated_9.png,17,0.8997513994541317,47.492104295842765,49.4064773081425,42.73108730320611,153.63961030678945,0.09671993094541356,1589.0,0.9195923391778532,1935.0,1622.0,0.821188630490956,0.4364028175669026,44.97974695998382,0.9796547472256474
Data/images/Crenated_9.png,18,0.9140148702529932,47.89001123136625,50.08991914547278,43.77218240205161,156.8111831820433,0.09552920084193926,1642.0,0.9159006006854719,1980.0,1685.0,0.8292929292929293,0.40568068348937186,45.723728330650566,0.9744807121661722
Data/images/Crenated_9.png,19,0.9564326504301537,46.3927454071781,47.75981574503821,44.37153645051869,161.88225099390883,0.10045439093633808,1612.0,0.8790647233057076,1980.0,1668.0,0.8141414141414142,0.29195305306016633,45.30410738678208,0.9664268585131894
Data/images/Crenated_9.png,21,0.9237087142608543,45.156037109839176,46.647615158762406,41.71102497984497,155.1543289325509,0.10529645668988863,1474.0,0.8770333433694263,1806.0,1524.0,0.8161683277962348,0.3830955640549221,43.32153147038583,0.9671916010498688
Data/images/Crenated_9.png,23,0.9353644376349642,45.964353591143805,48.02082881417188,42.993421748034876,153.8822509939088,0.09950355706040012,1547.0,0.9059231621976529,1980.0,1592.0,0.7813131313131313,0.35368540937933335,44.38132012125481,0.9717336683417085
Data/images/Crenated_9.png,24,0.934604762731964,46.839421853152366,49.193495504995376,43.776346747567835,155.0538238691626,0.09657665765752887,1606.0,0.9160677747338444,1936.0,1642.0,0.8295454545454546,0.35568797769777044,45.21971593060566,0.9780755176613886
Data/images/Crenated_9.png,25,0.9711732651361423,47.79439478235684,49.39635614091387,46.4166384359873,165.29646455628196,0.09521685746329606,1737.0,0.8935445858005009,2115.0,1785.0,0.8212765957446808,0.2383746821388664,47.02783313320929,0.973109243697479
Data/images/Crenated_9.png,26,0.9132448031330703,47.2536531690809,48.33218389437829,43.15415318571567,153.6396103067895,0.09605477355848047,1600.0,0.9227708296384383,1978.0,1634.0,0.8088978766430738,0.40741125358835983,45.1351666838205,0.9791921664626683
Data/images/Crenated_9.png,27,0.9081220634264312,44.22562365371451,46.17358552246078,40.162264608732,148.71067811865498,0.10702459742256566,1390.0,0.8885708329469697,1804.0,1445.0,0.770509977827051,0.4187055264957965,42.06902622098444,0.9619377162629758
Data/images/Crenated_9.png,28,0.9399556504188292,45.33351477395622,46.87216658103186,42.61149336512562,153.88225099390883,0.1017403312356422,1513.0,0.8959093996497502,1936.0,1561.0,0.78150826446281,0.3412966088986469,43.89090374080148,0.9692504804612428
Data/images/Crenated_9.png,30,0.8511346350163387,47.68341649653352,49.040799340956916,40.58500729610912,155.53910524340114,0.10293785919483861,1512.0,0.885926245634172,1927.0,1561.0,0.7846393357550597,0.5249474574427447,43.87639674858871,0.968609865470852
Data/images/Crenated_9.png,31,0.9360356365132394,48.13543771088864,50.99019513592785,45.056485076555035,161.05382386916258,0.09476541563351726,1700.0,0.907391017640356,2070.0,1741.0,0.821256038647343,0.351905224708664,46.52426491681278,0.9764503159103963
Data/images/Crenated_9.png,32,0.9407417451792027,45.70915780113175,47.43416490252569,43.000512880508246,152.71067811865498,0.09932401828855608,1538.0,0.9102131144422295,1936.0,1579.0,0.7944214876033058,0.33912382528685353,44.25203294542162,0.974034198860038
Data/images/Crenated_9.png,34,0.932604116090051,43.87846684854208,45.45327270945405,40.9212387906712,145.6396103067895,0.10354753665608923,1407.0,0.9128413236738601,1763.0,1452.0,0.7980714690867838,0.36090104274149215,42.32550105364819,0.96900826446281
Data/images/Crenated_9.png,35,0.9310079289266635,45.81831458841899,47.53945729601885,42.657214171874294,154.71067811865504,0.10101905198736862,1532.0,0.8966916856245333,1932.0,1576.0,0.7929606625258799,0.36499895380080755,44.16563123667847,0.9720812182741116
Data/images/Crenated_9.png,36,0.923439087542466,45.63841815684993,48.33218389437829,42.14429921964301,150.56854249492395,0.10007879195408703,1505.0,0.9132018478391607,1848.0,1544.0,0.8143939393939394,0.38374503462421317,43.77471318953923,0.9747409326424871
Data/images/Crenated_9.png,38,0.9007967698873732,47.5018022840252,49.678969393496885,42.78947006127855,153.88225099390883,0.09681173387474604,1590.0,0.9184312822080607,1935.0,1632.0,0.8217054263565892,0.43424092317568774,44.99389820996741,0.9742647058823529
Data/images/Crenated_9.png,39,0.9371737814889902,46.24873711649333,48.104053883222775,43.34310385255427,153.39696961967024,0.09798592757564371,1566.0,0.91435467101672,1890.0,1607.0,0.8285714285714286,0.34886287175568986,44.653030435293694,0.9744866210329807
Data/images/Crenated_9.png,40,0.9072444367774545,44.57198001408009,46.61544808322666,40.43768090393005,151.29646455628188,0.10734052114670584,1410.0,0.8796475398399729,1848.0,1468.0,0.762987012987013,0.42060377071105587,42.37060016186435,0.9604904632152589
Data/images/Crenated_9.png,41,0.8442934797906184,50.7932832953524,51.24451190127583,42.88443790342377,165.19595949289362,0.09720268284371499,1700.0,0.8846390286064877,2150.0,1752.0,0.7906976744186046,0.5358810688791401,46.52426491681278,0.9703196347031964
Data/images/Crenated_9.png,42,0.940879071786883,46.07482929868563,47.43416490252569,43.35084262328642,158.36753236814747,0.10119331141734662,1566.0,0.8855150631771064,1980.0,1621.0,0.7909090909090909,0.33874263427188045,44.653030435293694,0.9660703269586675
Data/images/Crenated_9.png,43,0.8817931020854959,47.922477402852834,50.774009099144415,42.25771000868368,161.9827560572971,0.10242349418735196,1582.0,0.8703035321789983,1892.0,1632.0,0.8361522198731501,0.4716364331923877,44.88056327377173,0.9693627450980392
Data/images/Crenated_9.png,44,0.801100404501031,55.14982918326774,59.464274989274024,44.18055046687856,173.53910524340125,0.09109664317238911,1906.0,0.8915692227607084,2303.0,1947.0,0.8276161528441164,0.5985299841347004,49.262506759859676,0.9789419619928095
Data/images/Crenated_9.png,46,0.9490550296828196,48.099796410419934,50.53711507397311,45.64935371002867,155.98275605729705,0.0907668059687501,1719.0,0.9421132474432202,2025.0,1751.0,0.8488888888888889,0.3151103784925878,46.783531048861036,0.981724728726442
Data/images/Crenated_9.png,47,0.7713378155440144,60.09916284886826,60.92618484691127,46.35675698787003,190.95331880577447,0.08797664999114235,2172.0,0.864883508682808,2520.0,2244.0,0.861904761904762,0.6364259378056383,52.58779602878194,0.9679144385026738
Data/images/Crenated_9.png,48,0.8909525992217084,48.378196992075026,50.0,43.10268035574908,162.61017305526676,0.09954709094292424,1634.0,0.8810829341768328,2064.0,1684.0,0.7916666666666666,0.45409631791073124,45.61220687598064,0.9703087885985748
Data/images/Crenated_9.png,49,0.9664883671419208,51.982821338825595,54.589376255824725,50.240792115191745,177.5391052434012,0.08709301213804327,2039.0,0.9015011044031926,2544.0,2104.0,0.8014937106918238,0.25671041307151105,50.952285834052596,0.969106463878327
Data/images/Crenated_9.png,50,0.8585100367505736,50.17440735564755,52.0,43.07523230283523,168.36753236814755,0.09947860110377994,1693.0,0.866185528971273,2112.0,1751.0,0.8016098484848485,0.5127967597387176,46.42838085951986,0.9668760708166761
Data/images/Crenated_9.png,51,0.8031047154467185,50.686839767125505,52.773099207835045,40.706840028070744,159.6396103067895,0.09900130871738884,1613.0,0.8916904896763904,1974.0,1657.0,0.8171225937183384,0.5958379108677516,45.31815735064498,0.9734459867229933
Data/images/Crenated_9.png,53,0.7659075806516646,55.55238749380988,58.180752831155424,42.547994704807714,169.39696961967024,0.09173949072281086,1847.0,0.899236550812691,2193.0,1885.0,0.8422252621979024,0.6429506807682167,48.49405570918817,0.979840848806366
Data/images/Crenated_9.png,54,0.9410688903031822,45.445835878866546,47.53945729601885,42.767662339425485,161.19595949289365,0.1062246850035543,1518.0,0.8566731003728192,1978.0,1580.0,0.7674418604651163,0.33821493713840517,43.963366896860585,0.9607594936708861
Data/images/Crenated_9.png,55,0.9280315385571358,59.49806793526129,64.4437739428721,55.21608352713753,199.29646455628193,0.07820147716550203,2549.0,0.8979406992049449,2862.0,2597.0,0.8906359189378057,0.37250162877935866,56.96918113796204,0.9815171351559492
Data/images/Crenated_9.png,56,0.8880756382326807,46.360469760284644,49.040799340956916,41.17160377113168,156.95331880577433,0.10555031526951872,1488.0,0.8709433608469931,2068.0,1559.0,0.7195357833655706,0.4596973578101316,43.52677845379694,0.95445798588839
Data/images/Crenated_9.png,57,0.9330491826597673,47.073347717936706,49.64876634922564,43.921748613279874,165.78174593052054,0.10287418301614679,1612.0,0.8583874863865041,2162.0,1699.0,0.7456059204440333,0.35974883285139175,45.30410738678208,0.9487934078869924
Data/images/Crenated_9.png,59,0.8697012990010166,48.891571386188474,52.20153254455275,42.52106314476905,163.5391052434013,0.10123126291761146,1616.0,0.8712379728987713,1980.0,1678.0,0.8161616161616162,0.493578413745926,45.36028113109555,0.9630512514898689
Data/images/Dead_cells_1.png,1,0.972004281838399,58.433303773696665,62.48199740725323,56.79742146999704,200.81118318204327,0.07803038009793793,2574.0,0.8955279052069777,2915.0,2625.0,0.8830188679245283,0.23496313772125327,57.24786972585363,0.9805714285714285
Data/images/Dead_cells_1.png,2,0.9690693009009338,54.89889895969565,60.14149981501958,53.20083763510327,186.56854249492397,0.08220689248509538,2270.0,0.9051730326930203,2600.0,2325.0,0.8730769230769231,0.24678875592574331,53.76108040719438,0.9763440860215054
Data/images/Dead_cells_1.png,3,0.9652428249553203,55.90980117039854,60.41522986797286,53.966534424405765,196.8528137423861,0.08353609749305585,2357.0,0.8741722726445218,2809.0,2419.0,0.8390886436454255,0.2613547184809787,54.78161741807902,0.9743695742042167
Data/images/Dead_cells_1.png,4,0.9020840132262258,50.24110017093062,53.25410782277739,45.32169327109391,167.05382386916258,0.09382410776139431,1781.0,0.8954049685090353,2115.0,1827.0,0.842080378250591,0.43156046283419847,47.61973991081141,0.9748221127531472
Data/images/Dead_cells_1.png,5,0.9707972514917709,55.494302663521225,58.25804665451803,53.87371649919886,192.61017305526673,0.0827541022793842,2328.0,0.8879132879077458,2754.0,2392.0,0.8453159041394336,0.23990143079194817,54.44356399193075,0.9732441471571907
Data/images/Dead_cells_1.png,6,0.9478411803157306,53.34864266181192,55.758407437802596,50.566040428813956,181.05382386916267,0.08595007067133285,2107.0,0.8986238941249866,2450.0,2160.0,0.86,0.31874299505664944,51.794939142323436,0.975462962962963
Data/images/Dead_cells_1.png,7,0.9604445138939959,55.06703459090103,57.8013840664737,52.8888312692418,186.32590180780466,0.08188349892674342,2276.0,0.9075490783171758,2600.0,2323.0,0.8753846153846154,0.278471427135575,53.83208340587637,0.9797675419715884
Data/images/Dead_cells_1.png,8,0.9908575857306018,54.56789876239331,58.728187440104094,54.06901642609693,191.05382386916264,0.0831210893492115,2299.0,0.8895522278795779,2652.0,2357.0,0.8668929110105581,0.13491198908964513,54.103398353025284,0.9753924480271532
Data/images/Dead_cells_1.png,9,0.9852222216659681,52.23697036760645,55.226805085936306,51.46502399867257,176.81118318204327,0.08437660853354487,2096.0,0.9177809399638927,2400.0,2139.0,0.8733333333333333,0.1712809794915218,51.65955948094119,0.9798971482000935
Data/images/Dead_cells_1.png,10,0.953964647129052,43.776621413255306,45.221676218380054,41.7613491989982,153.29646455628188,0.10716285533469548,1431.0,0.8746146027726951,1763.0,1481.0,0.8116846284741918,0.299919075798694,42.684959745981,0.9662390276839973
Data/images/Dead_cells_1.png,11,0.8827872504935916,56.79499584510612,61.220911460055866,50.13789822389619,183.49747468305847,0.08297421419084715,2212.0,0.9084861525940914,2496.0,2246.0,0.8862179487179487,0.4697729987621299,53.069820736028305,0.9848619768477292
Data/images/Dead_cells_1.png,13,0.98551221279446,54.2703776549529,59.20304046246274,53.484119971923654,190.710678118655,0.08462865680881074,2254.0,0.8823861907461462,2601.0,2310.0,0.8665897731641676,0.16960447645319573,53.571279001280686,0.9757575757575757
Data/images/Dead_cells_1.png,14,0.681627705035047,61.97974767026051,61.35144660071187,42.24711316313097,182.66904755831231,0.09103864817259523,2007.0,0.8692797237808824,2320.0,2057.0,0.8650862068965517,0.7316991675057832,50.550882942669475,0.9756927564414195
Data/images/Dead_cells_1.png,15,0.9463838808628652,52.06846593288719,55.036351623268054,49.27675686014167,174.9533188057743,0.08745479570396116,2001.0,0.9062583572842201,2400.0,2043.0,0.83375,0.3230441920897929,50.47526452644959,0.9794419970631424
Data/images/Dead_cells_1.png,16,0.9480454544493986,57.5274296104142,62.80127387243033,54.538618148310924,193.0538238691626,0.0792666080349672,2436.0,0.9061927655451065,2703.0,2473.0,0.9012208657047724,0.3181349026715438,55.692113723352755,0.9850384148807116
Data/images/Dead_cells_1.png,17,0.9550514477963349,51.93480497812184,54.12947441089743,49.600410685375564,177.53910524340117,0.08817437558649176,2014.0,0.8959560825223131,2401.0,2067.0,0.838817159516868,0.29644009860699305,50.63896171029396,0.9743589743589743
Data/images/Dead_cells_1.png,18,0.9842442348512849,51.68782392600385,54.378304497290095,50.873442711177596,177.88225099390883,0.08653965020379899,2056.0,0.9035060313133074,2450.0,2101.0,0.8391836734693877,0.17681427024425664,51.164250253233405,0.9785816277962874
Data/images/Dead_cells_1.png,20,0.9644420916188137,53.4413701908997,56.72741841473134,51.54110684588662,191.68124086713226,0.08917480384607224,2150.0,0.8574208588459077,2500.0,2213.0,0.86,0.26429425251777244,52.320789569544914,0.9715318572074108
Data/images/Dead_cells_1.png,21,0.8554006684859103,57.23040923955458,61.40032573203501,48.954930321237214,184.12489168102812,0.08467458803450362,2175.0,0.8977845630413224,2548.0,2222.0,0.8536106750392465,0.5179668873141007,52.62410103554244,0.9788478847884788
Data/images/Dead_cells_1.png,22,0.9400341148332761,53.36163048539133,56.60388679233962,50.161753079395204,180.12489168102812,0.08599899340225739,2095.0,0.9006817888457661,2500.0,2141.0,0.838,0.3410804347212288,51.64723464252627,0.978514712751051
Data/images/Dead_cells_1.png,23,0.9456007210824987,58.3920138548317,65.11528238439882,55.21553040658812,202.3675323681474,0.08115802380916279,2494.0,0.8747194475867638,2808.0,2545.0,0.8881766381766382,0.32532948880828266,56.35121493428066,0.9799607072691552
Data/images/Dead_cells_1.png,24,0.975419351595232,52.288409969195435,54.56189146281496,51.00312694809828,175.8822509939088,0.08425497053600421,2088.0,0.9208654074159582,2500.0,2127.0,0.8352,0.22035673017526455,51.56087828389873,0.9816643159379408
Data/images/Dead_cells_1.png,25,0.9163978593770461,54.61917438774435,59.033888572581766,50.0528944898705,182.4680374315357,0.08564564066253728,2131.0,0.8967242207823474,2450.0,2176.0,0.8697959183673469,0.40026861396962854,52.089091658720946,0.9793198529411765
Data/images/Dead_cells_1.png,26,0.9360684976764766,42.28919906114055,45.48626166217664,39.5855870331033,150.12489168102815,0.11548068590848319,1300.0,0.8513808964354518,1764.0,1371.0,0.7369614512471655,0.35181780463430773,40.68428945128219,0.9482129832239241
Data/images/Dead_cells_1.png,27,0.8761854142172087,58.474086636847844,59.941638282582836,51.23414182087948,191.19595949289362,0.0817251376332095,2340.0,0.896783784054134,2750.0,2394.0,0.850909090909091,0.48197419009011166,54.58370209760676,0.9774436090225563
Data/images/Dead_cells_1.png,28,0.9238562555926956,53.51458444312396,56.824290580701486,49.439783603223624,184.71067811865504,0.08927533983501935,2069.0,0.8729576488764824,2450.0,2123.0,0.8444897959183674,0.38273962298440234,51.325750048655415,0.9745642958078191
Data/images/Dead_cells_1.png,29,0.8856388485471903,49.41728018589556,52.0,43.76586312217042,171.33809511662457,0.1014435139826078,1690.0,0.8502875547334604,2254.0,1755.0,0.7497781721384206,0.4643746654846781,46.38722701997205,0.9629629629629629
Data/images/Dead_cells_1.png,30,0.8694917303792817,56.97561760051359,61.07372593840988,49.539828336898815,191.53910524340114,0.08845029103828268,2166.0,0.8612447186298033,2499.0,2247.0,0.8667466986794717,0.49394749802184595,52.51511071964299,0.9639519359145527
Data/images/Dead_cells_10.png,1,0.950564002133414,47.296967264057066,48.877397639399746,44.95879449129515,162.71067811865498,0.09781225014647128,1664.0,0.8885876635627157,2068.0,1719.0,0.804642166344294,0.3105287069629894,46.029019134012735,0.9680046538685282
Data/images/Dead_cells_10.png,2,0.9681101473728247,56.15625665217209,60.14149981501958,54.36544190344049,190.8111831820433,0.08056203638676095,2369.0,0.9041444109741895,2703.0,2420.0,0.8764335923048465,0.2505249339961357,54.9208929413716,0.9789256198347107
Data/images/Dead_cells_10.png,3,0.9540350427067377,56.05108025629341,58.69412236331676,53.47469474607166,184.91168824543155,0.07903897766421523,2340.0,0.9272612114293116,2650.0,2383.0,0.8830188679245283,0.29969507384598604,54.58370209760676,0.9819555182543013
Data/images/Dead_cells_10.png,4,0.9670667516362079,57.93795537329986,61.05735008989499,56.02987029930067,192.56854249492397,0.07631010203880483,2524.0,0.9247434059862794,2808.0,2559.0,0.8988603988603988,0.25452288282154784,56.68912250962746,0.9863227823368503
Data/images/Dead_cells_10.png,5,0.8907310362175537,53.86115434445351,55.47071299343465,47.97580182110867,169.98275605729708,0.08417071357132809,2020.0,0.9371778039803289,2346.0,2051.0,0.8610400682011935,0.4545307702662156,50.71433604381535,0.98488542174549
Data/images/Dead_cells_10.png,6,0.988443413957441,56.30092825882732,59.07622195096772,55.65028173712824,193.6396103067895,0.07908499502013049,2449.0,0.9058593810391785,2809.0,2501.0,0.8718405126379495,0.15159029455792636,55.840519741997504,0.9792083166733306
Data/images/Dead_cells_10.png,7,0.8274231171685132,56.44755144329773,59.53990258641679,46.70600897174342,180.56854249492395,0.08901579615229181,2029.0,0.8841996639092319,2392.0,2087.0,0.8482441471571907,0.5615790106255246,50.82718796340838,0.9722089123143268
Data/images/Dead_cells_10.png,8,0.9286440774947563,53.49601028084618,54.817880294662984,49.67875311690639,178.8111831820433,0.08598758508393523,2080.0,0.9040443107559667,2448.0,2128.0,0.8496732026143791,0.37097193604626344,51.46200786064549,0.9774436090225563
Data/images/Dead_cells_10.png,9,0.9839117202095472,53.377520333626926,57.30619512757761,52.51876785197896,183.05382386916258,0.08368174805447433,2188.0,0.9057329292253261,2550.0,2235.0,0.8580392156862745,0.17865532971140285,52.78113416629597,0.9789709172259508
Data/images/Dead_cells_10.png,10,0.906568363285743,56.883869038001066,60.802960454241045,51.56911605114118,187.9827560572971,0.0821423447923518,2289.0,0.902115983844744,2597.0,2335.0,0.8814016172506739,0.42205900380090217,53.98560287612603,0.9802997858672376
Data/images/Dead_cells_10.png,11,0.9060062612242069,60.128639097198956,64.35060217278468,54.4769235009529,198.95331880577424,0.07831266239156633,2541.0,0.8980765230439173,2860.0,2573.0,0.8884615384615384,0.4232642846054168,56.87971240409051,0.9875631558492033
Data/images/Dead_cells_10.png,12,0.9164194508404819,54.86244559935465,56.08029957123981,50.2770122679264,176.46803743153566,0.0819067242662036,2155.0,0.932421170287411,2496.0,2188.0,0.8633814102564102,0.40021917760301284,52.381592367016445,0.9849177330895795
Data/images/Dead_cells_10.png,13,0.9432914159839442,50.2399494666052,51.478150704935004,47.390913071315815,173.29646455628193,0.09299515135834824,1864.0,0.8830390873218347,2256.0,1925.0,0.8262411347517731,0.3319658183171919,48.71671696026266,0.9683116883116883
Data/images/Dead_cells_10.png,14,0.9752300266406954,56.438002472772204,63.00793600809346,55.04003465506926,196.710678118655,0.0817923817541185,2406.0,0.8837603985171814,2756.0,2458.0,0.8730043541364296,0.2211931172943381,55.34811961243852,0.9788445890968267
Data/images/Dead_cells_10.png,15,0.93809288870544,51.70229815583922,53.85164807134504,48.501558229721155,171.8822509939088,0.08767266054267217,1961.0,0.9131819585839203,2300.0,2000.0,0.8526086956521739,0.34638379315476925,49.968217370901414,0.9805
Data/images/Dead_cells_10.png,17,0.5454233046283288,70.77306183013769,69.12307863514182,38.60127726205874,192.81118318204335,0.09183671501883466,2100.0,0.8424238462879337,2613.0,2198.0,0.8036739380022963,0.8381607356398376,51.708829458264105,0.9554140127388535
Data/images/Dead_cells_10.png,18,0.9593656534925068,50.4141427255331,52.55473337388365,48.365596981145565,169.5391052434012,0.08883369412805932,1909.0,0.9134423171551384,2352.0,1955.0,0.8116496598639455,0.2821658074588395,49.301260540674065,0.9764705882352941
Data/images/Dead_cells_11.png,2,0.9840746971445682,58.96363231319324,62.76941930590086,58.024618611149315,205.78174593052051,0.07725990085621194,2664.0,0.8890464148061864,3024.0,2718.0,0.8809523809523809,0.17775542309540096,58.24010771946145,0.9801324503311258
Data/images/Dead_cells_11.png,3,0.9410061302487226,58.86843779076235,61.741396161732524,55.39556083927294,200.8528137423861,0.0788431064739494,2548.0,0.8908079991989084,3024.0,2617.0,0.8425925925925926,0.33838951348161456,56.95800523179507,0.9736339319831868
Data/images/Dead_cells_11.png,4,0.9852196117284937,53.68631281831196,56.639209034025185,52.89280826999176,178.56854249492397,0.0804906659882461,2219.0,0.9350389337482996,2550.0,2255.0,0.8701960784313726,0.17129599138787543,53.15372564333874,0.9840354767184035
Data/images/Dead_cells_11.png,6,0.9602681107245542,50.005726112030985,52.80151512977634,48.0189041390095,168.81118318204332,0.0898648832483595,1879.0,0.9101423391504994,2208.0,1927.0,0.8509963768115942,0.27907912054737377,48.91234102511728,0.9750908147379346
Data/images/Dead_cells_11.png,7,0.9245874001363019,55.56479280912241,57.8013840664737,51.37450732249877,181.98275605729705,0.08180838662948844,2225.0,0.9187363487743299,2496.0,2258.0,0.891426282051282,0.3809699981746522,53.225538860924054,0.9853852967227635
Data/images/Dead_cells_11.png,8,0.9276885084184385,58.277553366465945,61.326992425847855,54.06341655681274,200.22539674441634,0.08241424027347863,2430.0,0.8726582942445157,2907.0,2494.0,0.8359133126934984,0.3733551008736479,55.6234850913393,0.9743384121892542
Data/images/Dead_cells_11.png,10,0.9835186781488519,55.29936138976957,59.53990258641679,54.38795481654182,190.9533188057743,0.08134326679692196,2348.0,0.8994572393266445,2756.0,2400.0,0.8519593613933236,0.18080655334455098,54.67692795904102,0.9783333333333334
Data/images/Dead_cells_11.png,11,0.9076078929673316,54.818527087522455,57.688820407423826,49.753727865478844,183.39696961967024,0.08608165670953778,2131.0,0.8921821828506843,2499.0,2179.0,0.8527410964385754,0.4198189045569539,52.089091658720946,0.9779715465810005
Data/images/Dead_cells_11.png,12,0.9494036155551097,57.44738373424881,61.71709649683789,54.540753821477615,190.91168824543152,0.07887283133461331,2421.0,0.9135345085005858,2650.0,2453.0,0.9135849056603773,0.31405855309302766,55.5203830840875,0.9869547492865879
Data/images/Dead_cells_11.png,13,0.9671723820583009,56.52925506955072,60.207972893961475,54.67353428159866,192.22539674441643,0.07967892093032805,2413.0,0.9057906368632292,2756.0,2460.0,0.875544267053701,0.2541211982178417,55.42857585619486,0.9808943089430894
Data/images/Dead_cells_11.png,14,0.8922848114614543,57.71479855035388,62.48199740725323,51.49803814303833,196.46803743153572,0.08486740277820118,2316.0,0.8681375128280905,2652.0,2384.0,0.8733031674208145,0.4514729396488757,54.303064237726375,0.9714765100671141
Data/images/Dead_cells_11.png,15,0.9787518732881799,54.563401692762696,60.4648658313239,53.40403161976693,190.66904755831223,0.08476063461138575,2250.0,0.8817952064211527,2550.0,2297.0,0.8823529411764706,0.20504821514676436,53.52372348458314,0.979538528515455
Data/images/Dead_cells_11.png,16,0.8890978506442921,56.72577449109225,60.21627686929839,50.434764176162936,177.98275605729708,0.07972351895063699,2233.0,0.9410717537409412,2550.0,2257.0,0.875686274509804,0.457717174661056,53.3211393669867,0.9893664155959238
Data/images/Dead_cells_11.png,17,0.8563022079440041,55.04935049441173,58.309518948453004,47.138880374248124,179.05382386916256,0.0889266569998324,2014.0,0.8883766779793951,2397.0,2070.0,0.8402169378389653,0.5164750997581813,50.63896171029396,0.9729468599033816
Data/images/Dead_cells_11.png,20,0.9340141381346017,52.11037112695991,53.85164807134504,48.67182337602169,176.6101730552667,0.08890519660471517,1987.0,0.894609489533383,2450.0,2049.0,0.8110204081632653,0.35723604208516885,50.298379450920365,0.969741337237677
Data/images/Dead_cells_11.png,21,0.9632054552929474,41.07216016803886,43.18564576337837,39.56092873452073,142.81118318204327,0.11222882764797114,1273.0,0.8854654298846989,1560.0,1320.0,0.816025641025641,0.268766163967688,40.25958197060499,0.9643939393939394
Data/images/Dead_cells_11.png,22,0.9323915322441955,32.86217245917041,35.22782990761707,30.640411332078898,110.08326112068532,0.14068148386030074,783.0,0.9007946920841241,900.0,809.0,0.87,0.36144990053853876,31.574460621325464,0.9678615574783683
Data/images/Dead_cells_11.png,23,0.9019783566636616,52.84136376948474,55.44366510251645,47.66176645666659,181.19595949289362,0.09247050752380384,1960.0,0.8660222633866927,2350.0,2036.0,0.8340425531914893,0.4317812456676631,49.955475252277594,0.962671905697446
Data/images/Dead_cells_12.png,1,0.9786921412491243,53.299202545785505,56.08029957123981,52.16351066640559,183.63961030678945,0.08468508660677401,2169.0,0.8989142865074935,2499.0,2212.0,0.8679471788715486,0.20533312605912166,52.55146594083335,0.9805605786618445
Data/images/Dead_cells_12.png,2,0.9479033047737563,54.86654160781028,58.25804665451803,52.00817611155016,183.05382386916258,0.08221595502769485,2227.0,0.913771221800793,2548.0,2270.0,0.8740188383045526,0.3185581968793001,53.249455078199695,0.981057268722467
Data/images/Dead_cells_12.png,4,0.9547737209577282,54.182888251769704,58.008620049092706,51.732397828378936,186.710678118655,0.08539248942083467,2187.0,0.8877905472773332,2499.0,2239.0,0.8751500600240096,0.2973333848872973,52.76907128551535,0.9767753461366682
Data/images/Dead_cells_12.png,5,0.9304061053990139,56.18161189948309,59.07622195096772,52.27171472243696,189.1543289325509,0.08251006714615088,2293.0,0.8973116767930405,2597.0,2338.0,0.882941855987678,0.3665303248521732,54.03275188325807,0.9807527801539777
Data/images/Dead_cells_12.png,8,0.8753938725117576,64.6501983775822,70.178344238091,56.594387516405035,209.49747468305847,0.07417152582158204,2825.0,0.8992841298855909,3068.0,2861.0,0.9207953063885267,0.4834103515325967,59.97417539138687,0.987416987067459
Data/images/Dead_cells_12.png,9,0.9672893238244278,57.06483192221417,60.60528029800704,55.19820268419316,197.29646455628188,0.08089235939166949,2440.0,0.8873430031423517,2808.0,2490.0,0.8689458689458689,0.25367570639555725,55.73781919983771,0.9799196787148594
Data/images/Dead_cells_12.png,10,0.9674374413240567,49.370440358074255,53.33854141237835,47.762812497057304,169.15432893255087,0.09175716242611927,1844.0,0.8997946081689938,2162.0,1892.0,0.8529139685476411,0.25311024697621803,48.45465633447048,0.9746300211416491
Data/images/Dead_cells_12.png,11,0.9780919287969113,54.18438474835097,57.201398584300364,52.99730938918854,185.98275605729714,0.08297245418572256,2242.0,0.902405273166961,2550.0,2286.0,0.8792156862745099,0.20817343447794137,53.42848546698881,0.9807524059492564
Data/images/Dead_cells_12.png,12,0.9405201400034414,58.90106140040175,61.85466837676846,55.39763451465715,195.74011537017776,0.07723026844355012,2535.0,0.9117404853288684,2805.0,2576.0,0.9037433155080213,0.33973793760471493,56.812518390788114,0.984083850931677
Data/images/Dead_cells_12.png,13,0.9748664324722708,53.56116602669449,57.4543296888929,52.214982843498646,183.15432893255084,0.0840735960213683,2179.0,0.9033717936581798,2500.0,2222.0,0.8716,0.2227901228483609,52.672468785675115,0.9806480648064807
Data/images/Dead_cells_12.png,14,0.9479952763730917,58.35772455822738,62.76941930590086,55.32284722108153,196.3259018078047,0.07826426223153467,2509.0,0.9043455037018766,2754.0,2547.0,0.911038489469862,0.3182843948017288,56.52042124525014,0.9850804868472713
Data/images/Dead_cells_12.png,15,0.9492495661701658,58.70230561722277,63.25345840347388,55.7231381403372,200.2253967444164,0.07921875242113409,2528.0,0.8900847315767675,2912.0,2580.0,0.8681318681318682,0.3145238641593928,56.73402479192263,0.9798449612403101
Data/images/Dead_cells_12.png,16,0.8861836252573456,52.83924021638962,56.72741841473134,46.82526945080389,176.7106781186551,0.09167869163094947,1928.0,0.8807229875346234,2300.0,1982.0,0.8382608695652174,0.4633342015497537,49.54599723740954,0.9727547931382442
Data/images/Dead_cells_12.png,19,0.9607858680783996,51.33615617048758,53.53503525729669,49.32305337007019,183.6812408671323,0.09272147444075331,1982.0,0.8589786413434601,2448.0,2074.0,0.809640522875817,0.2772913913211803,50.23505526686611,0.9556412729026037
Data/images/Dead_cells_12.png,20,0.8903777061152203,54.70927361160982,58.249463516842795,48.7119175415351,181.29646455628188,0.08743499616893266,2074.0,0.8903640510883154,2397.0,2111.0,0.8652482269503546,0.45522251751533355,51.38773020654568,0.9824727617243013
Data/images/Dead_cells_12.png,21,0.8606220234419196,59.03696502418067,63.52952069707436,50.808512296980204,193.29646455628193,0.08304896436360126,2328.0,0.8847607866732904,2744.0,2385.0,0.8483965014577259,0.5092442761256468,54.44356399193075,0.9761006289308176
Data/images/Dead_cells_12.png,22,0.8925761165396601,52.52422963143588,54.70831746635972,46.88187290866438,178.02438661763983,0.09313334377067216,1912.0,0.8705878165074742,2346.0,1978.0,0.815004262574595,0.45089674669815405,49.339983882583816,0.9666329625884732
Data/images/Dead_cells_12.png,24,0.8781999103136142,53.38997148064787,54.589376255824725,46.88706816595138,180.61017305526678,0.09254940971317796,1952.0,0.8670557068780942,2550.0,2023.0,0.7654901960784314,0.47829375651910594,49.853421059372025,0.9649036085022245
Data/images/Dead_cells_12.png,25,0.8956319227121528,48.78462707803328,51.07837115648854,43.6930693486943,182.61017305526678,0.10974169053802091,1664.0,0.7918749867215451,2115.0,1740.0,0.7867612293144208,0.44479597459838954,46.029019134012735,0.9563218390804598
Data/images/Dead_cells_12.png,26,0.9797262579445549,51.05209234426834,54.20332093147061,50.01707539268988,180.26702730475915,0.09042740271119094,1994.0,0.8780045266307452,2352.0,2047.0,0.8477891156462585,0.20034085827398998,50.38689960894512,0.9741084513922814
Data/images/Dead_cells_12.png,27,0.8343189212294444,44.792707857524555,45.880278987817846,37.37140369863555,143.63961030678948,0.10985821055968603,1308.0,0.89238356349005,1672.0,1359.0,0.7822966507177034,0.5512820853959745,40.809279882320794,0.9624724061810155
Data/images/Dead_cells_12.png,28,0.8219044845707191,58.40299185526592,62.433965115151864,48.00168091819023,190.7106781186551,0.08740177732294001,2183.0,0.8682749961231845,2592.0,2241.0,0.8422067901234568,0.5696253314614272,52.72079216169708,0.9741186970102633
Data/images/Dead_cells_13.png,1,0.978478816159893,54.18247537637487,56.938563381947034,53.016404362887826,183.39696961967022,0.08181885773797466,2242.0,0.9151286421595741,2550.0,2285.0,0.8792156862745099,0.20634729541802885,53.42848546698881,0.9811816192560175
Data/images/Dead_cells_13.png,2,0.9126696336527678,57.052615360680576,58.83026432033091,52.070189560164614,185.63961030678948,0.07999983206498146,2321.0,0.9198670664596769,2646.0,2364.0,0.8771730914588057,0.4086981035044326,54.36164993200917,0.9818104906937394
Data/images/Dead_cells_13.png,3,0.9276931312018248,52.20598744525531,53.53503525729669,48.43113596057205,171.05382386916258,0.0865876101590294,1976.0,0.9211082281799781,2300.0,2015.0,0.8591304347826086,0.3733436142763834,50.158960718865394,0.9806451612903225
Data/images/Dead_cells_13.png,4,0.9812219357545823,52.771041866484225,56.4003546088143,51.78010385201775,175.9827560572971,0.0824468287923622,2135.0,0.9306425320574482,2450.0,2169.0,0.8714285714285714,0.19288212149919673,52.137955732935794,0.9843245735361917
Data/images/Dead_cells_13.png,5,0.9488050678862774,63.22582444722148,69.81403870282824,59.98898265681183,213.74011537017782,0.07273783065175356,2939.0,0.8990456417309293,3248.0,2991.0,0.9048645320197044,0.31586222178873424,61.17230600505954,0.9826145101972584
Data/images/Dead_cells_13.png,6,0.9423611838730105,53.889343033695695,58.309518948453004,50.783225099372245,184.46803743153566,0.08658438743559524,2131.0,0.8870019487479289,2450.0,2179.0,0.8697959183673469,0.33459736868280904,52.089091658720946,0.9779715465810005
Data/images/Dead_cells_13.png,7,0.9179594487212683,52.62851263039322,56.08029957123981,48.310840441216065,172.81118318204332,0.08716831434150987,1983.0,0.9133551592858122,2254.0,2022.0,0.8797692990239574,0.39667423725690226,50.24772648796986,0.9807121661721068
Data/images/Dead_cells_13.png,8,0.9257597041040899,53.89671781475335,56.4003546088143,49.89540953636769,178.22539674441646,0.08480865893143776,2102.0,0.9118009471979093,2500.0,2149.0,0.8408,0.37811237781525786,51.733446850498105,0.9781293624941834
Data/images/Dead_cells_13.png,9,0.9614676461177317,57.292207577049545,60.60528029800704,55.0846039599943,189.7401153701778,0.07730296002044318,2455.0,0.9256084057156435,2703.0,2485.0,0.9082500924898261,0.2749181068406191,55.908881962751,0.9879275653923542
Data/images/Dead_cells_13.png,10,0.7779005194614291,53.6096171679461,55.072679252057455,41.70294904307362,173.2964645562819,0.09968160170047852,1739.0,0.852908763648908,2208.0,1812.0,0.7875905797101449,0.6283874456270111,47.05489951423176,0.9597130242825607
Data/images/Dead_cells_13.png,11,0.9765700969444158,53.34838334029272,56.22277118748239,52.09843589045751,181.15432893255084,0.08365473513394174,2166.0,0.9106160684869837,2499.0,2212.0,0.8667466986794717,0.2151995486844068,52.51511071964299,0.9792043399638336
Data/images/Dead_cells_13.png,12,0.8999272925475424,55.48581366261319,57.706152185014034,49.93319806419292,183.63961030678948,0.08499866248867831,2161.0,0.8972546233581312,2444.0,2207.0,0.8842062193126022,0.4360399845519338,52.454462690725244,0.9791572270049841
Data/images/Dead_cells_13.png,13,0.920241331301157,54.0130923200759,55.362442142665635,49.70507998431894,175.88225099390883,0.0836936716601993,2102.0,0.9239481792390185,2496.0,2139.0,0.8421474358974359,0.3913513666324344,51.733446850498105,0.9827021972884525
Data/images/Dead_cells_13.png,14,0.9310741694250756,54.142517129647715,58.137767414994535,50.41069916706967,178.22539674441637,0.08365425803539844,2131.0,0.9180706659787767,2450.0,2173.0,0.8697959183673469,0.3648299480982966,52.089091658720946,0.98067188219052
Data/images/Dead_cells_13.png,15,0.9544084042621604,55.302438457845355,59.07622195096772,52.781112040358515,183.74011537017782,0.08081817258419961,2274.0,0.919916537994947,2550.0,2309.0,0.8917647058823529,0.2985039327609549,53.80842614988623,0.9848419229103508
Data/images/Dead_cells_13.png,16,0.9236167054797798,54.80301239238264,57.4543296888929,50.61697775622,182.9533188057743,0.08456358622869162,2164.0,0.9012454594168847,2597.0,2221.0,0.8332691567192915,0.38331733767033815,52.49085991681687,0.9743358847366052
Data/images/Dead_cells_13.png,17,0.9028974657561333,58.294947221911144,61.587336360651285,52.63436011305111,189.74011537017776,0.07953892910089196,2386.0,0.9125054818421023,2646.0,2418.0,0.9017384731670446,0.4298559832445618,55.117597496063794,0.9867659222497932
Data/images/Dead_cells_13.png,18,0.9079162631574375,40.35508646309277,42.720018726587654,36.63903930096647,131.15432893255092,0.11321046951450231,1159.0,0.9199629165593592,1443.0,1193.0,0.8031878031878031,0.4191515944073633,38.414640859287665,0.9715004191114837
Data/images/Dead_cells_13.png,19,0.922337704018936,54.06665282211604,57.0087712549569,49.86771242793944,177.53910524340117,0.08432158881187422,2106.0,0.9161962884210205,2400.0,2140.0,0.8775,0.3863847302172766,51.782646525764335,0.9841121495327103
Data/images/Dead_cells_13.png,20,0.8891268512896944,53.239950219129796,54.20332093147061,47.33706930115495,174.3259018078047,0.08878324512747884,1964.0,0.9010698623135123,2295.0,2013.0,0.8557734204793028,0.45766083764691534,50.00642424588925,0.9756582215598609
Data/images/Dead_cells_13.png,21,0.8947283270799453,48.00412931644959,51.478150704935004,42.9506543162363,158.8111831820433,0.098855389469059,1607.0,0.8946727619862109,1935.0,1654.0,0.8304909560723515,0.44661081572295386,45.23379210711176,0.971584038694075
Data/images/Dead_cells_13.png,23,0.9627001943299038,54.95646191928526,58.728187440104094,52.90659656937988,189.39696961967022,0.08382251366216871,2260.0,0.8896887088123406,2499.0,2303.0,0.9043617446978791,0.2705703898011851,53.642533227854436,0.9813287016934433
Data/images/Dead_cells_13.png,24,0.9604939037754355,59.022002611454596,66.21933252457322,56.69027369691998,204.2253967444164,0.07911113567476909,2582.0,0.8819241765823714,2808.0,2635.0,0.9195156695156695,0.2783010255285154,57.336763987045785,0.9798861480075901
Data/images/Dead_cells_13.png,26,0.9644164072279335,51.83384257991639,54.20332093147061,49.98940823374125,181.05382386916258,0.08974167230193933,2018.0,0.8794355190579847,2400.0,2075.0,0.8408333333333333,0.26438796014486915,50.689223719401724,0.9725301204819277
Data/images/Dead_cells_13.png,28,0.9847365378965782,52.54103576155127,55.94640292279746,51.739077653330305,188.95331880577433,0.08927631410620096,2117.0,0.8630968748196586,2500.0,2184.0,0.8468,0.1740515754926093,51.91770522860519,0.9693223443223443
Data/images/Dead_cells_13.png,29,0.8231953130330525,54.09920693859652,56.36488268416781,44.53421359065784,184.50966799187853,0.09830030260622191,1878.0,0.8323729167191106,2346.0,1956.0,0.8005115089514067,0.5677582906487724,48.899323768459574,0.9601226993865031
Data/images/Dead_cells_13.png,30,0.9881234299580111,53.49246416265012,57.38466694161429,52.857157165303825,184.710678118655,0.08405491609495108,2198.0,0.8996578446243544,2601.0,2269.0,0.8450595924644367,0.1536622503024528,52.901611689322735,0.9687086822388717
Data/images/Dead_cells_13.png,31,0.696919382013042,57.269783280606156,61.220911460055866,39.91242197194089,183.68124086713226,0.10316273005736157,1782.0,0.8143500294027429,2401.0,1871.0,0.7421907538525614,0.7171494788219251,47.63310685561105,0.9524318546231961
Data/images/Dead_cells_14.png,1,0.9574506491233304,51.72293631251172,54.037024344425184,49.522158946979026,178.95331880577436,0.08936495321137296,2003.0,0.8864442705010314,2350.0,2058.0,0.8523404255319149,0.28859704519158813,50.50048324624756,0.9732750242954324
Data/images/Dead_cells_14.png,2,0.9865779676144296,55.24062525498383,59.54829972383762,54.49918379381228,190.56854249492395,0.08173645399739393,2332.0,0.8981966469908423,2703.0,2379.0,0.8627450980392157,0.1632908871241105,54.49031673905373,0.980243799915931
Data/images/Dead_cells_14.png,3,0.9603664469527683,53.31521932562552,55.47071299343465,51.20214775225855,181.39696961967022,0.0851429099364798,2131.0,0.9020189754357127,2450.0,2175.0,0.8697959183673469,0.2787405380767507,52.089091658720946,0.9797701149425287
Data/images/Dead_cells_14.png,4,0.8812262585430868,58.780567057417734,61.032778078668514,51.79897918304925,187.63961030678942,0.07905608186508929,2374.0,0.9203966466725304,2750.0,2416.0,0.8632727272727273,0.47269470195270075,54.97882027836971,0.9826158940397351
Data/images/Dead_cells_14.png,6,0.9475769795009044,57.39648993562313,62.42595614005443,54.38759256715182,193.9827560572971,0.0797790483476443,2432.0,0.9011123535687877,2703.0,2481.0,0.8997410284868664,0.3195275698902051,55.646370706416384,0.9802498992341797
Data/images/Dead_cells_14.png,7,0.9689546056932815,53.3505351088638,57.38466694161429,51.694246709934696,181.3969696196702,0.0844689031989151,2148.0,0.9056105864534917,2450.0,2197.0,0.876734693877551,0.24723869459649156,52.296448656587856,0.9776968593536641
Data/images/Dead_cells_14.png,8,0.9795468017278873,49.94836956999531,52.630789467763066,48.92676566381144,170.36753236814735,0.08917431686372539,1911.0,0.9094767893624114,2256.0,1949.0,0.8470744680851063,0.2012164586326535,49.327079479621496,0.9805028219599795
Data/images/Dead_cells_14.png,9,0.9279345458912805,51.62584828421324,54.20332093147061,47.905408083863556,175.6396103067895,0.09107576370587996,1929.0,0.8863235497999649,2250.0,1979.0,0.8573333333333333,0.3727431804091716,49.5588446374018,0.9747347145022739
Data/images/Dead_cells_14.png,10,0.886351665752493,52.479831463697394,54.42425929675111,46.51558603625828,170.02438661763983,0.0890180034647329,1911.0,0.9111930506685376,2346.0,1960.0,0.8145780051150895,0.4630126614011578,49.327079479621496,0.975
Data/images/Dead_cells_14.png,11,0.9658047232265834,55.758797619440365,58.60034129593445,53.85211010229067,194.12489168102817,0.08274718315474347,2346.0,0.8844793736922303,2704.0,2396.0,0.867603550295858,0.25927058566914774,54.653636401878074,0.9791318864774624
Data/images/Dead_cells_14.png,12,0.935078545247556,55.43735832468269,58.7962583843564,51.838284374611774,186.22539674441646,0.08300663995739535,2244.0,0.901631468130887,2550.0,2287.0,0.88,0.3544405651413436,53.452310879752474,0.9811980760822038
Data/images/Dead_cells_14.png,14,0.9844907747386378,55.36695113224199,60.30754513325841,54.50825261509721,194.46803743153575,0.08307049868925064,2342.0,0.8819772999251329,2652.0,2391.0,0.8831070889894419,0.1754363544266513,54.60702348388668,0.9795064826432455
Data/images/Dead_cells_14.png,15,0.9129019424742121,50.36139136086028,52.0,45.975011999033356,171.78174593052046,0.09482845483329863,1812.0,0.878308506083207,2352.0,1878.0,0.7704081632653061,0.40817893555009627,48.03238548167387,0.9648562300319489
Data/images/Dead_cells_14.png,16,0.9691084081323381,48.255215313297626,50.0,46.764534896353084,166.02438661763978,0.0942517096892647,1762.0,0.8961369223794604,2254.0,1818.0,0.7817213842058562,0.24663514203617856,47.36505122791864,0.9691969196919692
Data/images/Dead_cells_14.png,17,0.9043799907247718,53.18961164716194,55.569775957799216,48.10362048811453,187.68124086713226,0.09424114530109579,1992.0,0.8428964432055117,2500.0,2077.0,0.7968,0.42672805435858285,50.36162401186487,0.9590755897929706
Data/images/Dead_cells_14.png,18,0.971677191508913,58.32587241403374,62.48199740725323,56.67391989957549,196.56854249492392,0.07685964515930555,2558.0,0.9120081843706797,2808.0,2590.0,0.9109686609686609,0.23631215690555588,57.06966580796269,0.9876447876447877
Data/images/Dead_cells_14.png,19,0.9327351667523257,55.04597134274264,57.38466694161429,51.343313259416796,185.6396103067895,0.08398082348192241,2211.0,0.8977998811035095,2597.0,2260.0,0.8513669618790912,0.36056221197390087,53.05782348918437,0.9783185840707964
Data/images/Dead_cells_14.png,20,0.9274602868170129,34.06988182856719,37.64306044943742,31.59846237254466,111.94112549695436,0.13478762853335866,831.0,0.912609701556489,930.0,853.0,0.8935483870967742,0.37392167144644706,32.52786592561707,0.9742086752637749
Data/images/Dead_cells_14.png,22,0.9879593247438583,47.063105360881394,49.39635614091387,46.496433792685444,176.7523086789978,0.10339415541327744,1710.0,0.829228823426921,2208.0,1790.0,0.7744565217391305,0.1547138411767334,46.66090035026251,0.9553072625698324
Data/images/Dead_cells_14.png,23,0.9376255660020669,54.53071558634956,58.59180830116101,51.129393066148744,183.6396103067895,0.08445141885803151,2175.0,0.9001570257458285,2600.0,2225.0,0.8365384615384616,0.3476468006170954,52.62410103554244,0.9775280898876404
Data/images/Dead_cells_14.png,25,0.8877489728113719,40.44854413090971,42.485291572496,35.90815350393054,133.2964645562819,0.11708077694886421,1139.0,0.8973313042385949,1443.0,1180.0,0.7893277893277894,0.4603278845261854,38.08175207961617,0.9652542372881356
Data/images/Dead_cells_15.png,1,0.9440563012236353,50.70064511001402,52.478567053607705,47.864263492212025,170.2253967444164,0.08956874335407335,1901.0,0.9078508696231382,2254.0,1945.0,0.8433895297249334,0.32978432364190774,49.197849287764036,0.9773778920308483
Data/images/Dead_cells_15.png,2,0.9375062150694113,55.804402552923584,57.4543296888929,52.316974221601185,187.05382386916258,0.08209516079401474,2279.0,0.9046130689932282,2597.0,2322.0,0.8775510204081632,0.34796852832723846,53.86754980924449,0.9814814814814815
Data/images/Dead_cells_15.png,3,0.9661541050588214,55.42957138761452,59.36328831862332,53.55350793779476,188.32590180780466,0.08136785560933447,2315.0,0.9055730071661778,2600.0,2359.0,0.8903846153846153,0.2579655893292521,54.2913395125033,0.9813480288257737
Data/images/Dead_cells_15.png,4,0.9827384562522454,53.70648400061061,56.72741841473134,52.77942717749599,183.63961030678948,0.08288856253973798,2216.0,0.9086035863713963,2550.0,2263.0,0.8690196078431373,0.185000342169824,53.11778262628365,0.9792311091471498
Data/images/Dead_cells_15.png,5,0.9915099465529853,51.80236158309931,56.08029957123981,51.36255676457722,180.1248916810281,0.08707995730289006,2069.0,0.8950740412014208,2401.0,2111.0,0.8617242815493544,0.13003086513013398,51.325750048655415,0.980104216011369
Data/images/Dead_cells_15.png,7,0.9196964338764602,59.54037019438012,65.80273550544841,54.759066139455676,198.81118318204327,0.07881513703946215,2523.0,0.8955291140816313,2860.0,2570.0,0.8821678321678321,0.39263019434949636,56.677891380738714,0.9817120622568093
Data/images/Dead_cells_15.png,8,0.9509277531042611,56.04013166798854,60.207972893961475,53.2901164907073,190.71067811865504,0.08211439316196127,2323.0,0.8957932445013675,2650.0,2370.0,0.8766037735849057,0.3094130061521003,54.38506653870879,0.9801687763713081
Data/images/Dead_cells_15.png,9,0.9363964425114965,57.72568531866368,60.90155991434045,54.054126373934785,189.0538238691626,0.07775193249811335,2432.0,0.924605777789102,2754.0,2472.0,0.8830791575889615,0.35094401612196496,55.646370706416384,0.9838187702265372
Data/images/Dead_cells_15.png,10,0.9859866803388723,54.98698362769624,59.405386961116584,54.21643344892013,189.9827560572971,0.08187147427593067,2321.0,0.8988382277185367,2652.0,2371.0,0.8751885369532428,0.16682405760059754,54.36164993200917,0.9789118515394348
Data/images/Dead_cells_15.png,11,0.9497693939632578,51.723499081425835,53.71219600798314,49.125396376224934,178.46803743153575,0.08988568996803614,1986.0,0.8850736877839436,2350.0,2033.0,0.8451063829787234,0.3129506323538358,50.285720993578614,0.9768814559763895
Data/images/Dead_cells_15.png,12,0.9596501752655779,54.16906037911009,57.4543296888929,51.983348286784675,181.98275605729708,0.08281354086793952,2198.0,0.9131437184246819,2499.0,2235.0,0.8795518207282913,0.28119662357991776,52.901611689322735,0.9834451901565996
Data/images/Dead_cells_15.png,13,0.704608996676436,65.58731973502424,65.19202405202648,46.21341555319203,196.32590180780466,0.08424196601922534,2331.0,0.8716695691892932,2604.0,2380.0,0.8951612903225806,0.7095957735236499,54.47863231375825,0.9794117647058823
Data/images/Dead_cells_15.png,14,0.9518801508771378,57.14110849577472,61.07372593840988,54.39148697624495,190.22539674441646,0.07858929838645588,2421.0,0.9168303406018603,2703.0,2457.0,0.8956714761376249,0.30647051793951746,55.5203830840875,0.9853479853479854
Data/images/Dead_cells_15.png,15,0.9002688498031481,50.99791889967201,52.43090691567332,45.91183779016195,172.26702730475915,0.09431537218984898,1827.0,0.8794529516332013,2300.0,1880.0,0.7943478260869565,0.43533435204922294,48.23078527487545,0.9718085106382979
Data/images/Dead_cells_15.png,17,0.9661864530681993,56.051599958659025,59.464274989274024,54.156296552854386,192.12489168102815,0.08125391908692245,2365.0,0.8972034926254792,2756.0,2416.0,0.8581277213352685,0.257844406391708,54.87450704378728,0.9788907284768212
Data/images/Dead_cells_15.png,18,0.9277475336418348,54.15921432327568,57.688820407423826,50.24607751239855,191.5391052434012,0.09022096337418803,2123.0,0.85275146615102,2448.0,2188.0,0.8672385620915033,0.37320840534678845,51.991225735433,0.970292504570384
Data/images/Dead_cells_15.png,19,0.8895241955017812,49.96295838541089,51.894122981316485,44.4432603626716,172.1248916810281,0.09960931231540977,1729.0,0.8561170003079602,2068.0,1785.0,0.836073500967118,0.4568880668357488,46.91941147166166,0.9686274509803922
Data/images/Dead_cells_15.png,20,0.9388774063099503,55.75970619554698,58.309518948453004,52.35152832948001,195.296464556282,0.08575036863063973,2278.0,0.8662430106392682,2704.0,2340.0,0.8424556213017751,0.34425167526201195,53.855730269923,0.9735042735042735
Data/images/Dead_cells_15.png,21,0.9312669746150751,55.573072425034,59.20304046246274,51.75336702732587,192.1248916810282,0.08563623431291652,2244.0,0.873945465373061,2652.0,2305.0,0.8461538461538461,0.3643375110955293,53.452310879752474,0.9735357917570499
Data/images/Dead_cells_15.png,23,0.8463604359565499,51.669790294956414,54.08326913195984,43.73126623982282,171.7817459305205,0.09771430371474431,1759.0,0.8652415266728689,2162.0,1813.0,0.8135985198889917,0.532610563589795,47.32471192927804,0.9702151130722559
Data/images/Dead_cells_15.png,25,0.8968243089641927,56.92865246224828,61.07372593840988,51.0549994047185,201.78174593052066,0.08932348204095647,2259.0,0.8349898032619136,2754.0,2344.0,0.8202614379084967,0.44238688819956995,53.63066409766648,0.9637372013651877
Data/images/Dead_cells_15.png,26,0.9676511500481645,44.5212482730834,47.43416490252569,43.081037093029,159.05382386916256,0.10707090129193036,1486.0,0.8590078754309733,1936.0,1560.0,0.7675619834710744,0.25229199711934064,43.49751675068879,0.9525641025641025
Data/images/Dead_cells_16.png,1,0.919915414161313,54.456667075005456,55.71355310873648,50.09552744614838,180.32590180780463,0.08464017921042226,2131.0,0.9073766277784743,2444.0,2172.0,0.8719312602291326,0.3921168585873586,52.089091658720946,0.9811233885819521
Data/images/Dead_cells_16.png,2,0.9432164438554953,57.60403262096431,60.03332407921454,54.3330708004819,193.29646455628188,0.07972632070789105,2425.0,0.9030090762853242,2805.0,2472.0,0.8645276292335116,0.33217877722785843,55.566229816164146,0.9809870550161812
Data/images/Dead_cells_16.png,3,0.9394174318514609,54.265588619483545,56.22277118748239,50.97803989882309,181.9827560572971,0.08415387563343218,2163.0,0.9058426235102189,2496.0,2212.0,0.8665865384615384,0.34277527439067623,52.478730312976865,0.9778481012658228
Data/images/Dead_cells_16.png,4,0.9313775475765879,54.63015911766903,58.249463516842795,50.881303622733355,184.2253967444164,0.08538836465558118,2158.0,0.8937804145622462,2500.0,2202.0,0.8632,0.36405475394536496,52.41804019169814,0.9800181653042689
Data/images/Dead_cells_16.png,5,0.9609886002427193,54.794883026103896,58.728187440104094,52.657257939719116,186.91168824543163,0.08323833811865136,2246.0,0.8987212312577422,2499.0,2288.0,0.8987595038015206,0.27658797913781347,53.4761256774944,0.9816433566433567
Data/images/Dead_cells_16.png,6,0.9573153099763838,50.37144304436022,53.823786563191554,48.22135361196947,172.95331880577424,0.09114799410053978,1898.0,0.8928261959229419,2256.0,1954.0,0.8413120567375887,0.2890456664349395,49.15901398428714,0.9713408393039918
Data/images/Dead_cells_16.png,7,0.9420755977561739,58.92054153350937,63.702433234531945,55.50760438529831,199.15432893255092,0.07910797574282062,2518.0,0.8930996531528014,2860.0,2567.0,0.8804195804195805,0.3354006083959108,56.621702320251195,0.9809115699259836
Data/images/Dead_cells_16.png,8,0.945500761782017,55.521491701755096,57.271284253105414,52.495612699283384,186.8111831820433,0.08198866937987417,2279.0,0.9057880304323607,2650.0,2321.0,0.86,0.32561988494197486,53.86754980924449,0.981904351572598
Data/images/Dead_cells_16.png,9,0.9492802354176858,55.14136958956814,57.8013840664737,52.34461230523887,190.71067811865498,0.08447870570040088,2258.0,0.8831689686252973,2652.0,2313.0,0.8514328808446455,0.314431287637449,53.618792340111476,0.9762213575443147
Data/images/Dead_cells_16.png,10,0.9101913146300495,52.64888314134242,54.120236510939236,47.920556160222304,171.78174593052051,0.08686813953502934,1978.0,0.9176692212411074,2444.0,2024.0,0.809328968903437,0.41418808622655734,50.18433838844697,0.9772727272727273
Data/images/Dead_cells_16.png,11,0.9659460685046942,54.757978994850376,58.89821729050889,52.89325452933835,187.63961030678948,0.08352531061953683,2247.0,0.8954340833960572,2499.0,2283.0,0.8991596638655462,0.258743488305166,53.48802910016325,0.9842312746386334
Data/images/Dead_cells_16.png,12,0.9307777350463514,58.283127041206356,62.26556030423239,54.248636978832806,191.7401153701777,0.07824530315044999,2451.0,0.9152069323607931,2700.0,2481.0,0.9077777777777778,0.3655855685636188,55.86331644420947,0.9879081015719468
Data/images/Dead_cells_16.png,13,0.9345167412738143,60.2011298072984,63.655321851358195,56.25896364851839,203.88225099390883,0.07741873969770603,2634.0,0.8922615398730258,3021.0,2687.0,0.871896722939424,0.35591917661032024,57.91125072757813,0.9802754000744325
Data/images/Dead_cells_16.png,14,0.9551459948176677,57.32207571611788,60.802960454241045,54.750951034885084,193.39696961967013,0.07966919448802065,2428.0,0.9030980126170771,2700.0,2469.0,0.8992592592592593,0.2961353214052084,55.60059005637418,0.9833940866747671
Data/images/Dead_cells_16.png,15,0.9536862426395285,55.5780056161807,60.21627686929839,53.00397934949398,193.88225099390877,0.08468322821310713,2290.0,0.8748572650225007,2601.0,2341.0,0.8804306036139946,0.3008031758477656,53.99739398752057,0.9782144382742418
Data/images/Dead_cells_16.png,17,0.9463314170003627,53.3045331326091,56.356011214421486,50.44375437192476,180.56854249492406,0.08604648200854137,2099.0,0.8993263664488034,2400.0,2145.0,0.8745833333333334,0.32319784838096544,51.69651636618377,0.9785547785547786
Data/images/Dead_cells_16.png,18,0.9703569907983607,55.7481556153599,58.66856057549052,54.09561252547937,189.39696961967024,0.08050880748976419,2353.0,0.9078136783308458,2652.0,2395.0,0.8872549019607843,0.2416760443419005,54.73511348998774,0.9824634655532359
Data/images/Dead_cells_16.png,20,0.9782835573993165,54.410273410901425,58.180752831155424,53.22867583148609,185.296464556282,0.08189898985913016,2263.0,0.9099805145609622,2601.0,2303.0,0.8700499807766243,0.20727103348548048,53.678124871642765,0.9826313504125054
Data/images/Dead_cells_16.png,21,0.9039288543304175,49.6693581681097,51.03920062069938,44.89756602422657,165.6396103067895,0.09473240509396026,1749.0,0.8948980263062072,2162.0,1799.0,0.8089731729879741,0.4276828571604184,47.18999855628097,0.9722067815453029
Data/images/Dead_cells_16.png,22,0.8805635962393886,51.67560817517936,54.589376255824725,45.50365937259349,176.02438661763978,0.09637250841370916,1827.0,0.860680434929381,2160.0,1886.0,0.8458333333333333,0.47392800400267304,48.23078527487545,0.9687168610816543
Data/images/Dead_cells_16.png,23,0.9345524886532899,50.28561415949187,52.32590180780452,46.99454585621224,171.2964645562819,0.09261771535889803,1850.0,0.8899870765467877,2304.0,1904.0,0.8029513888888888,0.35582530257408757,48.53342309955121,0.9716386554621849
Data/images/Dead_cells_16.png,24,0.8605592534300665,54.92046319921736,58.249463516842795,47.26231280875193,182.36753236814752,0.0900358096115268,2026.0,0.8748297310706712,2448.0,2092.0,0.8276143790849673,0.5093503424322852,50.78959851813597,0.9684512428298279
Data/images/Dead_cells_16.png,25,0.9487934942736124,44.374789931277284,45.803929962395145,42.102511996554085,158.3675323681475,0.10824848418875427,1464.0,0.8561718514481913,1892.0,1531.0,0.773784355179704,0.3158969851455824,43.17432910297829,0.9562377531025473
Data/images/Dead_cells_16.png,57,0.9356301281132137,34.51037068262766,37.64306044943742,32.288942543021406,113.94112549695436,0.13195266415397147,864.0,0.9142302727530313,960.0,880.0,0.9,0.35298195898211604,33.16743834924821,0.9818181818181818
Data/images/Dead_cells_17.png,1,0.9223435595659691,56.62761855030182,58.728187440104094,52.23011926342929,187.74011537017776,0.08182179793862618,2295.0,0.9044652435541043,2592.0,2343.0,0.8854166666666666,0.3863707521632278,54.05631096520737,0.9795134443021767
Data/images/Dead_cells_17.png,2,0.9812110753944713,53.74759994188865,58.412327466040935,52.73774033885238,188.56854249492397,0.085888655201514,2196.0,0.8808509122419392,2499.0,2252.0,0.8787515006002401,0.1929373616571613,52.877538144645285,0.9751332149200711
Data/images/Dead_cells_17.png,3,0.9680756428289892,49.363813440964044,51.42956348249516,47.78790542935156,170.71067811865504,0.09240090831862248,1848.0,0.8925580433904621,2254.0,1896.0,0.8198757763975155,0.2506582329811606,48.50718172261279,0.9746835443037974
Data/images/Dead_cells_17.png,4,0.9395162003201903,52.71835467026086,56.22277118748239,49.52974826693564,181.53910524340117,0.08909894735872449,2038.0,0.8814213180029296,2400.0,2090.0,0.8491666666666666,0.3425044661546952,50.93978987167361,0.9751196172248804
Data/images/Dead_cells_17.png,5,0.9302219757365326,53.66166553964111,56.72741841473134,49.91726053959797,182.2253967444164,0.0869603420398074,2096.0,0.890512172266218,2448.0,2148.0,0.8562091503267973,0.36699737854216896,51.65955948094119,0.9757914338919925
Data/images/Dead_cells_17.png,6,0.98564608298151,53.44816830066519,57.38466694161429,52.68097772808715,182.9116882454316,0.08340706258341614,2194.0,0.9075755543960633,2450.0,2232.0,0.8955102040816326,0.168824758561076,52.85345363501752,0.9829749103942652
Data/images/Dead_cells_17.png,8,0.9771852591600292,53.313946496944105,56.824290580701486,52.09760262446026,185.9827560572971,0.08568659574167109,2171.0,0.8879983277185403,2500.0,2220.0,0.8684,0.21238872211194507,52.57568878883127,0.9779279279279279
Data/images/Dead_cells_17.png,9,0.9767948976012393,54.72251466959354,57.30619512757761,53.45267311316793,186.22539674441637,0.081588344685396,2283.0,0.9094344821853071,2600.0,2324.0,0.8780769230769231,0.21417686154246687,53.91480205500505,0.9823580034423408
Data/images/Dead_cells_17.png,10,0.9939624830678018,53.38422095961411,57.8013840664737,53.06191282165823,184.2253967444164,0.08322809882286714,2214.0,0.9053055747047809,2550.0,2255.0,0.8682352941176471,0.10972047326588764,53.09380709690773,0.9818181818181818
Data/images/Dead_cells_17.png,11,0.9382857557417571,58.76604791722524,62.12889826803627,55.13934568196999,198.46803743153572,0.07855453688166861,2527.0,0.8977884380434757,2860.0,2581.0,0.8835664335664336,0.34586101337404235,56.72280255369754,0.9790778767919411
Data/images/Dead_cells_17.png,12,0.9632107080528458,54.84808155521067,58.137767414994535,52.830259470134706,186.8111831820433,0.08256847875449427,2263.0,0.9026021316879081,2600.0,2305.0,0.8703846153846154,0.26874733839115783,53.678124871642765,0.9817787418655097
Data/images/Dead_cells_17.png,14,0.9464499601382917,54.672357981438516,57.245087125446844,51.7446510321989,193.58073580374398,0.08779171691779772,2206.0,0.859898304489413,2704.0,2273.0,0.8158284023668639,0.32285054275039643,52.997796517268235,0.970523537175539
Data/images/Dead_cells_17.png,16,0.930769557223195,46.73971156658304,49.040799340956916,43.50390063956834,157.29646455628193,0.09908438712206737,1588.0,0.8979307359251663,1935.0,1639.0,0.820671834625323,0.36560638854721533,44.96559125642004,0.9688834655277608
Data/images/Dead_cells_17.png,17,0.8977781325248626,55.43888289263893,57.688820407423826,49.77181675261793,177.9827560572971,0.08268653010791968,2153.0,0.9240566239553619,2444.0,2185.0,0.8809328968903437,0.4404479819004408,52.35727972130337,0.9853546910755149
Data/images/Dead_cells_17.png,18,0.9915359807603661,52.24581395575032,56.43580423808985,51.803604381238515,182.12489168102812,0.0861721749141368,2114.0,0.8948222030281625,2450.0,2159.0,0.8628571428571429,0.12983219499637538,51.88090590544978,0.9791570171375636
Data/images/Dead_cells_17.png,19,0.9782300378344373,54.38682075833783,58.249463516842795,53.202821728123574,187.39696961967022,0.08286401486609339,2262.0,0.8995818083106025,2601.0,2311.0,0.8696655132641292,0.20752347596943302,53.66626361310184,0.9787970575508438
Data/images/Dead_cells_17.png,20,0.9324057952683183,54.413360086792416,58.008620049092706,50.735332284947056,181.1543289325509,0.084277426812073,2150.0,0.9072457453122125,2448.0,2193.0,0.8782679738562091,0.3614131056700277,52.320789569544914,0.9803921568627451
Data/images/Dead_cells_17.png,21,0.9638364452263181,57.80654530895807,60.30754513325841,55.71605514140023,191.63961030678945,0.0764265644294275,2508.0,0.9262753862914855,2860.0,2553.0,0.8769230769230769,0.2664944780919414,56.509156587192024,0.982373678025852
Data/images/Dead_cells_17.png,22,0.9855952833136068,58.8261005265816,62.433965115151864,57.9787272147309,198.2253967444164,0.07459093010137964,2658.0,0.9218967264574331,2970.0,2700.0,0.8949494949494949,0.16912107352417438,58.17448504203593,0.9844444444444445
Data/images/Dead_cells_17.png,23,0.8747695454805862,53.23531003344257,56.22277118748239,46.56862796147264,179.78174593052051,0.09303065766133015,1933.0,0.8668003731173266,2352.0,1996.0,0.8218537414965986,0.48453920615331925,49.6102009668684,0.968436873747495
Data/images/Dead_cells_17.png,24,0.9384208448225622,51.88403218423852,54.20332093147061,48.689057315134114,172.4680374315357,0.08717110812814541,1979.0,0.9142486714118994,2350.0,2019.0,0.8421276595744681,0.3454943096528643,50.197022412000564,0.9801882119861317
Data/images/Dead_cells_17.png,25,0.9390109229782176,55.76013057932014,59.405386961116584,52.35937168067334,190.568542494924,0.08382165933359315,2274.0,0.886954208754723,2548.0,2314.0,0.8924646781789639,0.3438873166134425,53.80842614988623,0.982713915298185
Data/images/Dead_cells_17.png,26,0.9282229426643276,56.18268993531268,59.405386961116584,52.15006177855343,186.9116882454316,0.0819967923866776,2280.0,0.9054996151944448,2548.0,2316.0,0.8948194662480377,0.37202441950976173,53.87936675570873,0.9844559585492227
Data/images/Dead_cells_17.png,27,0.9472943990724152,53.62466604773862,56.08029957123981,50.798345799151505,176.81118318204324,0.08306844406015657,2129.0,0.9249793321171329,2450.0,2164.0,0.8689795918367347,0.3203643573901949,52.064642424020946,0.9838262476894639
Data/images/Dead_cells_17.png,28,0.8560582952527187,58.15317780385191,60.53924347066124,49.782510254293705,193.1959594928938,0.08622894866899969,2241.0,0.8685190863108773,2800.0,2322.0,0.8003571428571429,0.5168792848712448,53.41656877553537,0.9651162790697675
Data/images/Dead_cells_17.png,31,0.9560673221923475,46.734086461165255,51.088159097779204,44.6809328980319,173.63961030678954,0.10775030115221193,1613.0,0.8195421305463576,1892.0,1677.0,0.8525369978858351,0.2931471907352268,45.31815735064498,0.9618366129994037
Data/images/Dead_cells_17.png,33,0.8439624785598518,52.782710401763275,43.18564576337837,44.54662709577901,249.23759005323646,0.5607144883087435,445.0,0.2998660309736373,1560.0,1276.0,0.28525641025641024,0.5364022136262229,23.803184606416586,0.3487460815047022
Data/images/Dead_cells_17.png,65,0.9478342454755463,32.73644690552375,35.805027579936315,31.028725452247386,109.94112549695431,0.13996324060719836,786.0,0.9036866114692639,870.0,801.0,0.903448275862069,0.3187636163425857,31.634890266315733,0.9812734082397003
Data/images/Dead_cells_18.png,1,0.9481550717752706,57.70165399255172,60.74537019394976,54.7101158828597,193.98275605729708,0.07883875474793622,2461.0,0.9064701164643758,2754.0,2506.0,0.8936092955700798,0.3178080550691464,55.97716069606635,0.9820430965682362
Data/images/Dead_cells_18.png,2,0.9431785422825372,57.92604204884424,62.625873247404705,54.634599899825865,192.56854249492397,0.07829580910547834,2460.0,0.9129416107047872,2754.0,2500.0,0.8932461873638344,0.33228637856191207,55.965786691946896,0.984
Data/images/Dead_cells_18.png,3,0.9755206622174358,52.522820604920575,56.60388679233962,51.2370967380397,177.74011537017776,0.08465830691601703,2100.0,0.9138552554962363,2401.0,2136.0,0.8746355685131195,0.21990779337453084,51.708829458264105,0.9831460674157303
Data/images/Dead_cells_18.png,4,0.9392343379105237,57.41415960028381,60.8276253029822,53.9253501788617,192.71067811865504,0.07988007383156685,2413.0,0.9035096873625544,2808.0,2463.0,0.8593304843304843,0.3432766500794655,55.42857585619486,0.9796995533901746
Data/images/Dead_cells_18.png,6,0.9643059806917842,55.29286563887198,59.665735560705194,53.3192410251515,186.568542494924,0.08145319471509452,2291.0,0.9093512357276707,2550.0,2323.0,0.8984313725490196,0.2647904371423879,54.009182524717566,0.9862247094274645
Data/images/Dead_cells_18.png,7,0.9468480562028863,53.79032296143453,55.94640292279746,50.93126273855977,179.98275605729708,0.08392760832702126,2145.0,0.9120886668992725,2499.0,2194.0,0.858343337334934,0.32168114409274257,52.25991602994521,0.9776663628076573
Data/images/Dead_cells_18.png,8,0.9199503085684335,57.54291638266845,59.682493245507096,52.93662368216341,188.2253967444164,0.07936976459810938,2372.0,0.9171455755059995,2646.0,2403.0,0.8964474678760394,0.39203498538376247,54.95565667073596,0.9870994590095714
Data/images/Dead_cells_18.png,9,0.959879219862214,52.11323243320008,55.60575509783138,50.022408892478325,176.91168824543152,0.0875583708217924,2021.0,0.9006951671623052,2256.0,2055.0,0.8958333333333334,0.2804137715532289,50.72688754408025,0.9834549878345499
Data/images/Dead_cells_18.png,10,0.9584455544705133,55.498202814159924,59.682493245507096,53.192005768334504,190.22539674441646,0.08250938917563065,2306.0,0.8947856215341727,2652.0,2355.0,0.8695324283559578,0.285275514399169,54.18570282057145,0.9791932059447983
Data/images/Dead_cells_18.png,11,0.9785466889634934,54.08964156017879,56.43580423808985,52.92923965593512,182.22539674441646,0.0814779328166405,2237.0,0.9199844331534686,2550.0,2269.0,0.8772549019607843,0.20602518661218486,53.368875401047745,0.9858968708682239
Data/images/Dead_cells_18.png,12,0.9256579268380152,56.19638089406726,59.405386961116584,52.018625434201745,188.32590180780474,0.08279881372073192,2275.0,0.8977136872796595,2597.0,2324.0,0.876010781671159,0.3783614706625787,53.820256077730576,0.9789156626506024
Data/images/Dead_cells_18.png,14,0.8884000117354297,57.40184534287969,59.09314681077663,50.99580007624963,182.568542494924,0.07991619281896432,2285.0,0.9280568160853729,2592.0,2322.0,0.8815586419753086,0.4590701680010227,53.93841265480332,0.9840654608096469
Data/images/Dead_cells_18.png,15,0.9268042873870519,54.253752272913374,55.47071299343465,50.28261021337113,186.99494936611705,0.08748301724730623,2138.0,0.8764519610162824,2597.0,2200.0,0.823257604928764,0.3755446882609011,52.17457375622515,0.9718181818181818
Data/images/Dead_cells_18.png,17,0.8832219814859349,58.921051498054055,62.48199740725323,52.04036785534612,195.29646455628193,0.08214362336752132,2378.0,0.8850561281083146,2754.0,2429.0,0.8634713144517067,0.46895514862304477,55.02511824049283,0.9790037052284891
Data/images/Dead_cells_18.png,19,0.9655006133437054,52.82138537708041,55.47071299343465,50.99907997923537,177.98275605729705,0.08461267224021728,2104.0,0.9134783582056852,2400.0,2137.0,0.8766666666666667,0.2604007788639123,51.758052534101225,0.9845577912962097
Data/images/Dead_cells_18.png,20,0.8814064414392432,55.6424430539346,56.64803615307419,49.043607725154224,182.61017305526673,0.08587358243840429,2127.0,0.8951847136645051,2538.0,2191.0,0.8380614657210402,0.4723586402188637,52.04018170271594,0.9707895937927887
Data/images/Dead_cells_18.png,22,0.9131263128582374,52.13688085925782,53.71219600798314,47.60755778294331,176.02438661763986,0.090477710931709,1946.0,0.8882755535532378,2444.0,2003.0,0.7962356792144026,0.40767675524356256,49.77674310413073,0.9715426859710434
Data/images/Dead_cells_18.png,24,0.9082695310667686,56.26297483342044,58.137767414994535,51.10194576837218,183.53910524340125,0.08159106701195877,2250.0,0.916050298528146,2704.0,2303.0,0.8321005917159763,0.4183855386312394,53.52372348458314,0.9769865392965696
Data/images/Dead_cells_19.png,1,0.9450969059571868,55.54253196603705,58.728187440104094,52.493075110129766,193.29646455628193,0.08500284281278889,2275.0,0.8745330996185452,2652.0,2342.0,0.8578431372549019,0.32679020540731063,53.820256077730576,0.9713919726729291
Data/images/Dead_cells_19.png,2,0.962887227638315,58.55276449705068,61.554853586049575,56.37970907712429,202.36753236814747,0.07872691397321434,2571.0,0.888122555899627,2968.0,2641.0,0.8662398921832885,0.26990403266902074,57.21449877010287,0.9734948882998864
Data/images/Dead_cells_19.png,3,0.9357604161160884,58.23963395359139,60.8276253029822,54.49834410286134,191.6396103067895,0.07741450628430196,2476.0,0.9203459770124423,2805.0,2519.0,0.8827094474153298,0.35263641846844146,56.14749426968458,0.9829297340214371
Data/images/Dead_cells_19.png,4,0.9006736268326418,56.37663212428059,58.52349955359813,50.77694572398543,182.0832611206854,0.0818167877423884,2226.0,0.918435597854618,2444.0,2259.0,0.9108019639934534,0.43449628068389223,53.23749831256604,0.9853917662682603
Data/images/Dead_cells_19.png,5,0.9735009196527701,53.1705492825409,56.302753041036986,51.761578624996496,181.9827560572971,0.08478115819114704,2147.0,0.9024853078184615,2450.0,2190.0,0.8763265306122449,0.2286830982718456,52.28427395064786,0.9803652968036529
Data/images/Dead_cells_19.png,7,0.9744778798876141,52.03558808027631,54.56189146281496,50.70752955117286,179.78174593052054,0.08708246351684211,2065.0,0.8959149463747693,2450.0,2116.0,0.8428571428571429,0.22448354418473626,51.27611198090307,0.975897920604915
Data/images/Dead_cells_19.png,8,0.9138070772903875,46.260418556968574,47.75981574503821,42.27309787577345,156.36753236814744,0.10203427886991676,1533.0,0.8874800332635874,1978.0,1588.0,0.7750252780586451,0.4061485263964393,44.1800432557394,0.9653652392947103
Data/images/Dead_cells_19.png,9,0.8655479293156493,59.28965133465055,61.05735008989499,51.3180349425536,192.12489168102812,0.08104825635141452,2371.0,0.8983411137408797,2856.0,2431.0,0.8301820728291317,0.5008260996168149,54.94407120488134,0.9753187988482106
Data/images/Dead_cells_19.png,10,0.9497897318736153,52.845014856038155,55.97320787662612,50.191652490973695,178.46803743153575,0.0863206952510451,2068.0,0.9031652996343376,2401.0,2110.0,0.861307788421491,0.31288890237182676,51.31334503335674,0.9800947867298578
Data/images/Dead_cells_19.png,11,0.9274465785106166,56.220959343386035,61.220911460055866,52.14193638360786,187.74011537017776,0.08236021731527869,2280.0,0.901503983034556,2548.0,2316.0,0.8948194662480377,0.3739556711816908,53.87936675570873,0.9844559585492227
Data/images/Dead_cells_19.png,12,0.9167558839376073,56.30875908683416,59.682493245507096,51.62138621008043,186.22539674441643,0.08194736930447367,2273.0,0.9074401059204056,2652.0,2325.0,0.8570889894419306,0.3994479306064512,53.79659362062829,0.9776344086021506
Data/images/Dead_cells_19.png,13,0.9776814732647104,57.38621852268041,61.61980201201558,56.1054426703448,195.15432893255092,0.07839097366240246,2490.0,0.9063225965846877,2756.0,2529.0,0.9034833091436865,0.21009268629571268,56.30600737390776,0.9845788849347569
Data/images/Dead_cells_19.png,14,0.927186612460849,57.275912009526465,61.05735008989499,53.1054588317185,190.08326112068542,0.08028860026216914,2368.0,0.9074152037692321,2652.0,2421.0,0.8929110105580694,0.374599767316232,54.90930014062158,0.9781082197439075
Data/images/Dead_cells_19.png,15,0.9099585351636581,52.73781079309951,54.20332093147061,47.98922105702699,174.4680374315357,0.0879596861263099,1984.0,0.9049095230393622,2397.0,2034.0,0.8277012932832708,0.41469924557781335,50.26039451451374,0.9754178957718781
Data/images/Dead_cells_19.png,16,0.9907211253566833,54.18811687306258,58.05170109479997,53.685312129440035,185.15432893255087,0.08161971740469512,2269.0,0.911885801202682,2550.0,2315.0,0.8898039215686274,0.13591045497675772,53.74923745509404,0.9801295896328294
Data/images/Dead_cells_19.png,17,0.9499129326023247,55.056466573662505,58.82176467941097,52.298849621709614,186.81118318204332,0.08311954757821727,2248.0,0.8996051047138752,2600.0,2299.0,0.8646153846153846,0.31251467241531405,53.499929874389984,0.9778164419312745
Data/images/Dead_cells_19.png,19,0.9102358164284381,57.057708449224094,61.61168720299745,51.935969833815285,187.7401153701778,0.0814667456585714,2305.0,0.9064340426698804,2650.0,2350.0,0.869811320754717,0.41409027818925553,54.17395269513339,0.9808510638297873
Data/images/Dead_cells_19.png,20,0.9345148648107037,52.79914316551648,54.230987451824994,49.341584137443625,174.568542494924,0.08571988337585269,2037.0,0.9163917132570101,2350.0,2077.0,0.8668085106382979,0.35592410349375186,50.92729084317687,0.9807414540202215
Data/images/Dead_cells_19.png,21,0.9345305669140419,56.73473247338926,61.05735008989499,53.02034170207297,186.8111831820433,0.07985090112504523,2340.0,0.9178328252587146,2600.0,2373.0,0.9,0.3558828732930539,54.58370209760676,0.9860935524652339
Data/images/Dead_cells_19.png,22,0.9353821085918129,60.52502932634828,63.631753079732135,56.61402955386097,197.74011537017773,0.07449241490682906,2655.0,0.9236374075602568,2912.0,2680.0,0.9117445054945055,0.3536386728375901,58.14164592847245,0.9906716417910447
Data/images/Dead_cells_19.png,23,0.9600491877343184,53.464070337977624,56.08029957123981,51.32813730094588,178.08326112068536,0.08319703859877849,2141.0,0.920957201177768,2448.0,2181.0,0.8745915032679739,0.27983130119890703,52.2111660976652,0.9816597890875745
Data/images/Dead_cells_19.png,25,0.9873070093655483,54.00311859155063,57.982756057296896,53.3176575130369,189.05382386916256,0.08422981682742818,2245.0,0.8883401084577119,2550.0,2291.0,0.8803921568627451,0.15882339014659017,53.46421960461445,0.9799214316892186
Data/images/Dead_cells_19.png,27,0.9221883036332751,54.20416993011622,58.60034129593445,49.98645151770366,184.95331880577424,0.08771796006913647,2109.0,0.8800951059732108,2400.0,2152.0,0.87875,0.38674117008922376,51.819515627285234,0.9800185873605948
Data/images/Dead_cells_19.png,28,0.9075348736937484,34.75244962970932,36.61966684720111,31.539059985246602,111.84062043356604,0.13088428371394506,855.0,0.9265340791855582,992.0,874.0,0.8618951612903226,0.4199767291525443,32.99423905394037,0.9782608695652174
Data/images/Dead_cells_19.png,29,0.9134915723655712,51.94713354915552,53.85164807134504,47.453268705702385,175.5391052434012,0.09097647330572749,1930.0,0.887060912968202,2350.0,1983.0,0.8212765957446808,0.4068576498200285,49.57168870775802,0.9732728189611699
Data/images/Dead_cells_19.png,30,0.8811129292153465,56.042822515515546,59.405386961116584,49.380055508141666,183.15432893255092,0.08540654181979526,2145.0,0.8962945784241403,2548.0,2203.0,0.8418367346938775,0.472905916615082,52.25991602994521,0.9736722650930549
Data/images/Dead_cells_19.png,31,0.8847121912868597,56.16336733623458,58.309518948453004,49.68841578608894,183.05382386916256,0.0840660499973192,2178.0,0.9036603111102385,2601.0,2221.0,0.8373702422145328,0.46613768200865635,52.66038101298911,0.9806393516434039
Data/images/Dead_cells_19.png,32,0.7777918049860583,51.907668205651916,54.817880294662984,40.37335894629144,170.9533188057743,0.10549418007144357,1621.0,0.834741322935276,2112.0,1684.0,0.7675189393939394,0.6285220028738283,45.430400636750925,0.9625890736342043
Data/images/Dead_cells_19.png,33,0.9161141392859903,53.7762501665018,56.938563381947034,49.26518313531289,182.22539674441646,0.08835170751244434,2063.0,0.8834724399325494,2400.0,2120.0,0.8595833333333334,0.4009175523724153,51.251274918665594,0.9731132075471698
Data/images/Dead_cells_19.png,35,0.8877579399582938,51.922130507287136,57.0087712549569,46.09428361739491,176.71067811865498,0.09567443319905522,1848.0,0.86213561501056,2254.0,1924.0,0.8198757763975155,0.4603105908416708,48.50718172261279,0.9604989604989606
Data/images/Dead_cells_2.png,1,0.9321394953728684,57.84966369545453,61.220911460055866,53.92395632457113,193.39696961967016,0.07999874648176636,2418.0,0.9012359528780394,2750.0,2462.0,0.8792727272727273,0.36209938023423344,55.485973174935154,0.9821283509341998
Data/images/Dead_cells_2.png,2,0.9406375693512007,52.451253802640785,54.20332093147061,49.33761988633895,175.7817459305205,0.08687014871782579,2024.0,0.9071576402726587,2448.0,2074.0,0.826797385620915,0.33941267378379636,50.76452342476948,0.9758919961427194
Data/images/Dead_cells_2.png,3,0.9515175286115538,46.643569605887855,48.373546489791295,44.3821740770154,158.36753236814738,0.0976673033414415,1622.0,0.9013578777839656,1978.0,1664.0,0.8200202224469161,0.3075945265198344,45.444411554782334,0.9747596153846154
Data/images/Dead_cells_2.png,4,0.9704627009912208,53.73381977765545,56.85068161420758,52.14666787599899,183.15432893255087,0.08376598624859403,2187.0,0.9050289778874194,2499.0,2235.0,0.8751500600240096,0.2412512092919416,52.76907128551535,0.978523489932886
Data/images/Dead_cells_2.png,5,0.9371174971506124,51.36576671205544,54.20332093147061,48.13575874042364,168.22539674441637,0.08709572702273692,1932.0,0.926106062137834,2304.0,1972.0,0.8385416666666666,0.3490140348670406,49.597366869908875,0.9797160243407708
Data/images/Dead_cells_2.png,6,0.943577209093141,58.103047583205125,61.61980201201558,54.82471147836666,200.7523086789978,0.0809321945893964,2481.0,0.8794557632563713,3025.0,2553.0,0.8201652892561984,0.33115260904906046,56.2041574128457,0.9717978848413631
Data/images/Dead_cells_2.png,7,0.9209501004869682,57.954838410610805,60.4648658313239,53.37351425795803,194.22539674441646,0.08094411200017355,2400.0,0.8940448212796607,2750.0,2455.0,0.8727272727272727,0.38968052608905407,55.27906391541368,0.9775967413441955
Data/images/Dead_cells_2.png,8,0.9703327074398942,56.771786860462875,61.61980201201558,55.08752165051355,195.74011537017776,0.08070093398069585,2426.0,0.8919196489826183,2703.0,2473.0,0.8975212726600074,0.2417735239275928,55.57768558987955,0.98099474322685
Data/images/Dead_cells_2.png,9,0.9636786187305051,59.84968727714171,64.1404708432983,57.67586396668861,198.32590180780468,0.07409897321419939,2677.0,0.924717588424559,2915.0,2702.0,0.9183533447684391,0.2670646359997292,58.38203714547849,0.9907475943745374
Data/images/Dead_cells_2.png,10,0.9903042890346077,53.80130851834796,57.30619512757761,53.27966658139416,185.9827560572971,0.08308365247143047,2239.0,0.9018011861151051,2550.0,2282.0,0.8780392156862745,0.1389151363950703,53.392727413590976,0.9811568799298861
Data/images/Dead_cells_2.png,11,0.9480238243056515,58.49015804771032,62.369864518050704,55.45006331663231,198.568542494924,0.07909521708620752,2511.0,0.8944881609144847,2805.0,2564.0,0.895187165775401,0.3181993534702495,56.54294382882796,0.9793291731669267
Data/images/Dead_cells_2.png,12,0.9658779529267418,49.07722994310861,51.478150704935004,47.40261439276474,170.9533188057743,0.09390459698202379,1821.0,0.8847544124845195,2209.0,1875.0,0.8243549117247624,0.2589976448735471,48.15152345422449,0.9712
Data/images/Dead_cells_2.png,13,0.9745283795362981,58.04502619107295,62.433965115151864,56.5665253141283,192.81118318204324,0.07536102528123637,2559.0,0.9299624714363515,2862.0,2591.0,0.8941299790356394,0.2242642135481325,57.080819852007046,0.9876495561559243
Data/images/Dead_cells_2.png,14,0.8396080137789174,59.01867188813913,60.90155991434045,49.55254987987012,196.36753236814752,0.08603177759831217,2283.0,0.8624633370678505,2695.0,2341.0,0.8471243042671615,0.5431927679914567,53.91480205500505,0.9752242631354122
Data/images/Dead_cells_2.png,15,0.9352330706777092,52.9557395241402,55.17245689653489,49.52595888517057,178.22539674441646,0.08691801840742085,2051.0,0.900669028165748,2448.0,2103.0,0.8378267973856209,0.35403263057342743,51.101999043597296,0.9752734189253447
Data/images/Dead_cells_2.png,16,0.9006943305195821,53.73784445565279,54.78138369920935,48.40137183554963,182.95331880577436,0.0901025948317037,2031.0,0.8731043195903537,2491.0,2106.0,0.8153352067442794,0.4344533610986139,50.85223215707562,0.9643874643874644
Data/images/Dead_cells_2.png,17,0.9722011343413212,55.772966593896776,61.05735008989499,54.22254138816706,189.63961030678945,0.0812335019519338,2335.0,0.903176890763419,2652.0,2368.0,0.8804675716440422,0.23414729207370516,54.525354991568875,0.9860641891891891
Data/images/Dead_cells_2.png,18,0.9344438649844546,50.73972139273734,53.0,47.41342136646389,166.710678118655,0.08855812914669589,1883.0,0.9225905596121453,2256.0,1930.0,0.8346631205673759,0.3561104648741948,48.9643754451776,0.9756476683937824
Data/images/Dead_cells_2.png,19,0.856436548103748,58.6100243950289,63.51377803280167,50.19576697715502,193.78174593052051,0.0844548903597823,2295.0,0.876266277598954,2646.0,2342.0,0.8673469387755102,0.5162523017596475,54.05631096520737,0.979931682322801
Data/images/Dead_cells_2.png,20,0.878140216583854,49.66797561639457,52.20153254455275,43.6154468650623,166.12489168102815,0.09821158243040387,1692.0,0.8776194150224554,2070.0,1753.0,0.8173913043478261,0.4784033444887921,46.414666967370295,0.9652025099828865
Data/images/Dead_cells_2.png,22,0.9570182849436548,50.61050037843648,53.907327887774215,48.43517427231147,178.02438661763986,0.09318209192234486,1911.0,0.8703600629871588,2303.0,1973.0,0.8297872340425532,0.2900275888316593,49.327079479621496,0.9685757729346174
Data/images/Dead_cells_2.png,24,0.9028285649977058,53.52502665767493,60.14149981501958,48.323923008812606,187.6396103067895,0.09370267680738552,2003.0,0.8454086207233145,2352.0,2067.0,0.8516156462585034,0.43000067700433064,50.50048324624756,0.96903725205612
Data/images/Dead_cells_20.png,1,0.9272918190771517,56.99310766674573,59.665735560705194,52.84924248315661,186.91168824543155,0.08003069503122738,2336.0,0.9165547398017476,2646.0,2372.0,0.8828420256991686,0.37433926092862524,54.53702940664572,0.984822934232715
Data/images/Dead_cells_20.png,2,0.9769594367725447,55.26999915921079,59.464274989274024,53.9965472490016,188.0832611206854,0.08098310489588176,2323.0,0.9083069705142266,2600.0,2366.0,0.8934615384615384,0.21342506624356736,54.38506653870879,0.981825866441251
Data/images/Dead_cells_20.png,3,0.9557799885589712,54.64646466809413,57.982756057296896,52.22999737525923,183.15432893255084,0.08240914687628834,2223.0,0.9124490618058214,2499.0,2258.0,0.8895558223289316,0.29408266434833435,53.20161189236908,0.9844995571302038
Data/images/Dead_cells_20.png,4,0.9732555933181884,51.996170309336215,54.589376255824725,50.60556358468659,174.81118318204327,0.08500422231074314,2057.0,0.9196023589830388,2400.0,2102.0,0.8570833333333333,0.22972494438972027,51.17669140849406,0.9785918173168411
Data/images/Dead_cells_20.png,5,0.9584128173248904,53.20586764381692,55.86591089385369,50.99318550672581,181.39696961967024,0.08566562910019847,2118.0,0.8992627704542698,2448.0,2170.0,0.8651960784313726,0.285385478935719,51.929965874715094,0.976036866359447
Data/images/Dead_cells_20.png,6,0.9742773146275133,55.9033348530841,59.405386961116584,54.46535095938545,189.3969696196702,0.0798301241811044,2373.0,0.9116644429256806,2652.0,2415.0,0.8947963800904978,0.2253524222239445,54.96723969471763,0.9826086956521739
Data/images/Dead_cells_20.png,8,0.9744952499793088,54.45831287968221,57.688820407423826,53.06936722313733,193.2964645562819,0.08579514627442605,2254.0,0.8704856519791931,2704.0,2322.0,0.8335798816568047,0.22440812767758642,53.571279001280686,0.970714900947459
Data/images/Dead_cells_20.png,9,0.9792021915327477,51.2707459857093,54.20332093147061,50.20442683072537,173.29646455628188,0.08615285337125622,2012.0,0.9174348803936977,2400.0,2059.0,0.8383333333333334,0.20288683569286642,50.61381198849922,0.9771733851384167
Data/images/Dead_cells_20.png,10,0.8749550143609262,58.179939266851605,61.61168720299745,50.90482959674596,193.74011537017788,0.08452884614754706,2293.0,0.8759769623438315,2491.0,2331.0,0.9205138498594941,0.4842042160542066,54.03275188325807,0.9836979836979837
Data/images/Dead_cells_20.png,11,0.9738787600116721,56.10014692807812,60.0,54.634741526789334,192.32590180780466,0.08069053988160464,2384.0,0.8998595552964126,2652.0,2426.0,0.8989441930618401,0.22706862574589348,55.09449223514659,0.9826875515251443
Data/images/Dead_cells_20.png,12,0.9651473490079585,57.359397633684395,60.876925020897694,55.36027056684386,191.49747468305847,0.07763935726051428,2467.0,0.9193533029580935,2703.0,2501.0,0.9126896041435442,0.26170707805275767,56.04535624707587,0.98640543782487
Data/images/Dead_cells_20.png,13,0.8634620547301575,55.492547258801686,57.8013840664737,47.91570887829528,182.71067811865498,0.08786279303614089,2080.0,0.8847497832080141,2499.0,2138.0,0.8323329331732693,0.5044137984246414,51.46200786064549,0.9728718428437793
Data/images/Dead_cells_20.png,14,0.9702649442813593,54.62934088015127,58.249463516842795,53.00493438520736,180.32590180780466,0.08023399413028016,2248.0,0.9319587054516613,2499.0,2276.0,0.8995598239295718,0.2420453219929963,53.499929874389984,0.9876977152899824
Data/images/Dead_cells_20.png,15,0.918086799441028,53.93117021540449,57.201398584300364,49.51349545317,186.12489168102817,0.08928994563733661,2085.0,0.8695637439014063,2450.0,2137.0,0.8510204081632653,0.3963793999341168,51.523824108588975,0.9756668226485727
Data/images/Dead_cells_20.png,17,0.8964533308232185,50.34415862698275,51.97114584074513,45.131188688651164,163.05382386916258,0.09157754780632552,1781.0,0.9173708432677291,2162.0,1819.0,0.8237742830712304,0.44313815639815674,47.61973991081141,0.9791094007696537
Data/images/Dead_cells_20.png,18,0.8997685974252232,52.214347272770354,53.009433122794285,46.980830011094106,171.6396103067895,0.08941891654430295,1920.0,0.9048601668345149,2300.0,1975.0,0.8347826086956521,0.43636735795364523,49.443097858968265,0.9721518987341772
Data/images/Dead_cells_20.png,19,0.9694520226303601,56.127999279283884,60.60528029800704,54.41340242749716,190.32590180780468,0.08001929863687395,2379.0,0.9083612800377147,2652.0,2422.0,0.8970588235294118,0.2452810139776474,55.0366866455908,0.9822460776218002
Data/images/Dead_cells_20.png,21,0.9766671845593483,56.82775171326231,61.05735008989499,55.50180027062958,197.3969696196702,0.0809169787332118,2440.0,0.886982113270417,2756.0,2487.0,0.8853410740203193,0.21475849367351127,55.73781919983771,0.9811017289907519
Data/images/Dead_cells_20.png,22,0.9593546905396645,53.58038071584352,56.938563381947034,51.40258956064546,184.8111831820433,0.085938704106972,2151.0,0.8895009331231879,2500.0,2195.0,0.8604,0.2822030788980629,52.332955780514965,0.9799544419134396
Data/images/Dead_cells_20.png,23,0.9656520608044289,33.801749553509666,36.05551275463989,32.640729115141795,113.84062043356607,0.13291374247935328,857.0,0.9113209656373535,992.0,881.0,0.8639112903225806,0.2598385988727641,33.032806266468405,0.9727582292849035
Data/images/Dead_cells_20.png,26,0.9658068771711644,54.36800704612372,58.83026432033091,52.508995103236614,184.8111831820433,0.08326703454924231,2220.0,0.9036583361113928,2500.0,2261.0,0.888,0.2592625619114428,53.165701249132994,0.9818664307828394
Data/images/Dead_cells_20.png,27,0.7918968188758188,61.12742414526188,67.35725647619564,48.40661272670579,189.63961030678948,0.08257766614708882,2297.0,0.8957959666293699,2652.0,2339.0,0.8661387631975868,0.6106549174897057,54.07985978399601,0.9820436083796494
Data/images/Dead_cells_20.png,29,0.5875234054119093,49.54496420409786,49.8196748283246,29.108826090202722,138.2253967444164,0.12248595192238937,1129.0,0.8615249684650732,1470.0,1179.0,0.7680272108843538,0.8092071725418609,37.91421166272614,0.9575911789652247
Data/images/Dead_cells_20.png,30,0.9779277932928394,53.03033672937284,56.639209034025185,51.8598401753318,184.9533188057743,0.08616506816015575,2147.0,0.8879903571262342,2500.0,2204.0,0.8588,0.20894312887815986,52.28427395064786,0.9741379310344828
Data/images/Dead_cells_20.png,31,0.9467449437505456,54.35867619876257,56.64803615307419,51.4638018401516,201.23759005323643,0.09193128828379919,2189.0,0.8241736113994084,2756.0,2282.0,0.7942670537010159,0.3219844895065242,52.793194290791604,0.9592462751971954
Data/images/Dead_cells_3.png,1,0.967918504893059,57.79098368086468,61.29437168288782,55.93696252068171,193.39696961967013,0.07728150634152653,2503.0,0.9169429385953433,2860.0,2543.0,0.8751748251748251,0.25126433866664516,56.45279958046467,0.9842705465985057
Data/images/Dead_cells_3.png,2,0.9373038457823045,57.08673894722351,61.84658438426491,53.50761995840307,191.84062043356607,0.08151290436947783,2354.0,0.8964404873283098,2597.0,2398.0,0.9064304967269927,0.34851327188746456,54.74674317533942,0.981651376146789
Data/images/Dead_cells_3.png,3,0.9525435207040266,56.108285079286965,59.20304046246274,53.44558341008921,189.15432893255087,0.08106035094602565,2334.0,0.9053000612180386,2650.0,2374.0,0.8807547169811321,0.3044024329153372,54.513678076349514,0.983150800336984
Data/images/Dead_cells_3.png,4,0.9436721529150698,57.70180896420826,60.37383539249432,54.451590292348484,190.81118318204335,0.07786622451827926,2451.0,0.9196624635518688,2754.0,2491.0,0.8899782135076253,0.33088195449833474,55.86331644420947,0.9839421918908069
Data/images/Dead_cells_3.png,6,0.9896522588972622,56.5096412866853,61.587336360651285,55.9248941488421,192.22539674441637,0.0781562906055769,2460.0,0.9145713226964417,2756.0,2499.0,0.8925979680696662,0.1434866072480195,55.965786691946896,0.9843937575030012
Data/images/Dead_cells_3.png,7,0.9535094675539031,59.04934339437063,62.433965115151864,56.30410797937393,199.0538238691626,0.07719752719378034,2579.0,0.9043113360212803,2860.0,2614.0,0.9017482517482518,0.30136306224398973,57.30344479934853,0.986610558530987
Data/images/Dead_cells_3.png,8,0.9121864901503817,53.1681056920253,55.21775076911409,48.49922771915309,172.8111831820433,0.08569857831988262,2017.0,0.9211539134361867,2350.0,2053.0,0.8582978723404255,0.4097753130523216,50.67666289063264,0.9824646858256211
Data/images/Dead_cells_3.png,9,0.9117189181440248,56.02310486437362,59.16924876994806,51.077324558015974,189.19595949289362,0.08478420770463528,2232.0,0.8850983279438378,2652.0,2286.0,0.8416289592760181,0.41081457410648126,53.30919867948573,0.9763779527559056
Data/images/Dead_cells_3.png,10,0.8587163394550615,63.67476930323096,67.62396025078685,54.67856481171601,207.0538238691626,0.07708630821636732,2687.0,0.8873085793532576,3009.0,2741.0,0.8929877035559987,0.512451215583396,58.49097927632416,0.9802991608901861
Data/images/Dead_cells_3.png,11,0.9181642971128116,57.14337190107635,60.4648658313239,52.46700389620776,187.88225099390883,0.08030872023676376,2340.0,0.9126004992108427,2650.0,2375.0,0.8830188679245283,0.3961998529875256,54.58370209760676,0.9852631578947368
Data/images/Dead_cells_3.png,12,0.9574717459698494,57.96719833823216,63.0317380372777,55.5019546018877,196.56854249492403,0.07842351585674208,2507.0,0.9028690565673297,2808.0,2560.0,0.8928062678062678,0.2885270449532374,56.49788968316474,0.979296875
Data/images/Dead_cells_3.png,13,0.8083959442717257,59.73367796026283,64.03124237432849,48.28846299950984,191.6396103067895,0.08526790224996196,2248.0,0.876939238913966,2652.0,2306.0,0.8476621417797888,0.5886391061465621,53.499929874389984,0.9748482220294883
Data/images/Dead_cells_3.png,14,0.9252875474687474,52.970093945475135,55.86591089385369,49.01256831599783,181.7817459305205,0.08968019039492871,2027.0,0.8779737594115046,2350.0,2080.0,0.8625531914893617,0.37926633715539093,50.802131423574885,0.9745192307692307
Data/images/Dead_cells_3.png,16,0.9125543158763357,58.849655876134335,62.96824596572466,53.70350745760355,191.7401153701778,0.07814962925216132,2454.0,0.9157669774508562,2700.0,2496.0,0.9088888888888889,0.4089555239576469,55.897494065298574,0.9831730769230769
Data/images/Dead_cells_3.png,17,0.9467183731927188,53.21786621651011,56.61271941887264,50.3823317292822,179.39696961967016,0.08606235050116103,2085.0,0.9021749809181429,2448.0,2127.0,0.8517156862745098,0.3220626054967141,51.523824108588975,0.9802538787023978
Data/images/Dead_cells_3.png,18,0.9159741735011526,54.84393628076535,57.982756057296896,50.23562920632392,180.22539674441646,0.08357310305792555,2157.0,0.9134056065465086,2548.0,2209.0,0.8465463108320251,0.40123722843086146,52.405893733374555,0.9764599366229063
Data/images/Dead_cells_3.png,19,0.9116329661100407,55.6136040964096,57.0087712549569,50.699194858479395,187.29646455628196,0.08501882185941079,2204.0,0.8883469200498721,2597.0,2259.0,0.8486715440893339,0.4110052738121603,52.97376668310739,0.9756529437804338
Data/images/Dead_cells_3.png,20,0.8375026421081362,56.762931158786564,57.706152185014034,47.539104819286,186.02438661763992,0.08881565367278106,2095.0,0.8721179658470336,2438.0,2179.0,0.8593109105824446,0.5464332753977302,51.64723464252627,0.9614502065167508
Data/images/Dead_cells_3.png,21,0.8907147485492065,58.479057116440785,62.48199740725323,52.08815865486524,190.2253967444164,0.08004434956634394,2377.0,0.908459022975796,2704.0,2415.0,0.8790680473372781,0.4545626873346778,55.01354740275782,0.9842650103519669
Data/images/Dead_cells_3.png,23,0.8657181920689742,54.99993776974391,43.41658669218482,47.61444668992878,251.23759005323652,0.7389340883918721,341.0,0.2601715304379528,1600.0,1263.0,0.213125,0.5005317291849013,20.83685880248485,0.26999208234362626
Data/images/Dead_cells_3.png,24,0.7853712697695163,51.562617628300636,53.45091205957107,40.49579847937852,167.43860018001294,0.10297576886839664,1627.0,0.8537085246899714,2142.0,1705.0,0.7595704948646125,0.6190250145354536,45.5144014492568,0.9542521994134897
Data/images/Dead_cells_3.png,25,0.9647367474740949,47.457780169850466,49.193495504995376,45.78426448340214,168.26702730475913,0.09889334546268536,1702.0,0.869004221926791,2162.0,1768.0,0.7872340425531915,0.2632166561468025,46.551624087020286,0.9626696832579186
Data/images/Dead_cells_3.png,26,0.903541085448569,55.205049203160705,56.64803615307419,49.88003007926548,184.95331880577433,0.08584512360444388,2155.0,0.889643587055752,2544.0,2205.0,0.8470911949685535,0.42850146663275246,52.381592367016445,0.9773242630385488
Data/images/Dead_cells_3.png,27,0.9792201841569661,56.62213060677816,62.42595614005443,55.445533160129095,201.05382386916258,0.08272117830453099,2431.0,0.8692414093887171,2703.0,2484.0,0.89937106918239,0.20279997766172117,55.63492907563719,0.9786634460547504
Data/images/Dead_cells_3.png,29,0.9410351504928702,55.49729828101774,58.59180830116101,52.22490843982524,195.19595949289365,0.0861412001292558,2267.0,0.8644981358736118,2650.0,2328.0,0.8554716981132076,0.3383088020386992,53.72554371911571,0.9737972508591065
Data/images/Dead_cells_3.png,45,0.9244224034087064,34.77032342636288,37.8021163428716,32.14246594909641,112.18376618407366,0.1293184624600273,868.0,0.9306998799225585,961.0,879.0,0.9032258064516129,0.3813701877127658,33.244126170349574,0.987485779294653
Data/images/Dead_cells_4.png,2,0.9270069728882602,58.82545118610412,62.625873247404705,54.531603432816496,199.98275605729708,0.08058946445992225,2482.0,0.8830179306089083,2750.0,2529.0,0.9025454545454545,0.37504409369638486,56.21548318775419,0.981415579280348
Data/images/Dead_cells_4.png,3,0.9776318930319752,56.233314598174125,59.16924876994806,54.97548180207557,190.46803743153566,0.07898322099586799,2412.0,0.9139584621931095,2808.0,2459.0,0.8589743589743589,0.21032327908892143,55.41708925865028,0.9808865392435949
Data/images/Dead_cells_4.png,4,0.9356231881358352,52.142322877803714,54.378304497290095,48.78556636773881,170.71067811865498,0.08571964756146372,1992.0,0.9266898364339362,2352.0,2023.0,0.8469387755102041,0.35300035385610495,50.36162401186487,0.9846762234305487
Data/images/Dead_cells_4.png,5,0.9667989023314078,54.78558309161685,60.60528029800704,52.9666415965613,185.98275605729708,0.08227505244737761,2261.0,0.9062218066559337,2600.0,2311.0,0.8696153846153846,0.2555384167806964,53.65439973241899,0.9783643444396365
Data/images/Dead_cells_4.png,7,0.9221727424768681,55.6339212904369,57.38466694161429,51.304085771144415,184.22539674441637,0.08270500415013081,2228.0,0.9081640116882397,2544.0,2267.0,0.8757861635220126,0.38677827373404683,53.26140915963398,0.9827966475518306
Data/images/Dead_cells_4.png,8,0.9613769761899081,52.900717213781434,56.08029957123981,50.85753155326262,178.81118318204327,0.08529033302267744,2097.0,0.9077320893009643,2448.0,2144.0,0.8566176470588235,0.2752350080421244,51.67188137962113,0.9780783582089553
Data/images/Dead_cells_4.png,9,0.877329426841423,58.55659805294922,66.60330322138685,51.37342660757753,190.56854249492395,0.08173645399739393,2332.0,0.8981966469908423,2600.0,2366.0,0.8969230769230769,0.47988860873967415,54.49031673905373,0.9856297548605241
Data/images/Dead_cells_4.png,10,0.9464973876921008,51.75505103763206,54.56189146281496,48.98602060699009,173.8822509939088,0.08770857553286698,1983.0,0.9077291376170074,2401.0,2034.0,0.8259058725531029,0.32271147344342854,50.24772648796986,0.9749262536873157
Data/images/Dead_cells_4.png,11,0.9357541030836467,50.809904097073236,54.037024344425184,47.54557623612287,168.12489168102812,0.08902562440086212,1889.0,0.9162867554303966,2254.0,1938.0,0.8380656610470275,0.35265317035597277,49.04232355837886,0.9747162022703818
Data/images/Dead_cells_4.png,12,0.9654550179447049,49.05567353132812,51.10772935672255,47.361046169477966,169.05382386916258,0.09311695063021899,1816.0,0.8934660607289336,2162.0,1865.0,0.8399629972247918,0.26056977630835537,48.08537213372748,0.9737265415549597
Data/images/Dead_cells_4.png,13,0.9457410538980202,52.932966490535385,54.78138369920935,50.06087951470752,180.2670273047591,0.08689661475283639,2075.0,0.8956644864071434,2496.0,2127.0,0.8313301282051282,0.324921311969317,51.40011726956917,0.9755524212505877
Data/images/Dead_cells_4.png,14,0.9731658630789723,57.65673668220087,61.40032573203501,56.109567915651056,192.46803743153566,0.0763307703476247,2522.0,0.9248595818651382,2862.0,2568.0,0.8812019566736548,0.2301047651348384,56.666658025880444,0.9820872274143302
Data/images/Dead_cells_4.png,15,0.9909112386286555,54.931321152338704,59.665735560705194,54.43206348257241,187.59797974644673,0.08101834582010224,2316.0,0.9092832009498532,2550.0,2356.0,0.908235294117647,0.13451734891614256,54.303064237726375,0.9830220713073005
Data/images/Dead_cells_4.png,17,0.9397024792979198,57.484988482593224,60.440052945046304,54.01878619950522,191.6396103067895,0.07904294093907589,2425.0,0.9108162014562552,2754.0,2470.0,0.8805374001452433,0.34199305607181774,55.566229816164146,0.9817813765182186
Data/images/Dead_cells_4.png,18,0.9177112447046932,54.92858878165419,57.8013840664737,50.40858358068412,179.88225099390877,0.08322102752436214,2162.0,0.9162083350569964,2496.0,2202.0,0.8661858974358975,0.39724812314542834,52.46659790492825,0.9818346957311535
Data/images/Dead_cells_4.png,20,0.8676798442019638,51.21409361038538,53.85164807134504,44.43743676480398,169.438600180013,0.09521697116044563,1780.0,0.8825545805752848,2200.0,1834.0,0.8090909090909091,0.49712341321411996,47.60636921283317,0.9705561613958561
Data/images/Dead_cells_4.png,22,0.9577122989738036,48.47955930853591,51.088159097779204,46.42947019861479,172.9533188057743,0.09857698421531735,1755.0,0.8585245491991405,2208.0,1828.0,0.7948369565217391,0.28772756627461044,47.27087264912941,0.9600656455142232
Data/images/Dead_cells_4.png,23,0.8539426022126039,55.80570217733499,57.42821606144492,47.654866535615014,183.05382386916253,0.08858157457980283,2067.0,0.8803266135222328,2340.0,2118.0,0.8833333333333333,0.5203672089268965,51.30093701841694,0.9759206798866855
Data/images/Dead_cells_4.png,25,0.904454328017479,52.64088255224445,54.70831746635972,47.61127405503729,175.19595949289365,0.08931733851281859,1962.0,0.8961382243373018,2400.0,2008.0,0.8175,0.4265704731113606,49.98095624105635,0.9770916334661355
Data/images/Dead_cells_5.png,1,0.9336540629613741,53.05028324103492,56.0357029044876,49.53061248924394,173.63961030678945,0.08468159488260885,2051.0,0.9244555121762553,2350.0,2078.0,0.8727659574468085,0.35817606105897193,51.101999043597296,0.9870067372473532
Data/images/Dead_cells_5.png,2,0.9916252979410697,55.469830888113215,59.53990258641679,55.005287581166016,195.05382386916256,0.0821452195700832,2375.0,0.8855978433432828,2756.0,2423.0,0.861756168359942,0.12914824227718077,54.990398423233955,0.9801898472967395
Data/images/Dead_cells_5.png,3,0.9867689122503339,50.66838972283391,54.120236510939236,49.99799181227681,178.22539674441643,0.089944686724409,1982.0,0.8853854489206853,2400.0,2038.0,0.8258333333333333,0.16213301272810923,50.23505526686611,0.97252208047105
Data/images/Dead_cells_5.png,4,0.9547067808473375,53.040787646004624,55.90169943749474,50.6383996271243,179.15432893255087,0.08557646473969471,2094.0,0.9053450013400729,2448.0,2139.0,0.8553921568627451,0.2975482525643804,51.63490686227129,0.9789621318373072
Data/images/Dead_cells_5.png,5,0.9099148615934014,54.64762157843462,55.80322571321482,49.72468302494991,178.56854249492397,0.08401248764757656,2126.0,0.9152306017416225,2444.0,2164.0,0.869885433715221,0.414795063436704,52.02794702952401,0.9824399260628466
Data/images/Dead_cells_5.png,6,0.9425777302872929,53.337516497061635,56.08029957123981,50.2747552389614,178.8111831820433,0.0852090460719768,2099.0,0.9081649610896598,2448.0,2133.0,0.8574346405228758,0.3339868595715338,51.69651636618377,0.9840600093764651
Data/images/Dead_cells_5.png,7,0.9719890635182595,54.01191736404175,58.7962583843564,52.498992977500556,186.22539674441634,0.08466715014522225,2200.0,0.8927461932053543,2500.0,2247.0,0.88,0.23502608451169094,52.925674284012274,0.9790832220738763
Data/images/Dead_cells_5.png,8,0.9241099482949505,54.88533056041232,56.859475903318,50.7200799863339,179.98275605729705,0.0827316736645815,2176.0,0.9186574005473996,2496.0,2219.0,0.8717948717948718,0.3821266850958006,52.63619713983633,0.9806219017575485
Data/images/Dead_cells_5.png,9,0.9270365045385515,55.31068101308359,57.30619512757761,51.27502039001583,184.71067811865498,0.08371206803474053,2207.0,0.9014982649139446,2646.0,2257.0,0.8340891912320484,0.37497109122297206,53.00980734949434,0.9778466991581746
Data/images/Dead_cells_5.png,10,0.9342571457606877,57.585177111038675,60.21627686929839,53.79936320588268,192.91168824543155,0.080062954241723,2410.0,0.902006891411136,2700.0,2451.0,0.8925925925925926,0.3566000358876772,55.39410891793226,0.9832721338229294
Data/images/Dead_cells_5.png,12,0.985320103533391,52.30152599965195,56.72741841473134,51.5337450129314,181.29646455628193,0.086228996221775,2103.0,0.896568753689509,2450.0,2156.0,0.8583673469387755,0.17071699848857402,51.745751154834416,0.975417439703154
Data/images/Dead_cells_5.png,13,0.9704077364281328,52.88061237931298,55.90169943749474,51.31575535994261,177.15432893255087,0.08354365901087049,2121.0,0.9214511178080103,2450.0,2161.0,0.8657142857142858,0.24147220353578336,51.96673045693062,0.98149005090236
Data/images/Dead_cells_5.png,14,0.9625510709946173,50.32277144018368,51.66236541235796,48.438237545166146,172.22539674441643,0.09019397577607564,1910.0,0.8994304149360784,2350.0,1965.0,0.8127659574468085,0.27110041631674914,49.314171699869,0.9720101781170484
Data/images/Dead_cells_5.png,15,0.9749802371969075,52.41068473632845,57.14017850864661,51.09938183587785,182.81118318204324,0.08778448172006878,2083.0,0.8849009830541105,2352.0,2127.0,0.8856292517006803,0.2222915587139165,51.499106513446854,0.9793135872120358
Data/images/Dead_cells_5.png,16,0.6673540701946922,74.55661705112581,462.01839790207487,49.75566184901581,176.0243866176398,0.09355534765752846,1883.0,0.8735428306263833,79550.0,12511.0,0.023670647391577624,0.7447405890607657,48.9643754451776,0.15050755335304933
Data/images/Dead_cells_5.png,17,0.9615248542339887,54.508328847708064,57.48912940721924,52.411112949830816,186.8111831820433,0.08397895400406531,2225.0,0.8949901713166909,2548.0,2268.0,0.8732339089481946,0.2747179548014746,53.225538860924054,0.9810405643738977
Data/images/Dead_cells_5.png,18,0.9701443787495359,50.22611009632607,52.839379254491625,48.726578376406046,166.91168824543158,0.08736544791700161,1911.0,0.928307166373774,2162.0,1938.0,0.8839037927844589,0.24252811049582956,49.327079479621496,0.9860681114551083
Data/images/Dead_cells_5.png,19,0.9882476511325838,56.881947962496,61.61168720299745,56.21345146578254,192.56854249492403,0.07738338054849268,2489.0,0.91830809185295,2756.0,2522.0,0.9031204644412192,0.15286130979071902,56.29469981131279,0.9869151467089612
Data/images/Dead_cells_5.png,20,0.9355290238390139,53.46485775542018,55.90169943749474,50.01792618561997,177.7401153701777,0.0853493951357396,2083.0,0.9101479166599991,2397.0,2124.0,0.8690029203170629,0.35324983447246205,51.499106513446854,0.9806967984934086
Data/images/Dead_cells_5.png,21,0.8707061840743046,49.38068389590744,50.695167422546305,42.99606684198503,160.81118318204324,0.09690339450560002,1660.0,0.8980020189451486,1974.0,1710.0,0.8409321175278622,0.4918035593758606,45.97366250648702,0.9707602339181286
Data/images/Dead_cells_5.png,22,0.9518132438945897,56.851921666419294,60.802960454241045,54.11241198295565,193.39696961967024,0.0805988621044677,2400.0,0.8978745140723838,2703.0,2454.0,0.8879023307436182,0.30667824954967754,55.27906391541368,0.9779951100244498
Data/images/Dead_cells_5.png,23,0.982711038102046,55.106290402785326,61.07372593840988,54.15355984767398,195.63961030678942,0.08489460199904075,2305.0,0.8698342400061216,2550.0,2353.0,0.903921568627451,0.1851459305315608,54.17395269513339,0.9796005099872503
Data/images/Dead_cells_5.png,24,0.9264951224186355,53.482539814743205,55.54277630799526,49.55131227292006,173.98275605729702,0.08431439595701334,2064.0,0.9255522958045387,2397.0,2097.0,0.8610763454317898,0.37630677396836115,51.26369495396695,0.9842632331902719
Data/images/Dead_cells_5.png,26,0.964584233920252,57.1648582176153,61.07372593840988,55.140320970998275,194.8111831820432,0.07985701298710524,2440.0,0.8987552891294699,2754.0,2479.0,0.8859840232389252,0.26377500956777766,55.73781919983771,0.9842678499394917
Data/images/Dead_cells_5.png,31,0.959924325379066,44.285479162696085,47.43416490252569,42.510708709339724,156.61017305526676,0.10811886299983897,1449.0,0.8614780420387441,1890.0,1512.0,0.7666666666666667,0.28025932552823635,42.952579670157775,0.9583333333333334
Data/images/Dead_cells_5.png,32,0.9371922537049033,52.25667797158732,54.378304497290095,48.9745537993233,177.05382386916256,0.0888155625127477,1994.0,0.8939387047229623,2352.0,2049.0,0.8477891156462585,0.348813244581569,50.38689960894512,0.9731576378721327
Data/images/Dead_cells_5.png,34,0.9020676530363235,47.83213002495735,49.9799959983992,43.14781727134154,174.16652224137096,0.10804374828869166,1613.0,0.8171894868895174,2112.0,1695.0,0.7637310606060606,0.4315946586156255,45.31815735064498,0.9516224188790561
Data/images/Dead_cells_6.png,1,0.9708684424202988,51.80247121976923,54.120236510939236,50.2933845466597,176.81118318204327,0.08669339700026638,2040.0,0.905434537457243,2448.0,2083.0,0.8333333333333334,0.23961316222692472,50.964778732569144,0.9793566970715314
Data/images/Dead_cells_6.png,2,0.9367369781977403,55.19034074572607,57.982756057296896,51.69883301585506,179.49747468305844,0.08087293295024034,2220.0,0.930409559153679,2496.0,2257.0,0.8894230769230769,0.3500340464540078,53.165701249132994,0.9836065573770492
Data/images/Dead_cells_6.png,3,0.9331396970180035,53.45795450367969,55.226805085936306,49.88373946876588,173.98275605729708,0.08346498251729291,2085.0,0.9302499932240295,2397.0,2115.0,0.869837296620776,0.3595139856099492,51.523824108588975,0.9858156028368794
Data/images/Dead_cells_6.png,4,0.9718427488806609,53.16051489750264,55.758407437802596,51.66366092990029,184.81118318204338,0.08601870290064853,2149.0,0.8890872117365636,2499.0,2195.0,0.8599439775910365,0.23563037038565146,52.30862052889432,0.9790432801822323
Data/images/Dead_cells_6.png,5,0.9107671624742997,53.708812091633256,54.78138369920935,48.916222388562176,176.46803743153575,0.08589342294063555,2055.0,0.910525156120362,2444.0,2092.0,0.8408346972176759,0.41292030194519436,51.151806072031896,0.9823135755258127
Data/images/Dead_cells_6.png,6,0.9670420905315206,53.16467635765075,56.639209034025185,51.41247976733428,179.98275605729714,0.08424187037551938,2137.0,0.9103858160942523,2450.0,2185.0,0.8722448979591837,0.25461656493721707,52.162370604670976,0.9780320366132723
Data/images/Dead_cells_6.png,7,0.9334815280288848,48.41187785869774,50.0,45.191593718284906,166.12489168102812,0.09689407505455125,1715.0,0.8835659395306306,2112.0,1769.0,0.8120265151515151,0.3586254826819475,46.72906824687182,0.9694742792538157
Data/images/Dead_cells_6.png,8,0.9641685738197449,52.39197157431766,54.20332093147061,50.51469251241447,177.3969696196702,0.08563696336937977,2072.0,0.9094968601629113,2400.0,2121.0,0.8633333333333333,0.26529033389553236,51.36294711843604,0.976897689768977
Data/images/Dead_cells_6.png,9,0.9659388048743488,54.83463563536129,58.412327466040935,52.96690241134126,186.22539674441643,0.08234596362786488,2262.0,0.905241217092182,2652.0,2307.0,0.8529411764705882,0.25877060350417436,53.66626361310184,0.9804941482444733
Data/images/Dead_cells_6.png,10,0.9213494213261119,56.88644067247815,59.665735560705194,52.41228919488994,189.7401153701778,0.08166133650534874,2324.0,0.9005692422017372,2597.0,2364.0,0.894878706199461,0.38873544194224935,54.39677106193454,0.9830795262267343
Data/images/Dead_cells_6.png,11,0.9688281667787626,51.31766127416106,54.70831746635972,49.71799569561896,178.46803743153566,0.08948008896040896,1995.0,0.8870773787372146,2350.0,2047.0,0.8489361702127659,0.24773369422850022,50.39953265404997,0.9745969711773327
Data/images/Dead_cells_6.png,12,0.8863766508680109,54.263594660309316,55.80322571321482,48.097983299064246,187.88225099390885,0.09198641419530422,2042.0,0.8527077493553499,2392.0,2099.0,0.8536789297658863,0.46296482889741025,50.989755347022424,0.9728442115292997
Data/images/Dead_cells_6.png,13,0.936728834052217,46.62445559335326,47.53945729601885,43.674471926281164,161.78174593052057,0.10139877526199974,1596.0,0.8752332705918943,2070.0,1659.0,0.7710144927536232,0.3500558404814497,45.078712419470456,0.9620253164556962
Data/images/Dead_cells_6.png,14,0.9672963739784124,57.87210058908456,61.40032573203501,55.979473054335436,193.7401153701778,0.07695734473492663,2518.0,0.9180579961650971,2808.0,2552.0,0.8967236467236467,0.253648821972848,56.621702320251195,0.9866771159874608
Data/images/Dead_cells_6.png,16,0.9119513978003664,56.01149067832363,57.77542730261716,51.07975721697943,181.15432893255087,0.08110782580369415,2234.0,0.924802923240892,2544.0,2267.0,0.8781446540880503,0.4102982428063203,53.333077381099564,0.9854433171592413
Data/images/Dead_cells_6.png,18,0.9497627011420361,55.7918061167023,58.137767414994535,52.98897647899195,189.98275605729708,0.0821902470505287,2312.0,0.8970934737711364,2650.0,2356.0,0.8724528301886793,0.3129709435704566,54.25615013459485,0.9813242784380306
Data/images/Dead_cells_6.png,19,0.9226590937801075,50.2420500820203,53.23532661682466,46.356284398331624,168.4680374315357,0.09253943281051123,1821.0,0.8978065243013785,2209.0,1879.0,0.8243549117247624,0.38561664469375684,48.15152345422449,0.9691325172964342
Data/images/Dead_cells_6.png,21,0.9471768262094876,52.794817212579005,54.91812087098393,50.00602740772061,171.98275605729714,0.08346651592200784,2061.0,0.93563473651585,2350.0,2093.0,0.8770212765957447,0.3207118019214802,51.226425814214004,0.9847109412326803
Data/images/Dead_cells_6.png,22,0.9679488569085464,53.48471043726649,55.569775957799216,51.7704643298367,181.05382386916256,0.08356973176513388,2167.0,0.9113319097750899,2548.0,2212.0,0.8504709576138147,0.2511473878212561,52.527231922509465,0.9796564195298373
Data/images/Dead_cells_6.png,23,0.9435300006949382,56.48740569196825,59.64059020499378,53.29756193179806,195.19595949289362,0.08357780325107841,2336.0,0.877655430116287,2754.0,2401.0,0.8482207697893972,0.3312870926984784,54.53702940664572,0.9729279466888796
Data/images/Dead_cells_6.png,24,0.9309897979990295,49.29731720409209,50.695167422546305,45.895299385731775,165.0538238691626,0.09306671771590787,1774.0,0.9044716070721501,2205.0,1829.0,0.8045351473922903,0.36504519723141904,47.5260660307602,0.9699289229086933
Data/images/Dead_cells_6.png,25,0.9308478072689187,58.241358098872716,62.20128616033595,54.213840478699545,191.63961030678942,0.07826816839158236,2449.0,0.9153131612841817,2700.0,2480.0,0.9070370370370371,0.36540711501371687,55.840519741997504,0.9875
Data/images/Dead_cells_6.png,26,0.9552958628768711,51.7091627081526,54.56189146281496,49.39754920792516,175.88225099390888,0.08809529225840665,1997.0,0.9005702042822953,2401.0,2048.0,0.8317367763431903,0.29565150831736736,50.42478924929801,0.97509765625
Data/images/Dead_cells_6.png,28,0.9566571886891289,53.58036061389689,55.71355310873648,51.25803715384033,181.53910524340122,0.08453508975245691,2148.0,0.9049015407336155,2548.0,2189.0,0.8430141287284144,0.29121645442765104,52.296448656587856,0.981269986295112
Data/images/Dead_cells_6.png,29,0.889805794196653,51.199738556222435,52.40229002629561,45.55782402868049,172.710678118655,0.0946878717755784,1825.0,0.8765933256879883,2200.0,1882.0,0.8295454545454546,0.45633940068118345,48.20437914901168,0.9697130712008502
Data/images/Dead_cells_6.png,30,0.9255274824215818,51.9108975233625,224.1093483101497,48.04496229504242,168.568542494924,0.09267099642381749,1820.0,0.8969014988439157,26460.0,6118.0,0.06878306878306878,0.37868044481114804,48.13830046250071,0.2974828375286041
Data/images/Dead_cells_6.png,31,0.9274720911838527,53.515094189735215,56.43580423808985,49.63375631805456,177.88225099390883,0.08574704796042845,2075.0,0.9076722018352935,2448.0,2117.0,0.8476307189542484,0.3738923910365804,51.40011726956917,0.9801606046291923
Data/images/Dead_cells_6.png,34,0.9864281505948124,50.90534431876419,53.31041174104736,50.2144646517507,176.710678118655,0.08824503276836705,2003.0,0.8976941621830415,2450.0,2055.0,0.8175510204081633,0.16419349473745282,50.50048324624756,0.9746958637469586
Data/images/Dead_cells_6.png,35,0.9433025991380422,52.006394834867955,54.12947441089743,49.05776741953019,184.26702730475915,0.09254998860108446,1992.0,0.85840637127942,2401.0,2059.0,0.8296543107038734,0.3319340393201832,50.36162401186487,0.967459932005828
Data/images/Dead_cells_6.png,38,0.9662496923472749,50.530173054822924,52.55473337388365,48.82476416847721,178.46803743153572,0.09244653583607133,1931.0,0.8727289592598659,2303.0,1984.0,0.8384715588363004,0.2576073213998277,49.58452945106567,0.9732862903225806
Data/images/Dead_cells_6.png,39,0.953663098753121,45.829899124086474,47.75981574503821,43.70628361421925,156.95331880577433,0.10000211456245577,1570.0,0.894777569705736,1980.0,1620.0,0.7929292929292929,0.3008765429151873,44.710022201226934,0.9691358024691358
Data/images/Dead_cells_6.png,40,0.8921403873518923,55.165707432155294,57.0087712549569,49.21555559706419,179.88225099390885,0.08459075993129972,2127.0,0.908760228290895,2544.0,2179.0,0.8360849056603774,0.4517582641807593,52.04018170271594,0.9761358421294172
Data/images/Dead_cells_6.png,41,0.9289853981567501,50.56780683876772,52.81098370604357,46.97675417002626,174.46803743153572,0.0942815657560312,1851.0,0.8740446139795256,2250.0,1909.0,0.8226666666666667,0.3701163736063919,48.54653846882171,0.9696176008381352
Data/images/Dead_cells_6.png,42,0.7653565145466422,50.41718497086807,50.695167422546305,38.587120962556945,159.88225099390883,0.10641081596932368,1503.0,0.8594327878657071,2009.0,1585.0,0.748133399701344,0.6436065612165666,43.74561733176193,0.9482649842271293
Data/images/Dead_cells_6.png,43,0.8897839143465894,47.93335747206927,49.73932046178355,42.65033043927213,156.4680374315357,0.09779252339470981,1601.0,0.9062317799856461,1980.0,1643.0,0.8085858585858586,0.45638206118345703,45.14926922023208,0.9744370054777846
Data/images/Dead_cells_6.png,44,0.8947781973552351,52.037665808288494,55.036351623268054,46.56216880651453,183.92388155425152,0.0974947689129348,1887.0,0.8371344471153112,2350.0,1977.0,0.8029787234042554,0.44651089296647173,49.016354626953365,0.9544764795144158
Data/images/Dead_cells_6.png,46,0.9154953008705601,54.8857164630925,59.405386961116584,50.24761550687512,185.2964645562819,0.08676959239348252,2136.0,0.8840718999055979,2400.0,2185.0,0.89,0.40232866425836844,52.150164597576364,0.9775743707093821
Data/images/Dead_cells_7.png,1,0.9457504468577396,56.19907962537579,58.83026432033091,53.15030466869284,194.12489168102812,0.08319043997472814,2334.0,0.8821198769484274,2862.0,2406.0,0.8155136268343816,0.32489397080953303,54.513678076349514,0.970074812967581
Data/images/Dead_cells_7.png,2,0.9740164747302628,52.76219766358404,55.47071299343465,51.39124976730543,178.46803743153572,0.08404428416837095,2124.0,0.9153150785702165,2500.0,2168.0,0.8496,0.22647716651802074,52.00346904791531,0.9797047970479705
Data/images/Dead_cells_7.png,3,0.9572610149958464,53.650702118402194,57.4543296888929,51.35772556510149,183.98275605729708,0.08539464193887078,2155.0,0.8943367166920374,2500.0,2205.0,0.862,0.28922542967229115,52.381592367016445,0.9773242630385488
Data/images/Dead_cells_7.png,4,0.9264723307641662,53.55983486910003,55.072679252057455,49.62170504651897,176.56854249492397,0.08490913320265639,2080.0,0.9155268009301061,2444.0,2126.0,0.851063829787234,0.3763628838347565,51.46200786064549,0.9783631232361242
Data/images/Dead_cells_7.png,5,0.9455470684642528,56.916557262822685,60.207972893961475,53.81728386693977,191.49747468305847,0.08034297238643108,2384.0,0.9037523902557424,2650.0,2426.0,0.8996226415094339,0.3254853934029282,55.09449223514659,0.9826875515251443
Data/images/Dead_cells_7.png,6,0.9599911459176983,52.74546073659548,55.758407437802596,50.63517529448126,176.22539674441637,0.08450031011480047,2086.0,0.9186319204207684,2450.0,2124.0,0.8514285714285714,0.2800303550682041,51.536178460548946,0.9821092278719398
Data/images/Dead_cells_7.png,7,0.9355456159272695,57.733456986574666,60.4648658313239,54.01228257611552,189.4974746830585,0.07809498235444405,2427.0,0.92149217793263,2700.0,2461.0,0.8988888888888888,0.3532058897007069,55.58913900279658,0.9861844778545307
Data/images/Dead_cells_7.png,8,0.8806117318183042,59.51925219361499,63.245553203367585,52.4133517507497,188.91168824543163,0.07778945367322694,2429.0,0.9247304461341855,2695.0,2465.0,0.9012987012987013,0.4738385566666831,55.61203875206977,0.9853955375253549
Data/images/Dead_cells_7.png,9,0.9567577047597952,53.648861590137365,56.85068161420758,51.32896167795576,181.9827560572971,0.08446635231250736,2155.0,0.9041655239490332,2499.0,2199.0,0.8623449379751901,0.29088605051251815,52.381592367016445,0.9799909049567985
Data/images/Dead_cells_7.png,10,0.9523934395780808,55.20754820649903,58.249463516842795,52.57930672706031,186.91168824543158,0.08246710268935874,2267.0,0.902913888883842,2600.0,2312.0,0.8719230769230769,0.3048716717713118,53.72554371911571,0.9805363321799307
Data/images/Dead_cells_7.png,11,0.9316121338402787,53.813787532908506,55.226805085936306,50.13357743356028,177.2964645562819,0.08384793783697418,2115.0,0.9194088953579959,2548.0,2158.0,0.8300627943485086,0.3634540302178005,51.893175246027,0.9800741427247451
Data/images/Dead_cells_7.png,12,0.9443491411936666,52.20238746938916,55.44366510251645,49.29727977497668,178.12489168102817,0.08864139919434097,2010.0,0.8921221534156218,2350.0,2061.0,0.8553191489361702,0.3289448274814272,50.588649763733336,0.975254730713246
Data/images/Dead_cells_7.png,13,0.9690136432446282,57.60619111159476,61.032778078668514,55.82118512249276,195.98275605729705,0.07822101618730674,2506.0,0.9053870425549688,2808.0,2547.0,0.8924501424501424,0.2470072047649024,56.48662053182433,0.9839026305457401
Data/images/Dead_cells_7.png,15,0.9169395966190439,51.969721950677354,54.817880294662984,47.653095881857965,170.81118318204332,0.08811513189684979,1939.0,0.9137376785686842,2350.0,1990.0,0.8251063829787234,0.39902603442896495,49.68713593317168,0.9743718592964824
Data/images/Dead_cells_7.png,16,0.6550683670723662,58.89841635088013,60.74537019394976,38.582489422119394,178.1248916810281,0.10029554711769599,1777.0,0.8386906463130749,2288.0,1839.0,0.7766608391608392,0.7555696092757722,47.56623456817225,0.9662860250135944
Data/images/Dead_cells_7.png,17,0.9478688778340005,51.73952744483804,53.71219600798314,49.0422878188001,176.1248916810282,0.08915458956265665,1976.0,0.8945872620485836,2400.0,2032.0,0.8233333333333334,0.3186606195213203,50.158960718865394,0.9724409448818898
Data/images/Dead_cells_7.png,18,0.9419136822750233,53.822028848481594,56.43580423808985,50.69570538018583,177.0538238691626,0.08290977469874157,2136.0,0.9252293674669066,2499.0,2178.0,0.8547418967587035,0.33585505079290856,52.150164597576364,0.9807162534435262
Data/images/Dead_cells_7.png,19,0.9585115800822568,54.786207497816605,58.180752831155424,52.51321431544658,183.5391052434012,0.08162735389966698,2249.0,0.9158466639144204,2601.0,2283.0,0.8646674356016917,0.28505359294037147,53.5118280019416,0.9851073149364871
Data/images/Dead_cells_7.png,20,0.8967797329539837,48.28672795307573,49.73932046178355,43.30255899898091,160.46803743153572,0.09853732725301549,1629.0,0.891477265713467,2070.0,1685.0,0.7869565217391304,0.4424772429888136,45.54236728995958,0.9667655786350149
Data/images/Dead_cells_7.png,21,0.940606278238931,58.260951735506055,62.20128616033595,54.80061697859234,191.74011537017776,0.07754908609511739,2473.0,0.9193060067218631,2700.0,2506.0,0.9159259259259259,0.3394993804670466,56.11346891905772,0.9868316041500399
Data/images/Dead_cells_7.png,22,0.9865306595187587,56.920411148606696,61.61168720299745,56.153730750513866,195.63961030678945,0.0791262326822202,2473.0,0.9009823701495601,2862.0,2528.0,0.8640810621942697,0.16357645866531825,56.11346891905772,0.978243670886076
Data/images/Dead_cells_7.png,23,0.8939107173075215,56.01837388007502,58.309518948453004,50.075424777538785,190.95331880577436,0.08729294573978257,2188.0,0.8682639146353495,2550.0,2252.0,0.8580392156862745,0.44824505516821117,52.78113416629597,0.9715808170515098
Data/images/Dead_cells_7.png,24,0.9471467207328946,58.728862165825674,63.12685640834652,55.62484921273595,196.9533188057744,0.07746443217532915,2543.0,0.9075532355181629,2915.0,2598.0,0.8723842195540309,0.320800700443316,56.90209277576282,0.9788298691301001
Data/images/Dead_cells_7.png,25,0.9602456834590873,50.86127243512725,55.97320787662612,48.8393173110676,179.88225099390874,0.0934696030106047,1925.0,0.8645210577620175,2256.0,1972.0,0.8532801418439716,0.2791562777337998,49.507435033691536,0.9761663286004056
Data/images/Dead_cells_7.png,26,0.8502399820319271,51.499097441387555,54.378304497290095,43.786591683225815,167.29646455628188,0.094919979890089,1763.0,0.8895753325377875,2156.0,1810.0,0.8177179962894249,0.5263952630432267,47.37849002836722,0.9740331491712707
Data/images/Dead_cells_7.png,27,0.9267100864943897,52.01978066102425,55.569775957799216,48.20725543579696,175.39696961967022,0.0899702331980868,1950.0,0.8923689818749391,2256.0,2001.0,0.8643617021276596,0.3757770823101934,49.827874851668795,0.974512743628186
Data/images/Dead_cells_7.png,28,0.9370144285141973,55.46991459950134,59.665735560705194,51.97611032818307,182.81118318204332,0.08133979229456878,2248.0,0.9192889137468937,2550.0,2289.0,0.8815686274509804,0.3492906536914688,53.499929874389984,0.982088248143294
Data/images/Dead_cells_7.png,29,0.9644832630675142,44.03594073329923,45.45327270945405,42.4719278107001,151.63961030678948,0.103685203628574,1463.0,0.8940055392939684,1849.0,1520.0,0.7912385073012439,0.26414396692455333,43.15958125315331,0.9625
Data/images/Dead_cells_7.png,30,0.945457155916299,57.55356864299644,60.14149981501958,54.4144333220409,194.12489168102812,0.07928319039453874,2449.0,0.9035948765673876,2860.0,2503.0,0.8562937062937063,0.32574647553990027,55.840519741997504,0.9784258889332801
Data/images/Dead_cells_7.png,33,0.9703951841545532,54.7676166487776,57.201398584300364,53.146231443596506,187.63961030678954,0.08256968550353774,2273.0,0.9006008564531117,2600.0,2314.0,0.8742307692307693,0.24152264193994852,53.79659362062829,0.9822817631806395
Data/images/Dead_cells_8.png,1,0.9455938473157015,53.10452921941013,56.22277118748239,50.21531609447111,179.8822509939088,0.08650264534451012,2080.0,0.8986613852232879,2499.0,2135.0,0.8323329331732693,0.32534946737114906,51.46200786064549,0.9742388758782201
Data/images/Dead_cells_8.png,2,0.9743375603662405,55.72067276272197,58.59180830116101,54.290744361596154,191.88225099390877,0.08132326806268649,2360.0,0.8973877117027353,2808.0,2415.0,0.8404558404558404,0.22509180007179871,54.816469473826785,0.9772256728778468
Data/images/Dead_cells_8.png,3,0.9489286166835718,55.531666369853916,58.7962583843564,52.6955873504791,188.91168824543158,0.08291055003091138,2279.0,0.895716592492492,2548.0,2324.0,0.8944270015698587,0.3154908563476922,53.86754980924449,0.9806368330464716
Data/images/Dead_cells_8.png,4,0.9620663077447325,52.98553194539627,56.43580423808985,50.975595082597955,177.63961030678948,0.08408975635824353,2113.0,0.9171988025059732,2450.0,2152.0,0.8624489795918368,0.2728157244412749,51.86863366260383,0.9818773234200744
Data/images/Dead_cells_8.png,5,0.9587442945737207,55.08786416729664,57.48912940721924,52.81517547064776,191.1959594928937,0.0840606548660777,2275.0,0.8842380360471747,2808.0,2346.0,0.8101851851851852,0.2842699027725947,53.820256077730576,0.9697357203751066
Data/images/Dead_cells_8.png,6,0.9109339011137068,57.947652646611864,59.61543424315552,52.78648128576016,194.3675323681474,0.08124034790727164,2393.0,0.8920869457284852,2800.0,2447.0,0.8546428571428571,0.41255233340967196,55.198389745999336,0.9779321618308132
Data/images/Dead_cells_8.png,7,0.9354493782044482,54.811475755382396,58.0,51.27336091384065,182.56854249492397,0.08315579252786334,2196.0,0.9097995219050666,2548.0,2250.0,0.8618524332810047,0.3534606920393155,52.877538144645285,0.976
Data/images/Dead_cells_8.png,8,0.8679972204111184,56.3656766528325,58.66856057549052,48.92525066125048,181.7817459305206,0.0842557339191289,2158.0,0.9057953021204499,2601.0,2212.0,0.829680891964629,0.49656905396789686,52.41804019169814,0.9755877034358047
Data/images/Dead_cells_8.png,9,0.9659922390405391,56.15962820536341,60.440052945046304,54.24976499378322,188.56854249492395,0.08002059940374451,2357.0,0.9125767707001432,2650.0,2395.0,0.889433962264151,0.25857106201863517,54.78161741807902,0.984133611691023
Data/images/Dead_cells_8.png,10,0.996125587053895,50.96685671364787,54.405882034941776,50.76939006417424,176.46803743153572,0.08729559111132115,2022.0,0.9031829886020913,2352.0,2069.0,0.8596938775510204,0.08794211059858267,50.73943593945935,0.9772837119381343
Data/images/Dead_cells_8.png,11,0.9541932085861613,52.93833900134333,55.758407437802596,50.513403548913715,181.05382386916258,0.08702418835335861,2081.0,0.8930609308422586,2448.0,2131.0,0.8500816993464052,0.2991911106434303,51.474377049109336,0.97653683716565
Data/images/Dead_cells_8.png,12,0.9347210359596358,53.91052502411497,57.62811813689564,50.39130179966861,182.56854249492397,0.0869995437192871,2099.0,0.8894744351778532,2397.0,2145.0,0.8756779307467668,0.3553823081338535,51.69651636618377,0.9785547785547786
Data/images/Dead_cells_8.png,14,0.8446903585550187,58.962857711644176,61.71709649683789,49.80535742187727,185.63961030678954,0.08094162210891194,2294.0,0.9144998870331343,2650.0,2325.0,0.8656603773584906,0.5352552644899393,54.044532707966525,0.9866666666666667
Data/images/Dead_cells_8.png,15,0.9718242477780128,54.943042191383945,58.728187440104094,53.394980648277325,188.22539674441643,0.0821048622658305,2293.0,0.9017400999164822,2652.0,2349.0,0.8646304675716441,0.23570666395055204,54.03275188325807,0.9761600681140911
Data/images/Dead_cells_8.png,16,0.9390194964328611,58.29794198472199,62.76941930590086,54.74290412556579,195.05382386916258,0.07885741818037703,2474.0,0.9038709334632393,2915.0,2526.0,0.848713550600343,0.34386390522847343,56.12481299456411,0.9794140934283452
Data/images/Dead_cells_8.png,17,0.9347642481718598,48.685137686104376,51.42956348249516,45.50912612629483,165.19595949289362,0.09540627172560995,1732.0,0.8929286530426122,2115.0,1788.0,0.8189125295508274,0.3552686312351557,46.960098929637084,0.9686800894854586
Data/images/Dead_cells_8.png,19,0.79993312686935,58.25789929993067,59.64059020499378,46.60242355183326,188.9533188057744,0.08902394290024707,2123.0,0.8643193922522593,2592.0,2196.0,0.8190586419753086,0.60008915382385,51.991225735433,0.9667577413479053
Data/images/Dead_cells_8.png,20,0.9880455985005547,54.73622777372299,59.20304046246274,54.081888930350814,193.39696961967022,0.08366730245280996,2312.0,0.8812562623045388,2652.0,2369.0,0.8717948717948718,0.15416191255845266,54.25615013459485,0.9759392148585901
Data/images/Dead_cells_8.png,21,0.959218198609167,49.975277253732166,52.69724850502159,47.93719542231865,172.95331880577427,0.0928608423118251,1863.0,0.8845536371757785,2209.0,1917.0,0.8433680398370303,0.2826666719954512,48.703647418254086,0.971830985915493
Data/images/Dead_cells_9.png,1,0.9574710446287047,49.33582939767274,51.42956348249516,47.23762811101327,166.95331880577436,0.09145621408149787,1826.0,0.9071953050786782,2303.0,1874.0,0.7928788536691272,0.2885293723308188,48.21758401959193,0.9743863393810032
Data/images/Dead_cells_9.png,3,0.9598960441323598,55.37806490007482,58.89821729050889,53.157185429286905,189.6396103067895,0.08301142933105253,2285.0,0.893452480687365,2650.0,2334.0,0.8622641509433963,0.2803561742837927,53.93841265480332,0.9790059982862039
Data/images/Dead_cells_9.png,4,0.9335755229065922,58.73141812583062,62.369864518050704,54.83021438786803,192.568542494924,0.0767358208786308,2510.0,0.922174669340958,2805.0,2556.0,0.8948306595365418,0.35838072357436285,56.531683658681686,0.9820031298904538
Data/images/Dead_cells_9.png,5,0.918867722779474,53.77407301352102,56.302753041036986,49.41126001451123,175.63961030678954,0.08458444994307225,2077.0,0.9197047613973631,2397.0,2117.0,0.866499791405924,0.3945657208046144,51.42488244434724,0.9811053377420879
Data/images/Dead_cells_9.png,6,0.931996753404129,58.489427129125175,61.71709649683789,54.51195619281205,191.15432893255092,0.07706282158135494,2481.0,0.923613793319133,2805.0,2522.0,0.8844919786096257,0.3624666214207351,56.2041574128457,0.9837430610626486
Data/images/Dead_cells_9.png,7,0.9204629257971132,55.7863707186741,58.59180830116101,51.34928601131317,187.68124086713226,0.08369286103328083,2243.0,0.8944381027329787,2703.0,2300.0,0.8298187199408065,0.39082988912443434,53.44039950113556,0.9752173913043478
Data/images/Dead_cells_9.png,8,0.9645072314708374,58.11251988299267,61.05735008989499,56.04994566613925,200.02438661763986,0.07917054685044127,2527.0,0.89080292828404,2915.0,2575.0,0.8668953687821612,0.26405643419628894,56.72280255369754,0.9813592233009709
Data/images/Dead_cells_9.png,9,0.9189396512134718,53.808342971583095,56.43580423808985,49.446619922681435,177.98275605729705,0.0860443587417438,2069.0,0.9058468263408824,2400.0,2110.0,0.8620833333333333,0.39439817117687465,51.325750048655415,0.9805687203791469
Data/images/Dead_cells_9.png,10,0.9836990063831278,53.123749215844555,56.60388679233962,52.25777931897276,181.05382386916258,0.08349265569248909,2169.0,0.911752459825058,2499.0,2212.0,0.8679471788715486,0.1798228707390978,52.55146594083335,0.9805605786618445
Data/images/Dead_cells_9.png,11,0.9216546348639265,52.31335128338172,55.226805085936306,48.2148426755935,172.95331880577433,0.08763786106195812,1974.0,0.9105307082748629,2350.0,2017.0,0.84,0.3880112550350078,50.1335702030806,0.9786812097174021
Data/images/Dead_cells_9.png,12,0.9280225738025994,52.16906731658693,53.75872022286245,48.41407212402008,174.71067811865504,0.08839396818550722,1977.0,0.9020568150691952,2397.0,2030.0,0.8247809762202754,0.37252396233370394,50.17165115821301,0.9738916256157636
Data/images/Dead_cells_9.png,13,0.9360936040031963,57.000561535102,60.03332407921454,53.357861077599594,186.22539674441637,0.07869232907011045,2367.0,0.9260176793388695,2650.0,2396.0,0.8932075471698113,0.3517509979293672,54.89770489180882,0.9878964941569283
Data/images/Dead_cells_9.png,14,0.9126250958588424,53.319323312668836,55.47071299343465,48.66055254935301,177.98275605729705,0.08787102249187709,2026.0,0.8963820025704534,2346.0,2072.0,0.8635976129582268,0.40879754696993903,50.78959851813597,0.9777992277992278
Data/images/Dead_cells_9.png,16,0.9562358969266318,56.19508726851338,59.665735560705194,53.73575967707725,187.63961030678945,0.0803079864356043,2337.0,0.9131945319906365,2600.0,2370.0,0.8988461538461539,0.2925968376946659,54.54870132318528,0.9860759493670886
Data/images/Dead_cells_9.png,17,0.9604112333291219,59.00106065287916,63.245553203367585,56.665281429358004,197.0538238691626,0.07565898401580443,2605.0,0.9180836349022051,2915.0,2648.0,0.8936535162950258,0.2785861857580829,57.59157068560553,0.9837613293051359
Data/images/Dead_cells_9.png,18,0.9653603088965756,55.31040411443135,58.25804665451803,53.39446880110187,186.71067811865504,0.08091470341003469,2308.0,0.9120247635757283,2652.0,2345.0,0.8702865761689291,0.2609204361622692,54.20919543074547,0.9842217484008529
Data/images/Dead_cells_9.png,19,0.9559106123061887,57.55397774060426,61.05735008989499,55.016458102677774,193.7401153701778,0.07877215506004383,2460.0,0.9074209283941123,2703.0,2497.0,0.9100998890122086,0.29365779621935556,55.965786691946896,0.9851822186623949
Data/images/Dead_cells_9.png,21,0.9042519337669694,55.37636515716849,59.81638571495272,50.07418527835544,186.1248916810281,0.0866704967082785,2148.0,0.8826063755066269,2496.0,2194.0,0.8605769230769231,0.4269993445881327,52.296448656587856,0.9790337283500455
Data/images/Dead_cells_9.png,22,0.9554809744073776,54.959798692939984,57.8013840664737,52.51304200836361,183.74011537017776,0.08200853174299387,2241.0,0.9132158096214819,2499.0,2275.0,0.8967587034813925,0.2950527199425995,53.41656877553537,0.9850549450549451
Data/images/Dead_cells_9.png,23,0.9417090105884843,53.758247379036526,55.226805085936306,50.624625950283466,185.63961030678954,0.08713429256361865,2131.0,0.8814040732636342,2548.0,2195.0,0.8363422291993721,0.33642850559436677,52.089091658720946,0.9708428246013667
Data/images/Dead_cells_9.png,24,0.9602340168264445,54.23005432697332,59.20304046246274,52.073542899105895,184.3259018078047,0.08418629906727779,2190.0,0.8998933436407963,2450.0,2237.0,0.8938775510204081,0.2791964056526363,52.80525166089076,0.9789897183728208
Data/images/Dead_cells_9.png,25,0.8880616708778957,31.434581404863515,32.64965543462902,27.915846885750323,103.84062043356603,0.1514815761248228,686.0,0.8938021340672846,837.0,711.0,0.8195937873357229,0.45972433992291695,29.554057719513263,0.9648382559774965
Data/images/Dead_cells_9.png,26,0.8913584664758643,53.89598992147595,57.201398584300364,48.04064692560544,175.63961030678945,0.08692878510605763,2021.0,0.9072184932479611,2350.0,2069.0,0.86,0.4532991112298753,50.72688754408025,0.9768003866602223
Data/images/Dead_cells_9.png,27,0.8993949695882604,61.58088745947766,66.2872536767062,55.385540403835,206.4680374315357,0.07813359978487633,2643.0,0.8825912150813984,3016.0,2707.0,0.8763262599469496,0.43713692211861066,58.01010357459324,0.9763575914296269
