image,cell_id,shape_Elongation,shape_MajorAxisLength,shape_MaximumDiameter,shape_MinorAxisLength,shape_Perimeter,shape_PerimeterSurfaceRatio,shape_PixelSurface,shape_Sphericity,shape_bbox_area,shape_convex_area,shape_extent,shape_eccentricity,shape_diameter,shape_solidity,bf_intensity_10Percentile,bf_intensity_90Percentile,bf_intensity_Energy,bf_intensity_Entropy,bf_intensity_InterquartileRange,bf_intensity_Kurtosis,bf_intensity_Maximum,bf_intensity_MeanAbsoluteDeviation,bf_intensity_Mean,bf_intensity_Median,bf_intensity_Minimum,bf_intensity_Range,bf_intensity_RobustMeanAbsoluteDeviation,bf_intensity_RootMeanSquared,bf_intensity_RootMeanSquared.1,bf_intensity_TotalEnergy,bf_intensity_Uniformity,bf_intensity_Variance,bf_glcm_Contrast,bf_glcm_Correlation,bf_glcm_Autocorrelation,bf_glcm_DifferenceAverage,bf_glcm_DifferenceEntropy,bf_glcm_DifferenceVariance,bf_glcm_Id,bf_glcm_Idm,bf_glcm_Imc1,bf_glcm_Imc12,bf_glcm_InverseVariance,bf_glcm_JointAverage,bf_glcm_JointEnergy,bf_glcm_JointEntropy,bf_glcm_MCC,bf_gldm_DependenceEntropy,bf_gldm_DependenceNonUniformity,bf_gldm_DependenceVariance,bf_gldm_GrayLevelNonUniformity,bf_gldm_GrayLevelVariance,bf_gldm_LowGrayLevelEmphasis,bf_gldm_HighGrayLevelEmphasis,bf_glrlm_LongRunEmphasis,bf_glrlm_LongRunHighGrayLevelEmphasis,bf_glrlm_LongRunLowGrayLevelEmphasis,bf_glrlm_LowGrayLevelRunEmphasis,bf_glrlm_RunEntropy,bf_glrlm_RunLengthNonUniformity,bf_glrlm_RunPercentage,bf_glrlm_RunVariance,bf_glrlm_ShortRunEmphasis,bf_glrlm_ShortRunHighGrayLevelEmphasis,bf_glrlm_ShortRunLowGrayLevelEmphasis,bf_glszm_HighGrayLevelZoneEmphasis,bf_glszm_LargeAreaEmphasis,bf_glszm_LargeAreaHighGrayLevelEmphasis,bf_glszm_LargeAreaLowGrayLevelEmphasis,bf_glszm_LowGrayLevelZoneEmphasis,bf_glszm_SizeZoneNonUniformity,bf_glszm_SmallAreaEmphasis,bf_glszm_SmallAreaHighGrayLevelEmphasis,bf_glszm_SmallAreaLowGrayLevelEmphasis,label,y_pred
Data/images/Control5_3.png,4,0.9593694,45.480522,47.707443,43.63262,156.56854,0.1008493,1553.0,0.8921055,1849.0,1593.0,0.8399135,0.28215292,44.467304,0.9748902,78.0,134.0,19523042.0,1.7716458,31.0,2.2634335,153.0,16.870827,110.25241,116.0,65.0,88.0,12.795627,112.12127,-0.40595305,19523042.0,0.33834147,415.58472,0.18145695,0.8657578,9.141722,0.18145695,0.68325394,0.14853033,0.90927154,0.90927154,-0.5475699,0.9232248,0.18145695,2.9251657,0.25386256,2.5369458,0.8826711,2.801383,789.953,0.32915294,525.4443,0.7017977,0.18172552,9.083065,56.18612,523.6593,7.397176,0.27890202,4.8819895,52.053627,0.20412105,32.185394,0.31132436,1.8610518,0.12294895,7.867508,56.18612,523.6593,7.397176,0.27890202,52.053627,0.31132436,1.8610518,0.12294895,,Healthy
Data/images/Control5_3.png,5,0.8770989,50.414368,52.478565,44.218388,166.61017,0.09534202,1748.0,0.88943046,2160.0,1795.0,0.80925924,0.48030978,47.176506,0.97381616,76.0,127.0,20724942.0,1.5905493,23.0,2.5740557,153.0,14.661424,107.34325,112.0,66.0,87.0,10.65015,108.88698,-0.57442427,20724942.0,0.4137386,333.80093,0.16499706,0.8538773,8.426046,0.16499706,0.64613116,0.13777302,0.91750145,0.91750145,-0.54798275,0.9048259,0.16499706,2.8185031,0.34223485,2.262432,0.8767014,2.535327,928.3764,0.33712146,723.2151,0.5879187,0.19754434,8.3627,86.89426,777.5468,11.115703,0.32619503,4.680262,52.75831,0.18935926,59.00565,0.35053518,1.6303704,0.15156372,6.595166,86.89426,777.5468,11.115703,0.32619503,52.75831,0.35053518,1.6303704,0.15156372,,Healthy
Data/images/Control5_3.png,6,0.9443506,44.932995,46.010868,42.432503,153.88225,0.10303465,1494.0,0.8902644,1845.0,1537.0,0.8097561,0.3289406,43.614445,0.9720234,82.0,128.0,17994492.0,1.4610671,27.0,2.0597725,141.0,14.1849,108.46385,113.0,73.0,68.0,11.433198,109.74746,-0.40653762,17994492.0,0.3967687,280.0974,0.1423635,0.84455013,8.671735,0.1423635,0.59039533,0.12209614,0.9288182,0.9288182,-0.54775417,0.8931392,0.1423635,2.878369,0.3045612,2.1183558,0.8582013,2.4316454,826.45917,0.25744566,592.7724,0.461312,0.1471209,8.633869,75.138336,640.8182,10.239982,0.15387571,4.669181,30.810276,0.16934404,40.26768,0.1864676,1.6107825,0.028726043,8.770751,75.138336,640.8182,10.239982,0.15387571,30.810276,0.1864676,1.6107825,0.028726043,,Healthy
Data/images/Control5_3.png,8,0.9702031,46.560654,48.270073,45.17329,158.2254,0.09609802,1647.0,0.9090957,1978.0,1684.0,0.83265924,0.24229321,45.793293,0.9780285,82.0,131.0,21093120.0,1.6008592,18.0,2.887057,155.0,13.71174,111.74135,114.0,64.0,91.0,9.45185,113.16799,-0.56666285,21093120.0,0.39635533,320.8657,0.1301627,0.87891626,9.517522,0.1301627,0.5578842,0.11322037,0.93491864,0.93491864,-0.596409,0.920055,0.1301627,3.0075095,0.32429814,2.2052124,0.90531206,2.5393348,953.39465,0.27054617,652.7972,0.5568993,0.155678,9.4262295,102.62646,946.45526,14.0087805,0.18146887,5.1482267,28.354086,0.1560413,61.556812,0.2519061,2.0158334,0.056319907,9.136187,102.62646,946.45526,14.0087805,0.18146887,28.354086,0.2519061,2.0158334,0.056319907,,Healthy
Data/images/Control5_3.png,10,0.93212837,49.126472,51.40039,45.79218,162.3259,0.09236182,1758.0,0.9155136,2021.0,1798.0,0.86986643,0.36212796,47.311256,0.97775304,87.0,126.0,21867828.0,1.2394216,10.0,3.3487647,142.0,9.751433,110.72184,113.0,68.0,74.0,6.285269,111.53043,-0.7472398,21867828.0,0.5175845,179.7116,0.11520468,0.8157192,9.005848,0.11520468,0.51541793,0.10193256,0.94239765,0.94239765,-0.5379295,0.85324687,0.11520468,2.958187,0.44565833,1.7694793,0.83098304,2.0921824,1071.5507,0.24995697,909.9135,0.32586154,0.13434616,8.947668,143.91837,1281.5347,17.190872,0.16788548,4.837856,29.187756,0.13936292,92.43042,0.251855,1.7635034,0.054946534,8.538775,143.91837,1281.5347,17.190872,0.16788548,29.187756,0.251855,1.7635034,0.054946534,,Healthy
Data/images/Control5_3.png,13,0.93062156,49.578297,50.77401,46.13863,168.1249,0.09379353,1793.0,0.89269376,2254.0,1847.0,0.7954747,0.36598292,47.779896,0.9707634,77.0,140.0,24163792.0,1.8602623,35.0,2.181302,157.0,18.50104,113.90909,119.0,67.0,90.0,14.071014,116.089355,-0.54270184,24163792.0,0.3053453,501.458,0.19219737,0.8842345,10.160643,0.19219737,0.7060456,0.15525754,0.90390134,0.90390134,-0.553782,0.9322704,0.19219737,3.070281,0.22267596,2.65532,0.89911395,2.9163146,889.7273,0.3320274,547.48413,0.8571034,0.18037724,10.069158,49.135063,536.9559,6.0294423,0.26790836,4.907528,62.54286,0.21472393,27.446085,0.30191377,1.8741773,0.10472237,8.14026,49.135063,536.9559,6.0294423,0.26790836,62.54286,0.30191377,1.8741773,0.10472237,,Healthy
Data/images/Control5_3.png,14,0.80631894,57.150196,57.870544,46.081284,182.36754,0.088463515,2062.0,0.88256985,2508.0,2119.0,0.82216907,0.59148103,51.238853,0.97310054,92.0,130.0,27484624.0,1.2835603,11.0,3.4915118,142.0,9.251496,114.722115,116.0,77.0,65.0,5.826059,115.45177,-0.81845605,27484624.0,0.48099837,167.94655,0.116013885,0.82603866,4.677739,0.116013885,0.5177933,0.102554664,0.94199306,0.94199306,-0.55041957,0.86458206,0.116013885,2.0981655,0.40625802,1.8123755,0.8323862,2.0890741,1251.6246,0.2061101,991.8186,0.35024145,0.3251428,4.658584,140.15054,621.4337,35.978695,0.43528473,4.5689034,41.73835,0.13530552,85.52837,0.11810347,0.43997416,0.061732557,4.469534,140.15054,621.4337,35.978695,0.43528473,41.73835,0.11810347,0.43997416,0.061732557,,Healthy
Data/images/Control5_3.png,15,0.9670511,45.734917,47.169907,44.228,156.81119,0.09896572,1585.0,0.89985806,1978.0,1637.0,0.8013145,0.2545823,44.923096,0.9682346,83.0,132.0,19732260.0,1.5429798,27.0,2.2533383,148.0,14.498459,110.19306,115.0,69.0,79.0,11.234591,111.57677,-0.3179037,19732260.0,0.3753983,306.86493,0.15539663,0.8464545,8.994799,0.15539663,0.6231822,0.1312485,0.9223017,0.9223017,-0.5414219,0.89971054,0.15539663,2.926853,0.28170672,2.2332976,0.8628733,2.5332818,853.906,0.28616706,595.0063,0.5141912,0.14813355,8.95899,62.08042,544.9021,8.308275,0.18436772,4.6542764,34.244755,0.18044165,31.36712,0.23118052,1.6275103,0.06833518,8.573426,62.08042,544.9021,8.308275,0.18436772,34.244755,0.23118052,1.6275103,0.06833518,,Healthy
Data/images/Control5_3.png,16,0.9691969,45.39279,48.259712,43.994556,154.56854,0.09892387,1563.0,0.90655434,1849.0,1602.0,0.8453218,0.24628708,44.610237,0.97565544,91.0,126.0,20009144.0,1.1994455,8.0,3.4562385,138.0,8.933648,112.461296,114.0,76.0,62.0,5.2895017,113.144844,-0.830394,20009144.0,0.5251548,154.21268,0.1158657,0.8008468,4.196182,0.1158657,0.517359,0.10244084,0.94206715,0.94206715,-0.52059126,0.8374798,0.1158657,1.9907835,0.45450234,1.7172315,0.8038633,2.0333652,944.05695,0.2419294,820.817,0.30837724,0.36054242,4.1663465,138.76819,567.7364,38.84937,0.5073232,4.7157626,28.472727,0.14075495,88.29362,0.2292289,0.6930874,0.14233522,3.9,138.76819,567.7364,38.84937,0.5073232,28.472727,0.2292289,0.6930874,0.14233522,,Healthy
Data/images/Control5_3.png,18,0.9412984,48.047966,51.0392,45.227478,160.56854,0.094368815,1702.0,0.9106688,2025.0,1747.0,0.8404938,0.33757558,46.551624,0.97424155,89.0,127.0,21684078.0,1.2056274,10.0,3.4344969,145.0,9.775232,112.058754,114.0,72.0,73.0,5.823282,112.87316,-0.7598539,21684078.0,0.53385526,183.1869,0.111714974,0.81052625,9.071256,0.111714974,0.5050673,0.09923474,0.9441425,0.9441425,-0.5333019,0.84420735,0.111714974,2.9719203,0.4662862,1.71501,0.81542593,2.0015376,1039.7579,0.22596489,908.62164,0.3104266,0.13229126,8.999413,149.45454,1349.8745,17.328613,0.16588505,4.6685843,31.155844,0.13572268,95.16763,0.19399843,1.3942705,0.03784091,8.385282,149.45454,1349.8745,17.328613,0.16588505,31.155844,0.19399843,1.3942705,0.03784091,,Healthy
Data/images/Control5_3.png,19,0.9782885,47.41091,50.447994,46.38155,162.2254,0.094234906,1722.0,0.9066499,2068.0,1770.0,0.83268857,0.20724776,46.824337,0.9728814,89.0,122.0,20932260.0,0.98101115,11.0,2.8832529,130.0,8.992048,109.64751,113.0,79.0,51.0,5.9881325,110.25327,-0.9333767,20932260.0,0.6058819,133.2085,0.103407055,0.7553946,3.6186492,0.103407055,0.47970358,0.092714034,0.9482965,0.9482965,-0.4885825,0.77643,0.103407055,1.8598326,0.5425348,1.428296,0.8170978,1.727064,1081.0244,0.22852449,1043.3287,0.2244318,0.39892244,3.6004646,175.31532,677.4054,50.683685,0.5357858,4.5150127,31.432432,0.12891985,115.14804,0.23921952,1.1473029,0.112394705,3.6576576,175.31532,677.4054,50.683685,0.5357858,31.432432,0.23921952,1.1473029,0.112394705,,Healthy
Data/images/Control5_3.png,20,0.9482913,48.511898,49.76947,46.00341,167.88225,0.096015014,1749.0,0.88294363,2162.0,1807.0,0.8089732,0.31740126,47.19,0.9679026,80.0,128.0,20942748.0,1.600143,26.0,2.2982032,139.0,14.445149,108.008575,113.0,66.0,73.0,10.744188,109.42635,-0.6400644,20942748.0,0.38400608,308.27493,0.17352942,0.8374611,8.777059,0.17352942,0.6657152,0.14341696,0.9132353,0.9132353,-0.5263188,0.89938307,0.17352942,2.8861766,0.2960026,2.3168497,0.87880033,2.5913236,904.88794,0.30380964,671.62665,0.5547543,0.17042676,8.717553,69.34593,621.0145,8.879421,0.25468346,4.6440163,58.104652,0.19668382,43.4958,0.27274022,1.5962262,0.10394812,7.860465,69.34593,621.0145,8.879421,0.25468346,58.104652,0.27274022,1.5962262,0.10394812,,Healthy
Data/images/Control5_3.png,21,0.9741,51.204285,53.25411,49.878094,174.2254,0.08704741,2002.0,0.9102722,2400.0,2044.0,0.83416665,0.22611772,50.487877,0.9794521,91.0,129.0,26179100.0,1.2935774,9.0,3.1871169,143.0,9.678828,113.56993,115.0,78.0,65.0,5.8980355,114.35241,-0.7422856,26179100.0,0.47893813,178.34401,0.11583803,0.8298269,4.4105587,0.11583803,0.5172779,0.102419585,0.942081,0.942081,-0.55669224,0.86923355,0.11583803,2.0317786,0.4047506,1.8262804,0.84683317,2.1408296,1210.007,0.22312453,958.83417,0.35507274,0.35474247,4.389111,136.72925,568.2996,39.723125,0.44995987,4.824617,33.974728,0.13836163,84.4934,0.17198811,0.53577596,0.10502289,4.33935,136.72925,568.2996,39.723125,0.44995987,33.974728,0.17198811,0.53577596,0.10502289,,Healthy
Data/images/Control5_3.png,22,0.9386208,48.085175,50.566788,45.133747,162.46803,0.095541336,1701.0,0.89975715,2068.0,1744.0,0.82253385,0.3449507,46.537945,0.97534406,86.0,130.0,21634604.0,1.4114718,21.0,2.6353142,151.0,12.470588,111.65432,115.0,75.0,76.0,8.837265,112.777466,-0.37225834,21634604.0,0.4265489,252.06863,0.13870382,0.8308603,4.219261,0.13870382,0.58083415,0.11946507,0.9306481,0.9306481,-0.53677493,0.88088673,0.13870382,1.9694124,0.34046745,2.0389295,0.8462028,2.358207,955.7231,0.25805548,725.5597,0.4224468,0.40391272,4.1998825,88.870964,366.9104,27.513988,0.46463063,4.783902,33.996414,0.16402116,51.700314,0.19504672,0.9493637,0.07525022,4.329749,88.870964,366.9104,27.513988,0.46463063,33.996414,0.19504672,0.9493637,0.07525022,,Healthy
Data/images/Control5_3.png,23,0.9669233,50.259354,53.075417,48.59694,167.63962,0.08779241,1910.0,0.92403436,2256.0,1956.0,0.8466312,0.25506738,49.31417,0.9764826,99.0,142.0,28612942.0,1.528522,17.0,3.9013808,156.0,12.091702,121.28272,120.0,69.0,87.0,7.9176264,122.395256,-0.77040946,28612942.0,0.4031156,271.09912,0.12896292,0.86562794,11.428802,0.12896292,0.5545871,0.11233149,0.93551856,0.93551856,-0.5809837,0.90767795,0.12896292,3.318646,0.32725698,2.120751,0.88103336,2.4435842,1123.9979,0.269679,769.9508,0.5039982,0.11613162,11.356021,111.82699,1213.3495,11.688073,0.14539889,5.0377107,36.384083,0.1513089,68.148155,0.27692682,2.6026602,0.047577452,10.993079,111.82699,1213.3495,11.688073,0.14539889,36.384083,0.27692682,2.6026602,0.047577452,,Healthy
Data/images/Control5_3.png,26,0.95924294,47.095272,50.08992,45.175808,162.46803,0.0975491,1666.0,0.8904495,2025.0,1710.0,0.82271606,0.28258276,46.05667,0.97426903,80.0,129.0,20334776.0,1.5864621,27.0,2.256094,147.0,15.051735,108.97659,114.0,70.0,77.0,11.460544,110.47962,-0.45778546,20334776.0,0.37922853,329.85,0.16368128,0.845574,8.770228,0.16368128,0.64304405,0.13688973,0.91815937,0.91815937,-0.5360835,0.9027872,0.16368128,2.8848054,0.28822285,2.3041258,0.868591,2.5930817,882.1933,0.29548675,631.79474,0.5387292,0.16323613,8.732893,68.70513,613.16345,8.875824,0.22271189,4.8227882,42.474358,0.1872749,40.19227,0.25499073,1.8348083,0.07442134,8.025641,68.70513,613.16345,8.875824,0.22271189,42.474358,0.25499073,1.8348083,0.07442134,,Healthy
Data/images/Control5_3.png,28,0.9615313,46.315533,48.8467,44.533836,157.29646,0.09736705,1616.0,0.9058149,1980.0,1663.0,0.81616163,0.2746955,45.360283,0.9717378,82.0,130.0,20446106.0,1.5466094,21.0,2.5692549,146.0,13.602408,111.164604,115.0,69.0,77.0,9.539279,112.482414,-0.6936141,20446106.0,0.3861501,294.72415,0.1502228,0.8463479,9.387014,0.1502228,0.6103976,0.12765591,0.9248886,0.9248886,-0.5443376,0.89864063,0.1502228,2.9955442,0.300307,2.2034595,0.86491203,2.505864,883.77844,0.26519305,624.01855,0.512413,0.14560127,9.305693,76.071175,703.70105,9.362396,0.19313464,4.68078,36.800713,0.17388614,42.998444,0.20108481,1.3342295,0.06102832,8.665481,76.071175,703.70105,9.362396,0.19313464,36.800713,0.20108481,1.3342295,0.06102832,,Healthy
Data/images/Control5_3.png,34,0.9785755,48.58282,50.566788,47.541958,164.71068,0.09092502,1812.0,0.9160145,2256.0,1859.0,0.8031915,0.20588809,48.032387,0.9747176,96.0,121.0,22477536.0,0.78640133,6.0,3.2496572,129.0,6.1257253,111.057396,112.0,86.0,43.0,3.8581536,111.37693,-0.73054546,22477536.0,0.7030473,71.07618,0.083333336,0.71172863,3.760204,0.083333336,0.41381684,0.07638889,0.9583333,0.9583333,-0.44840539,0.6927198,0.083333336,1.9124149,0.66079384,1.1309111,0.75658256,1.3908424,1222.3179,0.19981214,1273.9216,0.16196536,0.35283297,3.7284768,260.57437,1029.8872,69.19772,0.5877493,4.4048967,29.68718,0.107615896,174.22737,0.24407502,0.94160134,0.15488653,3.2871795,260.57437,1029.8872,69.19772,0.5877493,29.68718,0.24407502,0.94160134,0.15488653,,Healthy
Data/images/Control5_3.png,35,0.9008947,52.482285,53.009434,47.281013,175.15433,0.09021598,1942.0,0.89176977,2295.0,1993.0,0.84618735,0.43403766,49.72556,0.9744104,77.0,126.0,21958314.0,1.5751386,24.0,2.444615,144.0,14.096754,104.88568,108.0,63.0,81.0,10.210511,106.33467,-0.5262751,21958314.0,0.41214213,306.0549,0.19196193,0.8299654,8.020095,0.19196193,0.70555764,0.15511255,0.90401906,0.90401906,-0.49536306,0.88694793,0.19196193,2.7480168,0.31850514,2.3463423,0.8491387,2.6244035,967.7065,0.3547735,800.38,0.57354844,0.20517936,8.044284,71.86473,637.913,9.537105,0.30027175,4.6728935,78.90821,0.21318229,49.86093,0.35890183,2.2024775,0.12679905,6.7971015,71.86473,637.913,9.537105,0.30027175,78.90821,0.35890183,2.2024775,0.12679905,,Healthy
Data/images/Control5_3.png,36,0.96695447,51.33997,53.90733,49.64341,175.63962,0.08815037,1993.0,0.90091044,2350.0,2038.0,0.8480851,0.2549492,50.374264,0.9779195,112.0,127.0,27320446.0,0.84572726,8.0,5.467067,138.0,5.3440948,116.84596,115.0,84.0,54.0,3.5279133,117.08203,-0.49718034,27320446.0,0.66888624,55.223137,0.10247168,0.7018682,4.743563,0.10247168,0.47678202,0.09197123,0.94876415,0.94876415,-0.42162097,0.7035029,0.10247168,2.150103,0.58981615,1.2784966,0.7033717,1.6069171,1267.0251,0.22607173,1333.0903,0.18096453,0.24888499,4.7626696,197.62,823.496,48.83989,0.29955557,4.5302906,34.632,0.12543903,134.06721,0.2463188,1.1086884,0.10248045,5.384,197.62,823.496,48.83989,0.29955557,34.632,0.2463188,1.1086884,0.10248045,,Dead
Data/images/Control5_3.png,38,0.9723994,45.442455,47.423622,44.188217,155.29646,0.09869493,1574.0,0.90547556,1936.0,1617.0,0.81301653,0.23332246,44.76694,0.97340757,86.0,122.0,18494376.0,1.0620269,13.0,2.6792288,131.0,10.106728,107.65502,111.0,74.0,57.0,7.0477595,108.39706,-0.8020885,18494376.0,0.565423,160.31873,0.10602094,0.78341943,8.170157,0.10602094,0.487796,0.094780505,0.94698954,0.94698954,-0.51408327,0.8102685,0.10602094,2.8246074,0.495176,1.544453,0.8302445,1.8336744,974.0305,0.2249386,889.9758,0.2536759,0.14268318,8.132148,160.5577,1382.6538,19.714142,0.16262686,4.5159855,28.98077,0.1321474,103.29355,0.21218398,2.1300178,0.03038316,8.144231,160.5577,1382.6538,19.714142,0.16262686,28.98077,0.21218398,2.1300178,0.03038316,,Healthy
Data/images/Control5_3.png,39,0.99175316,49.61656,53.25411,49.207386,167.63962,0.087746456,1911.0,0.9242763,2256.0,1951.0,0.84707445,0.12816247,49.32708,0.9794977,105.0,123.0,24772084.0,0.7511984,7.0,4.5814357,133.0,5.353254,113.58504,113.0,86.0,47.0,3.0417948,113.85469,-0.7317861,24772084.0,0.73753923,61.33016,0.08803006,0.6666768,4.180891,0.08803006,0.42986,0.080280766,0.95598495,0.95598495,-0.4006737,0.65318125,0.08803006,2.023081,0.68403196,1.1101646,0.66674775,1.3677963,1272.3354,0.20194961,1409.4375,0.1475492,0.29322925,4.164312,256.62735,1038.3113,64.807,0.4668501,4.3542905,38.726414,0.11093668,175.37244,0.24471553,0.8635747,0.16000937,4.1179247,256.62735,1038.3113,64.807,0.4668501,38.726414,0.24471553,0.8635747,0.16000937,,Dead
Data/images/Control5_3.png,40,0.9858182,46.90303,48.8467,46.23786,162.36754,0.09559466,1699.0,0.8997845,2115.0,1745.0,0.8033097,0.16781689,46.51058,0.97363895,81.0,133.0,21991368.0,1.6065426,24.0,2.4604416,149.0,14.826263,112.266624,117.0,70.0,79.0,10.828168,113.77044,-0.6429103,21991368.0,0.36799508,339.91653,0.14554276,0.86651105,9.505155,0.14554276,0.59857273,0.12436006,0.9272286,0.9272286,-0.5712286,0.91414,0.14554276,3.0054579,0.29008263,2.2583168,0.8797734,2.5519912,938.0465,0.26839387,625.22363,0.5643676,0.15161288,9.409653,81.24483,775.5069,9.91171,0.21441571,4.813248,39.048275,0.17068864,46.92139,0.2222812,1.342428,0.06751366,8.141379,81.24483,775.5069,9.91171,0.21441571,39.048275,0.2222812,1.342428,0.06751366,,Healthy
Data/images/Control5_3.png,46,0.9941877,47.483963,50.159744,47.20797,166.46803,0.09477258,1757.0,0.8924793,2208.0,1811.0,0.79574275,0.107660435,47.2978,0.97018224,102.6,127.0,23343856.0,0.99277043,9.0,3.683875,137.0,6.5836215,114.90097,114.0,86.0,51.0,4.078607,115.265785,-0.4476312,23343856.0,0.62129915,83.9697,0.12229374,0.7068121,4.53189,0.12229374,0.5359184,0.10733798,0.93885314,0.93885314,-0.41602963,0.7372337,0.12229374,2.0939145,0.5395093,1.4928545,0.70794713,1.8225842,1048.2191,0.25932404,1091.6227,0.22528182,0.2883071,4.5196357,136.50195,572.0739,34.690662,0.4036965,4.519016,37.280155,0.14627205,89.763176,0.26522866,1.0197734,0.15934971,4.63035,136.50195,572.0739,34.690662,0.4036965,37.280155,0.26522866,1.0197734,0.15934971,,Healthy
Data/images/Control5_3.png,47,0.94672775,48.11311,49.658836,45.55002,157.39697,0.091643065,1718.0,0.93337667,2068.0,1753.0,0.83075434,0.32203498,46.76992,0.98003423,83.0,127.0,20932214.0,1.3848718,17.0,2.6331873,137.0,12.1801605,109.273575,113.0,70.0,67.0,8.258106,110.381424,-0.7287732,20932214.0,0.45420197,243.34541,0.14602035,0.8102702,8.928186,0.14602035,0.59979093,0.12469841,0.92698985,0.92698985,-0.51557004,0.86752856,0.14602035,2.935368,0.36948422,2.0107942,0.85296047,2.2814333,951.0512,0.26242036,780.319,0.40153357,0.14297149,8.86496,90.92783,796.3024,11.34369,0.18833524,4.6230764,45.398624,0.169383,56.073215,0.21542086,1.4247644,0.07034464,8.601375,90.92783,796.3024,11.34369,0.18833524,45.398624,0.21542086,1.4247644,0.07034464,,Healthy
Data/images/Control5_3.png,49,0.98669297,48.199745,50.537113,47.55835,166.46803,0.09266242,1797.0,0.90258414,2208.0,1853.0,0.8138587,0.16259474,47.833164,0.9697787,86.0,123.0,21878436.0,1.1216409,9.0,3.2221138,136.0,9.709104,109.56427,112.0,73.0,63.0,6.0148907,110.34029,-0.8997858,21878436.0,0.5643379,170.64876,0.10303377,0.8004336,8.658844,0.10303377,0.47853932,0.092417814,0.9484831,0.9484831,-0.53258467,0.8267552,0.10303377,2.9072697,0.5052243,1.5849818,0.8336149,1.8575351,1121.9393,0.21048869,1014.1152,0.27476513,0.13699916,8.577629,173.25652,1538.2174,20.25951,0.16995773,4.7684484,32.782608,0.1279911,112.212875,0.17322221,1.5442576,0.03057629,8.221739,173.25652,1538.2174,20.25951,0.16995773,32.782608,0.17322221,1.5442576,0.03057629,,Healthy
Data/images/Control5_3.png,52,0.9726352,47.19016,50.32892,45.89881,161.05382,0.094932996,1697.0,0.9065898,2070.0,1747.0,0.81980675,0.23233752,46.483196,0.9713795,78.0,135.0,22235100.0,1.7761158,27.0,2.5507443,154.0,16.277424,112.6594,118.0,62.0,92.0,11.827991,114.46656,-0.6714668,22235100.0,0.33438295,410.45322,0.18897638,0.8638559,9.6577835,0.18897638,0.6993252,0.15326431,0.9055118,0.9055118,-0.5320585,0.9185792,0.18897638,3.009691,0.24603814,2.561083,0.87964255,2.8393683,849.231,0.32993785,567.4479,0.726553,0.17549613,9.578669,52.835194,524.2486,6.634054,0.2532216,4.885847,55.988827,0.21096052,30.365477,0.2993522,2.08979,0.09856688,8.44134,52.835194,524.2486,6.634054,0.2532216,55.988827,0.2993522,2.08979,0.09856688,,Healthy
Data/images/Control5_3.png,54,0.94169766,45.063633,46.8615,42.436317,149.39697,0.09963119,1500.0,0.91883254,1848.0,1541.0,0.8116883,0.33646023,43.70194,0.9733939,81.0,131.0,18605788.0,1.6016343,27.0,2.2618926,146.0,15.055487,109.87933,115.0,69.0,77.0,11.09489,111.37261,-0.5306224,18605788.0,0.37419465,330.3901,0.1771978,0.835054,8.98489,0.1771978,0.67390835,0.14579874,0.9114011,0.9114011,-0.514961,0.89637876,0.1771978,2.9217033,0.27881643,2.346059,0.864292,2.6537924,767.6093,0.3111929,561.292,0.5534307,0.16112037,8.928667,56.39735,499.75165,7.450331,0.22162436,4.7852244,44.09934,0.20133333,31.72738,0.27015004,1.8272531,0.08684468,8.2351,56.39735,499.75165,7.450331,0.22162436,44.09934,0.27015004,1.8272531,0.08684468,,Healthy
Data/images/Control5_3.png,56,0.902397,46.687946,48.104053,42.131058,154.46803,0.100141354,1543.0,0.90131974,1932.0,1585.0,0.79865426,0.4309057,44.323906,0.97350156,79.0,129.0,18473664.0,1.6064154,27.0,2.1852562,139.0,14.942811,107.95787,113.0,67.0,72.0,11.516788,109.419205,-0.5745544,18473664.0,0.37811428,317.66058,0.18454364,0.83165044,8.603598,0.18454364,0.6899166,0.15048729,0.9077282,0.9077282,-0.5061882,0.89512056,0.18454364,2.8544304,0.27718607,2.3839886,0.85965633,2.6557634,779.9721,0.31250784,583.43036,0.5557463,0.17168485,8.598833,56.266457,486.82132,7.618186,0.23421717,4.5792055,53.28213,0.20674011,32.86998,0.2736309,1.8249946,0.08685331,8.012539,56.266457,486.82132,7.618186,0.23421717,53.28213,0.2736309,1.8249946,0.08685331,,Healthy
Data/images/Control5_3.png,60,0.96767646,49.955883,52.0,48.341133,169.53911,0.089632094,1892.0,0.90936494,2352.0,1944.0,0.8044218,0.25219488,49.081253,0.97325104,101.0,127.0,25284540.0,1.0599295,8.0,3.8745117,138.0,6.830126,115.18288,115.0,84.0,54.0,4.016274,115.60243,-0.60382247,25284540.0,0.5885446,96.82702,0.12214984,0.73298454,4.6080346,0.12214984,0.5355091,0.107229255,0.9389251,0.9389251,-0.44124633,0.76564044,0.12214984,2.1072204,0.51230884,1.558564,0.7387054,1.860956,1129.7008,0.25376126,1113.5264,0.25024584,0.29231265,4.5824523,146.5091,614.49457,37.286465,0.44272727,4.485958,38.578182,0.14534883,99.17469,0.25619343,0.6719776,0.1914395,4.3927274,146.5091,614.49457,37.286465,0.44272727,38.578182,0.25619343,0.6719776,0.1914395,,Healthy
Data/images/Control5_3.png,61,0.9715959,47.017002,49.67897,45.681526,160.81119,0.095635556,1682.0,0.90393484,2024.0,1732.0,0.8310277,0.2366462,46.277306,0.9711316,82.0,130.0,21393268.0,1.5099502,21.0,2.5993664,142.0,13.563205,111.49168,116.0,68.0,74.0,9.755266,112.778305,-0.7952061,21393268.0,0.39962265,288.55194,0.15158924,0.83679956,9.322739,0.15158924,0.61380315,0.12860994,0.92420536,0.92420536,-0.53356713,0.89109427,0.15158924,2.9889975,0.3119586,2.1713629,0.8600651,2.4692721,917.77765,0.266614,672.1653,0.48414457,0.14327355,9.24673,76.91157,701.45917,9.454035,0.1824452,4.761703,38.394558,0.17479192,44.18071,0.20616046,1.4785218,0.054767113,8.778912,76.91157,701.45917,9.454035,0.1824452,38.394558,0.20616046,1.4785218,0.054767113,,Healthy
Data/images/Control5_3.png,63,0.9498669,46.530422,48.9183,44.19771,154.91168,0.096308164,1609.0,0.91776454,1892.0,1649.0,0.85042286,0.31265455,45.261932,0.9757429,90.0,127.0,20407928.0,1.2182528,9.0,3.1104414,135.0,9.0041895,111.95152,114.0,78.0,57.0,5.9283614,112.62154,-0.7780197,20407928.0,0.5163532,150.46626,0.14303958,0.77044857,4.2094507,0.14303958,0.5921442,0.12257927,0.9284802,0.9284802,-0.46787205,0.82258284,0.14303958,1.9923371,0.41471794,1.8485475,0.78650415,2.1705625,900.5973,0.266485,830.8123,0.3171154,0.3567088,4.230578,103.764046,425.35205,29.792343,0.4161465,4.420355,44.07116,0.16594158,67.44875,0.23693253,1.0068985,0.09706477,4.400749,103.764046,425.35205,29.792343,0.4161465,44.07116,0.23693253,1.0068985,0.09706477,,Healthy
Data/images/Control5_3.png,64,0.95817393,48.52257,50.24938,46.493065,169.78175,0.096139155,1767.0,0.8774235,2205.0,1828.0,0.80136055,0.28618643,47.43221,0.9666302,99.0,134.0,25054658.0,1.31865,13.0,3.2670283,143.0,9.218806,118.417656,118.0,82.0,61.0,6.086985,119.07648,-0.65147805,25054658.0,0.44950643,156.46506,0.13177842,0.8098192,5.265306,0.13177842,0.56229544,0.114412874,0.93411076,0.93411076,-0.5161432,0.8543405,0.13177842,2.2326531,0.36774576,1.8815526,0.8126759,2.2042904,1013.69385,0.25752708,794.2779,0.3733325,0.28711563,5.2173176,97.32734,478.7518,23.669865,0.43375298,4.3245645,34.820145,0.1573288,56.92714,0.22279781,0.47508064,0.1689849,4.464029,97.32734,478.7518,23.669865,0.43375298,34.820145,0.22279781,0.47508064,0.1689849,,Healthy
Data/images/Control5_3.png,66,0.96618426,47.291615,49.396355,45.692413,160.36754,0.09469592,1694.0,0.90966415,2162.0,1747.0,0.78353375,0.25785264,46.44209,0.96966225,102.0,125.0,22250288.0,0.91734916,6.0,4.3201985,140.0,6.077666,114.2503,114.0,81.0,59.0,3.3516982,114.606995,-0.43814844,22250288.0,0.6610971,81.63275,0.10388821,0.70320183,4.3560147,0.10388821,0.48120114,0.09309545,0.94805586,0.94805586,-0.42737827,0.7160526,0.10388821,2.057412,0.6047539,1.3227392,0.7458199,1.6205341,1079.8878,0.2566416,1119.8984,0.19865656,0.2978486,4.3175917,197.61644,816.34705,49.671486,0.5166159,4.4329658,34.068493,0.1292798,137.78374,0.33719122,0.76586306,0.27136895,3.826484,197.61644,816.34705,49.671486,0.5166159,34.068493,0.33719122,0.76586306,0.27136895,,Healthy
Data/images/Control5_3.png,67,0.9787586,44.405457,46.615448,43.46222,152.46803,0.100872,1512.0,0.9039204,1849.0,1558.0,0.8177393,0.2050163,43.876396,0.97047496,81.0,131.0,18848300.0,1.5770124,27.0,2.3012147,147.0,14.999853,110.14815,115.0,67.0,80.0,11.349204,111.650375,-0.45641336,18848300.0,0.37947127,333.19235,0.133606,0.87248194,8.957055,0.133606,0.56724536,0.11575544,0.933197,0.933197,-0.58702123,0.91688955,0.133606,2.9154737,0.30146986,2.2107153,0.87832,2.5059483,861.8267,0.25816572,573.76056,0.53240347,0.15762328,8.88955,90.71369,837.93774,11.782417,0.19795989,4.794297,28.369295,0.15939154,51.352386,0.19957364,1.454792,0.05744413,8.070539,90.71369,837.93774,11.782417,0.19795989,28.369295,0.19957364,1.454792,0.05744413,,Healthy
Data/images/Control5_3.png,68,0.9707083,45.312607,47.507893,43.985325,151.63962,0.097173735,1561.0,0.9234729,1892.0,1600.0,0.82505286,0.24026115,44.581688,0.975625,82.0,126.0,19032748.0,1.4077069,19.0,2.6203191,143.0,12.685988,109.27034,114.0,69.0,74.0,8.958756,110.420395,-0.7321274,19032748.0,0.45070857,252.65593,0.14653465,0.8166931,8.749835,0.14653465,0.6010999,0.12506224,0.92673266,0.92673266,-0.51936144,0.8723303,0.14653465,2.9023101,0.367784,2.0399845,0.8602325,2.3280692,859.29083,0.26774752,703.556,0.41600907,0.15037993,8.6784115,90.89179,799.6306,11.299984,0.19415942,4.7553816,40.9403,0.17168482,56.96551,0.22558069,1.9127649,0.059290443,8.458955,90.89179,799.6306,11.299984,0.19415942,40.9403,0.22558069,1.9127649,0.059290443,,Healthy
Data/images/Control5_3.png,69,0.95248896,48.347416,49.73932,46.050377,165.19595,0.09464105,1746.0,0.8965313,2205.0,1795.0,0.79183674,0.30457318,47.14951,0.97270197,97.0,129.5,23383756.0,1.2139565,11.0,3.6414464,144.0,8.595455,115.11455,115.0,80.0,64.0,5.335213,115.72709,-0.706753,23383756.0,0.51255167,141.39925,0.11563422,0.80564564,4.758112,0.11563422,0.51668,0.102262944,0.9421829,0.9421829,-0.5273278,0.8424447,0.11563422,2.1256638,0.43740135,1.7271296,0.8103344,2.0612066,1050.7332,0.23953688,894.9152,0.31584188,0.30503055,4.7268043,133.51418,587.38055,35.765068,0.42183986,4.79643,31.016193,0.14146622,83.54587,0.21886227,0.5977269,0.15688366,4.5182185,133.51418,587.38055,35.765068,0.42183986,31.016193,0.21886227,0.5977269,0.15688366,,Healthy
Data/images/Control5_3.png,70,0.96042794,47.247036,49.09175,45.377377,163.19595,0.09711155,1681.0,0.8904608,2112.0,1738.0,0.795928,0.2785285,46.263546,0.9672037,110.0,135.0,24727416.0,1.1421547,15.0,3.2915123,151.0,8.850782,120.77751,118.0,82.0,69.0,6.282361,121.28455,0.0433919,24727416.0,0.5001538,122.73575,0.120933086,0.77788574,5.6777163,0.120933086,0.5320371,0.106308274,0.9395335,0.9395335,-0.48884082,0.8108533,0.120933086,2.3379374,0.4108998,1.6560684,0.7943253,2.0277476,1003.7198,0.27511385,840.7585,0.28920636,0.22860484,5.6442595,113.68273,576.79517,25.327784,0.33168787,4.5223413,29.658634,0.14812611,68.106674,0.29501244,0.942857,0.16364725,5.1285143,113.68273,576.79517,25.327784,0.33168787,29.658634,0.29501244,0.942857,0.16364725,,Healthy
Data/images/Control5_3.png,72,0.9763933,49.189377,51.739735,48.028175,166.46803,0.09000705,1850.0,0.9158013,2256.0,1904.0,0.82003546,0.21600032,48.533424,0.9716387,96.0,131.0,24960432.0,1.2389699,11.0,3.8627431,148.0,8.926206,115.45784,116.0,77.0,71.0,5.3740005,116.15561,-0.71605444,24960432.0,0.500793,161.61255,0.13166666,0.78609973,4.7516665,0.13166666,0.5619914,0.11433055,0.93416667,0.93416667,-0.49196032,0.83165115,0.13166666,2.1236112,0.41652206,1.8032016,0.78914696,2.1276286,1067.7502,0.25400263,926.46704,0.32783052,0.30981982,4.7264867,115.10104,498.94077,30.283197,0.42605498,4.5357366,40.261326,0.15513514,73.55022,0.2263205,0.65723866,0.14232153,4.5191636,115.10104,498.94077,30.283197,0.42605498,40.261326,0.2263205,0.65723866,0.14232153,,Healthy
Data/images/Control5_3.png,73,0.96639115,45.047726,47.169907,43.533726,153.29646,0.09989995,1535.0,0.9058499,1892.0,1579.0,0.81131077,0.25707614,44.208855,0.97213423,87.0,130.0,20009866.0,1.4211166,13.0,3.0649738,145.0,11.533743,113.11531,116.0,73.0,72.0,7.403642,114.17418,-0.7472684,20009866.0,0.4313998,240.67009,0.14650537,0.8194205,9.620968,0.14650537,0.60102546,0.12504154,0.9267473,0.9267473,-0.5163087,0.87247443,0.14650537,3.047715,0.34434435,2.0577896,0.83408195,2.4021287,845.40784,0.28338975,662.19867,0.42577174,0.13180873,9.527687,85.173584,797.82263,9.942007,0.16084905,4.83482,34.992455,0.17263843,51.621075,0.2525245,1.9546118,0.051051147,8.969811,85.173584,797.82263,9.942007,0.16084905,34.992455,0.2525245,1.9546118,0.051051147,,Healthy
Data/images/Control5_3.png,74,0.9566914,43.83846,45.54119,41.939873,148.46803,0.102995515,1442.0,0.90652394,1849.0,1490.0,0.779881,0.29110417,42.848705,0.96778524,84.0,136.0,19224674.0,1.6298751,24.0,2.473322,150.0,14.820738,113.947296,118.0,69.0,81.0,10.51459,115.46407,-0.6010354,19224674.0,0.35241643,347.96533,0.15879828,0.85677445,10.015021,0.15879828,0.6314269,0.13358139,0.92060083,0.92060083,-0.54504365,0.90662247,0.15879828,3.0886981,0.2682291,2.3034136,0.8676042,2.5758598,767.80304,0.26888222,508.18448,0.5940374,0.14354947,9.887656,60.984962,628.6015,7.040982,0.20897974,4.682785,35.5188,0.18446602,31.59715,0.19057158,1.2106928,0.07665501,8.575188,60.984962,628.6015,7.040982,0.20897974,35.5188,0.19057158,1.2106928,0.07665501,,Healthy
Data/images/Control5_3.png,75,0.8986233,51.2412,54.120235,46.046535,171.39697,0.09277238,1848.0,0.88898414,2256.0,1901.0,0.81914896,0.43872103,48.507183,0.9721199,73.0,129.0,21952222.0,1.7810576,31.0,2.4741628,161.0,17.57456,106.93831,114.0,49.0,112.0,13.067906,108.9904,-0.59584033,21952222.0,0.3461013,443.1055,0.18434203,0.87748945,14.857302,0.18434203,0.68948424,0.15036005,0.907829,0.907829,-0.54771954,0.9249337,0.18434203,3.7679067,0.260594,2.564656,0.8912591,2.8318167,937.5725,0.32526448,639.5952,0.7643398,0.08941092,14.826839,59.208443,923.82056,4.370971,0.106190264,5.0341506,59.69129,0.20508657,35.43317,0.30062175,3.984415,0.031887446,13.567283,59.208443,923.82056,4.370971,0.106190264,59.69129,0.30062175,3.984415,0.031887446,,Crenated
Data/images/Control5_3.png,77,0.9560836,49.483337,51.894123,47.310207,166.71068,0.09097445,1833.0,0.9102559,2209.0,1876.0,0.82978725,0.29309416,48.309917,0.9770789,112.0,129.0,25442706.0,0.9087882,9.0,4.3356495,136.0,5.869931,117.56138,116.0,87.0,49.0,4.283297,117.81496,-0.2939774,25442706.0,0.62655014,59.686497,0.10369955,0.7342184,4.9652467,0.10369955,0.48061436,0.092945956,0.9481502,0.9481502,-0.45266825,0.74058735,0.10369955,2.195908,0.5439757,1.3589454,0.7397023,1.6943029,1152.306,0.2217734,1148.4664,0.20304957,0.23975572,4.984179,170.02136,734.29913,41.321342,0.28608736,4.3651867,31.307692,0.12765957,108.660255,0.20085575,0.765888,0.09709782,5.4700856,170.02136,734.29913,41.321342,0.28608736,31.307692,0.20085575,0.765888,0.09709782,,Healthy
Data/images/Control5_3.png,78,0.9830937,47.008125,49.57822,46.21339,161.05382,0.09465402,1702.0,0.9079248,2070.0,1755.0,0.82222223,0.18310338,46.551624,0.9698006,88.0,128.0,21865048.0,1.2919712,11.0,3.0473452,140.0,10.09541,112.50529,115.0,77.0,63.0,6.2985716,113.34319,-0.7621292,21865048.0,0.4797418,189.2394,0.13301088,0.8015664,4.348851,0.13301088,0.5656381,0.11531899,0.93349457,0.93349457,-0.51023626,0.849829,0.13301088,2.0199516,0.39840904,1.8699375,0.8214878,2.144788,969.05524,0.22749761,816.52057,0.3542114,0.36217195,4.3190365,107.85821,450.73508,30.107483,0.4666252,4.464507,48.24627,0.1574618,67.52623,0.15506506,0.63001436,0.07408819,4.261194,107.85821,450.73508,30.107483,0.4666252,48.24627,0.15506506,0.63001436,0.07408819,,Healthy
Data/images/Control5_3.png,80,0.9461823,48.3153,50.358715,45.715084,166.95332,0.09647693,1731.0,0.8832745,2250.0,1798.0,0.76933336,0.32363403,46.94654,0.96273637,79.0,134.0,20942180.0,1.7233716,23.0,2.876582,161.0,15.14518,108.1658,110.0,59.0,102.0,10.0479145,109.99233,-0.037801735,20942180.0,0.38287276,398.4734,0.17818832,0.8647943,8.884386,0.17818832,0.6760977,0.14643724,0.91090584,0.91090584,-0.5491265,0.9193213,0.17818832,2.8834922,0.3073731,2.4642112,0.8789556,2.7349849,887.62854,0.36261252,662.75275,0.67938876,0.18603152,8.823801,70.338066,632.1875,8.978905,0.2710543,4.955175,59.75568,0.20335066,46.155144,0.37843335,2.978223,0.10745433,8.369318,70.338066,632.1875,8.978905,0.2710543,59.75568,0.37843335,2.978223,0.10745433,,Healthy
Data/images/Control5_3.png,82,0.97516596,47.50585,50.803543,46.326088,161.63962,0.09384012,1723.0,0.9101998,2070.0,1765.0,0.8323671,0.22147551,46.83793,0.976204,109.0,131.8,24248302.0,1.1433384,12.0,4.484308,141.0,7.5600142,118.1776,117.0,81.0,60.0,4.8552194,118.63096,-0.7715251,24248302.0,0.52194357,107.359055,0.122315034,0.77290684,5.229117,0.122315034,0.535979,0.10735407,0.9388425,0.9388425,-0.48290855,0.80820763,0.122315034,2.2407517,0.4363503,1.6634709,0.782184,1.9897598,1022.20605,0.24641521,899.3088,0.28733173,0.25499773,5.213001,123.69444,574.3095,29.36519,0.36772487,4.417087,31.690475,0.14625654,76.945755,0.22471225,0.61841565,0.14151305,4.904762,123.69444,574.3095,29.36519,0.36772487,31.690475,0.22471225,0.61841565,0.14151305,,Healthy
Data/images/Control5_3.png,85,0.9646252,44.594578,46.141087,43.01705,150.2254,0.099850714,1505.0,0.9152878,1892.0,1544.0,0.79545456,0.26362526,43.77471,0.9747409,79.0,134.0,19788796.0,1.7085814,23.0,2.656653,151.0,15.226247,112.993355,117.0,65.0,86.0,10.866141,114.66779,-0.7237269,19788796.0,0.3499683,381.20395,0.17522246,0.8610738,9.845311,0.17522246,0.6695132,0.14451954,0.9123888,0.9123888,-0.53740734,0.9125591,0.17522246,3.0499659,0.26622695,2.4335613,0.8720869,2.7057316,773.77344,0.30351982,526.70233,0.6736676,0.1663935,9.7295685,61.93667,623.8233,7.4509926,0.2546648,4.61534,49.306667,0.19933555,36.769722,0.2654255,1.5186878,0.09800642,8.116667,61.93667,623.8233,7.4509926,0.2546648,49.306667,0.2654255,1.5186878,0.09800642,,Healthy
Data/images/Control5_3.png,87,0.9607128,44.66577,45.88028,42.91098,154.71068,0.10303742,1502.0,0.8878658,1935.0,1553.0,0.7762274,0.27754447,43.731064,0.96716034,76.0,136.0,18909438.0,1.8660381,36.0,2.0110176,152.0,18.924395,110.01065,116.0,64.0,88.0,14.828846,112.202965,-0.40112317,18909438.0,0.29592058,487.16232,0.18325326,0.89133644,9.174331,0.18325326,0.6871425,0.14967151,0.90837336,0.90837336,-0.5668702,0.93670297,0.18325326,2.9021964,0.21236861,2.6531985,0.9006036,2.9154093,757.4634,0.31608632,444.47272,0.8593287,0.20676616,9.112516,49.03846,492.14423,7.2402296,0.27793446,4.796064,47.94872,0.20772304,25.862879,0.27437338,1.9680656,0.080979235,7.6474357,49.03846,492.14423,7.2402296,0.27793446,47.94872,0.27437338,1.9680656,0.080979235,,Healthy
Data/images/Control5_3.png,88,0.9783917,47.805088,49.0408,46.772102,164.46803,0.09384767,1753.0,0.9023031,2162.0,1804.0,0.8108233,0.20675984,47.24393,0.9717295,99.0,122.0,22080612.0,0.77144146,6.0,4.2326117,133.0,5.6819468,111.92071,112.0,85.0,48.0,3.3239973,112.23146,-0.76963013,22080612.0,0.72513324,69.65543,0.07981221,0.7007562,4.00939,0.07981221,0.40151715,0.07344222,0.9600939,0.9600939,-0.44350022,0.6798089,0.07981221,1.9788733,0.6889148,1.0882461,0.71916854,1.3782806,1215.5054,0.22470354,1271.1586,0.1541154,0.31854916,3.9691956,275.18378,1101.6973,71.16201,0.58723724,4.3547745,25.681082,0.10553337,185.39536,0.3403939,0.6513299,0.29872844,3.2756758,275.18378,1101.6973,71.16201,0.58723724,25.681082,0.3403939,0.6513299,0.29872844,,Dead
Data/images/Control5_3.png,89,0.95230323,46.83613,48.8467,44.602196,156.46803,0.095553,1638.0,0.9167902,2070.0,1684.0,0.79130435,0.30515334,45.668003,0.9726841,80.0,120.0,18523064.0,1.2790344,17.0,2.9402514,134.0,11.964435,105.27595,110.0,58.0,76.0,8.084769,106.34069,-0.83779144,18523064.0,0.51642686,225.31702,0.12507857,0.8236946,7.9805155,0.12507857,0.543785,0.10943392,0.9374607,0.9374607,-0.5368791,0.8578527,0.12507857,2.7727845,0.45436776,1.8142835,0.8542529,2.0848782,969.17584,0.27241746,845.9072,0.37690026,0.17537054,7.924298,133.60162,1156.1626,16.716887,0.30067188,4.7201276,36.439026,0.15018316,89.26552,0.29672498,1.4004178,0.13723548,6.4593496,133.60162,1156.1626,16.716887,0.30067188,36.439026,0.29672498,1.4004178,0.13723548,,Healthy
Data/images/Control5_3.png,91,0.95511234,44.259624,46.647614,42.272915,150.81119,0.10297793,1465.0,0.8995309,1806.0,1513.0,0.81118494,0.2962438,43.18907,0.96827495,86.0,126.6,18041396.0,1.3493842,19.0,2.3876688,139.0,11.66912,110.02662,113.0,74.0,65.0,8.599879,110.972725,-0.5676644,18041396.0,0.45150393,209.08803,0.13089374,0.8234806,8.830401,0.13089374,0.5598842,0.11376057,0.93455315,0.93455315,-0.5371945,0.87117296,0.13089374,2.9197748,0.36952052,1.937065,0.8482639,2.2440958,838.1167,0.2440704,661.45325,0.38456547,0.13967577,8.756996,97.53478,866.93475,11.983394,0.15676329,4.6421227,32.756523,0.1569966,56.96342,0.1787698,1.7489843,0.02925284,8.752174,97.53478,866.93475,11.983394,0.15676329,32.756523,0.1787698,1.7489843,0.02925284,,Healthy
Data/images/Control5_3.png,93,0.96793926,47.423336,49.24429,45.90291,159.29646,0.09334689,1707.0,0.91928875,2070.0,1746.0,0.82463765,0.2511845,46.619953,0.9776632,93.0,120.0,20633164.0,0.9269201,9.0,3.048628,133.0,7.363871,109.51435,112.0,84.0,49.0,4.893991,109.942635,-0.6462993,20633164.0,0.6367863,93.989685,0.10247137,0.7407865,3.6696806,0.10247137,0.47678104,0.09197099,0.9487643,0.9487643,-0.4634315,0.75349784,0.10247137,1.8770343,0.5633494,1.3905298,0.76349455,1.6769216,1072.256,0.22064286,1086.9941,0.20531262,0.37878343,3.6801405,175.79358,682.31195,50.24962,0.5198777,4.34567,38.44037,0.12770943,114.48037,0.2214076,0.9147573,0.093092255,3.53211,175.79358,682.31195,50.24962,0.5198777,38.44037,0.2214076,0.9147573,0.093092255,,Healthy
Data/images/Control5_3.png,96,0.9122102,47.710842,49.24429,43.52232,158.81119,0.09776004,1625.0,0.89967096,1935.0,1667.0,0.83979326,0.40972245,45.48642,0.97480506,84.0,126.0,19559380.0,1.3747983,19.0,2.7346842,150.0,12.525773,108.581535,111.0,68.0,82.0,8.736985,109.711174,-0.403408,19559380.0,0.46962482,246.59042,0.13164558,0.8271451,8.556962,0.13164558,0.56193393,0.11431501,0.9341772,0.9341772,-0.53529626,0.8736428,0.13164558,2.870886,0.38960943,1.9711359,0.83569103,2.2807035,940.6111,0.2673473,763.1403,0.3978058,0.15263572,8.544,109.711464,961.5415,13.683321,0.20912275,4.990496,33.237156,0.15569231,68.4575,0.25884202,2.0368145,0.074992456,8.071146,109.711464,961.5415,13.683321,0.20912275,33.237156,0.25884202,2.0368145,0.074992456,,Healthy
Data/images/Control5_3.png,97,0.9790163,45.130825,46.8615,44.183815,157.29646,0.100669734,1563.0,0.89083236,1936.0,1614.0,0.8073347,0.20378183,44.610237,0.9684015,82.0,127.0,19034444.0,1.4477922,19.0,2.628582,141.0,12.49468,109.19706,113.0,68.0,73.0,8.79726,110.354645,-0.65908587,19034444.0,0.43329448,254.15054,0.1521739,0.82243234,8.920949,0.1521739,0.61525387,0.12901701,0.92391306,0.92391306,-0.51426405,0.8772196,0.1521739,2.9272068,0.34124562,2.119938,0.839062,2.4251027,849.9175,0.2770645,677.23926,0.44068837,0.14834808,8.877799,84.88768,774.68115,10.293705,0.18126006,4.722695,39.449276,0.1765835,52.81762,0.2335956,2.0079808,0.05177597,8.572464,84.88768,774.68115,10.293705,0.18126006,39.449276,0.2335956,2.0079808,0.05177597,,Healthy
Data/images/Control5_3.png,103,0.83224964,50.65084,53.712196,42.154144,170.1249,0.102423176,1662.0,0.84922326,2100.0,1725.0,0.79142857,0.55440104,46.00135,0.96347827,75.0,135.0,19860264.0,1.9759058,25.0,3.8472886,196.0,17.865461,106.67509,107.0,43.0,153.0,11.494394,109.31431,0.23323728,19860264.0,0.3171805,570.0424,0.23865755,0.8753473,15.409571,0.23617153,0.79769284,0.18288055,0.88232857,0.8821628,-0.51275396,0.93069416,0.23399627,3.817278,0.21715212,2.9169621,0.8946462,3.1816092,747.4633,0.41571707,527.15405,0.9730813,0.090265065,15.387485,33.280743,539.5174,2.3995001,0.10953971,5.019248,79.32018,0.2593261,18.410862,0.40099293,5.712031,0.046221446,14.357308,33.280743,539.5174,2.3995001,0.10953971,79.32018,0.40099293,5.712031,0.046221446,,Crenated
Data/images/Control5_3.png,104,0.9136856,47.373043,49.24429,43.284065,161.63962,0.10080425,1604.0,0.87819636,2024.0,1669.0,0.7924901,0.40642172,45.19155,0.9610545,83.0,134.0,20401604.0,1.5976236,24.5,2.3069634,148.0,14.735324,111.29738,115.0,69.0,79.0,10.737846,112.77945,-0.41541144,20401604.0,0.36726218,332.09674,0.15961538,0.85403466,9.353847,0.15961538,0.63338864,0.13413832,0.9201923,0.9201923,-0.5449471,0.90692985,0.15961538,2.9810898,0.2771579,2.3081617,0.8715959,2.604398,858.70825,0.28423485,589.0885,0.55488265,0.150665,9.298629,68.21843,645.36176,8.326318,0.1914818,4.8185873,36.49488,0.18266833,38.249344,0.22721003,1.708136,0.051570352,8.535836,68.21843,645.36176,8.326318,0.1914818,36.49488,0.22721003,1.708136,0.051570352,,Healthy
Data/images/Control5_3.png,107,0.8320607,50.58463,51.894123,42.089485,166.1249,0.10062077,1652.0,0.8670492,2115.0,1729.0,0.78108746,0.5546846,45.862747,0.9554656,82.0,129.0,18888056.0,1.6948643,24.0,3.639704,185.0,14.24487,105.36017,105.0,51.0,134.0,10.00809,106.92731,0.27065486,18888056.0,0.3677141,332.68323,0.18703242,0.8474283,8.126558,0.18703242,0.6952221,0.1520513,0.90648377,0.90648377,-0.51241946,0.90673846,0.18703242,2.7581048,0.26443672,2.5067174,0.8522151,2.7973135,827.8644,0.31644672,607.4637,0.62148273,0.18560515,8.217313,47.752872,401.06033,7.200997,0.20757183,5.074641,42.787357,0.21065375,25.217665,0.25057364,2.4536448,0.05382367,8.534483,47.752872,401.06033,7.200997,0.20757183,42.787357,0.25057364,2.4536448,0.05382367,,Crenated
Data/images/Crenated_1.png,3,0.8906516,45.960903,47.539455,40.93515,154.71068,0.10499537,1474.0,0.8795483,1840.0,1521.0,0.80108696,0.45468637,43.321533,0.9690993,69.0,129.7,15645061.0,1.9464129,33.0,2.3641326,162.0,18.410763,100.546135,103.0,49.0,113.0,13.609875,103.02435,-0.044232283,15645061.0,0.28856674,504.4921,0.22689076,0.87909913,13.495098,0.2254902,0.77565736,0.17604493,0.8874883,0.88739496,-0.5297695,0.93450105,0.22426471,3.5595238,0.18936619,2.866632,0.88872576,3.0878994,687.3989,0.34633237,425.34735,0.9304305,0.105119854,13.500678,33.395096,502.26703,2.829776,0.11951484,4.7066503,62.536785,0.24898235,17.264038,0.29776117,3.2470686,0.033825517,11.8446865,33.395096,502.26703,2.829776,0.11951484,62.536785,0.29776117,3.2470686,0.033825517,,Crenated
Data/images/Crenated_1.png,4,0.9002925,50.570778,52.201534,45.528492,167.53911,0.092845164,1805.0,0.89880854,2250.0,1857.0,0.80222225,0.43528542,47.939518,0.97199786,73.0,121.0,18923960.0,1.5082163,22.0,2.6376932,138.0,14.05409,100.89363,105.0,54.0,84.0,10.057664,102.39233,-0.64304096,18923960.0,0.43340766,304.66458,0.20593269,0.82419735,7.212208,0.20593269,0.73363596,0.16352442,0.89703363,0.89703363,-0.4743242,0.87231725,0.20593269,2.5941243,0.33321235,2.3014717,0.84628373,2.5548725,867.1629,0.37230346,782.30084,0.57913184,0.24336334,7.3074794,64.52542,544.2809,9.707207,0.32955003,4.4182777,93.99758,0.22880886,45.424503,0.38200724,2.1767442,0.117521375,6.0556903,64.52542,544.2809,9.707207,0.32955003,93.99758,0.38200724,2.1767442,0.117521375,,Healthy
Data/images/Crenated_1.png,5,0.95201325,44.121162,45.694637,42.00393,150.46803,0.10373529,1451.0,0.8972626,1848.0,1499.0,0.7851732,0.3060569,42.982212,0.96797866,72.0,123.0,15508327.0,1.6359482,29.0,2.1977837,137.0,15.736742,101.65886,107.0,61.0,76.0,11.92082,103.38291,-0.5131859,15508327.0,0.39014277,353.50388,0.2039801,0.85005504,7.331912,0.2039801,0.7298172,0.16237222,0.89800996,0.89800996,-0.5075611,0.8986517,0.2039801,2.5987918,0.29964024,2.4229708,0.8655008,2.6535828,699.7002,0.34456998,566.09717,0.69198316,0.26322365,7.37836,54.8429,470.10272,8.3513975,0.3611111,4.4624205,65.71903,0.22811854,35.626198,0.3220075,1.7866302,0.10657702,5.945619,54.8429,470.10272,8.3513975,0.3611111,65.71903,0.3220075,1.7866302,0.10657702,,Healthy
Data/images/Crenated_1.png,7,0.8734032,50.952248,51.92302,44.501858,167.05382,0.09398246,1778.0,0.8946503,2250.0,1826.0,0.7902222,0.48699775,47.579617,0.97371304,81.0,110.0,17715428.0,1.2204571,14.0,3.565394,154.0,9.0123005,99.150734,102.0,67.0,87.0,6.1440477,99.81825,-0.49300945,17715428.0,0.49148446,132.8153,0.13310185,0.797042,7.0520835,0.13078703,0.56596273,0.1159966,0.9349923,0.93483794,-0.505738,0.8361301,0.12876157,2.6059027,0.41178286,1.7742803,0.82936364,2.088508,1056.9933,0.3088302,873.8594,0.33869308,0.18835834,7.134421,118.04379,974.7044,15.946415,0.28575528,4.7572403,40.226276,0.15410574,75.93601,0.36826956,2.6152568,0.11923904,6.1532845,118.04379,974.7044,15.946415,0.28575528,40.226276,0.36826956,2.6152568,0.11923904,,Healthy
Data/images/Crenated_1.png,8,0.89067304,48.05817,49.67897,42.80412,152.46803,0.09449522,1614.0,0.933922,1980.0,1645.0,0.8151515,0.45464435,45.332203,0.98115504,73.0,115.0,16165293.0,1.4585694,23.0,2.4704044,143.0,13.344107,98.76146,104.0,59.0,84.0,9.785188,100.07832,-0.56961644,16165293.0,0.43277302,261.84457,0.21542384,0.79838485,6.6940727,0.20522626,0.7564406,0.17330602,0.8990865,0.8984066,-0.44643873,0.847838,0.19630338,2.5035055,0.33841994,2.2076352,0.8280121,2.4645877,790.7522,0.39937565,698.49567,0.5471947,0.2568627,6.8686495,66.75766,552.0891,10.817374,0.34045187,4.407585,74.961006,0.22242875,46.545246,0.4286051,3.0448499,0.12467492,5.891365,66.75766,552.0891,10.817374,0.34045187,74.961006,0.4286051,3.0448499,0.12467492,,Healthy
Data/images/Crenated_1.png,11,0.94625944,46.555695,48.83646,44.05377,157.29646,0.09785161,1608.0,0.9035693,2024.0,1661.0,0.7944664,0.32340848,45.247864,0.9680915,75.0,117.0,16408359.0,1.4477627,22.0,2.556959,140.0,12.893912,99.75809,103.0,60.0,80.0,9.284734,101.015854,-0.52199095,16408359.0,0.43675977,252.52792,0.1696543,0.8320957,6.966709,0.1696543,0.65691334,0.14087172,0.9151729,0.9151729,-0.4991499,0.8740262,0.1696543,2.5585787,0.33957928,2.1703053,0.8338252,2.4704506,841.88556,0.32922918,702.3097,0.5021147,0.23484142,7.022388,71.93569,585.4341,12.095614,0.30426046,4.7833138,44.524117,0.19340795,45.20247,0.31954563,1.7830247,0.103915796,5.8327975,71.93569,585.4341,12.095614,0.30426046,44.524117,0.31954563,1.7830247,0.103915796,,Healthy
Data/images/Crenated_1.png,12,0.98309785,45.4017,47.434166,44.63431,157.05382,0.09893154,1588.0,0.899318,1935.0,1634.0,0.82067186,0.18308087,44.96559,0.97184825,70.0,126.0,17212980.0,1.7675806,32.0,2.3854074,143.0,17.35147,101.976074,107.0,47.0,96.0,13.0242405,104.11248,-0.5429061,17212980.0,0.34930032,440.2891,0.23007129,0.85409886,13.716137,0.22877511,0.7811481,0.17773324,0.8858285,0.88574207,-0.4888253,0.9068986,0.22764096,3.6114712,0.24283187,2.6719146,0.85798615,2.9345875,730.6562,0.38224182,554.6889,0.78832227,0.10087217,13.776448,40.785892,614.1536,3.2495914,0.1213735,4.6199374,74.90428,0.25,24.785894,0.3629667,3.9289167,0.04826058,12.11335,40.785892,614.1536,3.2495914,0.1213735,74.90428,0.3629667,3.9289167,0.04826058,,Healthy
Data/images/Crenated_1.png,13,0.7631808,51.956047,53.851646,39.651855,158.2254,0.098002724,1615.0,0.9002181,2024.0,1656.0,0.7979249,0.646185,45.346245,0.97524154,78.0,119.0,16599693.0,1.4627746,21.0,2.6377146,140.0,12.614242,100.2,102.0,53.0,87.0,9.33746,101.38268,-0.30067262,16599693.0,0.41755715,238.40768,0.18586887,0.79693896,6.782941,0.18586887,0.692749,0.15132163,0.9070656,0.9070656,-0.45809594,0.8592141,0.18586887,2.5334182,0.29770777,2.2557597,0.79728866,2.5980308,814.8687,0.3482238,674.3548,0.45738232,0.21651186,6.927554,46.175594,341.4643,8.635458,0.24795386,4.8432603,45.017857,0.20804954,23.072695,0.32194927,2.30053,0.081693605,6.75,46.175594,341.4643,8.635458,0.24795386,45.017857,0.32194927,2.30053,0.081693605,,Crenated
Data/images/Crenated_1.png,15,0.9168553,45.96427,47.539455,42.142586,153.88225,0.10133833,1519.0,0.89768463,1936.0,1564.0,0.7846074,0.39921978,43.977844,0.97122765,71.8,122.0,15916151.0,1.5735394,27.5,2.1743245,132.0,15.556375,100.70244,107.0,58.0,74.0,11.774167,102.36233,-0.568826,15916151.0,0.40899235,337.06485,0.2061017,0.84150785,7.1389832,0.2061017,0.7339649,0.16362378,0.8969492,0.8969492,-0.49799976,0.8891789,0.2061017,2.5674577,0.31710428,2.3581047,0.8680241,2.624047,729.77814,0.38781795,621.2594,0.64128846,0.2619322,7.1994734,66.16954,556.76434,11.018438,0.35043502,4.3573713,80.735634,0.2290981,47.116817,0.4103035,2.2663155,0.13517387,5.7873564,66.16954,556.76434,11.018438,0.35043502,80.735634,0.4103035,2.2663155,0.13517387,,Healthy
Data/images/Crenated_1.png,16,0.9415645,47.789616,50.447994,44.99701,157.39697,0.093382955,1686.0,0.9246406,2025.0,1729.0,0.8325926,0.33683267,46.3323,0.97513014,71.0,133.0,19747988.0,1.945003,38.0,2.1271307,159.0,19.846794,105.681496,110.0,50.0,109.0,15.428836,108.22626,-0.33718693,19747988.0,0.27671397,544.34515,0.22973797,0.8836279,8.4472885,0.22973797,0.7775542,0.17695843,0.885131,0.885131,-0.52168196,0.9322356,0.22973797,2.7522852,0.1746284,2.8805676,0.886557,3.1054933,788.7058,0.33659515,466.53973,0.9738088,0.25077567,8.511863,27.090048,253.16351,6.01624,0.26063126,4.8418427,62.606636,0.25029656,11.127939,0.26884082,1.977381,0.06357321,7.64218,27.090048,253.16351,6.01624,0.26063126,62.606636,0.26884082,1.977381,0.06357321,,Crenated
Data/images/Crenated_1.png,18,0.8867588,47.385162,49.658836,42.01921,152.81119,0.0979245,1561.0,0.9163928,1980.0,1603.0,0.78838384,0.46223238,44.581688,0.9737991,78.0,110.0,15121534.0,1.2546422,16.0,2.9129982,126.0,9.917534,97.64382,101.0,63.0,63.0,6.8232102,98.42297,-0.8662879,15121534.0,0.47171056,152.76616,0.14172709,0.82390547,6.75412,0.14172709,0.5887441,0.121640526,0.92913646,0.92913646,-0.5055268,0.84648854,0.14172709,2.5342782,0.38405195,1.8634757,0.8270106,2.1998222,884.6054,0.3024392,736.34015,0.4004086,0.22254698,6.7905188,87.440155,696.37067,14.536278,0.31083763,4.7356563,32.19691,0.16591929,51.1151,0.3126371,1.557842,0.10644485,5.2586875,87.440155,696.37067,14.536278,0.31083763,32.19691,0.3126371,1.557842,0.10644485,,Healthy
Data/images/Crenated_1.png,19,0.91016227,50.235294,53.338543,45.72227,165.98276,0.09228955,1799.0,0.90572673,2162.0,1840.0,0.8320999,0.41425186,47.859776,0.9777174,73.0,127.0,18946664.0,1.8037806,26.0,2.6481066,154.0,15.525911,100.71095,102.0,55.0,99.0,10.826348,102.624435,-0.011120641,18946664.0,0.32677564,389.0793,0.2089041,0.8604287,7.329338,0.2089041,0.73938274,0.16526318,0.8955479,0.8955479,-0.51408494,0.91852945,0.2089041,2.5856164,0.22194628,2.682233,0.8633455,2.926958,867.9094,0.3305987,587.8694,0.7444362,0.2553505,7.382435,36.60775,298.54962,6.8879848,0.29501748,4.8958263,58.699757,0.22957198,17.633602,0.27195188,1.7788223,0.069539115,6.639225,36.60775,298.54962,6.8879848,0.29501748,58.699757,0.27195188,1.7788223,0.069539115,,Crenated
Data/images/Crenated_1.png,20,0.95977914,46.95397,48.104053,45.06544,159.05382,0.09590221,1659.0,0.9076503,2024.0,1704.0,0.81966406,0.28075612,45.959812,0.97359157,75.0,120.0,17160910.0,1.5377953,22.0,2.6483588,141.0,13.464341,100.32912,104.0,55.0,86.0,9.590466,101.70609,-0.4562275,17160910.0,0.40449613,278.1979,0.22952853,0.78446376,6.7704716,0.22828785,0.7801019,0.1774132,0.88606286,0.8859801,-0.41511053,0.8475444,0.22720224,2.5204716,0.27850232,2.4187458,0.7899271,2.735872,761.1266,0.41636446,671.0591,0.5389297,0.23927566,6.990958,45.60628,366.19806,7.4547772,0.28507447,4.5556765,81.294685,0.24954791,29.548256,0.4149924,3.0271668,0.10504044,6.594203,45.60628,366.19806,7.4547772,0.28507447,81.294685,0.4149924,3.0271668,0.10504044,,Healthy
Data/images/Crenated_1.png,21,0.86437434,48.86559,51.884487,42.23816,158.81119,0.09818311,1618.0,0.8977305,1978.0,1662.0,0.817998,0.50284886,45.388344,0.9735259,81.0,115.0,17088752.0,1.1895168,16.0,3.1288228,136.0,10.468905,101.928925,106.0,61.0,75.0,7.255848,102.76989,-0.76192456,17088752.0,0.52083635,172.14513,0.11435832,0.82982373,7.368488,0.11435832,0.5129236,0.101280496,0.94282085,0.94282085,-0.5382582,0.8479013,0.11435832,2.662643,0.44560632,1.7233421,0.83551335,2.025402,997.00745,0.2632605,842.7132,0.33764616,0.18434538,7.4004946,151.23215,1284.4553,19.867838,0.2531932,4.725906,27.794643,0.13844252,99.05732,0.293819,2.154921,0.06949519,6.285714,151.23215,1284.4553,19.867838,0.2531932,27.794643,0.293819,2.154921,0.06949519,,Healthy
Data/images/Crenated_1.png,22,0.9398881,48.31875,49.517673,45.414215,166.71068,0.09700941,1719.0,0.8814877,2160.0,1777.0,0.79583335,0.3414825,46.78353,0.96736073,74.0,123.0,17905748.0,1.6795449,23.5,2.512806,148.0,14.191743,100.52298,103.0,59.0,89.0,10.21762,102.06064,-0.1896763,17905748.0,0.35909542,311.50485,0.22800718,0.81388503,6.968881,0.2256134,0.77890986,0.17710577,0.88759226,0.8874327,-0.45060042,0.8805785,0.22351885,2.5436864,0.2453805,2.5677454,0.81835467,2.8824856,794.6998,0.40584293,617.28503,0.6297369,0.24220316,7.2082605,42.172577,336.65485,7.574862,0.28427896,4.743854,82.158394,0.2460733,25.657864,0.40442196,3.1415226,0.10614216,6.971631,42.172577,336.65485,7.574862,0.28427896,82.158394,0.40442196,3.1415226,0.10614216,,Healthy
Data/images/Crenated_1.png,23,0.8709602,51.05897,54.08327,44.470333,162.81119,0.0915441,1779.0,0.9182219,2208.0,1825.0,0.8057065,0.49135357,47.592995,0.9747945,76.0,120.0,18211364.0,1.5428733,22.0,2.6720927,147.0,13.248061,99.841484,102.0,54.0,93.0,9.598509,101.17734,-0.24180347,18211364.0,0.39670777,268.5325,0.19699596,0.80020833,6.7169266,0.19468515,0.71899533,0.15909365,0.90304255,0.9028885,-0.45938998,0.86542994,0.19266321,2.5144424,0.29385996,2.3176367,0.8268828,2.630728,885.905,0.38346064,705.7431,0.5149156,0.2284367,6.9617763,57.036552,435.9295,9.554395,0.27714318,4.7774806,69.825066,0.21528949,35.461376,0.40095285,3.4048882,0.1023336,7.1801567,57.036552,435.9295,9.554395,0.27714318,69.825066,0.40095285,3.4048882,0.1023336,,Crenated
Data/images/Crenated_1.png,25,0.92562795,45.881916,47.801674,42.46958,151.88225,0.09949705,1527.0,0.9118981,1936.0,1577.0,0.7887397,0.37843484,44.093502,0.9682942,70.6,127.0,16718112.0,1.744304,32.0,2.222984,143.0,17.135273,102.637856,108.0,54.0,89.0,12.872965,104.63431,-0.49248978,16718112.0,0.3489338,413.80927,0.21336934,0.8598051,7.560432,0.20931803,0.7527089,0.1695553,0.8960162,0.8957461,-0.5080595,0.91104054,0.20577313,2.627954,0.24998598,2.6016731,0.8681532,2.8732746,730.0622,0.36515048,532.8219,0.7562019,0.25730827,7.6627374,50.541077,429.12463,8.928608,0.30144396,4.582488,65.22096,0.23117223,31.828712,0.35118282,2.4437149,0.08614708,6.790368,50.541077,429.12463,8.928608,0.30144396,65.22096,0.35118282,2.4437149,0.08614708,,Healthy
Data/images/Crenated_1.png,26,0.89389706,49.879395,51.47815,44.587044,165.05382,0.09477682,1742.0,0.89627457,2115.0,1789.0,0.82364064,0.4482723,47.09547,0.97372836,78.0,123.0,19036282.0,1.592877,22.0,2.9697359,150.0,13.805336,103.0597,105.0,48.0,102.0,9.563523,104.53627,-0.3783773,19036282.0,0.3995599,306.52914,0.22713864,0.79409367,13.682006,0.2259587,0.77576065,0.17608131,0.8872173,0.88713866,-0.4255941,0.8602259,0.22492625,3.639233,0.2745305,2.4915423,0.80121,2.7908568,805.1676,0.40034616,696.0333,0.5582103,0.08891153,13.933984,45.272728,672.59906,3.3783321,0.0955698,4.723853,79.662,0.24626866,28.784206,0.39162165,5.975258,0.034279063,13.955711,45.272728,672.59906,3.3783321,0.0955698,79.662,0.39162165,5.975258,0.034279063,,Crenated
Data/images/Crenated_1.png,27,0.81685054,51.249226,52.83938,41.862957,166.71068,0.09920302,1681.0,0.8716874,2208.0,1740.0,0.76132244,0.57684934,46.263546,0.96609193,74.0,124.0,17697260.0,1.7996932,26.0,3.1445725,165.0,16.01312,100.6044,101.0,54.0,111.0,11.175237,102.60515,0.2803067,17697260.0,0.3355758,406.57104,0.2542892,0.8254694,7.0318627,0.24938725,0.8262148,0.19209522,0.87612337,0.87579656,-0.44823986,0.89366627,0.24509804,2.5358455,0.21635929,2.7741184,0.8393372,3.0422676,744.2385,0.41157126,564.1029,0.7359957,0.2505962,7.2004757,29.453539,217.43362,5.900315,0.28836098,4.7318864,87.88053,0.26888758,15.622381,0.39452904,2.9248366,0.10303566,7.1526546,29.453539,217.43362,5.900315,0.28836098,87.88053,0.39452904,2.9248366,0.10303566,,Crenated
Data/images/Crenated_1.png,28,0.83937734,49.63044,52.009613,41.658665,157.88225,0.09748827,1620.0,0.9035706,2021.0,1664.0,0.80158335,0.5435492,45.416386,0.9735577,72.0,123.0,16635500.0,1.7142826,23.0,2.7312417,148.0,14.999003,99.55185,103.0,50.0,98.0,10.582337,101.33522,-0.11573654,16635500.0,0.34827924,358.25595,0.22186904,0.8381373,6.9618564,0.22059758,0.76637584,0.17320575,0.88991314,0.8898283,-0.4895594,0.90317816,0.21948506,2.5273364,0.23240644,2.6091774,0.8533119,2.8824842,755.4037,0.38434842,564.21234,0.6734964,0.25922495,7.097531,46.361324,389.78625,7.608213,0.31419635,4.508935,71.01527,0.24259259,29.369307,0.3689826,2.3659403,0.08997142,6.0534353,46.361324,389.78625,7.608213,0.31419635,71.01527,0.3689826,2.3659403,0.08997142,,Crenated
Data/images/Crenated_1.png,30,0.91960895,44.38092,45.54119,40.81309,151.88225,0.107072435,1419.0,0.879048,1804.0,1472.0,0.7865854,0.39283508,42.50561,0.96399456,81.0,116.0,14831023.0,1.1688535,14.0,3.5279934,129.0,10.101412,101.38901,104.0,61.0,68.0,6.7236247,102.233765,-0.95720065,14831023.0,0.5214915,172.01218,0.11499272,0.8413701,7.131732,0.11499272,0.51479423,0.101769395,0.94250363,0.94250363,-0.54137677,0.84760296,0.11499272,2.6128094,0.43797526,1.7073373,0.8515361,2.0503895,868.4517,0.2831829,739.99646,0.3607549,0.20061566,7.200141,130.12315,1067.8966,19.854166,0.24757116,4.6339335,27.985222,0.1430585,81.26099,0.34104136,2.600769,0.07013306,6.3448277,130.12315,1067.8966,19.854166,0.24757116,27.985222,0.34104136,2.600769,0.07013306,,Healthy
Data/images/Crenated_1.png,31,0.9367435,47.58232,49.648766,44.57243,154.91168,0.09351747,1657.0,0.9313576,1892.0,1682.0,0.8757928,0.35001662,45.932102,0.98513675,76.0,121.4,16213916.0,1.6723125,22.0,3.0913174,153.0,14.099956,97.27701,96.0,56.0,97.0,9.537795,98.91968,0.4389549,16213916.0,0.3647309,322.28717,0.1792804,0.8526355,6.433623,0.1792804,0.6785003,0.14713894,0.9103598,0.9103598,-0.5238338,0.90902716,0.1792804,2.432072,0.2609321,2.4666007,0.8654113,2.7837522,848.2082,0.32752183,604.3591,0.60922575,0.25343576,6.500905,52.056885,316.6587,12.287422,0.29508734,5.06317,49.14371,0.2015691,27.444593,0.30550635,1.929439,0.09262682,6.4341316,52.056885,316.6587,12.287422,0.29508734,49.14371,0.30550635,1.929439,0.09262682,,Healthy
Data/images/Crenated_1.png,33,0.9796091,44.291878,46.141087,43.388725,149.39697,0.09916825,1507.0,0.92097473,1849.0,1549.0,0.81503516,0.20091313,43.80379,0.9728857,73.0,118.0,14824996.0,1.637167,20.0,3.0706317,147.0,13.287053,97.688126,100.0,53.0,94.0,8.866745,99.183784,-0.13359118,14824996.0,0.3631824,294.4535,0.22761449,0.8005784,6.369788,0.215311,0.77991265,0.18125567,0.89439505,0.89357483,-0.44517335,0.8731213,0.20454545,2.4316473,0.25319558,2.5093124,0.81896734,2.8114946,720.1918,0.40799648,547.31586,0.5864532,0.2639995,6.552754,43.96857,304.14,9.1642065,0.3014484,4.740752,63.94857,0.2322495,25.429396,0.4117799,3.109904,0.10292607,6.662857,43.96857,304.14,9.1642065,0.3014484,63.94857,0.4117799,3.109904,0.10292607,,Healthy
Data/images/Crenated_1.png,34,0.86938834,49.527718,50.447994,43.05882,163.53911,0.09801564,1669.0,0.88541406,2107.0,1723.0,0.79212147,0.4941295,46.09812,0.96865934,77.0,128.0,18186412.0,1.7682847,28.0,2.5892289,156.0,15.797514,102.573395,103.0,53.0,103.0,11.670372,104.38674,-0.06532769,18186412.0,0.3344486,375.28955,0.26003706,0.8092624,7.3860407,0.26003706,0.8268023,0.19241779,0.86998147,0.86998147,-0.42716992,0.8823659,0.26003706,2.614268,0.20337649,2.775561,0.81033486,3.0586,728.4152,0.4028316,558.1947,0.6853528,0.22244108,7.6165366,22.78344,170.36517,4.4546137,0.22776303,4.775588,79.22081,0.28220493,10.226874,0.36117846,3.1262867,0.075582266,8.059448,22.78344,170.36517,4.4546137,0.22776303,79.22081,0.36117846,3.1262867,0.075582266,,Crenated
Data/images/Crenated_1.png,37,0.97668093,40.677055,43.011627,39.728504,143.19595,0.11342254,1263.0,0.8796094,1722.0,1315.0,0.73344946,0.21469589,40.101143,0.96045625,65.0,147.0,16652519.0,2.235834,56.0,1.8934335,183.0,27.769632,110.37767,121.0,45.0,138.0,22.42583,114.825485,-0.2802171,16652519.0,0.24343565,1001.6618,0.24651925,0.92684406,17.676495,0.24651925,0.8057145,0.1857475,0.8767404,0.8767404,-0.56483996,0.95816904,0.24651925,4.0143323,0.16420832,3.1787105,0.9324112,3.338786,579.88043,0.33839926,307.45923,1.7644901,0.10545621,17.349169,24.55685,514.0991,1.8447722,0.12844342,4.9244123,60.667637,0.2715756,10.998138,0.27339843,3.6075764,0.040095944,14.702624,24.55685,514.0991,1.8447722,0.12844342,60.667637,0.27339843,3.6075764,0.040095944,,Crenated
Data/images/Crenated_1.png,39,0.9606137,45.91135,47.88528,44.103073,156.2254,0.09872063,1583.0,0.902662,1980.0,1626.0,0.7994949,0.27788725,44.894745,0.97355473,74.0,120.0,15958845.0,1.6695738,24.0,2.8024988,156.0,14.288863,98.81554,100.0,59.0,97.0,10.170235,100.40614,0.058291785,15958845.0,0.36074504,316.88196,0.24041586,0.79970354,6.5958414,0.24041586,0.7957311,0.18261607,0.8797921,0.8797921,-0.42835045,0.87071365,0.24041586,2.4730344,0.23452863,2.6039524,0.8036848,2.8908617,712.9482,0.39223525,571.0594,0.6072472,0.25417984,6.7706885,31.925121,235.2029,6.2089186,0.28466386,4.7191563,72.5942,0.26152873,17.304657,0.36164945,2.6063435,0.09265462,6.7173915,31.925121,235.2029,6.2089186,0.28466386,72.5942,0.36164945,2.6063435,0.09265462,,Healthy
Data/images/Crenated_1.png,40,0.6232371,61.862778,65.03076,38.555176,178.85281,0.09571999,1869.0,0.8567532,2535.0,1944.0,0.7372781,0.78203297,48.782013,0.96141976,89.0,130.0,20739316.0,1.4994278,11.0,3.1411026,145.0,11.083277,104.30926,101.0,72.0,73.0,6.9200788,105.33982,0.8767106,20739316.0,0.37768057,216.05632,0.15245901,0.8446494,7.839344,0.15245901,0.61595994,0.12921527,0.9237705,0.9237705,-0.53893125,0.89253366,0.15245901,2.7248633,0.28254578,2.158891,0.87194175,2.5039287,1033.533,0.2683661,705.88495,0.50926083,0.16247919,8.06367,67.93396,535.4434,11.282298,0.15334557,5.0602565,34.050316,0.17014447,33.39062,0.2089843,1.8967099,0.03131944,8.720126,67.93396,535.4434,11.282298,0.15334557,34.050316,0.2089843,1.8967099,0.03131944,,Crenated
Data/images/Crenated_1.png,41,0.898198,43.961777,44.598206,39.48638,147.05382,0.108088076,1361.0,0.88915586,1764.0,1409.0,0.77154195,0.43959108,41.627865,0.96593326,81.0,121.0,14850287.0,1.350384,20.0,2.4916062,144.0,11.983682,103.409996,106.0,65.0,79.0,8.839213,104.4572,-0.4481638,14850287.0,0.46835026,217.67908,0.14719272,0.8101781,7.6221547,0.14719272,0.60277027,0.12552702,0.92640364,0.92640364,-0.49863023,0.8584042,0.14719272,2.7033384,0.37216398,2.009926,0.8317532,2.3228233,747.75385,0.29163736,637.4247,0.39207998,0.17908095,7.6436443,74.57806,620.6709,10.975182,0.20247304,4.632954,29.489452,0.17413667,41.60042,0.2602915,2.209171,0.050055847,7.4894514,74.57806,620.6709,10.975182,0.20247304,29.489452,0.2602915,2.209171,0.050055847,,Healthy
Data/images/Crenated_1.png,44,0.93386006,44.818233,47.853943,41.85396,152.46803,0.10389645,1468.0,0.8906666,1849.0,1524.0,0.7939427,0.35763866,43.23327,0.9632546,71.0,125.0,15624239.0,1.8068854,32.0,2.4913206,164.0,17.084518,101.06199,104.0,52.0,112.0,12.682611,103.165955,-0.12920289,15624239.0,0.3328195,429.68893,0.20561403,0.8655086,7.314386,0.20561403,0.73301506,0.1633369,0.89719296,0.89719296,-0.5235183,0.92091453,0.20561403,2.5792983,0.23830126,2.6573272,0.8820384,2.9133236,706.37054,0.3490337,488.579,0.7698081,0.2672281,7.31267,44.238094,350.8125,8.069086,0.32417825,4.797407,55.291668,0.22888283,25.149519,0.31705606,1.9346994,0.090671055,6.779762,44.238094,350.8125,8.069086,0.32417825,55.291668,0.31705606,1.9346994,0.090671055,,Healthy
Data/images/Crenated_1.png,48,0.73996717,53.674988,54.120235,39.717728,167.53911,0.10032282,1671.0,0.8646632,2132.0,1743.0,0.7837711,0.672643,46.125732,0.9586919,80.0,129.0,18882736.0,1.7235291,27.0,2.4193273,163.0,15.086038,104.72472,104.0,62.0,101.0,11.287827,106.30269,0.0626714,18882736.0,0.3433511,332.99542,0.24721879,0.8113222,7.8362174,0.24721879,0.8068402,0.18610166,0.8763906,0.8763906,-0.4402038,0.8848099,0.24721879,2.7027194,0.21059358,2.7059586,0.824496,2.965015,745.693,0.38346833,573.7397,0.64386564,0.1979347,7.9736686,26.492273,224.3223,4.317168,0.23485835,4.6289954,78.430466,0.27109516,12.885458,0.34426278,2.4586978,0.09451642,7.5430465,26.492273,224.3223,4.317168,0.23485835,78.430466,0.34426278,2.4586978,0.09451642,,Crenated
Data/images/Crenated_1.png,50,0.8385862,51.90218,55.470715,43.524452,167.15433,0.09489317,1762.0,0.89007914,2107.0,1808.0,0.8362601,0.54476887,47.36505,0.9745575,75.0,139.0,20152520.0,2.0523553,29.0,3.7808373,190.0,19.66722,103.786606,100.0,47.0,143.0,12.694841,106.945305,0.81215733,20152520.0,0.29192847,665.6389,0.24155995,0.8942654,14.556461,0.24155995,0.7976248,0.18320875,0.87922,0.87922,-0.5229975,0.9401063,0.24155995,3.6789873,0.18452416,3.0393648,0.9092327,3.2377388,817.2588,0.3346896,514.378,1.1328607,0.09611531,14.595346,23.551199,314.12854,2.3362,0.09594365,5.1441865,71.217865,0.26049942,8.814967,0.26444107,4.174719,0.026086492,15.409586,23.551199,314.12854,2.3362,0.09594365,71.217865,0.26444107,4.174719,0.026086492,,Crenated
Data/images/Crenated_1.png,51,0.8788781,48.95981,51.088158,43.029705,160.81119,0.0976685,1647.0,0.8944778,2021.0,1701.0,0.8149431,0.47704643,45.793293,0.96825397,72.0,140.0,18936316.0,2.1257248,35.0,2.9045358,188.0,20.810757,104.061325,102.0,46.0,142.0,14.840653,107.22621,0.34480256,18936316.0,0.26603428,668.7012,0.29205754,0.87456113,14.616635,0.28705442,0.88225853,0.2096573,0.85730666,0.8569731,-0.48123303,0.93387055,0.28267667,3.6876173,0.15190682,3.2453332,0.87572104,3.4132547,711.26715,0.3919415,438.15848,1.1474216,0.10038928,14.672132,18.725647,268.4155,1.7365067,0.09906164,4.941751,92.487076,0.30540377,8.004252,0.3499372,6.0825777,0.02986824,15.667992,18.725647,268.4155,1.7365067,0.09906164,92.487076,0.3499372,6.0825777,0.02986824,,Crenated
Data/images/Crenated_1.png,53,0.77306235,53.20675,55.803226,41.132133,165.29646,0.09663634,1711.0,0.8869577,2209.0,1766.0,0.7745586,0.63433003,46.67454,0.96885616,73.0,138.0,20168574.0,2.0474038,34.0,2.689908,192.0,19.555637,105.85155,105.0,50.0,142.0,14.303073,108.57069,0.19440441,20168574.0,0.2717094,583.044,0.27644232,0.8682638,8.513221,0.2716346,0.860175,0.20265694,0.864984,0.8646635,-0.48183915,0.9285032,0.2674279,2.7572114,0.1567531,3.1213953,0.86951697,3.306882,758.60956,0.3700626,464.8948,1.0341535,0.2419373,8.592636,18.385859,153.57576,4.3972282,0.22589731,4.90571,80.45859,0.2893045,6.4380126,0.3122077,2.9963105,0.05563336,8.89697,18.385859,153.57576,4.3972282,0.22589731,80.45859,0.3122077,2.9963105,0.05563336,,Crenated
Data/images/Crenated_1.png,55,0.9094029,46.772892,48.259712,42.535404,154.56854,0.09917776,1559.0,0.9053932,1892.0,1605.0,0.82399577,0.41591632,44.55312,0.9713396,72.0,131.0,17320168.0,1.9697355,31.0,2.806254,174.0,18.092367,103.0,104.0,37.0,137.0,13.179035,105.403,-0.06202263,17320168.0,0.29354477,500.79282,0.2270627,0.8770811,13.946535,0.2270627,0.7728557,0.17550524,0.88646865,0.88646865,-0.52266145,0.93489677,0.2270627,3.6244226,0.18369398,2.9279401,0.87894064,3.1489575,733.65814,0.32825026,457.6363,0.90713733,0.102651626,14.032072,27.301546,414.29898,2.47307,0.10525415,4.901116,57.27835,0.24887748,11.156891,0.25368127,3.374785,0.024570316,13.46134,27.301546,414.29898,2.47307,0.10525415,57.27835,0.25368127,3.374785,0.024570316,,Crenated
Data/images/Crenated_1.png,56,0.86734736,58.93144,62.201286,51.11403,190.1249,0.08064683,2358.0,0.90529853,2860.0,2421.0,0.8244755,0.49770325,54.793236,0.9739777,69.0,141.0,28076432.0,2.2060719,35.0,3.3572502,212.0,21.753925,105.51908,104.0,45.0,167.0,15.002503,109.11867,0.4655488,28076432.0,0.25321987,772.6067,0.31754994,0.8802659,15.255864,0.31407472,0.91136724,0.21890703,0.84354186,0.8433102,-0.47454756,0.93691623,0.31103387,3.7534752,0.13721296,3.378795,0.8826697,3.5306644,987.15607,0.41608486,597.09247,1.3101671,0.0986416,15.377439,15.79871,225.61032,1.5365555,0.096216135,4.9094796,157.35612,0.32866836,6.541413,0.38876653,6.900959,0.036501043,16.620646,15.79871,225.61032,1.5365555,0.096216135,157.35612,0.38876653,6.900959,0.036501043,,Crenated
Data/images/Crenated_1.png,60,0.9220204,46.31179,47.759815,42.700413,158.61017,0.10269354,1545.0,0.8783505,2024.0,1606.0,0.76333994,0.38714144,44.352623,0.9620174,69.0,134.0,17087972.0,2.1101966,33.0,3.1398337,191.0,20.272194,102.025246,101.0,39.0,152.0,14.3353615,105.16737,0.3327277,17087972.0,0.27093264,651.02655,0.27266666,0.88077694,13.936,0.27266666,0.84526515,0.19831955,0.86366665,0.86366665,-0.4977692,0.93766606,0.27266666,3.5956666,0.15695044,3.1895938,0.8834858,3.356957,690.3644,0.35881317,418.59094,1.1235174,0.10797233,14.009062,21.112335,290.70926,2.1077828,0.107812256,4.8758082,85.47577,0.29385114,9.531356,0.3077743,4.6664486,0.029667199,14.515418,21.112335,290.70926,2.1077828,0.107812256,85.47577,0.3077743,4.6664486,0.029667199,,Crenated
Data/images/Crenated_1.png,61,0.87706155,52.494576,55.758408,46.040974,183.53911,0.097965896,1874.0,0.835994,2303.0,1966.0,0.81372124,0.480378,48.84722,0.95320445,67.0,142.0,21109352.0,2.2773988,40.0,3.3787956,223.0,23.828539,101.831375,98.0,36.0,187.0,16.84188,106.133545,0.6597072,21109352.0,0.23868725,894.6994,0.37315068,0.8747405,14.099726,0.35780823,0.98742175,0.24512397,0.823653,0.8226301,-0.44630158,0.93214816,0.34438357,3.5772603,0.121935226,3.5366204,0.87643695,3.6637661,735.9221,0.46940267,447.2999,1.4823749,0.11406152,14.398613,13.151163,161.11774,1.6269697,0.10073823,4.790273,161.32268,0.36712915,5.7318735,0.4613561,8.66576,0.03929309,16.577034,13.151163,161.11774,1.6269697,0.10073823,161.32268,0.4613561,8.66576,0.03929309,,Crenated
Data/images/Crenated_1.png,62,0.9052567,43.336082,44.922153,39.230278,152.71068,0.1149497,1330.0,0.8460895,1763.0,1399.0,0.7543959,0.42486513,41.151047,0.95067906,66.0,172.1,19206740.0,-3.2034265e-16,59.0,2.3495657,236.0,33.01207,113.59624,106.0,48.0,188.0,25.084389,120.17137,0.47417358,19206740.0,1.0,1537.0527,0.0,1.0,4.0,0.0,-3.2034265e-16,0.0,1.0,1.0,0.0,0.0,0.0,2.0,1.0,-3.2034265e-16,1.0,0.36756825,1161.9158,0.06739555,1330.0,0.0,0.25,4.0,974.73914,3898.9565,243.68478,0.25,3.9814816,4.0869565,0.034586467,138.77504,0.05600159,0.22400635,0.014000397,4.0,974.73914,3898.9565,243.68478,0.25,4.0869565,0.05600159,0.22400635,0.014000397,,Crenated
Data/images/Crenated_1.png,63,0.59218705,60.64406,63.25346,35.91263,171.53911,0.10099447,1699.0,0.8516763,2400.0,1749.0,0.7079167,0.8058005,46.51058,0.97141224,66.0,131.0,17512328.0,2.0715985,33.0,2.6204646,173.0,19.599749,98.57504,99.0,37.0,136.0,14.184238,101.52552,-0.010741622,17512328.0,0.26672858,590.3927,0.3066181,0.8528096,12.943534,0.30418944,0.8963153,0.21408688,0.84831005,0.84814817,-0.44990924,0.9187542,0.30206436,3.4720705,0.14681087,3.2017558,0.85712874,3.4336202,691.5297,0.45392835,453.17188,1.0510223,0.12231574,13.126545,19.283121,261.12885,1.9214882,0.1401341,4.7252927,118.23412,0.32430843,9.775245,0.43521264,5.617299,0.0642094,12.871143,19.283121,261.12885,1.9214882,0.1401341,118.23412,0.43521264,5.617299,0.0642094,,Crenated
Data/images/Crenated_1.png,64,0.8746115,49.21228,50.96077,43.041626,167.05382,0.102204844,1635.0,0.8579085,2156.0,1704.0,0.7583488,0.48482445,45.626163,0.95950705,74.0,129.0,17661328.0,1.86265,29.0,2.6882744,165.0,16.651178,101.88318,101.0,51.0,114.0,12.327477,103.93284,0.26586112,17661328.0,0.3128248,421.85242,0.258512,0.83620846,7.2679696,0.258512,0.82449263,0.19168353,0.870744,0.870744,-0.45900735,0.9051271,0.258512,2.570618,0.1892374,2.8715525,0.84058946,3.0847604,733.61285,0.3612064,511.4685,0.7875753,0.24535967,7.4556575,19.557734,130.77995,5.1005173,0.21666001,4.7611423,71.53595,0.28073394,6.8692384,0.29698458,3.0604744,0.046270404,8.481482,19.557734,130.77995,5.1005173,0.21666001,71.53595,0.29698458,3.0604744,0.046270404,,Crenated
Data/images/Crenated_1.png,66,0.7407729,55.02703,55.072678,40.762535,179.19595,0.10355155,1731.0,0.82292926,2288.0,1861.0,0.7565559,0.67175555,46.94654,0.9301451,74.0,137.0,18935884.0,2.0869954,30.0,3.8345764,201.0,19.276834,101.48643,98.0,36.0,165.0,12.857959,104.59098,0.5457577,18935884.0,0.29147056,639.77954,0.31983325,0.8625312,13.891006,0.30911258,0.9247149,0.22428265,0.8472305,0.8465158,-0.45228145,0.9223632,0.29973197,3.5899346,0.16613486,3.254617,0.87013143,3.4097505,720.5575,0.42411712,504.53552,1.1373663,0.11271908,14.024263,16.606762,225.8007,1.7153037,0.114503264,4.829859,115.79004,0.3246678,7.119923,0.3990631,6.3593802,0.040340204,14.765124,16.606762,225.8007,1.7153037,0.114503264,115.79004,0.3990631,6.3593802,0.040340204,,Crenated
Data/images/Crenated_1.png,67,0.6912566,53.173897,53.851646,36.75681,162.71068,0.10659068,1527.0,0.85121113,2028.0,1609.0,0.7529586,0.7226094,44.093502,0.94903666,65.0,149.0,17793532.0,2.3715825,42.0,3.242828,207.0,25.225864,103.09168,99.0,39.0,168.0,17.520956,107.94724,0.66867054,17793532.0,0.22897816,1024.7119,0.37491524,0.89193165,15.067119,0.3640678,0.9821152,0.24236989,0.81977403,0.81905085,-0.46628034,0.9442683,0.35457626,3.6769493,0.11535237,3.6549008,0.8950683,3.7243743,629.08777,0.42681974,349.64963,1.7115625,0.11857542,15.093648,11.956971,155.78658,1.449646,0.10877902,4.7625093,142.2599,0.3804846,5.0493927,0.4292566,7.8320746,0.04013711,16.73494,11.956971,155.78658,1.449646,0.10877902,142.2599,0.4292566,7.8320746,0.04013711,,Crenated
Data/images/Crenated_1.png,68,0.87886834,46.145267,47.434166,40.555614,159.78175,0.109514564,1459.0,0.8474331,1890.0,1519.0,0.7719577,0.47706437,43.10054,0.9605003,72.0,144.0,17616772.0,2.1852145,37.0,2.7045867,186.0,21.66962,106.59836,106.0,44.0,142.0,15.937461,109.88426,0.2946814,17616772.0,0.25185126,711.34247,0.25726435,0.8965432,15.429482,0.25726435,0.8225901,0.19107941,0.8713678,0.8713678,-0.526569,0.94879955,0.25726435,3.7834868,0.1504668,3.2246044,0.8980115,3.4095023,661.59906,0.34741983,367.451,1.2378895,0.097312964,15.453735,20.469587,309.60828,1.8874729,0.10107115,5.042288,68.69343,0.2816998,7.86795,0.2817283,4.5735097,0.031049872,15.902677,20.469587,309.60828,1.8874729,0.10107115,68.69343,0.2817283,4.5735097,0.031049872,,Crenated
Data/images/Crenated_10.png,5,0.94576204,49.0371,51.0,46.37743,167.29646,0.09385496,1783.0,0.8946083,2205.0,1832.0,0.80861676,0.32486024,47.64647,0.97325325,74.0,120.0,18870516.0,1.5113175,22.0,2.3867075,135.0,13.72024,101.50477,107.0,64.0,71.0,9.933599,102.87651,-0.571529,18870516.0,0.4347475,280.3588,0.20761245,0.817693,7.293541,0.20761245,0.7368942,0.16450952,0.89619374,0.89619374,-0.46853533,0.86854917,0.20761245,2.6130335,0.3367726,2.294507,0.8454079,2.551469,855.60126,0.38066188,775.1548,0.57672185,0.23780535,7.413348,67.76283,576.54767,9.77209,0.33443698,4.3759513,95.83619,0.22938867,48.758354,0.39825034,2.5896373,0.12310637,6.2909536,67.76283,576.54767,9.77209,0.33443698,95.83619,0.39825034,2.5896373,0.12310637,,Healthy
Data/images/Crenated_10.png,7,0.9662965,43.618114,46.227695,42.148033,144.56854,0.10042969,1440.0,0.93032986,1681.0,1469.0,0.85663295,0.25743172,42.818977,0.9802587,76.0,112.0,13927882.0,1.2654725,16.25,2.6772861,143.0,10.370899,97.51945,102.0,68.0,75.0,7.550391,98.34704,-0.57366234,13927882.0,0.4806665,162.09824,0.16082916,0.7969168,6.8913507,0.15939957,0.63775414,0.13542093,0.9205385,0.9204432,-0.48428774,0.83501834,0.15814868,2.5643318,0.4007754,1.8698322,0.83310574,2.1884952,794.7722,0.3707388,692.1597,0.4066358,0.2191117,6.9375,90.73764,749.68823,12.842918,0.37059042,4.392488,53.813686,0.18263888,60.758896,0.4493882,2.1505108,0.19870545,5.0,90.73764,749.68823,12.842918,0.37059042,53.813686,0.4493882,2.1505108,0.19870545,,Healthy
Data/images/Crenated_10.png,8,0.8967905,46.889236,48.166378,42.04982,157.78175,0.10209107,1546.0,0.88324803,2021.0,1602.0,0.76496786,0.4424554,44.366974,0.9650437,75.0,123.0,16440521.0,1.5897417,26.0,2.2465787,140.0,14.480241,101.634544,106.0,63.0,77.0,10.766921,103.122406,-0.35766396,16440521.0,0.40170938,304.65103,0.19759679,0.8313619,7.4506006,0.19759679,0.71709555,0.1585523,0.9012016,0.9012016,-0.49795273,0.8908329,0.19759679,2.638852,0.304327,2.3797617,0.85626113,2.6655447,754.49805,0.38022423,621.04266,0.5934005,0.23097241,7.4967656,61.755814,520.72095,8.930112,0.33846092,4.511713,68.15116,0.2225097,41.558105,0.39292976,2.1939976,0.14184779,6.2180233,61.755814,520.72095,8.930112,0.33846092,68.15116,0.39292976,2.1939976,0.14184779,,Healthy
Data/images/Crenated_10.png,10,0.92494977,47.713512,49.24429,44.132603,162.71068,0.09888221,1646.0,0.88376707,1978.0,1692.0,0.8321537,0.3800894,45.77939,0.97281325,76.0,114.0,16514012.0,1.5023819,16.0,3.1958315,144.0,11.225068,99.07047,102.0,60.0,84.0,7.5036387,100.16393,-0.14827624,16514012.0,0.4157876,217.8553,0.2139738,0.7772174,6.90393,0.2139738,0.74901015,0.16818902,0.8930131,0.8930131,-0.42381665,0.8427525,0.2139738,2.555521,0.30443835,2.3033278,0.7902545,2.5953603,780.8688,0.376622,684.3864,0.50271285,0.22424734,7.106926,44.07772,351.48187,6.8701067,0.30460206,4.6644983,70.86529,0.2345079,25.893904,0.366441,2.5444481,0.11910551,6.4740934,44.07772,351.48187,6.8701067,0.30460206,70.86529,0.366441,2.5444481,0.11910551,,Healthy
Data/images/Crenated_10.png,12,0.8577209,50.52174,53.823788,43.333553,160.46803,0.093594655,1715.0,0.9147136,2070.0,1755.0,0.8285024,0.5141156,46.72907,0.97720796,77.0,125.0,19400012.0,1.4726052,14.5,2.9095576,141.0,12.312931,105.08746,108.0,64.0,77.0,8.060369,106.3577,-0.6345193,19400012.0,0.46125713,268.58478,0.14277145,0.8605859,8.325735,0.14277145,0.5914512,0.12238776,0.92861426,0.92861426,-0.5523823,0.89291465,0.14277145,2.8080385,0.3900703,2.091318,0.88665485,2.4043343,967.7184,0.2992549,791.05597,0.52805007,0.19486557,8.283381,116.905594,1027.7762,16.516512,0.27469406,4.7451057,50.524475,0.16676384,80.94754,0.32815492,2.065375,0.1147178,7.3671327,116.905594,1027.7762,16.516512,0.27469406,50.524475,0.32815492,2.065375,0.1147178,,Crenated
Data/images/Crenated_10.png,14,0.97570807,47.599617,49.658836,46.44333,165.29646,0.095409214,1733.0,0.8926434,2160.0,1788.0,0.8023148,0.2190748,46.97365,0.96923935,73.0,121.0,17912876.0,1.613174,21.0,2.6811378,144.0,13.810398,100.13387,104.0,56.0,88.0,9.475203,101.667786,-0.3639506,17912876.0,0.39078525,309.547,0.20486936,0.8344131,7.0985746,0.2036817,0.7339152,0.16338313,0.8983571,0.89827794,-0.48476776,0.8879388,0.20264252,2.5656176,0.28898117,2.4274466,0.84134495,2.7333622,840.10443,0.3895729,677.23083,0.626918,0.25101382,7.238315,59.58312,489.60614,9.982932,0.3189116,4.630216,74.87212,0.22562031,39.9385,0.40095338,2.6065557,0.11537199,6.352941,59.58312,489.60614,9.982932,0.3189116,74.87212,0.40095338,2.6065557,0.11537199,,Healthy
Data/images/Crenated_10.png,15,0.8976663,46.920296,48.270073,42.118767,156.1249,0.100823306,1549.0,0.89348733,2025.0,1606.0,0.7649383,0.44067585,44.41,0.9645081,73.0,118.0,15656413.0,1.5714769,24.0,2.6927323,150.0,13.932603,99.03099,102.0,55.0,95.0,10.306622,100.53573,-0.25509453,15656413.0,0.39600176,300.29602,0.19946809,0.8290697,6.820479,0.19946809,0.720863,0.15968058,0.90026593,0.90026593,-0.49070626,0.88655746,0.19946809,2.5172873,0.2926142,2.3709557,0.84119064,2.650261,754.99615,0.3735574,613.40674,0.582943,0.25625294,6.89929,50.95942,408.28696,8.410764,0.34504348,4.5434012,60.8029,0.22272433,30.800621,0.37134433,2.0929575,0.11141109,5.5913043,50.95942,408.28696,8.410764,0.34504348,60.8029,0.37134433,2.0929575,0.11141109,,Healthy
Data/images/Crenated_10.png,17,0.8351249,51.46658,54.589375,42.98102,163.88225,0.09453836,1734.0,0.9006062,2208.0,1786.0,0.78532606,0.5500604,46.987206,0.9708847,83.0,108.0,17295456.0,1.1267676,9.0,4.511517,153.0,7.7121043,99.324684,102.0,72.0,81.0,4.8088713,99.871475,-0.1255432,17295456.0,0.5053014,108.91938,0.099585064,0.8183692,7.12626,0.099585064,0.4676789,0.08966788,0.9502075,0.9502075,-0.55210936,0.83754164,0.099585064,2.6271489,0.43023765,1.5851588,1.0,1.9276161,1131.3783,0.25684425,876.1926,0.285371,0.16777009,7.240484,166.20465,1336.2186,23.062372,0.20076744,4.7380176,26.125582,0.123990774,101.158554,0.3317401,3.0857484,0.06771027,7.27907,166.20465,1336.2186,23.062372,0.20076744,26.125582,0.3317401,3.0857484,0.06771027,,Crenated
Data/images/Crenated_10.png,18,0.6768008,60.878845,61.66036,41.20285,182.02438,0.09265685,1965.0,0.86318,2440.0,2028.0,0.8053279,0.73616624,50.019154,0.9689349,88.0,115.0,19961702.0,1.2812382,7.0,4.8013306,140.0,7.126345,100.19746,100.0,73.0,67.0,3.696675,100.790016,0.9215974,19961702.0,0.44516933,119.096886,0.14441559,0.7876188,6.9148054,0.14441559,0.59568703,0.12355972,0.9277922,0.9277922,-0.47921568,0.83418345,0.14441559,2.5781817,0.34680086,1.8886589,0.78874475,2.249725,1125.2076,0.29320592,874.75775,0.3611196,0.1731941,7.1211195,95.87107,668.4623,16.232727,0.1567741,4.822275,40.16352,0.16183206,57.687996,0.30360553,3.0093696,0.041000433,8.415094,95.87107,668.4623,16.232727,0.1567741,40.16352,0.30360553,3.0093696,0.041000433,,Crenated
Data/images/Crenated_10.png,19,0.9879595,45.77773,48.548943,45.226543,166.85281,0.10293203,1622.0,0.8553875,2116.0,1687.0,0.76654065,0.15471283,45.444412,0.96147007,74.0,119.0,16738967.0,1.5656992,23.0,2.6273365,145.0,13.765787,100.123924,103.0,55.0,90.0,9.727323,101.58718,-0.42847455,16738967.0,0.404328,295.15543,0.2116974,0.81370926,6.9821997,0.21042594,0.747316,0.16741832,0.89499897,0.89491415,-0.4541956,0.86886764,0.20931341,2.5534012,0.2931041,2.3929493,0.816531,2.7236257,773.1566,0.4141604,655.81995,0.5773573,0.24077356,7.205919,51.26649,421.4512,8.2650795,0.28587657,4.679099,74.66227,0.23366214,32.9508,0.43008634,3.1792734,0.10382202,6.7097626,51.26649,421.4512,8.2650795,0.28587657,74.66227,0.43008634,3.1792734,0.10382202,,Healthy
Data/images/Crenated_10.png,21,0.8805593,48.09813,49.09175,42.353256,156.71068,0.09809745,1598.0,0.90412146,2068.0,1648.0,0.77272725,0.47393587,45.10695,0.9696602,75.0,122.0,17132552.0,1.5579042,26.0,2.3058562,139.0,14.265136,102.10701,107.0,59.0,80.0,10.673018,103.54345,-0.4823376,17132552.0,0.4114757,295.4047,0.19548388,0.8259902,7.414839,0.19548388,0.71280336,0.15726992,0.90225804,0.90225804,-0.49169993,0.88429296,0.19548388,2.6364517,0.31650966,2.336134,0.8585032,2.592511,783.8711,0.35019526,657.53815,0.56662077,0.2277065,7.444931,64.552704,546.6923,9.06984,0.3297325,4.566416,72.27635,0.21964957,43.82557,0.3467196,2.0268533,0.12016199,6.2792025,64.552704,546.6923,9.06984,0.3297325,72.27635,0.3467196,2.0268533,0.12016199,,Healthy
Data/images/Crenated_10.png,23,0.87392277,45.986214,47.539455,40.188396,147.39697,0.10175835,1449.0,0.91532564,1800.0,1483.0,0.805,0.4860648,42.95258,0.9770735,69.8,126.0,15456950.0,1.8533573,30.0,2.6545925,169.0,17.572868,101.01725,104.0,50.0,119.0,12.712087,103.28273,-0.09091207,15456950.0,0.3178542,462.83682,0.27635327,0.8305331,7.1282053,0.27207977,0.8593702,0.20232588,0.86467236,0.86438745,-0.44283426,0.8975006,0.26834047,2.539886,0.1968493,2.8787768,0.83662486,3.1435075,611.49,0.4525355,460.57074,0.81595314,0.27416608,7.3291926,27.375,219.95284,5.29869,0.29716653,4.544889,90.20755,0.2926156,15.696016,0.44067478,3.2455516,0.10279335,7.0400944,27.375,219.95284,5.29869,0.29716653,90.20755,0.44067478,3.2455516,0.10279335,,Crenated
Data/images/Crenated_10.png,25,0.8830177,47.578796,48.703182,42.01292,155.39697,0.099517755,1562.0,0.9014329,1932.0,1612.0,0.8084886,0.4693397,44.595966,0.96898264,71.0,121.0,16147834.0,1.658084,26.0,2.4568155,142.0,15.154605,99.95647,103.0,55.0,87.0,11.021526,101.675575,-0.38399267,16147834.0,0.3689703,346.6268,0.20685112,0.83736265,6.9216075,0.20685112,0.7354205,0.16406374,0.89657444,0.89657444,-0.48163956,0.8913719,0.20685112,2.527668,0.26377672,2.4944382,0.8424295,2.764494,754.3854,0.32893413,576.3316,0.65167975,0.2653916,6.9980793,42.949722,340.68436,7.8254967,0.3198518,4.8144183,57.156425,0.22919334,23.91283,0.27730024,1.829904,0.08809337,6.3854747,42.949722,340.68436,7.8254967,0.3198518,57.156425,0.27730024,1.829904,0.08809337,,Healthy
Data/images/Crenated_10.png,26,0.9055574,47.17292,48.8774,42.717785,158.46803,0.10039154,1579.0,0.8887621,2025.0,1641.0,0.7797531,0.4242238,44.83799,0.96221817,76.0,121.0,16176092.0,1.6063138,24.0,2.6173346,148.0,13.739549,99.77201,101.0,58.0,90.0,9.889536,101.2152,-0.03390445,16176092.0,0.3747263,290.0633,0.23663625,0.7875655,6.7327247,0.23663625,0.7894016,0.18063954,0.88168186,0.88168186,-0.42030787,0.8614357,0.23663625,2.5088005,0.24038164,2.5464642,0.7911487,2.8271582,719.74225,0.3713143,591.6929,0.5526389,0.23747449,6.8486385,27.791666,205.86765,5.1903934,0.27949688,4.712819,63.289215,0.25839138,12.814008,0.3232365,2.1158078,0.08978122,6.480392,27.791666,205.86765,5.1903934,0.27949688,63.289215,0.3232365,2.1158078,0.08978122,,Healthy
Data/images/Crenated_10.png,27,0.91826606,44.189175,46.615448,40.57742,153.53911,0.10935834,1405.0,0.8651063,1806.0,1462.0,0.7779623,0.39596397,42.29541,0.9610123,73.0,120.0,14078962.0,1.6047145,23.0,2.6021817,140.0,14.15182,98.58648,101.0,50.0,90.0,10.412604,100.10301,-0.33425936,14078962.0,0.37527338,301.3201,0.20426157,0.8200474,6.5929465,0.20426157,0.7303698,0.16253878,0.8978692,0.8978692,-0.46761116,0.8809219,0.20426157,2.4753857,0.26000246,2.4515896,0.82303554,2.7201562,681.54663,0.3151703,527.2591,0.5696463,0.25560993,6.69395,36.891304,276.24533,7.2881947,0.28948843,4.793403,47.95031,0.2291815,17.852446,0.24653602,1.6358712,0.075139426,6.3726707,36.891304,276.24533,7.2881947,0.28948843,47.95031,0.24653602,1.6358712,0.075139426,,Healthy
Data/images/Crenated_10.png,28,0.9189376,48.85042,51.47815,44.89049,161.29646,0.09407785,1715.0,0.9100156,2070.0,1750.0,0.8285024,0.39440286,46.72907,0.98,74.0,124.0,17907672.0,1.7650664,27.0,2.7915912,160.0,15.262094,100.408165,100.0,46.0,114.0,11.209657,102.18508,0.012162436,17907672.0,0.34106162,359.992,0.23441248,0.82497644,12.817146,0.23441248,0.78562427,0.17946327,0.8827938,0.8827938,-0.45765844,0.89386266,0.23441248,3.5020983,0.22191077,2.7034764,0.82720846,2.9778934,785.0082,0.37116644,584.9207,0.681191,0.09916586,13.051895,27.63242,357.56622,2.590785,0.101655886,4.962973,67.369865,0.2553936,12.301084,0.3251008,4.9451513,0.032337114,13.805936,27.63242,357.56622,2.590785,0.101655886,67.369865,0.3251008,4.9451513,0.032337114,,Crenated
Data/images/Crenated_10.png,29,0.8498581,48.89482,51.42956,41.55366,154.81119,0.097334914,1591.0,0.9132074,1932.0,1634.0,0.82349896,0.5270115,45.008045,0.9736842,84.0,109.0,15863986.0,1.1041826,11.0,4.221947,148.0,7.791925,99.33878,102.0,63.0,85.0,5.3079677,99.855286,-0.5449454,15863986.0,0.516448,102.88523,0.09689923,0.825556,7.118217,0.09689923,0.4590886,0.087509766,0.95155036,0.95155036,-0.55954975,0.8375304,0.09689923,2.624677,0.44000635,1.555962,0.8527021,1.896926,1042.9421,0.24660636,821.66876,0.28440145,0.1748158,7.18039,184.5855,1506.6943,25.307032,0.19811456,4.4886484,23.145079,0.12130735,116.629814,0.31720942,2.9460151,0.040645745,6.88601,184.5855,1506.6943,25.307032,0.19811456,23.145079,0.31720942,2.9460151,0.040645745,,Healthy
Data/images/Crenated_10.png,30,0.9656045,47.65263,50.119858,46.013596,157.39697,0.09174991,1716.0,0.9328331,2024.0,1749.0,0.84782606,0.2600154,46.74269,0.9811321,78.0,131.0,19751570.0,1.8242258,28.0,2.590003,159.0,16.243305,105.39627,105.0,55.0,104.0,11.745055,107.28578,0.022410555,19751570.0,0.3257216,401.8651,0.24086279,0.8366682,8.121031,0.24086279,0.79647213,0.1828479,0.8795686,0.8795686,-0.46794888,0.9044913,0.24086279,2.7393649,0.20720565,2.7899523,0.84112155,3.0260363,788.7879,0.34735873,558.93823,0.7410346,0.20977402,8.198135,26.391983,225.22049,4.4363103,0.24998206,4.8881655,72.15367,0.261655,11.785626,0.2864905,2.131502,0.08304224,7.8262806,26.391983,225.22049,4.4363103,0.24998206,72.15367,0.2864905,2.131502,0.08304224,,Crenated
Data/images/Crenated_10.png,32,0.9048936,47.01146,47.853943,42.540367,156.36754,0.099756,1568.0,0.8975572,2068.0,1623.0,0.7582205,0.42563787,44.681534,0.96611214,75.0,124.0,17005694.0,1.6646057,24.0,2.5741694,158.0,14.626198,102.53827,105.0,57.0,101.0,10.463991,104.14158,-0.29492033,17005694.0,0.37384894,331.37225,0.2598684,0.7872518,7.3421054,0.2598684,0.82654774,0.19233683,0.8700658,0.8700658,-0.4025046,0.8562481,0.2598684,2.619408,0.24510236,2.6216664,0.7939714,2.9032958,679.3176,0.41796225,586.1951,0.6281871,0.2312151,7.5255103,29.634312,244.84875,4.8966722,0.26914847,4.6103754,87.604965,0.2825255,17.106228,0.3970404,3.1976209,0.095955946,7.295711,29.634312,244.84875,4.8966722,0.26914847,87.604965,0.3970404,3.1976209,0.095955946,,Healthy
Data/images/Crenated_10.png,34,0.97439677,44.23808,45.54119,43.105442,154.46803,0.10335767,1495.0,0.88718516,1892.0,1554.0,0.7901691,0.22483549,43.62904,0.96203345,106.0,116.0,18522114.0,0.08541407,4.0,4.2584534,121.0,2.8833728,111.23879,112.0,96.0,25.0,1.9358058,111.30756,-0.80820775,18522114.0,0.9788244,15.30418,0.009668509,0.5576117,3.9620166,0.009668509,0.078587465,0.009575028,0.99516577,0.99516577,-0.37276962,0.25154382,0.009668509,1.9889503,0.9685697,0.14266658,0.5576117,0.4781264,1278.5638,0.08163488,1463.3425,0.010587801,0.25802675,3.967893,879.7213,3516.7212,220.47131,0.33606556,4.404878,5.163934,0.040802676,279.0696,0.107364886,0.29250598,0.06107961,3.6557376,879.7213,3516.7212,220.47131,0.33606556,5.163934,0.107364886,0.29250598,0.06107961,,Dead
Data/images/Crenated_10.png,36,0.7750447,52.617504,55.154327,40.78092,165.4386,0.09856336,1679.0,0.87786704,2193.0,1742.0,0.76561785,0.6319064,46.236015,0.96383464,71.0,134.0,18679336.0,2.0149457,34.0,2.6253476,180.0,19.324783,102.772484,102.0,48.0,132.0,14.119568,105.47642,0.11511839,18679336.0,0.27935493,563.0906,0.32698217,0.8320804,13.800246,0.32452366,0.91958004,0.22166657,0.83814794,0.837984,-0.41893277,0.90284985,0.32237247,3.6041794,0.14668798,3.1855593,0.83493125,3.3503528,709.34186,0.40505546,469.03693,0.97294503,0.099409275,14.146516,13.558824,184.76817,1.3082384,0.09751871,4.619375,119.46367,0.34425253,5.120703,0.379723,5.864905,0.0333548,14.717993,13.558824,184.76817,1.3082384,0.09751871,119.46367,0.379723,5.864905,0.0333548,,Crenated
Data/images/Crenated_10.png,37,0.68104166,56.219505,57.306194,38.287827,161.78175,0.0960414,1685.0,0.8993131,2244.0,1734.0,0.75089127,0.7322447,46.318558,0.9717416,81.0,122.0,17630672.0,1.5591637,21.0,3.1325364,154.0,12.75931,101.00653,101.0,58.0,96.0,8.971688,102.290306,0.2477859,17630672.0,0.3925462,260.9881,0.24173807,0.7611003,6.9088125,0.24173807,0.7979187,0.18330078,0.87913096,0.87913096,-0.39090642,0.83809656,0.24173807,2.5541615,0.25264892,2.494537,0.7613374,2.787261,756.8766,0.38682246,661.44037,0.5115748,0.20879938,7.0937686,25.17713,176.91255,4.6664667,0.21968111,4.723003,69.96861,0.26468843,10.903643,0.3425922,3.0884097,0.062186033,7.623318,25.17713,176.91255,4.6664667,0.21968111,69.96861,0.3425922,3.0884097,0.062186033,,Crenated
Data/images/Crenated_10.png,39,0.8756366,49.868378,52.43091,43.666576,161.39697,0.09468875,1705.0,0.9067928,2070.0,1748.0,0.8236715,0.48297057,46.592632,0.97540045,81.0,128.0,19020952.0,1.7168218,21.0,3.548253,170.0,14.032772,103.99413,103.0,62.0,108.0,9.1403265,105.62189,0.4200934,19020952.0,0.36109734,341.2035,0.1879518,0.8554811,7.6716866,0.1879518,0.6971671,0.15262592,0.9060241,0.9060241,-0.5220171,0.91322106,0.1879518,2.66747,0.2524071,2.5419378,0.86880547,2.8499835,856.3689,0.33255097,615.67096,0.6467382,0.20505686,7.796481,41.82353,337.09525,7.436899,0.21662153,5.1023626,44.086834,0.20938416,19.01421,0.28850833,2.547838,0.050343495,7.9271708,41.82353,337.09525,7.436899,0.21662153,44.086834,0.28850833,2.547838,0.050343495,,Crenated
Data/images/Crenated_10.png,40,0.9659524,45.804745,48.166378,44.2452,157.39697,0.099272765,1586.0,0.89679193,1936.0,1638.0,0.8192149,0.25871977,44.937267,0.96825397,73.0,135.0,18025118.0,2.0150683,29.75,3.247269,190.0,18.700018,103.95082,103.0,52.0,138.0,13.205552,106.60743,0.48688957,18025118.0,0.28821307,559.37085,0.26995456,0.86406666,8.002596,0.26735887,0.84759015,0.19847381,0.86675316,0.8665801,-0.4778517,0.9237289,0.2650876,2.6729395,0.17510773,3.0567017,0.8659973,3.29734,687.5889,0.40597028,457.10593,1.0015986,0.24521683,8.131778,21.77143,160.41539,5.204464,0.24413553,4.944814,78.74945,0.28688523,9.621224,0.3668356,3.5362058,0.07639929,8.931869,21.77143,160.41539,5.204464,0.24413553,78.74945,0.3668356,3.5362058,0.07639929,,Crenated
Data/images/Crenated_10.png,41,0.95377916,47.644833,49.20366,45.44265,159.05382,0.0937541,1697.0,0.91798955,2024.0,1739.0,0.83843875,0.3005084,46.483196,0.9758482,78.0,129.0,18948784.0,1.830763,25.0,3.3616726,176.0,15.808676,103.71302,104.0,45.0,131.0,10.89153,105.66952,0.015630024,18948784.0,0.3341343,409.6566,0.2766344,0.8127322,13.723366,0.27542374,0.85450935,0.20077614,0.86248994,0.8624092,-0.42189148,0.8859324,0.2743644,3.6225786,0.20203371,2.8737597,0.8148191,3.0978863,735.878,0.39545053,567.02594,0.7462842,0.09422214,14.034178,19.873747,272.28055,1.7521198,0.09576817,4.8025126,88.92786,0.2940483,8.308296,0.35461277,5.637415,0.030744601,14.779559,19.873747,272.28055,1.7521198,0.09576817,88.92786,0.35461277,5.637415,0.030744601,,Crenated
Data/images/Crenated_10.png,47,0.78714865,53.931595,55.470715,42.452183,169.29646,0.09516384,1780.0,0.88317144,2250.0,1834.0,0.7911111,0.6167633,47.60637,0.97055614,70.0,138.0,19620572.0,2.0931034,38.0,2.3043172,164.0,21.034811,101.89494,99.0,51.0,113.0,15.969306,104.98949,0.31535465,19620572.0,0.256051,640.21313,0.2962963,0.87293184,7.76331,0.29282406,0.8854486,0.21055035,0.8541667,0.8539352,-0.47393778,0.9293325,0.2897859,2.5972223,0.13996442,3.208042,0.8812893,3.403059,763.4921,0.3965219,455.77078,1.1471292,0.28841197,7.866292,18.663063,148.37477,5.0586596,0.27440292,4.744293,115.061264,0.31179774,8.376885,0.3666501,3.0665712,0.08091999,8.01982,18.663063,148.37477,5.0586596,0.27440292,115.061264,0.3666501,3.0665712,0.08091999,,Crenated
Data/images/Crenated_10.png,55,0.86842316,47.70062,50.32892,41.42432,157.78175,0.10209107,1546.0,0.88324803,1980.0,1607.0,0.7808081,0.4958238,44.366974,0.9620411,72.0,141.5,17823336.0,2.1600497,39.0,2.9548624,197.0,22.025852,103.88939,100.0,56.0,141.0,15.972866,107.37168,0.6481633,17823336.0,0.25461024,735.67145,0.364,0.85818064,8.326667,0.36,0.95885545,0.2344,0.8206667,0.8204,-0.43032056,0.9193908,0.3565,2.688,0.12533666,3.4035482,0.8614767,3.5244768,638.4644,0.4247074,393.6274,1.2697258,0.2680205,8.4269085,10.696398,81.04974,3.0029058,0.23916762,4.569808,132.09776,0.3771022,3.6643493,0.41877598,4.1310844,0.08039944,9.147512,10.696398,81.04974,3.0029058,0.23916762,132.09776,0.41877598,4.1310844,0.08039944,,Crenated
Data/images/Crenated_10.png,56,0.8540293,49.206078,50.0,42.023434,160.71068,0.099542074,1615.0,0.88629687,2208.0,1675.0,0.7314312,0.52022487,45.346245,0.9641791,96.0,119.0,18810148.0,0.8489123,13.0,2.347284,129.0,7.3712497,107.5548,108.0,86.0,43.0,5.526571,107.92197,-0.0720511,18810148.0,0.6521895,79.11635,0.09380983,0.749326,3.4492662,0.09380983,0.44906026,0.085009545,0.9530951,0.9530951,-0.47654527,0.7464674,0.09380983,1.8190811,0.56690073,1.3021948,0.7551999,1.649575,1035.8668,0.20793834,1053.286,0.1853153,0.39594084,3.501548,145.65642,554.3333,44.017094,0.50299144,5.0669518,16.05641,0.120743036,77.06403,0.15731594,0.5193769,0.08686244,3.2615385,145.65642,554.3333,44.017094,0.50299144,16.05641,0.15731594,0.5193769,0.08686244,,Crenated
Data/images/Crenated_10.png,58,0.8049422,49.27628,50.990196,39.66456,162.95332,0.10667975,1528.0,0.850222,1932.0,1588.0,0.7908903,0.5933532,44.107937,0.9622166,72.0,136.0,16855268.0,2.069024,32.0,3.2784882,186.0,19.701258,101.940445,100.0,46.0,140.0,13.431818,105.02826,0.56443703,16855268.0,0.28215715,639.0809,0.29892036,0.8650723,13.9197035,0.29622132,0.88736194,0.21117331,0.8523392,0.85215926,-0.46371013,0.9244956,0.29385966,3.6002023,0.16036591,3.195261,0.87010944,3.3841965,645.4411,0.41184282,431.13614,1.0893188,0.10294097,14.054974,17.42029,229.94617,1.7154884,0.10275758,4.8694425,91.28571,0.31609946,7.4121714,0.37617397,5.97276,0.036895044,15.004141,17.42029,229.94617,1.7154884,0.10275758,91.28571,0.37617397,5.97276,0.036895044,,Crenated
Data/images/Crenated_10.png,59,0.89577484,56.75618,58.66856,50.840755,190.1249,0.084556326,2249.0,0.88412243,2544.0,2299.0,0.8840409,0.44450814,53.51183,0.9782514,74.8,134.0,24335608.0,1.9250013,33.0,2.658578,169.0,18.97491,101.39929,97.0,51.0,118.0,13.621262,104.02228,0.49265766,24335608.0,0.30734098,538.8188,0.25091076,0.86584574,7.456284,0.24908926,0.8170579,0.18886529,0.87575895,0.87563753,-0.48801598,0.9210662,0.24749544,2.5780966,0.1922046,2.9220397,0.8676387,3.1226268,1030.951,0.34592125,691.2099,0.9278954,0.25261042,7.505558,23.653847,153.54515,6.4982166,0.241191,4.895562,94.69231,0.26589596,9.5097065,0.28196272,2.2744029,0.068132736,8.035117,23.653847,153.54515,6.4982166,0.241191,94.69231,0.28196272,2.2744029,0.068132736,,Crenated
Data/images/Crenated_10.png,60,0.7862439,48.059444,49.24429,37.786446,152.2254,0.10716325,1421.0,0.87768453,1794.0,1474.0,0.79208475,0.6179163,42.535553,0.96404344,68.0,147.0,17563176.0,2.3381941,46.0,2.4382694,197.0,24.956793,107.023926,106.0,42.0,155.0,18.801855,111.174324,0.21917318,17563176.0,0.21840732,905.60956,0.32823873,0.8961209,16.068413,0.32532752,0.921988,0.22240072,0.8378214,0.83762735,-0.49109158,0.94878036,0.3227802,3.827875,0.1115791,3.5402472,0.89911485,3.6973474,589.3547,0.42125928,310.35678,1.5627713,0.10493664,16.078817,13.29065,222.96341,1.2776005,0.108542696,4.8571115,102.231705,0.34623504,4.9488854,0.3984436,6.1083274,0.04271599,15.660569,13.29065,222.96341,1.2776005,0.108542696,102.231705,0.3984436,6.1083274,0.04271599,,Crenated
Data/images/Crenated_10.png,62,0.8257331,66.96541,73.0,55.295555,213.98276,0.07441584,2876.0,0.8883474,3249.0,2941.0,0.88519543,0.56406105,60.513115,0.97789866,77.0,127.0,30617774.0,1.7898566,25.25,3.9175718,179.0,15.884234,101.11891,99.0,58.0,121.0,10.879878,103.17925,0.818908,30617774.0,0.34579325,420.92258,0.19985801,0.86781687,7.2715654,0.19985801,0.721644,0.15991478,0.900071,0.900071,-0.5225198,0.9201414,0.19985801,2.5720625,0.24232085,2.6510208,0.8753642,2.8532407,1433.0312,0.29343316,994.5014,0.7503327,0.22766545,7.3671765,36.192924,246.69131,7.5338793,0.2357208,5.2028847,82.839226,0.2162726,14.813453,0.20722406,2.1404552,0.04548599,8.446945,36.192924,246.69131,7.5338793,0.2357208,82.839226,0.20722406,2.1404552,0.04548599,,Crenated
Data/images/Crenated_10.png,63,0.7165254,57.63165,60.41523,41.29454,172.36754,0.09259604,1862.0,0.8873215,2385.0,1907.0,0.7807128,0.697561,48.690575,0.9764027,75.0,143.0,22122172.0,2.1396377,32.0,5.2147665,242.0,21.453594,105.24544,100.0,53.0,189.0,14.058419,108.99939,1.1666695,22122172.0,0.2770112,804.2647,0.30365044,0.8899669,8.658739,0.29590708,0.9010323,0.21608944,0.85333705,0.8528208,-0.48470247,0.9356156,0.28913164,2.7259402,0.15979803,3.2551353,0.9068175,3.431769,788.1579,0.4115702,515.79486,1.35653,0.24145606,8.791085,16.97251,133.13918,4.142213,0.21260498,4.9254637,105.546394,0.31256714,6.7369065,0.3713238,4.854609,0.05802504,10.33677,16.97251,133.13918,4.142213,0.21260498,105.546394,0.3713238,4.854609,0.05802504,,Crenated
Data/images/Crenated_10.png,64,0.97130686,46.13034,49.648766,44.806717,160.71068,0.100224935,1604.0,0.88327247,1978.0,1663.0,0.8109201,0.23782964,45.19155,0.96452194,74.0,136.0,18463012.0,2.0026257,31.0,2.872237,179.0,18.643908,104.706985,104.0,45.0,134.0,13.39796,107.28749,0.14484498,18463012.0,0.28853676,547.0538,0.28058937,0.8529174,14.571428,0.2780269,0.8627585,0.2032904,0.8614136,0.8612428,-0.46284106,0.9188745,0.27578476,3.7091608,0.16750255,3.0886905,0.8539591,3.294646,693.5574,0.39734674,462.81296,0.94485885,0.09541458,14.649626,20.084211,291.22525,1.7909322,0.09614383,4.822701,84.397896,0.29613465,8.681148,0.35581475,5.7721586,0.03123367,15.185264,20.084211,291.22525,1.7909322,0.09614383,84.397896,0.35581475,5.7721586,0.03123367,,Crenated
Data/images/Crenated_10.png,65,0.6279153,53.969673,55.00909,33.888382,155.05382,0.11167002,1389.0,0.8519133,1813.0,1454.0,0.7661335,0.7782817,42.05389,0.95529574,61.0,150.0,16567619.0,-3.2034265e-16,48.0,3.581546,241.0,27.244366,103.51404,100.0,40.0,201.0,19.111828,109.21416,0.7185792,16567619.0,1.0,1212.5752,0.0,1.0,4.0,0.0,-3.2034265e-16,0.0,1.0,1.0,0.0,0.0,0.0,2.0,1.0,-3.2034265e-16,1.0,0.37646735,1204.9712,0.068250954,1389.0,0.0,0.25,4.0,817.66,3270.64,204.415,0.25,3.749275,4.96,0.03599712,45.9316,0.021612419,0.086449675,0.0054031047,4.0,817.66,3270.64,204.415,0.25,4.96,0.021612419,0.086449675,0.0054031047,,Crenated
Data/images/Crenated_11.png,1,0.91226393,46.809986,48.166378,42.703064,159.88225,0.10206336,1567.0,0.87754595,2016.0,1628.0,0.77728176,0.40960285,44.667286,0.96253073,62.0,134.0,16980750.0,2.0180037,47.5,1.809237,151.0,24.103125,100.468414,108.0,49.0,102.0,19.646843,104.09837,-0.19703321,16980750.0,0.2602728,742.56934,0.21066491,0.913908,13.784068,0.21066491,0.7427518,0.1662852,0.89466757,0.89466757,-0.5743487,0.9490999,0.21066491,3.5589204,0.18004422,2.8675952,0.92782074,3.1165013,744.50354,0.35756868,407.84747,1.2189262,0.116348825,13.700064,40.404892,604.337,4.0375776,0.13426103,4.8324313,62.375,0.23484366,22.273031,0.32786477,3.4458733,0.049470425,11.88587,40.404892,604.337,4.0375776,0.13426103,62.375,0.32786477,3.4458733,0.049470425,,Crenated
Data/images/Crenated_11.png,2,0.9452197,47.716175,49.57822,45.10227,161.63962,0.095900096,1686.0,0.900371,2070.0,1738.0,0.81449276,0.32643488,46.3323,0.97008055,70.0,108.0,15124740.0,1.5742991,17.0,3.8293288,172.0,11.65784,93.48517,97.0,56.0,116.0,7.939713,94.71422,-0.08443708,15124740.0,0.37534493,231.30553,0.21890244,0.78663754,5.2932925,0.21036585,0.7639253,0.17464864,0.8962398,0.8956707,-0.4347143,0.8592539,0.20289634,2.2112806,0.2565865,2.413605,0.79692256,2.7480426,815.121,0.40579104,632.83154,0.5343429,0.31562227,5.4893236,47.104168,258.82553,13.3026905,0.3383478,4.776167,71.75521,0.227758,27.826578,0.4196294,2.912183,0.1157518,5.815104,47.104168,258.82553,13.3026905,0.3383478,71.75521,0.4196294,2.912183,0.1157518,,Healthy
Data/images/Crenated_11.png,7,0.9666708,46.46778,48.104053,44.91905,161.19595,0.09862096,1635.0,0.88908494,2070.0,1690.0,0.78985506,0.25602245,45.626163,0.9674556,71.0,113.0,15312389.0,1.6763566,17.0,3.5959864,149.0,12.518221,95.31682,99.0,54.0,95.0,8.189976,96.77487,0.10519416,15312389.0,0.34782293,280.07944,0.26809314,0.77198195,5.8640656,0.26179987,0.8492351,0.19955397,0.87014896,0.8697294,-0.3869331,0.84757257,0.25629327,2.3259912,0.21626677,2.6413722,0.7748756,2.9651287,704.5462,0.45691404,568.6905,0.6175335,0.29363745,6.1565747,28.562363,183.89934,6.974198,0.31435388,4.4753146,101.92779,0.2795107,15.762566,0.4570795,3.3328764,0.11444113,6.3194747,28.562363,183.89934,6.974198,0.31435388,101.92779,0.4570795,3.3328764,0.11444113,,Healthy
Data/images/Crenated_11.png,8,0.7948109,51.294846,53.15073,40.769703,164.95332,0.100981526,1634.0,0.8685672,2236.0,1696.0,0.7307692,0.6068572,45.612206,0.9634434,75.0,125.0,16466926.0,1.7578355,24.0,3.207942,162.0,15.260117,98.522644,96.0,61.0,101.0,10.585497,100.38764,0.6269737,16466926.0,0.34950614,370.96674,0.2504744,0.8095499,6.3795066,0.2454143,0.8200951,0.19024621,0.8781362,0.87779886,-0.42924458,0.8778013,0.24098672,2.4180899,0.23423113,2.6932898,0.8146114,2.9933395,722.0,0.43482965,571.093,0.7011445,0.25432426,6.744798,30.26087,177.56293,7.197595,0.25025237,4.7748046,84.0984,0.26744187,16.279774,0.42246604,4.042488,0.08342272,8.116705,30.26087,177.56293,7.197595,0.25025237,84.0984,0.42246604,4.042488,0.08342272,,Crenated
Data/images/Crenated_11.png,9,0.8745738,47.523594,50.08992,41.56289,155.63962,0.100574866,1548.0,0.89598376,1935.0,1593.0,0.8,0.48489243,44.39566,0.9717514,77.0,118.0,15349271.0,1.4818525,19.0,2.6055765,133.0,11.790792,98.4438,99.0,62.0,71.0,8.313779,99.57685,-0.18074752,15349271.0,0.4049795,224.36829,0.14694148,0.8414198,6.323138,0.1456117,0.60317093,0.12573873,0.9274158,0.92732716,-0.5420475,0.89447296,0.14444813,2.4358377,0.31206632,2.165014,0.85674554,2.4848745,872.08655,0.31564942,626.90826,0.46101454,0.2360842,6.4205427,74.45038,523.9809,13.722487,0.2857029,5.014169,32.801525,0.16925065,39.541225,0.329078,2.395509,0.07287249,6.3015265,74.45038,523.9809,13.722487,0.2857029,32.801525,0.329078,2.395509,0.07287249,,Crenated
Data/images/Crenated_11.png,10,0.98379564,46.467236,48.373547,45.714264,158.2254,0.09517317,1663.0,0.91350216,2024.0,1708.0,0.8216403,0.17929329,46.015186,0.9736534,73.0,110.0,16127666.0,1.2793658,17.0,2.8193777,128.0,11.48041,97.456406,103.0,60.0,68.0,7.8405666,98.478096,-0.877551,16127666.0,0.49838823,200.18436,0.14718615,0.84832376,7.0333953,0.14718615,0.6027536,0.12552239,0.9264069,0.9264069,-0.525979,0.85592234,0.14718615,2.573284,0.43579715,1.8482342,0.8687011,2.0935457,926.62476,0.30186337,828.8196,0.5033315,0.2483046,7.0222487,116.70071,994.5493,16.634096,0.41351232,4.303131,61.077465,0.17077571,82.412254,0.3393662,1.5960802,0.14475882,4.75,116.70071,994.5493,16.634096,0.41351232,61.077465,0.3393662,1.5960802,0.14475882,,Healthy
Data/images/Crenated_11.png,11,0.8680332,54.713715,56.603886,47.493317,178.02438,0.087416835,2037.0,0.89860255,2548.0,2085.0,0.7994506,0.49650624,50.92729,0.9769784,81.0,109.0,19855152.0,1.38803,9.0,6.1289687,150.0,8.261449,97.910164,99.0,67.0,83.0,4.6395564,98.72817,0.9117179,19855152.0,0.4339896,160.85153,0.1382442,0.82406205,6.42331,0.1382442,0.579622,0.11913274,0.9308779,0.9308779,-0.52940404,0.87442046,0.1382442,2.4697275,0.33919376,2.00909,0.8485942,2.3791702,1181.7404,0.31686312,884.0368,0.40675485,0.2061857,6.565047,90.319145,610.3921,16.35879,0.22321513,5.103884,44.39818,0.16151203,51.984608,0.35785753,3.0165799,0.07079569,7.106383,90.319145,610.3921,16.35879,0.22321513,44.39818,0.35785753,3.0165799,0.07079569,,Crenated
Data/images/Crenated_11.png,13,0.93377537,46.567245,48.414875,43.483345,157.05382,0.0989939,1587.0,0.8990347,1935.0,1632.0,0.820155,0.35785973,44.95143,0.9724265,75.0,115.4,15599066.0,1.6185169,15.0,3.3550787,146.0,11.503947,97.906746,99.0,60.0,86.0,7.4246616,99.14272,0.099480756,15599066.0,0.3694745,243.54897,0.26995456,0.7436209,6.3101883,0.26735887,0.84759015,0.19847381,0.86675316,0.8665801,-0.36686108,0.8275264,0.2650876,2.4328358,0.23366086,2.5698237,0.75497776,2.8893797,673.45746,0.46622667,586.356,0.5587514,0.24708132,6.63201,26.708334,181.22588,5.2302785,0.29558054,4.4805646,102.24561,0.2873346,14.596102,0.46419597,3.4421027,0.12232298,6.6469297,26.708334,181.22588,5.2302785,0.29558054,102.24561,0.46419597,3.4421027,0.12232298,,Healthy
Data/images/Crenated_11.png,15,0.95901686,46.043945,47.88528,44.156918,157.78175,0.09901584,1594.0,0.89685905,2070.0,1647.0,0.7700483,0.28334907,45.050457,0.9678203,74.0,123.0,16989058.0,1.6159023,24.0,2.4438639,143.0,14.515679,101.66499,106.0,62.0,81.0,10.346462,103.23821,-0.3137228,16989058.0,0.39401126,322.35828,0.21654816,0.82402074,7.2747254,0.21654816,0.7538143,0.16965505,0.8917259,0.8917259,-0.47134846,0.88260293,0.21654816,2.6014867,0.28902385,2.4478254,0.8355138,2.7580218,749.7152,0.42648482,628.05396,0.62383914,0.2378886,7.503764,62.08377,526.26965,9.348095,0.30444664,4.4375095,91.17801,0.23964868,44.67172,0.46007228,3.3806307,0.11750501,6.7617803,62.08377,526.26965,9.348095,0.30444664,91.17801,0.46007228,3.3806307,0.11750501,,Healthy
Data/images/Crenated_11.png,16,0.90198576,48.904705,50.803543,44.11135,164.71068,0.09743311,1691.0,0.884893,2160.0,1754.0,0.78287035,0.43176574,46.400948,0.9640821,71.0,114.0,16337186.0,1.5223504,22.0,2.7106392,152.0,13.402612,96.90716,101.0,58.0,94.0,9.7296095,98.291695,-0.44079792,16337186.0,0.39597082,270.26044,0.21206582,0.81172323,6.2687387,0.20109689,0.74914676,0.17162585,0.9012797,0.90054846,-0.45578364,0.8611994,0.19149908,2.410725,0.29697284,2.2928536,0.8254562,2.587675,833.5547,0.38936436,669.5866,0.5777111,0.28386506,6.4163218,51.24798,394.0054,10.087157,0.34380203,4.651468,63.145554,0.2193968,30.473057,0.39614138,2.7088652,0.11071291,5.7008085,51.24798,394.0054,10.087157,0.34380203,63.145554,0.39614138,2.7088652,0.11071291,,Healthy
Data/images/Crenated_11.png,18,0.9267174,44.45629,46.32494,41.19842,151.29646,0.10539635,1436.0,0.88772357,1806.0,1488.0,0.79512733,0.37575898,42.759468,0.96505374,75.0,116.5,14100967.0,1.5894592,17.0,3.0701237,138.0,11.878258,97.86699,100.0,55.0,83.0,7.718058,99.09397,-0.21854708,14100967.0,0.3793955,241.66685,0.22270115,0.78857815,6.483477,0.22270115,0.7650691,0.17310534,0.8886494,0.8886494,-0.423691,0.85518336,0.22270115,2.463362,0.2587843,2.4448814,0.79460335,2.7768478,663.4471,0.39897656,544.81195,0.549229,0.2468808,6.726323,34.39548,253.16667,6.840454,0.2659683,4.715752,58.77401,0.2465181,17.940311,0.37807015,3.159889,0.083854675,6.954802,34.39548,253.16667,6.840454,0.2659683,58.77401,0.37807015,3.159889,0.083854675,,Healthy
Data/images/Crenated_11.png,19,0.97403425,48.353416,50.566788,47.09788,164.81119,0.09235706,1785.0,0.90860796,2162.0,1829.0,0.8256244,0.22640084,47.673183,0.97594315,73.0,113.0,17046468.0,1.4722764,19.0,2.8722773,143.0,11.889044,96.57927,100.0,53.0,90.0,8.57027,97.72329,-0.4672644,17046468.0,0.40255004,222.28629,0.19850403,0.79761106,6.229574,0.19505179,0.7226063,0.16045883,0.90304947,0.90281934,-0.4444822,0.85226417,0.19203107,2.4162831,0.28769526,2.267614,0.8001055,2.5806818,886.0465,0.34917936,718.5518,0.4953649,0.261399,6.341737,44.59269,326.00522,8.930048,0.31532854,4.7348285,52.780678,0.21456583,22.871735,0.32070604,1.9876963,0.09019202,5.6762404,44.59269,326.00522,8.930048,0.31532854,52.780678,0.32070604,1.9876963,0.09019202,,Healthy
Data/images/Crenated_11.png,20,0.92390084,45.88419,46.647614,42.392445,154.71068,0.101549506,1524.0,0.8943466,1935.0,1567.0,0.7875969,0.38263196,44.050167,0.97255903,76.0,113.0,15086599.0,1.4010754,20.0,2.6188643,142.0,11.726368,98.44685,103.0,61.0,81.0,8.321414,99.495445,-0.52478814,15086599.0,0.4430193,207.56082,0.1929587,0.7930657,6.78673,0.1929587,0.70761997,0.15572564,0.90352064,0.90352064,-0.44780976,0.8449767,0.1929587,2.5331755,0.33283925,2.1693335,0.8035718,2.470821,751.0446,0.3613505,675.16144,0.4638242,0.23018737,6.9022307,55.481926,453.68375,8.578523,0.31413153,4.56522,56.198795,0.21784776,34.41051,0.3537245,2.1085608,0.1123067,5.743976,55.481926,453.68375,8.578523,0.31413153,56.198795,0.3537245,2.1085608,0.1123067,,Healthy
Data/images/Crenated_11.png,21,0.9402083,45.41658,47.010635,42.701046,152.46803,0.100274935,1521.0,0.90660757,1892.0,1565.0,0.8039112,0.34059992,44.006786,0.97188497,74.0,114.0,14681422.0,1.56938,20.0,3.2291818,147.0,11.865084,97.02432,99.0,60.0,87.0,8.225663,98.24703,0.017422475,14681422.0,0.38046658,238.76009,0.23274696,0.7740011,6.216509,0.22868742,0.788863,0.18044902,0.88633287,0.88606226,-0.41104773,0.8476636,0.22513531,2.4120433,0.25585103,2.4503012,0.78343725,2.7267241,702.5858,0.37622398,578.6897,0.5299647,0.25703576,6.418803,34.304234,249.84392,6.422674,0.30399397,4.678703,63.957672,0.24852072,18.11319,0.3463514,2.455124,0.09250074,6.224868,34.304234,249.84392,6.422674,0.30399397,63.957672,0.3463514,2.455124,0.09250074,,Healthy
Data/images/Crenated_11.png,22,0.9123077,45.81401,47.201694,41.796474,152.71068,0.10170542,1502.0,0.8994938,1980.0,1559.0,0.7585859,0.40950543,43.731064,0.9634381,71.0,123.0,15346930.0,1.6794864,28.0,2.3803546,141.0,15.59635,99.24501,103.0,54.0,87.0,11.217802,101.08246,-0.30701357,15346930.0,0.3687538,368.09177,0.22633745,0.8400608,7.1042523,0.22633745,0.7715718,0.1751088,0.8868313,0.8868313,-0.48089015,0.8951171,0.22633745,2.5514402,0.26181316,2.5518503,0.84979,2.8373508,690.1971,0.42576167,553.86816,0.70129484,0.2689932,7.217044,45.18182,377.21924,7.5623884,0.32663026,4.3935375,76.417114,0.24900132,29.053219,0.43217272,2.6670055,0.10786136,6.1604276,45.18182,377.21924,7.5623884,0.32663026,76.417114,0.43217272,2.6670055,0.10786136,,Healthy
Data/images/Crenated_11.png,23,0.882552,45.600132,46.69047,40.24449,148.71068,0.103739575,1434.0,0.90252995,1849.0,1489.0,0.77555436,0.4702147,42.72968,0.96306247,67.0,140.0,16526643.0,2.1320605,40.0,2.1848338,169.0,22.467648,103.929565,103.0,51.0,118.0,16.915516,107.35388,0.055900257,16526643.0,0.24254069,723.5006,0.21063983,0.9133016,8.421999,0.21063983,0.742704,0.16627069,0.8946801,0.8946801,-0.5757242,0.95599174,0.21063983,2.7041698,0.15661867,3.0335793,0.91454726,3.2842944,688.9289,0.32153967,347.80334,1.2268634,0.28689465,8.3528595,33.339287,295.44644,8.602354,0.29992643,5.0827136,48.17857,0.23430963,15.124681,0.2481153,1.6820084,0.07789894,7.764881,33.339287,295.44644,8.602354,0.29992643,48.17857,0.2481153,1.6820084,0.07789894,,Crenated
Data/images/Crenated_11.png,26,0.8993862,50.530117,52.0,45.44609,164.81119,0.09168912,1798.0,0.91191155,2112.0,1843.0,0.85132575,0.43715492,47.84647,0.9755833,77.0,127.0,19198028.0,1.722841,25.0,2.6886268,153.0,14.852551,101.617355,102.0,57.0,96.0,10.402944,103.33167,0.12926272,19198028.0,0.3445003,351.34857,0.18700114,0.853058,7.254276,0.18586089,0.697094,0.15245686,0.9072596,0.9071836,-0.5212027,0.9121506,0.18486317,2.5906498,0.24201483,2.5307145,0.8554391,2.847609,911.93994,0.32652026,619.41156,0.64727616,0.22982821,7.3731923,48.298103,376.24118,9.559824,0.24761969,5.118749,46.95664,0.20522803,24.555592,0.2858724,2.2876978,0.062441412,7.3414636,48.298103,376.24118,9.559824,0.24761969,46.95664,0.2858724,2.2876978,0.062441412,,Crenated
Data/images/Crenated_11.png,29,0.94349647,47.874462,49.73932,45.169384,160.2254,0.09466789,1693.0,0.91020226,2070.0,1740.0,0.8178744,0.33138257,46.42838,0.9729885,80.0,126.0,18219888.0,1.697761,21.0,3.285354,167.0,13.855917,102.17779,102.0,53.0,114.0,9.21979,103.73955,0.20701154,18219888.0,0.35758337,321.59332,0.25075895,0.79415107,7.2131147,0.24954462,0.81573445,0.18848644,0.87543005,0.8753491,-0.41679186,0.8685139,0.2484821,2.5941105,0.227328,2.6660383,0.7963348,2.9573324,749.026,0.4115274,605.3887,0.61982405,0.21696414,7.45127,30.953947,232.1908,5.467308,0.23438719,4.716876,84.942986,0.26934436,17.169662,0.38956308,3.2668622,0.079934806,7.8245616,30.953947,232.1908,5.467308,0.23438719,84.942986,0.38956308,3.2668622,0.079934806,,Crenated
Data/images/Crenated_11.png,30,0.97484344,46.40831,48.8467,45.240837,160.1249,0.09731078,1646.0,0.8980386,2025.0,1687.0,0.8128395,0.22289066,45.77939,0.9756965,72.0,126.0,17683976.0,1.8045626,28.0,2.5118082,162.0,16.087801,101.724785,103.0,59.0,103.0,11.682802,103.65137,-0.081685096,17683976.0,0.32929048,395.67334,0.23875,0.8391063,7.179375,0.23625,0.7978679,0.18293594,0.8822917,0.882125,-0.46832722,0.90204084,0.2340625,2.560625,0.21673281,2.7476885,0.8443684,3.0538619,744.73145,0.4126562,542.01215,0.7504152,0.25860927,7.3608747,34.265404,259.99527,7.265498,0.2755898,4.819512,77.43128,0.2563791,19.051706,0.3987463,3.043557,0.10102514,7.4075828,34.265404,259.99527,7.265498,0.2755898,77.43128,0.3987463,3.043557,0.10102514,,Healthy
Data/images/Crenated_11.png,31,0.964217,43.510284,46.09772,41.953358,146.91168,0.10298751,1427.0,0.91134846,1722.0,1463.0,0.82868755,0.26511428,42.62526,0.97539306,64.0,122.0,13075877.0,1.9527076,34.0,2.3957253,152.0,19.06233,92.988785,92.0,43.0,109.0,14.474932,95.72457,0.22232968,13075877.0,0.28475508,516.2788,0.23881674,0.8715418,11.349206,0.23593074,0.798426,0.18315342,0.8825156,0.8823232,-0.5064466,0.92857337,0.23340549,3.2463925,0.17902406,2.9229898,0.878494,3.1748676,650.71967,0.37737224,406.3455,0.9230414,0.13066767,11.50035,27.871584,333.7131,3.2176077,0.1340809,4.927513,59.06011,0.25648212,12.670108,0.33742708,4.260569,0.040682208,11.693989,27.871584,333.7131,3.2176077,0.1340809,59.06011,0.33742708,4.260569,0.040682208,,Crenated
Data/images/Crenated_11.png,33,0.9240305,47.427,50.47772,43.823994,158.81119,0.09763983,1627.0,0.9002246,1936.0,1670.0,0.8403926,0.38231876,45.5144,0.9742515,77.0,123.4,16539902.0,1.6625364,25.0,2.6400392,151.0,14.285328,99.279655,99.0,54.0,97.0,10.316709,100.826035,0.15134938,16539902.0,0.36013848,309.4393,0.24636766,0.785344,6.629817,0.24510424,0.80873966,0.18629158,0.8776584,0.8775742,-0.41125882,0.8604132,0.24399874,2.4857864,0.22937988,2.604263,0.7860812,2.8794253,737.68225,0.36589074,585.9453,0.5929035,0.2345853,6.8813767,25.914154,172.15778,5.5397096,0.2327681,4.7310295,68.22506,0.26490474,11.663966,0.31318554,2.7941267,0.062426653,7.62181,25.914154,172.15778,5.5397096,0.2327681,68.22506,0.31318554,2.7941267,0.062426653,,Crenated
Data/images/Crenated_11.png,36,0.8794,48.24439,50.119858,42.426117,155.98276,0.097337134,1603.0,0.9097611,1936.0,1642.0,0.8279959,0.47608358,45.17746,0.9762485,71.0,115.0,14940680.0,1.6065441,22.0,2.923529,143.0,13.172533,95.086716,98.0,45.0,98.0,9.293896,96.54247,-0.26885867,14940680.0,0.36780733,278.96628,0.22257857,0.7994406,11.3624115,0.22257857,0.76484805,0.17303735,0.88871074,0.88871074,-0.4428103,0.8709453,0.22257857,3.3043618,0.24131128,2.4986806,0.80746174,2.8300328,744.577,0.40456194,589.59515,0.5564831,0.11091807,11.525265,32.693096,399.73145,3.1796563,0.12827934,4.7666407,65.132996,0.24391766,15.885192,0.38873172,4.347561,0.05273596,10.800511,32.693096,399.73145,3.1796563,0.12827934,65.132996,0.38873172,4.347561,0.05273596,,Crenated
Data/images/Crenated_11.png,39,0.9177141,43.639328,44.598206,40.048428,155.29646,0.113562316,1368.0,0.8441255,1806.0,1432.0,0.7574751,0.39724147,41.73478,0.95530725,73.0,118.0,13448762.0,1.5165231,25.0,2.3142397,146.0,13.893019,97.748535,99.0,57.0,89.0,10.541861,99.15123,-0.33061123,13448762.0,0.3899982,276.1897,0.23204838,0.77395093,6.0823884,0.23053665,0.7849519,0.17890123,0.8849836,0.88488287,-0.4025165,0.83774585,0.22921391,2.3843536,0.25833544,2.40119,0.77739,2.7235816,620.51025,0.41217598,533.5175,0.51760155,0.26916322,6.2733917,33.340973,239.78796,6.896868,0.3083612,4.47455,63.573067,0.25511697,17.976372,0.39853525,2.6338804,0.09536553,5.868195,33.340973,239.78796,6.896868,0.3083612,63.573067,0.39853525,2.6338804,0.09536553,,Healthy
Data/images/Crenated_11.png,40,0.81363463,52.82051,53.75872,42.9766,166.71068,0.093684,1780.0,0.896996,2256.0,1820.0,0.78900707,0.5813765,47.60637,0.978022,78.0,119.0,17210762.0,1.5344503,21.0,3.567902,157.0,13.249299,96.83595,95.0,52.0,105.0,8.943964,98.33091,0.6176822,17210762.0,0.41452152,291.76523,0.17599538,0.82565546,6.097519,0.17599538,0.6712376,0.145021,0.9120023,0.9120023,-0.4912297,0.88018817,0.17599538,2.383439,0.30894545,2.2889118,0.84406054,2.604282,918.8663,0.31211463,737.8483,0.51943535,0.23865606,6.2713485,55.30682,313.12784,12.519707,0.25278252,5.0586457,45.920456,0.1977528,29.735409,0.2706823,2.1522877,0.07367168,7.0738635,55.30682,313.12784,12.519707,0.25278252,45.920456,0.2706823,2.1522877,0.07367168,,Crenated
Data/images/Crenated_11.png,44,0.9043891,43.233875,44.38468,39.100246,148.36754,0.11206007,1325.0,0.86938083,1722.0,1370.0,0.7694541,0.42670876,41.07362,0.9671533,72.0,114.0,12061863.0,1.5914942,21.0,3.2329166,152.0,12.511879,94.04,94.0,58.0,94.0,8.5817175,95.41118,0.317033,12061863.0,0.38818485,259.77124,0.24629775,0.75069547,5.2844896,0.23694466,0.81497127,0.19015497,0.8830865,0.882463,-0.3854264,0.8323241,0.22876072,2.2166796,0.26641694,2.471831,0.7601076,2.7770784,598.67847,0.42642933,514.3449,0.54131377,0.29683837,5.636981,36.638237,179.26176,9.721135,0.29104903,4.629379,64.12353,0.25660378,21.451168,0.41869348,3.696092,0.083181895,6.8411765,36.638237,179.26176,9.721135,0.29104903,64.12353,0.41869348,3.696092,0.083181895,,Healthy
Data/images/Crenated_11.png,45,0.88924783,43.419872,44.72136,38.611027,147.29646,0.112354286,1312.0,0.8713928,1760.0,1369.0,0.74545455,0.45742565,40.87163,0.9583638,76.0,111.0,12710521.0,1.4015279,16.25,4.771303,180.0,10.817575,97.42606,101.0,61.0,119.0,7.498129,98.42712,-0.15519677,12710521.0,0.43562588,196.05856,0.1534225,0.8203582,6.6081824,0.14240755,0.60937643,0.13314259,0.93063205,0.9298977,-0.5295463,0.8719448,0.13276947,2.5015736,0.35822478,1.9830866,0.8518508,2.3212261,765.0503,0.34075466,571.54114,0.4557224,0.22926342,6.7477136,91.15349,711.66046,15.440901,0.29955685,4.9221616,35.31628,0.16387194,53.91511,0.40533975,3.3618288,0.11929425,6.5023255,91.15349,711.66046,15.440901,0.29955685,35.31628,0.40533975,3.3618288,0.11929425,,Healthy
Data/images/Crenated_11.png,48,0.86115324,51.05271,52.554733,43.964207,172.36754,0.09818714,1757.0,0.86168766,2250.0,1824.0,0.7808889,0.5083454,47.2978,0.96326756,78.0,148.0,21924492.0,2.1224847,37.0,2.7644491,198.0,21.965725,108.38304,103.0,51.0,147.0,15.806798,111.70661,0.561794,21924492.0,0.26498738,731.4839,0.27096775,0.8903163,9.285044,0.27096775,0.84284985,0.19754423,0.86451614,0.86451614,-0.50648767,0.94031304,0.27096775,2.860997,0.15812524,3.178461,0.8940479,3.38806,768.4832,0.38504797,465.58282,1.2244781,0.21101879,9.368241,19.554474,166.01945,4.1083117,0.1943596,4.952668,89.71984,0.2925441,7.8697824,0.3393026,4.068782,0.05106232,10.379377,19.554474,166.01945,4.1083117,0.1943596,89.71984,0.3393026,4.068782,0.05106232,,Crenated
Data/images/Crenated_11.png,53,0.8836015,52.27173,55.542778,46.187378,184.50967,0.09819567,1880.0,0.83281624,2397.0,1977.0,0.78431374,0.46823967,48.925354,0.9509358,68.0,134.0,19786240.0,2.0716202,35.25,2.9405274,194.0,20.240143,99.41862,97.0,45.0,149.0,14.362529,102.58945,0.4484197,19786240.0,0.26899558,640.5338,0.32475355,0.8532293,13.004929,0.3214677,0.91904926,0.22141208,0.8398138,0.8395947,-0.44037917,0.9161638,0.31859255,3.4728916,0.14331837,3.2379699,0.8544871,3.3980618,783.3021,0.41805795,505.7117,1.0933952,0.11040555,13.239362,14.554859,170.88402,1.7057651,0.10007245,4.636561,132.7649,0.3393617,5.871768,0.39407945,6.2348847,0.03544792,14.641066,14.554859,170.88402,1.7057651,0.10007245,132.7649,0.39407945,6.2348847,0.03544792,,Crenated
Data/images/Crenated_11.png,55,0.9207205,60.575264,63.82006,55.77289,206.81119,0.078800224,2625.0,0.87812066,2912.0,2683.0,0.9014423,0.3902226,57.81223,0.9783824,75.0,134.0,29592076.0,1.9452943,35.0,2.1992996,166.0,18.603907,103.8419,103.0,61.0,105.0,14.394527,106.17519,0.18493426,29592076.0,0.28770497,490.031,0.230919,0.87099755,7.9228973,0.230919,0.7796099,0.17759542,0.8845405,0.8845405,-0.50951904,0.9284302,0.230919,2.6727026,0.18196632,2.8965669,0.873052,3.1204495,1234.8453,0.33150113,755.2255,0.898192,0.23511502,8.088762,27.29077,209.30307,6.2395654,0.22527479,5.0869346,93.652306,0.24761905,10.981598,0.25860503,2.5968359,0.052448142,8.724615,27.29077,209.30307,6.2395654,0.22527479,93.652306,0.25860503,2.5968359,0.052448142,,Crenated
Data/images/Crenated_11.png,58,0.9089769,47.5798,51.0,43.24894,165.63962,0.1036219,1599.0,0.8556518,1980.0,1670.0,0.80757576,0.41684642,45.12106,0.957485,71.0,144.0,19468548.0,2.2306864,36.0,3.2881758,201.0,22.130886,106.672295,106.0,39.0,162.0,15.311352,110.34243,0.47303057,19468548.0,0.25438234,796.47296,0.3703226,0.86602354,15.543871,0.35612902,0.9832187,0.24349469,0.82430106,0.82335484,-0.44229233,0.9290607,0.34370968,3.787742,0.12981208,3.502345,0.8672205,3.6133378,628.87366,0.46729565,406.75735,1.34901,0.09898336,15.731082,12.720339,181.61694,1.2578923,0.09337499,4.7495666,140.0305,0.36898062,5.3753204,0.4614968,8.979894,0.03862582,17.562712,12.720339,181.61694,1.2578923,0.09337499,140.0305,0.4614968,8.979894,0.03862582,,Crenated
Data/images/Crenated_11.png,124,0.9043884,36.621258,40.60788,33.11984,116.62742,0.12506962,933.0,0.92817247,990.0,941.0,0.94242424,0.42671022,34.466396,0.9914984,78.0,162.0,14277836.0,2.3724232,47.0,2.2716432,193.0,26.228306,119.66988,119.0,45.0,148.0,19.810194,123.70589,0.039613444,14277836.0,0.21262187,982.2662,0.31118494,0.9038216,20.215946,0.31118494,0.89453655,0.21434887,0.84440756,0.84440756,-0.51030385,0.9544907,0.31118494,4.330565,0.11258338,3.5318491,0.9065596,3.7212765,388.7642,0.4194355,198.3762,1.6232117,0.076259665,20.271168,14.92283,289.84244,1.1507176,0.07831782,4.9275074,62.38907,0.33333334,5.9228296,0.39132795,7.8988876,0.033604506,20.617363,14.92283,289.84244,1.1507176,0.07831782,62.38907,0.39132795,7.8988876,0.033604506,,Crenated
Data/images/Crenated_12.png,3,0.9363133,45.46718,47.92703,42.57152,152.71068,0.10076587,1516.0,0.9036776,1892.0,1557.0,0.8012685,0.35116592,43.934395,0.9736673,79.0,114.0,15251882.0,1.4742056,12.0,4.058933,145.0,10.053788,99.278366,101.0,66.0,79.0,6.3002257,100.30258,0.48379815,15251882.0,0.41225782,204.4146,0.16111489,0.8157443,7.038749,0.16111489,0.63697004,0.13515688,0.91944253,0.91944253,-0.5099996,0.8782001,0.16111489,2.5849762,0.31198895,2.1547499,0.87886393,2.5222392,808.215,0.31409904,624.98285,0.4543532,0.20001467,7.1609497,67.17731,527.88654,10.815258,0.2622882,4.920453,38.056736,0.18601583,38.27715,0.29869816,1.9654077,0.09831711,6.539007,67.17731,527.88654,10.815258,0.2622882,38.056736,0.29869816,1.9654077,0.09831711,,Healthy
Data/images/Crenated_12.png,4,0.9267879,47.889732,49.979996,44.383625,160.46803,0.09634826,1666.0,0.9015477,2068.0,1713.0,0.8056093,0.37558517,46.05667,0.97256273,78.0,113.0,16626302.0,1.4557548,16.0,3.5125809,148.0,10.277624,98.92437,101.0,68.0,80.0,6.9125624,99.89881,0.1279329,16626302.0,0.41984454,193.74217,0.20284477,0.7618796,6.87013,0.20037106,0.7310393,0.16269621,0.9002268,0.90006185,-0.4177325,0.83282954,0.19820656,2.5584416,0.3050225,2.2402294,0.771586,2.576054,816.9532,0.40547985,699.461,0.44669825,0.2044276,7.0960383,54.975742,437.61185,8.408787,0.2573188,4.6369114,69.41509,0.22268908,34.81056,0.42430556,3.4384751,0.114725836,6.989218,54.975742,437.61185,8.408787,0.2573188,69.41509,0.42430556,3.4384751,0.114725836,,Healthy
Data/images/Crenated_12.png,5,0.92360795,49.77422,50.990196,45.971863,167.68124,0.093493864,1794.0,0.8953053,2303.0,1848.0,0.77898395,0.38333842,47.793217,0.97077924,74.0,117.0,18112382.0,1.5491207,17.0,2.9611433,142.0,11.977602,99.24526,101.5,62.0,80.0,8.264429,100.479294,-0.21762142,18112382.0,0.39824933,246.46605,0.22891566,0.78468347,6.721744,0.22891566,0.77611625,0.17651328,0.88554215,0.88554215,-0.4316255,0.8557905,0.22891566,2.5109007,0.27843016,2.394895,0.81417716,2.7249665,820.9164,0.41053233,714.4593,0.5438418,0.24365942,6.90301,40.213333,324.72,6.824167,0.3232716,4.4768043,93.39111,0.25083613,24.319822,0.41068947,2.4413724,0.13416067,5.848889,40.213333,324.72,6.824167,0.3232716,93.39111,0.41068947,2.4413724,0.13416067,,Healthy
Data/images/Crenated_12.png,6,0.9591283,47.81356,49.40648,45.85934,162.2254,0.09445438,1718.0,0.9055959,2068.0,1760.0,0.83075434,0.28297144,46.76992,0.9761364,77.0,115.0,17173972.0,1.4726475,14.0,3.2820966,144.0,10.779425,98.94354,101.0,64.0,80.0,6.9670963,99.98245,-0.13329305,17173972.0,0.42072704,206.66678,0.20958084,0.77286696,6.854491,0.20958084,0.74068075,0.16565672,0.8952096,0.8952096,-0.42623457,0.8416589,0.20958084,2.5491018,0.30269605,2.275049,0.78438765,2.605529,820.0908,0.3813677,722.8091,0.47392228,0.21818006,7.054133,49.8794,406.85678,7.636202,0.2895903,4.629334,75.0402,0.23166473,31.24651,0.37960726,2.5188985,0.12395076,6.326633,49.8794,406.85678,7.636202,0.2895903,75.0402,0.37960726,2.5188985,0.12395076,,Healthy
Data/images/Crenated_12.png,7,0.9519307,47.18518,48.9183,44.917023,161.39697,0.09731503,1659.0,0.89447314,1978.0,1704.0,0.838726,0.30631343,45.959812,0.97359157,63.0,132.0,18568316.0,1.9313717,46.0,1.8444724,151.0,22.959976,102.499695,112.0,52.0,99.0,18.541763,105.794495,-0.36609977,18568316.0,0.27976468,686.28735,0.17752948,0.92233264,8.023588,0.17752948,0.67464256,0.14601277,0.9112353,0.9112353,-0.60480976,0.9495124,0.17752948,2.639975,0.20864972,2.674127,0.9330619,2.9490335,849.0084,0.31285614,464.1296,1.1520967,0.32690075,7.954792,61.65569,530.47003,17.451904,0.3520775,4.9103723,51.83832,0.2013261,36.983944,0.2781645,1.6397839,0.08764637,6.715569,61.65569,530.47003,17.451904,0.3520775,51.83832,0.2781645,1.6397839,0.08764637,,Healthy
Data/images/Crenated_12.png,8,0.91173774,50.12493,51.86521,45.70079,165.39697,0.092117496,1796.0,0.9081761,2156.0,1851.0,0.83302414,0.41077277,47.81985,0.9702863,72.0,121.0,18407708.0,1.6643606,22.0,2.6866767,140.0,13.980882,99.65367,102.0,53.0,87.0,9.628952,101.23873,-0.40911943,18407708.0,0.3656176,318.42572,0.24341352,0.8073187,6.8562427,0.24112256,0.80548334,0.18527342,0.8798205,0.8796678,-0.42985687,0.8702256,0.23911798,2.5191867,0.24684355,2.585935,0.81318724,2.8838096,805.039,0.41542825,656.64923,0.6436361,0.2605636,7.01392,34.149254,262.81238,6.6948886,0.30404526,4.6407685,88.266525,0.26113585,19.484764,0.4018546,2.603871,0.11086018,6.5479746,34.149254,262.81238,6.6948886,0.30404526,88.266525,0.4018546,2.603871,0.11086018,,Healthy
Data/images/Crenated_12.png,10,0.939224,48.18697,50.24938,45.258354,161.63962,0.09471996,1707.0,0.90596265,2115.0,1752.0,0.8070922,0.34330496,46.619953,0.97431505,75.0,118.0,16780444.0,1.6101519,20.0,2.923794,146.0,12.675413,97.82367,99.0,58.0,88.0,8.756726,99.14823,0.036530633,16780444.0,0.37099487,260.90213,0.22228916,0.7946536,6.206024,0.22228916,0.76432544,0.17287669,0.8888554,0.8888554,-0.43983302,0.8685102,0.22228916,2.4033132,0.24488732,2.489561,0.81142116,2.8355253,793.7252,0.3904389,633.2882,0.5518419,0.2570543,6.4112477,39.271633,266.12018,8.130742,0.29927886,4.6807494,73.0,0.2437024,22.434027,0.37423822,2.4976134,0.10631599,6.206731,39.271633,266.12018,8.130742,0.29927886,73.0,0.37423822,2.4976134,0.10631599,,Healthy
Data/images/Crenated_12.png,11,0.8302614,52.0619,53.009434,43.224987,167.05382,0.094836116,1762.0,0.8906146,2150.0,1808.0,0.8195349,0.5573742,47.36505,0.9745575,82.0,114.0,18266560.0,1.2305379,13.0,3.3516293,136.0,9.525142,101.05164,103.0,63.0,73.0,6.3266025,101.8182,-0.52999115,18266560.0,0.49665597,155.51096,0.1536215,0.7746389,7.254673,0.1536215,0.61882937,0.13002193,0.9231892,0.9231892,-0.45846674,0.8209646,0.1536215,2.6439836,0.398408,1.8842791,0.7871195,2.1885152,961.2724,0.3051055,875.10785,0.3431453,0.18522197,7.2837687,77.66773,646.40894,10.427405,0.2722089,4.8510814,38.571884,0.17763905,45.977665,0.2892145,1.6243948,0.09741263,6.025559,77.66773,646.40894,10.427405,0.2722089,38.571884,0.2892145,1.6243948,0.09741263,,Crenated
Data/images/Crenated_12.png,14,0.9607379,44.461815,46.518814,42.716152,153.29646,0.102987215,1489.0,0.8921692,1848.0,1536.0,0.80573595,0.27745757,43.5414,0.96940106,75.0,114.0,15022021.0,1.5909303,16.0,3.4436018,149.0,12.221544,99.09268,102.0,60.0,89.0,7.784646,100.442345,0.01754059,15022021.0,0.39259157,269.30505,0.20512821,0.8167023,7.042273,0.2009702,0.7363683,0.16473918,0.9002079,0.8999307,-0.4741942,0.87888247,0.19733195,2.5661817,0.29354775,2.3815937,0.82159436,2.697327,725.58295,0.38959804,584.56885,0.57532537,0.23510373,7.2330422,53.006004,433.13513,8.657324,0.3031782,4.695108,59.40841,0.22364002,33.011948,0.3961267,2.6149812,0.11568114,6.4324327,53.006004,433.13513,8.657324,0.3031782,59.40841,0.3961267,2.6149812,0.11568114,,Healthy
Data/images/Crenated_12.png,16,0.8626587,53.746113,54.781384,46.364548,171.88225,0.088076994,1952.0,0.9110835,2340.0,1992.0,0.83418804,0.50578654,49.85342,0.9799197,81.0,120.0,20657972.0,1.5213846,15.0,3.3975227,151.0,11.232778,101.75256,102.0,63.0,88.0,6.989338,102.8736,0.14240362,20657972.0,0.40725517,229.39317,0.22894737,0.7543921,7.181579,0.22894737,0.7761718,0.17653047,0.8855263,0.8855263,-0.3913205,0.8291228,0.22894737,2.613421,0.27669516,2.3904338,0.754876,2.7125406,897.5379,0.3903678,794.9621,0.48761228,0.19775486,7.4564548,35.178646,274.17044,5.6687846,0.22491045,4.71395,84.31417,0.2494877,19.11287,0.3674714,3.1265059,0.08176596,7.6673512,35.178646,274.17044,5.6687846,0.22491045,84.31417,0.3674714,3.1265059,0.08176596,,Crenated
Data/images/Crenated_12.png,17,0.9485572,49.51835,52.0,46.97099,169.88225,0.09316274,1824.0,0.8910659,2256.0,1883.0,0.80851066,0.31660584,48.19117,0.96866703,75.0,112.0,17885684.0,1.4670933,15.0,3.3570118,145.0,10.926169,97.97149,101.0,60.0,85.0,7.0723734,99.02398,-0.36651036,17885684.0,0.43079603,207.33472,0.19988738,0.79909676,6.8361487,0.196509,0.7254427,0.1612716,0.9023086,0.90208334,-0.44673264,0.8499666,0.19355293,2.5374436,0.3275147,2.228255,0.8096177,2.5400777,914.8596,0.41204506,785.7719,0.51015216,0.23507553,7.0372806,71.50254,584.30963,11.247215,0.30220672,4.5020757,89.807106,0.21600877,50.07081,0.46562988,3.3155293,0.123597145,6.3426394,71.50254,584.30963,11.247215,0.30220672,89.807106,0.46562988,3.3155293,0.123597145,,Healthy
Data/images/Crenated_12.png,20,0.8978727,49.22526,50.24938,44.19802,159.63962,0.09360282,1706.0,0.9170439,2064.0,1748.0,0.82655036,0.44025514,46.606293,0.97597253,72.0,119.5,17082070.0,1.640593,22.0,2.8281918,151.0,13.666122,98.49355,100.0,55.0,96.0,9.290927,100.06466,-0.20523566,17082070.0,0.36548615,311.95688,0.26176116,0.77485543,6.411339,0.24849217,0.8419749,0.2000128,0.8779654,0.8770808,-0.39586273,0.8492764,0.23688179,2.441496,0.24029289,2.588406,0.78158104,2.8679695,760.3388,0.43101582,623.51935,0.5979479,0.2634727,6.661782,36.405346,268.57684,6.821946,0.29959726,4.607448,87.73497,0.26318875,21.96873,0.4233716,3.1593237,0.09849681,6.55902,36.405346,268.57684,6.821946,0.29959726,87.73497,0.4233716,3.1593237,0.09849681,,Healthy
Data/images/Crenated_12.png,22,0.87355214,46.498604,48.08326,40.618954,150.2254,0.10153795,1480.0,0.90765136,1840.0,1519.0,0.8043478,0.48673064,43.409615,0.97432524,76.0,108.0,13841888.0,1.4004941,11.0,3.6216168,137.0,8.970453,95.97298,99.0,65.0,72.0,5.7125154,96.708984,-0.49575236,13841888.0,0.41855642,141.81549,0.23656665,0.7134914,5.9588275,0.23656665,0.78928393,0.18060286,0.88171667,0.88171667,-0.34910607,0.7857153,0.23656665,2.379972,0.2728695,2.2713718,0.7190513,2.613524,666.6595,0.39547846,619.4635,0.4228561,0.24688439,6.131081,26.875648,179.08809,5.3960133,0.29810736,4.5253243,63.595856,0.26081082,12.174582,0.36259702,2.3079758,0.10815474,5.816062,26.875648,179.08809,5.3960133,0.29810736,63.595856,0.36259702,2.3079758,0.10815474,,Crenated
Data/images/Crenated_12.png,23,0.9163551,48.12152,50.01,44.096397,164.02438,0.09866129,1663.0,0.8812058,2156.0,1724.0,0.7713358,0.4003666,46.015186,0.9646172,76.0,122.0,16899720.0,1.6644502,23.0,2.7850816,147.0,14.104551,99.25977,100.0,57.0,90.0,9.979631,100.80768,0.1575482,16899720.0,0.35708565,309.68597,0.25356477,0.77814275,6.6081834,0.25108492,0.82230794,0.19052114,0.87487084,0.8747055,-0.40465373,0.85656035,0.24891506,2.482641,0.2295763,2.6081896,0.7881865,2.9420872,726.79553,0.45124024,593.83344,0.5962245,0.23966059,6.904991,31.719646,224.33775,6.015759,0.27946407,4.6213055,95.63135,0.27239928,18.242805,0.44936064,3.438875,0.116582304,7.0419426,31.719646,224.33775,6.015759,0.27946407,95.63135,0.44936064,3.438875,0.116582304,,Healthy
Data/images/Crenated_12.png,24,0.96157104,48.606632,49.92995,46.73873,167.63962,0.09420602,1780.0,0.89202553,2205.0,1838.0,0.8072562,0.27455637,47.60637,0.968444,74.9,114.0,17918028.0,1.3913127,19.0,2.762912,137.0,12.129847,99.180336,103.0,57.0,80.0,8.415501,100.33099,-0.6673639,17918028.0,0.45412764,229.56917,0.19468515,0.7996337,6.874639,0.19468515,0.7111702,0.15678285,0.90265745,0.90265745,-0.44781658,0.841927,0.19468515,2.5467937,0.35206723,2.1383946,0.81155,2.4381762,883.0326,0.38605478,808.34717,0.48709884,0.23688748,6.975281,65.22798,540.2487,9.854257,0.33178613,4.471713,78.34197,0.21685393,43.96298,0.41280007,2.3403666,0.1272213,5.5906734,65.22798,540.2487,9.854257,0.33178613,78.34197,0.41280007,2.3403666,0.1272213,,Healthy
Data/images/Crenated_12.png,25,0.9695196,47.116047,49.658836,45.67993,159.63962,0.09465735,1687.0,0.9119215,2025.0,1729.0,0.83308643,0.24501373,46.346035,0.9757085,71.0,113.0,16335792.0,1.6593959,18.0,3.4411302,152.0,12.729976,96.95199,100.0,53.0,99.0,8.514905,98.40395,-0.077343464,16335792.0,0.35958052,283.65094,0.21023767,0.8211777,6.3193173,0.20292504,0.7467797,0.16905908,0.89975625,0.89926875,-0.47314733,0.8862916,0.19652651,2.415905,0.2524822,2.4840016,0.82259846,2.8025975,827.02844,0.3853675,606.6123,0.6121177,0.27236992,6.54179,56.44236,431.61395,10.509016,0.3044437,4.7362247,61.949062,0.22110255,35.986748,0.38373473,3.10603,0.08288602,6.5013404,56.44236,431.61395,10.509016,0.3044437,61.949062,0.38373473,3.10603,0.08288602,,Healthy
Data/images/Crenated_12.png,27,0.9221171,47.882465,49.57822,44.15324,160.46803,0.09698884,1655.0,0.8985656,2070.0,1709.0,0.7995169,0.38691086,45.904373,0.96840256,68.0,117.0,15939601.0,1.7266499,27.0,2.4953167,145.0,15.61004,96.26284,100.0,48.0,97.0,11.289766,98.13857,-0.31730688,15939601.0,0.3407771,364.6445,0.2238806,0.8428377,12.03296,0.22014925,0.7725189,0.1754149,0.8905473,0.8902985,-0.48194918,0.8996144,0.21688433,3.381219,0.23430519,2.6097562,0.84859014,2.9084654,774.76074,0.40552896,563.9861,0.71785617,0.111928836,12.179456,43.96734,609.6256,3.8570938,0.1256463,4.6353745,72.39699,0.24048339,26.67595,0.40091136,4.795027,0.04385167,11.133165,43.96734,609.6256,3.8570938,0.1256463,72.39699,0.40091136,4.795027,0.04385167,,Crenated
Data/images/Crenated_12.png,30,0.8826617,46.40838,48.373547,40.9629,151.88225,0.101968616,1490.0,0.90077883,1890.0,1539.0,0.78835976,0.47000882,43.55602,0.96816117,79.0,117.0,15480102.0,1.3828033,19.0,2.9911473,154.0,11.785433,100.87248,104.0,60.0,94.0,8.471538,101.92806,-0.30115587,15480102.0,0.45547047,214.07233,0.16285516,0.81180745,7.0921693,0.16285516,0.6410965,0.13633336,0.9185724,0.9185724,-0.4960384,0.8644738,0.16285516,2.596327,0.35355115,2.0853896,0.8727104,2.3971698,793.05505,0.342626,678.651,0.4295284,0.20528542,7.1825504,75.297874,618.3546,10.709249,0.28715426,4.5698605,44.35461,0.18926175,47.380512,0.36003157,2.3061144,0.09785166,6.06383,75.297874,618.3546,10.709249,0.28715426,44.35461,0.36003157,2.3061144,0.09785166,,Healthy
Data/images/Crenated_12.png,31,0.85235,52.56954,54.56189,44.807648,164.95332,0.08938137,1846.0,0.92321086,2254.0,1889.0,0.81898844,0.5229718,48.480927,0.9772366,78.5,113.0,18028700.0,1.5242538,13.0,4.4032354,150.0,10.548143,97.70639,98.0,56.0,94.0,6.166123,98.8249,0.43568236,18028700.0,0.40242615,219.82062,0.19275767,0.7896911,6.1192203,0.19052924,0.71010447,0.15645626,0.9051068,0.9049582,-0.4492492,0.8573504,0.18857938,2.399443,0.29162872,2.2924109,0.7912363,2.6581395,924.27954,0.3633425,742.87866,0.49118647,0.23529011,6.3651137,46.16368,268.78262,10.228435,0.24567989,4.9780593,54.790283,0.21180932,23.873693,0.34413078,2.9699435,0.07914561,7.207161,46.16368,268.78262,10.228435,0.24567989,54.790283,0.34413078,2.9699435,0.07914561,,Crenated
Data/images/Crenated_12.png,32,0.9083807,51.348858,54.378304,46.644314,171.15433,0.09135539,1874.0,0.89648676,2209.0,1924.0,0.84834766,0.4181441,48.84722,0.9740125,72.0,124.0,20028154.0,1.7902085,28.0,3.109998,171.0,16.414791,101.26681,103.0,54.0,117.0,11.433513,103.3798,0.06321106,20028154.0,0.3419705,432.41547,0.21510673,0.8566321,7.1860976,0.21510673,0.75113136,0.16883582,0.89244664,0.89244664,-0.50165784,0.91370964,0.21510673,2.5580187,0.22933547,2.6895874,0.8597036,2.9602726,892.82605,0.3451261,640.8527,0.7440209,0.25387645,7.329242,41.73182,318.00226,9.288995,0.25807828,4.941478,67.0,0.23479189,23.591963,0.29689753,2.2474866,0.067751855,7.3863635,41.73182,318.00226,9.288995,0.25807828,67.0,0.29689753,2.2474866,0.067751855,,Crenated
Data/images/Crenated_12.png,37,0.90630674,46.766796,48.754486,42.385063,154.46803,0.099432275,1554.0,0.90452784,1980.0,1600.0,0.7848485,0.42262056,44.481617,0.97125,77.0,121.0,15384552.0,1.6067581,18.0,3.0940728,146.0,12.776496,98.10554,97.0,58.0,88.0,8.428374,99.49859,0.2893713,15384552.0,0.37984675,275.2733,0.2518224,0.76466835,6.0848246,0.24121936,0.82477725,0.19363563,0.8811575,0.8804506,-0.39275157,0.843094,0.23194169,2.3823724,0.25491363,2.5385675,0.7761522,2.8210065,699.98584,0.43635637,590.28186,0.5575432,0.24959782,6.3745174,32.044888,184.99751,7.2150526,0.2667983,4.5264773,77.53367,0.25804377,17.026846,0.4305261,3.7036633,0.086275786,7.1546135,32.044888,184.99751,7.2150526,0.2667983,77.53367,0.4305261,3.7036633,0.086275786,,Healthy
Data/images/Crenated_12.png,39,0.94577247,46.98639,48.703182,44.438435,158.46803,0.096863106,1637.0,0.9048048,2024.0,1683.0,0.80879444,0.32482985,45.65406,0.9726679,76.0,123.0,16914272.0,1.7103359,24.0,2.905502,156.0,14.655905,99.96885,100.0,52.0,104.0,10.256309,101.64881,0.08629694,16914272.0,0.35140306,338.7107,0.24387178,0.7951783,6.627907,0.23507228,0.810601,0.1886128,0.88393044,0.8833438,-0.4278977,0.87176466,0.22737272,2.4808297,0.23594122,2.6214213,0.80364513,2.945151,748.4698,0.4491238,575.24677,0.6322008,0.24192221,6.9541845,43.21792,265.01694,9.811842,0.253747,4.7594814,88.346245,0.2522908,27.507156,0.4627726,4.221898,0.107533365,7.9079905,43.21792,265.01694,9.811842,0.253747,88.346245,0.4627726,4.221898,0.107533365,,Healthy
Data/images/Crenated_12.png,40,0.80466807,50.661545,52.478565,40.765728,164.2254,0.1015932,1617.0,0.86786556,1974.0,1670.0,0.81914896,0.59372497,45.374313,0.96826345,76.6,111.0,15391011.0,1.5390507,13.0,4.9617248,154.0,10.362028,96.40755,97.0,58.0,96.0,5.9806743,97.56152,0.7362569,15391011.0,0.4127034,223.83577,0.25701532,0.7260129,5.692602,0.24170919,0.8336392,0.19859198,0.8816964,0.88067603,-0.3639668,0.8125176,0.22831632,2.3134565,0.2854371,2.4258506,0.738252,2.767944,732.9975,0.46871272,667.3414,0.51340866,0.25454184,6.038961,39.560097,208.20433,9.509074,0.28292868,4.622229,93.96154,0.25726655,24.451178,0.483742,3.9047337,0.13646935,6.985577,39.560097,208.20433,9.509074,0.28292868,93.96154,0.483742,3.9047337,0.13646935,,Healthy
Data/images/Crenated_12.png,41,0.8990948,49.196445,51.0,44.232265,161.39697,0.09474433,1704.0,0.90652674,2064.0,1753.0,0.8255814,0.43775395,46.578968,0.9720479,79.0,121.0,17829410.0,1.5463189,22.0,3.0934122,157.0,13.144962,100.94249,102.0,51.0,106.0,9.404948,102.29012,-0.07524446,17829410.0,0.3986994,273.88284,0.21570997,0.78745645,6.9522657,0.21450152,0.75485337,0.16969907,0.89295065,0.89287007,-0.43052614,0.85809237,0.21344411,2.5598187,0.26861385,2.4297633,0.79009485,2.7500286,805.21594,0.3736844,679.3838,0.5058489,0.21373142,7.1038733,35.632755,271.17865,6.294349,0.23736076,4.7433095,59.823822,0.23650235,17.754335,0.33999205,2.5626779,0.079342395,7.114144,35.632755,271.17865,6.294349,0.23736076,59.823822,0.33999205,2.5626779,0.079342395,,Crenated
Data/images/Crenated_12.png,42,0.91875196,47.074696,48.010414,43.24997,158.71068,0.09953633,1595.0,0.8918895,1980.0,1641.0,0.8055556,0.39483514,45.064587,0.9719683,77.0,130.0,17605044.0,1.7580903,27.0,2.4491007,150.0,15.620413,103.2884,104.0,53.0,97.0,11.487655,105.060196,-0.06830114,17605044.0,0.33031082,369.15067,0.26258063,0.8073252,7.4941936,0.26258063,0.8306157,0.19363205,0.8687097,0.8687097,-0.4273423,0.8812217,0.26258063,2.6351614,0.20002976,2.7574449,0.8148438,3.032779,698.3179,0.39475793,526.84576,0.6873635,0.22126332,7.737304,23.329645,187.13052,4.1690903,0.25548118,4.6548867,87.0531,0.28338557,10.877491,0.36349347,2.7901733,0.08816434,7.471239,23.329645,187.13052,4.1690903,0.25548118,87.0531,0.36349347,2.7901733,0.08816434,,Crenated
Data/images/Crenated_12.png,45,0.7902333,53.677162,56.85068,42.417484,165.63962,0.09287334,1784.0,0.9038103,2162.0,1825.0,0.8251619,0.6128061,47.65983,0.97753423,77.0,124.0,18628620.0,1.6953751,24.25,2.8690603,157.0,14.460408,100.56838,100.0,50.0,107.0,10.329424,102.186356,-0.025936674,18628620.0,0.35598192,328.0514,0.25964305,0.7791603,6.7541738,0.253886,0.8355557,0.19518496,0.8740165,0.8736327,-0.4008115,0.8576332,0.24884859,2.5092113,0.2282378,2.653358,0.787277,2.913205,792.25226,0.3951404,635.0718,0.61841553,0.23348592,7.0661435,24.016563,158.73293,5.1519885,0.23170923,4.7842493,77.38095,0.2707399,10.374017,0.3531345,3.5233412,0.064093135,8.10766,24.016563,158.73293,5.1519885,0.23170923,77.38095,0.3531345,3.5233412,0.064093135,,Crenated
Data/images/Crenated_12.png,46,0.8067272,48.223976,49.24429,38.903595,159.53911,0.109161206,1462.0,0.84944874,1920.0,1522.0,0.76145834,0.5909241,43.14483,0.9605782,79.0,127.0,16051525.0,1.6775085,26.0,2.618678,146.0,15.054035,103.11697,103.5,53.0,93.0,10.795259,104.78146,-0.1027622,16051525.0,0.35490426,346.04718,0.24875975,0.7966786,7.428774,0.24875975,0.80930644,0.18687834,0.8756201,0.8756201,-0.42259055,0.8706955,0.24875975,2.6346562,0.21914104,2.6488729,0.7992922,2.9106941,661.2353,0.35557798,518.87006,0.61059844,0.2119528,7.632011,22.17413,179.04477,3.9221256,0.23324351,4.623835,66.7811,0.2749658,8.9477,0.29715672,2.3095343,0.066081405,7.457711,22.17413,179.04477,3.9221256,0.23324351,66.7811,0.29715672,2.3095343,0.066081405,,Crenated
Data/images/Crenated_12.png,47,0.892861,52.33555,53.160137,46.72837,170.81119,0.08917316,1916.0,0.9083008,2295.0,1964.0,0.8348584,0.45033237,49.391567,0.97556007,77.0,127.0,20802538.0,1.8005674,26.0,3.2776608,182.0,15.824253,102.23695,102.0,50.0,132.0,10.911418,104.19825,0.22886129,20802538.0,0.33249998,404.8802,0.2380697,0.8370361,7.441287,0.23699732,0.7945885,0.18190198,0.8816801,0.8816086,-0.4678331,0.90356743,0.23605898,2.6134048,0.20779262,2.7758844,0.8430235,3.0191228,884.2328,0.34898078,637.06995,0.71895033,0.22857124,7.558977,25.642277,189.01016,5.3274183,0.23697662,4.909222,73.060974,0.25678498,10.476634,0.2853448,2.2525573,0.06548011,7.695122,25.642277,189.01016,5.3274183,0.23697662,73.060974,0.2853448,2.2525573,0.06548011,,Crenated
Data/images/Crenated_12.png,55,0.9533806,47.88948,50.695168,45.656902,167.98276,0.09849472,1706.0,0.8714974,2162.0,1777.0,0.7890842,0.3017706,46.606293,0.96004504,73.0,133.0,18125636.0,1.9319023,33.0,2.4216142,161.0,18.457045,100.63248,98.0,49.0,112.0,14.015803,103.0759,0.30054685,18125636.0,0.29644218,497.74594,0.28769603,0.8402191,13.387214,0.28769603,0.8657264,0.20492703,0.856152,0.856152,-0.4441064,0.9061326,0.28769603,3.5539806,0.16686778,3.0143387,0.8560461,3.2047374,744.3165,0.3796902,505.73038,0.8873323,0.09945242,13.580305,16.986666,235.10857,1.5949805,0.10192645,4.6913533,95.27809,0.3077374,6.427262,0.33321166,4.643152,0.032829903,13.539047,16.986666,235.10857,1.5949805,0.10192645,95.27809,0.33321166,4.643152,0.032829903,,Crenated
Data/images/Crenated_12.png,60,0.9620962,50.23586,52.801514,48.33173,179.4386,0.094565794,1898.0,0.8605576,2350.0,1972.0,0.80765957,0.27271014,49.159016,0.96247464,77.0,126.0,20331420.0,1.8069968,25.0,3.504177,173.0,15.570044,101.53108,102.0,43.0,130.0,10.576066,103.4989,0.09221667,20331420.0,0.34000018,403.46188,0.2462039,0.8300981,13.3964205,0.2462039,0.8052058,0.18558754,0.87689805,0.87689805,-0.45569772,0.8983033,0.2462039,3.5770066,0.21418354,2.7870095,0.83616835,3.0268471,862.452,0.3572892,645.3203,0.72497034,0.09715768,13.636459,26.141733,355.7244,2.3132017,0.10389982,4.893308,85.92913,0.26765016,12.182389,0.30434653,4.4716554,0.032858204,13.966536,26.141733,355.7244,2.3132017,0.10389982,85.92913,0.30434653,4.4716554,0.032858204,,Crenated
Data/images/Crenated_12.png,62,0.7982446,51.313675,52.773098,40.960865,159.39697,0.09704534,1643.0,0.901317,2021.0,1682.0,0.8129639,0.6023334,45.737648,0.9768133,68.0,133.0,17149544.0,2.0893576,38.0,2.7612426,193.0,20.802017,98.99391,97.0,44.0,149.0,15.361069,102.16626,0.39258546,17149544.0,0.26572645,638.1497,0.286875,0.8697798,12.9275,0.284375,0.8712526,0.20600586,0.85822916,0.8580625,-0.4775654,0.9295902,0.2821875,3.4596875,0.15176544,3.181716,0.87147945,3.3617313,712.55084,0.38895714,436.58856,1.0978988,0.11447957,13.184419,19.223791,243.375,2.1522717,0.1086455,4.862366,90.145164,0.3018868,8.251134,0.3452342,5.7591043,0.031375382,14.383064,19.223791,243.375,2.1522717,0.1086455,90.145164,0.3452342,5.7591043,0.031375382,,Crenated
Data/images/Crenated_12.png,64,0.895912,55.628853,58.66856,49.83856,193.09546,0.089624256,2155.0,0.85213053,2650.0,2247.0,0.81320757,0.44423154,52.38159,0.9590565,65.0,138.0,23290176.0,-3.2034265e-16,41.0,3.5273209,236.0,22.819927,100.03016,98.0,45.0,191.0,16.760593,103.95916,0.640035,23290176.0,1.0,801.4733,0.0,1.0,4.0,0.0,-3.2034265e-16,0.0,1.0,1.0,0.0,0.0,0.0,2.0,1.0,-3.2034265e-16,1.0,0.28154275,1960.4701,0.047786996,2155.0,0.0,0.25,4.0,1945.3269,7781.3076,486.33173,0.25,3.9156582,4.9615383,0.02412993,227.86206,0.039522182,0.15808873,0.009880546,4.0,1945.3269,7781.3076,486.33173,0.25,4.9615383,0.039522182,0.15808873,0.009880546,,Crenated
Data/images/Crenated_12.png,66,0.9942257,46.6232,49.20366,46.35398,167.88225,0.099603824,1686.0,0.8668911,2162.0,1767.0,0.7798335,0.10730925,46.3323,0.9541596,67.0,135.0,18044180.0,2.1224997,34.0,3.6844068,215.0,21.012173,99.95433,98.0,49.0,166.0,14.806213,103.45222,0.73693895,18044180.0,0.26447305,711.49316,0.28309944,0.8860926,13.336181,0.27699816,0.8712433,0.20637147,0.8625178,0.86211103,-0.49499813,0.9372049,0.27165955,3.4978645,0.1541977,3.2025228,0.88972443,3.3973093,728.76276,0.39995974,445.90155,1.226196,0.110232145,13.538553,21.67742,265.22983,2.57046,0.099521875,4.934613,91.53629,0.29418743,10.122903,0.36353847,6.239376,0.032216117,15.243952,21.67742,265.22983,2.57046,0.099521875,91.53629,0.36353847,6.239376,0.032216117,,Crenated
Data/images/Crenated_12.png,67,0.9356211,47.17471,49.648766,44.13765,162.95332,0.100371614,1624.0,0.8765322,2115.0,1697.0,0.7678487,0.35300595,45.47242,0.9569829,62.0,152.0,19170964.0,-3.2034265e-16,47.0,3.986886,255.0,27.791536,102.91318,97.0,42.0,213.0,20.067236,108.6498,0.85459244,19170964.0,1.0,1213.6581,0.0,1.0,4.0,0.0,-3.2034265e-16,0.0,1.0,1.0,0.0,0.0,0.0,2.0,1.0,-3.2034265e-16,1.0,0.3163886,1452.0874,0.054672524,1624.0,0.0,0.25,4.0,1383.5652,5534.2607,345.8913,0.25,4.360306,2.9130435,0.028325124,137.16824,0.028129756,0.112519026,0.007032439,4.0,1383.5652,5534.2607,345.8913,0.25,2.9130435,0.028129756,0.112519026,0.007032439,,Crenated
Data/images/Crenated_12.png,70,0.96737736,47.15533,49.24429,45.617,168.50967,0.10027353,1681.0,0.8623814,2115.0,1747.0,0.79479903,0.25333983,46.263546,0.96222097,75.0,129.0,17612008.0,1.8171444,27.0,2.9399507,165.0,16.266813,100.32957,99.0,53.0,112.0,11.625387,102.35771,0.44750807,17612008.0,0.3293028,411.07996,0.21997549,0.8538596,6.9987745,0.21997549,0.7601228,0.17158628,0.89001226,0.89001226,-0.49688086,0.9141314,0.21997549,2.5211396,0.21719317,2.73118,0.8694754,2.9967568,790.3849,0.34734854,553.558,0.74995375,0.24559422,7.154075,30.914215,213.4804,6.6317563,0.25492102,4.945655,59.240196,0.24271268,13.939008,0.29120156,2.5570116,0.057252474,7.651961,30.914215,213.4804,6.6317563,0.25492102,59.240196,0.29120156,2.5570116,0.057252474,,Crenated
Data/images/Crenated_12.png,71,0.9023656,51.582615,54.56189,46.546375,168.71068,0.08985922,1878.0,0.9104421,2254.0,1925.0,0.83318543,0.43097135,48.899323,0.9755844,74.0,132.0,20947040.0,1.9423891,33.0,2.527361,174.0,18.108543,103.294464,103.0,47.0,127.0,13.548104,105.61207,0.18089148,20947040.0,0.29175442,484.16302,0.28548035,0.8394687,14.079695,0.28548035,0.86281115,0.20398133,0.8572598,0.8572598,-0.44591063,0.9078152,0.28548035,3.6514738,0.16344008,3.0286448,0.8407853,3.180023,848.5506,0.3463329,547.9148,0.88044435,0.09468539,14.250799,16.425308,226.30756,1.5374376,0.0935247,4.6628046,105.04218,0.30298188,5.5318274,0.28866968,4.308928,0.025001962,14.588752,16.425308,226.30756,1.5374376,0.0935247,105.04218,0.28866968,4.308928,0.025001962,,Crenated
Data/images/Crenated_12.png,73,0.77942884,53.501423,54.34151,41.700554,174.85281,0.10063472,1738.0,0.84507394,2226.0,1826.0,0.7807727,0.6264908,47.041367,0.9518072,67.0,147.0,20532010.0,2.411332,41.75,3.4403772,215.0,25.401758,103.75374,99.0,38.0,177.0,17.47742,108.690315,0.72177625,20532010.0,0.2235318,1048.746,0.40819964,0.8884024,15.001782,0.40106952,0.9988379,0.24734288,0.8006536,0.80017823,-0.4499469,0.94167066,0.39483067,3.6574569,0.102740206,3.7517447,0.8989482,3.794083,710.87,0.4359097,388.49826,1.7948163,0.123391256,15.198504,8.610497,119.78591,1.0731498,0.11346351,4.6560893,182.43094,0.41657078,2.847845,0.45712984,8.201667,0.042271588,16.417128,8.610497,119.78591,1.0731498,0.11346351,182.43094,0.45712984,8.201667,0.042271588,,Crenated
Data/images/Crenated_12.png,74,0.8003026,51.795097,55.072678,41.45175,168.1249,0.100643456,1671.0,0.8617795,2107.0,1736.0,0.79307073,0.5995963,46.125732,0.9625576,70.0,133.0,18016620.0,2.0482447,35.0,2.5724537,171.0,19.920866,100.932976,99.0,47.0,124.0,14.603014,103.83611,0.27460465,18016620.0,0.2734345,594.4731,0.26600984,0.87185264,13.563424,0.26231527,0.8432962,0.19720055,0.86945814,0.8692118,-0.48958912,0.9301234,0.25908253,3.5578818,0.163744,3.090365,0.8725714,3.2847264,751.0263,0.35859656,456.90903,1.0421679,0.10497207,13.725314,19.942553,260.43192,2.0998747,0.10121276,4.9704933,77.6766,0.28126872,7.302259,0.299871,4.8675394,0.027181674,14.697872,19.942553,260.43192,2.0998747,0.10121276,77.6766,0.299871,4.8675394,0.027181674,,Crenated
Data/images/Crenated_13.png,2,0.9560559,45.178413,47.010635,43.19309,155.63962,0.101825066,1529.0,0.8904664,1935.0,1574.0,0.79018086,0.29318452,44.122368,0.9714104,72.0,128.0,16828916.0,1.8032856,32.0,2.003296,144.0,17.527185,102.8862,108.0,61.0,83.0,13.833738,104.9118,-0.32086363,16828916.0,0.3240336,420.91446,0.23180594,0.8549901,7.6502695,0.23180594,0.78114617,0.17807195,0.88409704,0.88409704,-0.502651,0.9146944,0.23180594,2.639488,0.22127764,2.698824,0.8726751,2.947897,701.4133,0.3689541,495.44736,0.7935056,0.2559725,7.7508173,37.946014,327.36505,6.3530955,0.3216224,4.524092,74.29563,0.25441465,22.496468,0.33778787,2.080392,0.09866036,6.5655527,37.946014,327.36505,6.3530955,0.3216224,74.29563,0.33778787,2.080392,0.09866036,,Healthy
Data/images/Crenated_13.png,3,0.9377914,47.811382,49.76947,44.837105,164.95332,0.09821573,1680.0,0.8807119,2116.0,1735.0,0.79395086,0.3471991,46.249783,0.9682997,70.0,123.0,17729170.0,1.6362116,30.0,2.1345992,141.0,16.81772,100.814285,107.0,58.0,83.0,12.95322,102.72817,-0.46941394,17729170.0,0.3866865,389.5572,0.19386503,0.86115545,7.1460123,0.19386503,0.70948714,0.15628138,0.90306747,0.90306747,-0.5255632,0.9051075,0.19386503,2.5582821,0.30146262,2.3993149,0.8847243,2.6633055,828.075,0.3637245,649.63336,0.69249433,0.27150297,7.207143,66.650276,562.306,10.75888,0.34640634,4.382495,71.196724,0.21785714,45.58067,0.36837298,2.2621934,0.09836553,5.9781423,66.650276,562.306,10.75888,0.34640634,71.196724,0.36837298,2.2621934,0.09836553,,Healthy
Data/images/Crenated_13.png,8,0.9175008,51.693977,53.235325,47.429264,172.36754,0.08970468,1922.0,0.90150815,2400.0,1979.0,0.80083334,0.39773393,49.46884,0.97119755,75.0,117.0,19858470.0,1.3756511,20.75,2.6864722,140.0,12.4908695,100.442245,104.0,60.0,80.0,8.9256525,101.647385,-0.58070487,19858470.0,0.46599752,243.54532,0.17672184,0.8145378,6.9871864,0.17672184,0.6728529,0.14549123,0.9116391,0.9116391,-0.4705758,0.85038733,0.17672184,2.5688734,0.36762118,2.0870764,0.8267665,2.3941314,1000.15295,0.354568,895.6472,0.47812122,0.22913414,7.121748,78.310524,645.3842,11.974215,0.31142178,4.674776,70.24737,0.19771072,52.728226,0.38224855,2.4479373,0.108809166,6.05,78.310524,645.3842,11.974215,0.31142178,70.24737,0.38224855,2.4479373,0.108809166,,Healthy
Data/images/Crenated_13.png,9,0.91087675,47.43188,48.703182,43.204597,160.1249,0.099735215,1606.0,0.8870564,1978.0,1656.0,0.81193125,0.41267845,45.219715,0.9698068,61.0,151.0,20242672.0,2.2195446,68.0,1.5154557,172.0,32.255333,106.57223,115.0,51.0,121.0,27.860949,112.26933,-0.037326667,20242672.0,0.22914693,1246.7628,0.25208467,0.940273,10.020526,0.25208467,0.81456554,0.18853799,0.8739577,0.8739577,-0.5754126,0.9602511,0.25208467,2.83483,0.15039101,3.1592023,0.94767576,3.345838,722.9427,0.36351696,368.00995,2.1069899,0.37644994,9.930262,24.227272,244.98636,10.31663,0.2970246,4.68494,75.74545,0.2739726,10.904773,0.31098735,2.684826,0.05819623,9.481818,24.227272,244.98636,10.31663,0.2970246,75.74545,0.31098735,2.684826,0.05819623,,Crenated
Data/images/Crenated_13.png,10,0.9472711,46.14801,49.40648,43.714676,155.39697,0.09838365,1580.0,0.9066135,1892.0,1627.0,0.83509517,0.32043326,44.852184,0.9711125,75.0,126.1,17075596.0,1.6806113,25.0,2.4562287,142.0,14.529425,102.34114,105.0,57.0,85.0,10.31657,103.95835,-0.20776764,17075596.0,0.3674908,333.62982,0.19491525,0.8471249,7.6714473,0.19491525,0.7116413,0.1569233,0.90254235,0.90254235,-0.5090759,0.9037641,0.19491525,2.6704693,0.27085477,2.4851673,0.85661167,2.7552142,779.2823,0.3206778,580.63544,0.64864606,0.22525053,7.7822785,52.568115,436.33624,8.484883,0.29243156,4.6687727,70.22899,0.21835443,31.594372,0.2897906,1.8967029,0.08900411,7.02029,52.568115,436.33624,8.484883,0.29243156,70.22899,0.2897906,1.8967029,0.08900411,,Healthy
Data/images/Crenated_13.png,11,0.95356464,48.5353,50.990196,46.281548,170.46803,0.096994616,1758.0,0.8717855,2162.0,1820.0,0.813136,0.3011885,47.311256,0.96593404,70.0,129.0,18981148.0,1.8492221,33.0,2.1821566,148.0,17.892004,101.63822,105.0,54.0,94.0,13.483639,103.908676,-0.22430277,18981148.0,0.3061208,466.6837,0.21896955,0.8700249,7.566745,0.21896955,0.75828147,0.1710219,0.8905152,0.8905152,-0.5148914,0.9217087,0.21896955,2.6141686,0.20743854,2.7315962,0.87913644,2.9971476,829.3868,0.34411454,538.1604,0.8517063,0.27588564,7.5591583,38.834908,323.9033,7.448326,0.322065,4.7776375,66.09434,0.24118316,21.643713,0.29110828,1.6984627,0.086843476,6.6768866,38.834908,323.9033,7.448326,0.322065,66.09434,0.29110828,1.6984627,0.086843476,,Healthy
Data/images/Crenated_13.png,13,0.9879797,45.325832,47.853943,44.781002,155.98276,0.098256856,1588.0,0.90549326,1892.0,1624.0,0.83932346,0.15458348,44.96559,0.9778325,76.0,120.0,16922944.0,1.4500666,22.0,2.6032655,140.0,13.165338,101.943954,106.0,61.0,79.0,9.64936,103.23161,-0.50879186,16922944.0,0.4508483,264.19647,0.1515544,0.8448349,7.4261656,0.1515544,0.61371654,0.12858567,0.9242228,0.9242228,-0.5332682,0.8844869,0.1515544,2.6483161,0.3740763,2.0968335,0.8680415,2.3984835,875.55035,0.31192064,715.9471,0.49565855,0.21331427,7.4974813,103.09353,868.53955,15.03175,0.30180857,4.7184906,51.323742,0.17506297,70.46395,0.34180972,2.2481978,0.11505734,6.5755396,103.09353,868.53955,15.03175,0.30180857,51.323742,0.34180972,2.2481978,0.11505734,,Healthy
Data/images/Crenated_13.png,16,0.9593453,45.090515,46.957428,43.257374,153.39697,0.100292236,1530.0,0.90378034,1892.0,1574.0,0.8086681,0.28223515,44.13679,0.9720457,72.0,123.0,16146476.0,1.6311418,27.75,2.261732,141.0,15.463514,101.01961,106.0,62.0,79.0,11.501307,102.72903,-0.34813818,16146476.0,0.38893503,348.2911,0.19313593,0.8497781,7.295424,0.19313593,0.7079857,0.15583445,0.903432,0.903432,-0.513401,0.8994056,0.19313593,2.597914,0.3014576,2.3962715,0.8683891,2.6705797,756.35815,0.35265753,595.0706,0.65909225,0.25409403,7.361438,65.96979,554.99396,10.6090975,0.35133433,4.4563866,71.3142,0.21633987,44.603607,0.35897422,2.2721512,0.124725506,6.1752267,65.96979,554.99396,10.6090975,0.35133433,71.3142,0.35897422,2.2721512,0.124725506,,Healthy
Data/images/Crenated_13.png,17,0.92110324,47.513084,50.606323,43.764458,156.56854,0.09626102,1627.0,0.91311914,1935.0,1672.0,0.84082687,0.38931835,45.5144,0.9730861,78.0,120.0,17735358.0,1.3172213,16.0,2.8397896,138.0,11.934639,103.27228,107.0,62.0,76.0,8.084167,104.40618,-0.64146656,17735358.0,0.50857776,235.4864,0.11433986,0.8593696,7.857233,0.11433986,0.51286906,0.10126626,0.9428301,0.9428301,-0.5796087,0.8796179,0.11433986,2.7400506,0.45831978,1.8208188,0.8774154,2.099373,1002.882,0.26277676,827.45605,0.42239875,0.19156337,7.7959433,154.97333,1353.36,19.734537,0.3217284,4.856976,29.275555,0.13829133,102.684364,0.30361077,1.570682,0.11691646,5.937778,154.97333,1353.36,19.734537,0.3217284,29.275555,0.30361077,1.570682,0.11691646,,Healthy
Data/images/Crenated_13.png,20,0.93809795,44.183113,46.238514,41.44809,150.81119,0.1050583,1436.0,0.8905801,1806.0,1482.0,0.79512733,0.34637013,42.759468,0.9689609,73.0,118.0,14562307.0,1.5172333,23.0,2.5386596,135.0,13.519929,99.318245,103.5,58.0,77.0,9.825679,100.70195,-0.5388637,14562307.0,0.41254044,276.7685,0.20186782,0.8157717,6.8541665,0.20186782,0.72564805,0.1611172,0.8990661,0.8990661,-0.46170527,0.86706895,0.20186782,2.53125,0.30667004,2.3215008,0.8243195,2.606366,693.7883,0.36474925,592.4081,0.5517624,0.25068188,6.910167,50.06154,399.4123,8.817543,0.3297436,4.568931,58.575386,0.22632311,30.538736,0.35479984,1.8775204,0.11353997,5.809231,50.06154,399.4123,8.817543,0.3297436,58.575386,0.35479984,1.8775204,0.11353997,,Healthy
Data/images/Crenated_13.png,22,0.95533484,46.449425,48.466484,44.374756,158.36754,0.09815156,1614.0,0.8991316,2025.0,1659.0,0.79703707,0.29552558,45.332203,0.97287524,72.0,119.0,16408109.0,1.622216,24.0,2.5714362,141.0,14.286383,99.23482,103.0,56.0,85.0,10.166599,100.82715,-0.397404,16408109.0,0.38475376,318.56506,0.19272496,0.8484252,7.0293555,0.19272496,0.70713717,0.15558204,0.9036375,0.9036375,-0.50515693,0.89674556,0.19272496,2.547543,0.28883412,2.4123409,0.85522884,2.7015502,798.38043,0.35820246,620.99255,0.63752306,0.26070064,7.0873604,54.41834,432.77078,10.669233,0.32589144,4.691488,60.76504,0.21623296,33.031025,0.35266435,2.0987315,0.10417143,6.051576,54.41834,432.77078,10.669233,0.32589144,60.76504,0.35266435,2.0987315,0.10417143,,Healthy
Data/images/Crenated_13.png,24,0.9403596,48.162697,49.979996,45.290253,166.36754,0.09726252,1711.0,0.8812475,2162.0,1768.0,0.79139686,0.3401821,46.67454,0.9677602,77.0,116.0,17756212.0,1.3005316,19.0,2.632828,131.0,11.852609,100.829926,106.0,64.0,67.0,8.535037,101.8709,-0.699871,17756212.0,0.4960405,211.00731,0.121540315,0.8536171,7.356799,0.121540315,0.5337723,0.106768265,0.93922985,0.93922985,-0.570358,0.8761292,0.121540315,2.6462095,0.4393703,1.8289256,0.88457066,2.0952175,1022.3174,0.26576,848.7253,0.42275494,0.20834145,7.333723,148.76096,1267.1235,20.15582,0.3475819,4.670499,43.03187,0.14669783,102.293106,0.302464,1.3635741,0.13288653,5.486056,148.76096,1267.1235,20.15582,0.3475819,43.03187,0.302464,1.3635741,0.13288653,,Healthy
Data/images/Crenated_13.png,25,0.8875686,51.316906,53.488316,45.547276,166.81119,0.091079,1832.0,0.90945923,2200.0,1875.0,0.83272725,0.4606756,48.296738,0.9770667,69.0,122.0,18726532.0,1.7039915,24.0,2.5484211,142.0,15.173921,99.31769,103.0,52.0,90.0,10.767047,101.10344,-0.40302676,18726532.0,0.3564786,357.90344,0.22178552,0.84098506,7.0145984,0.22066255,0.765998,0.17309356,0.88985586,0.889781,-0.47745532,0.8951061,0.21967995,2.5353734,0.25138485,2.5758617,0.84912926,2.858995,855.43774,0.38619474,653.0688,0.7066179,0.27345267,7.099345,42.072235,330.9526,8.225687,0.32165477,4.6672845,78.02483,0.24181223,24.97037,0.36789632,2.3070297,0.09977227,6.4130926,42.072235,330.9526,8.225687,0.32165477,78.02483,0.36789632,2.3070297,0.09977227,,Healthy
Data/images/Crenated_13.png,27,0.8016352,56.220974,58.60034,45.068714,174.2254,0.08788166,1983.0,0.9059413,2332.0,2028.0,0.85034305,0.59781355,50.247726,0.9778106,84.0,120.0,21230548.0,1.4138358,19.0,3.1300888,148.0,11.400578,102.450325,103.0,58.0,90.0,7.8290157,103.47114,0.00014409391,21230548.0,0.4285186,210.20718,0.1721099,0.7909343,7.2063246,0.1721099,0.66250867,0.14248808,0.9139451,0.9139451,-0.46348998,0.85322106,0.1721099,2.6231208,0.31557244,2.1579602,0.7930109,2.4807537,1031.5002,0.3093562,849.7524,0.416829,0.18532176,7.3303075,64.5,488.54404,10.188129,0.207038,4.898859,52.295338,0.19465457,38.10809,0.27066252,2.340103,0.052099694,7.5051813,64.5,488.54404,10.188129,0.207038,52.295338,0.27066252,2.340103,0.052099694,,Crenated
Data/images/Crenated_13.png,28,0.8507874,50.8491,52.201534,43.261772,163.88225,0.095031746,1725.0,0.8982653,2107.0,1770.0,0.8186996,0.52551,46.865105,0.9745763,80.0,112.0,17491268.0,1.2523539,15.0,3.1798742,137.0,9.851389,99.890434,103.0,63.0,74.0,6.747701,100.6969,-0.5055391,17491268.0,0.49300465,161.76712,0.16587113,0.7661396,7.129475,0.16587113,0.64817196,0.1383579,0.9170644,0.9170644,-0.43503413,0.81145626,0.16587113,2.618735,0.38440236,1.9323009,0.77154106,2.273419,917.80695,0.34437606,850.43304,0.36018518,0.19092995,7.2626085,77.99694,647.51685,10.693956,0.2597477,4.712343,50.957188,0.18956521,50.168896,0.3615471,2.4768708,0.10585897,6.449541,77.99694,647.51685,10.693956,0.2597477,50.957188,0.3615471,2.4768708,0.10585897,,Healthy
Data/images/Crenated_13.png,32,0.74381465,59.82133,60.00833,44.495983,179.74011,0.086517505,2078.0,0.89893943,2352.0,2120.0,0.8835034,0.6683859,51.43726,0.98018867,88.0,109.0,21366488.0,0.90539116,8.0,4.803417,147.0,5.9343557,101.07074,103.0,78.0,69.0,3.778303,101.40137,-0.4255064,21366488.0,0.5904869,66.94254,0.121227115,0.7068067,3.1222167,0.121227115,0.5328779,0.1065311,0.9393864,0.9393864,-0.40895474,0.7182847,0.121227115,1.725136,0.4872007,1.411347,0.71220356,1.7861329,1273.1232,0.29953748,1227.0317,0.21033959,0.45623463,3.205005,129.96689,480.43045,42.417217,0.562362,4.1937757,46.225166,0.14533205,82.62155,0.36828476,1.4474877,0.13711536,2.9271524,129.96689,480.43045,42.417217,0.562362,46.225166,0.36828476,1.4474877,0.13711536,,Dead
Data/images/Crenated_13.png,34,0.91899383,46.163116,47.423622,42.42362,154.71068,0.10075589,1536.0,0.8978619,1935.0,1586.0,0.79379845,0.39427185,44.22325,0.96847415,82.0,114.0,15856651.0,1.0273001,15.0,2.6016812,135.0,9.631424,100.92383,105.0,71.0,64.0,6.916624,101.60384,-0.6687566,15856651.0,0.542895,137.7214,0.088709675,0.82477874,7.3198924,0.088709675,0.43214816,0.08084027,0.95564514,0.95564514,-0.57021546,0.8263184,0.088709675,2.6666667,0.48396942,1.4395615,0.8473075,1.7511492,1012.0664,0.22762044,833.8867,0.25793415,0.1670148,7.317057,179.03334,1507.2167,22.930208,0.25401235,4.5693073,17.9,0.1171875,106.21555,0.25974724,1.6819361,0.08975656,5.838889,179.03334,1507.2167,22.930208,0.25401235,17.9,0.25974724,1.6819361,0.08975656,,Healthy
Data/images/Crenated_13.png,35,0.9888522,45.471306,47.92703,44.9644,157.63962,0.09861721,1599.0,0.899075,1980.0,1653.0,0.80757576,0.14890037,45.12106,0.9673321,64.8,123.0,16316289.0,1.7425039,29.0,2.4777045,146.0,17.487461,98.68605,103.0,47.0,99.0,12.613755,101.01514,-0.4027326,16316289.0,0.3440467,465.12094,0.20798455,0.8614859,12.694784,0.2015454,0.7423139,0.167364,0.9003005,0.89987123,-0.5116091,0.91016203,0.19591114,3.4710238,0.25386462,2.5638492,0.865634,2.8411326,782.0319,0.37430525,550.1307,0.7667456,0.10749114,12.7879925,50.09887,718.4972,4.284807,0.1255171,4.782819,58.24294,0.22138837,29.696041,0.36672115,4.2280602,0.044291947,11.451978,50.09887,718.4972,4.284807,0.1255171,58.24294,0.36672115,4.2280602,0.044291947,,Crenated
Data/images/Crenated_13.png,38,0.9503497,47.437096,48.9183,45.08183,160.81119,0.09603535,1675.0,0.9020513,2021.0,1726.0,0.82879764,0.3111839,46.18091,0.9704519,71.0,125.0,18282600.0,1.6876793,25.0,2.5007746,148.0,15.82748,102.61433,107.0,54.0,94.0,11.389169,104.4748,-0.49324885,18282600.0,0.37193173,385.2841,0.17271051,0.8768179,7.705593,0.17271051,0.6638679,0.14288159,0.91364473,0.91364473,-0.5510859,0.91751176,0.17271051,2.6628764,0.2901107,2.4242141,0.889342,2.715487,868.13196,0.31851584,622.98566,0.70870125,0.24870647,7.6877613,71.12158,602.72644,12.227246,0.31323877,4.885048,51.480244,0.19641791,45.201412,0.2972039,1.7843304,0.08716523,6.656535,71.12158,602.72644,12.227246,0.31323877,51.480244,0.2972039,1.7843304,0.08716523,,Healthy
Data/images/Crenated_13.png,41,0.9645363,46.105076,47.539455,44.47002,157.78175,0.098153494,1608.0,0.9007902,2025.0,1656.0,0.79407406,0.26395032,45.247864,0.9710145,75.0,117.0,16269651.0,1.5786549,21.0,2.9700606,144.0,13.002382,99.20585,102.0,54.0,90.0,9.011011,100.58798,-0.20271902,16269651.0,0.38693503,276.14233,0.21753038,0.7977965,6.693538,0.21497121,0.7597688,0.17131777,0.89294094,0.8927703,-0.4513456,0.8685241,0.21273193,2.5028791,0.27393758,2.4083252,0.8131997,2.7403457,763.5833,0.42206722,622.1915,0.550599,0.24158289,6.9004974,51.952507,415.19263,8.347387,0.31288478,4.5126176,77.8496,0.23569652,33.95163,0.44149306,2.8824234,0.1244838,6.1055408,51.952507,415.19263,8.347387,0.31288478,77.8496,0.44149306,2.8824234,0.1244838,,Healthy
Data/images/Crenated_13.png,43,0.881271,46.98198,48.8467,41.403854,157.29646,0.10317905,1525.0,0.8799332,1935.0,1576.0,0.7881137,0.4726113,44.064613,0.96763957,77.0,115.6,15131290.0,1.4984592,17.0,3.1726828,144.0,11.499199,98.49049,100.0,54.0,90.0,7.662125,99.61002,-0.20876618,15131290.0,0.40285817,221.7804,0.1848853,0.8061711,6.5269904,0.1848853,0.69064844,0.15070271,0.90755737,0.90755737,-0.4711392,0.86809057,0.1848853,2.4784076,0.29202202,2.2726939,0.8114394,2.5963366,768.7718,0.33339167,614.3587,0.48306844,0.23612933,6.636721,46.9306,342.1798,8.5165615,0.29880828,4.8971376,43.01262,0.20786886,23.78752,0.3005515,1.9613495,0.092849255,6.0567822,46.9306,342.1798,8.5165615,0.29880828,43.01262,0.3005515,1.9613495,0.092849255,,Crenated
Data/images/Crenated_13.png,44,0.93796086,43.157677,45.79301,40.48021,150.1249,0.10974042,1369.0,0.873364,1764.0,1424.0,0.7760771,0.34674123,41.75003,0.9613764,74.0,114.0,13628081.0,1.443153,19.0,2.8331425,149.0,11.90824,98.66837,103.0,62.0,87.0,8.683325,99.7736,-0.4641374,13628081.0,0.4338448,219.32318,0.22113207,0.7791773,6.765283,0.22113207,0.76222926,0.17223269,0.889434,0.889434,-0.4194743,0.8356068,0.22113207,2.5249057,0.32047418,2.25718,0.7976186,2.5650175,634.04016,0.43401715,593.93353,0.50177544,0.240154,6.907962,51.635014,424.3353,7.7081065,0.32912958,4.356061,76.98219,0.24616508,35.132614,0.45833546,2.707067,0.14401966,5.735905,51.635014,424.3353,7.7081065,0.32912958,76.98219,0.45833546,2.707067,0.14401966,,Healthy
Data/images/Crenated_13.png,45,0.95359254,44.911476,46.486557,42.827248,149.29646,0.099101536,1507.0,0.92159474,1892.0,1546.0,0.79651165,0.3011002,43.80379,0.9747736,77.0,123.0,15650531.0,1.7372242,22.0,4.3173103,181.0,14.479564,100.10551,100.0,50.0,131.0,9.709675,101.90791,0.61919975,15650531.0,0.35576645,364.1103,0.25427204,0.8148028,6.9658237,0.25427204,0.8179792,0.18961777,0.87286395,0.87286395,-0.43346578,0.8823621,0.25427204,2.5311005,0.2254317,2.7242446,0.826297,2.9828207,664.61646,0.3959263,536.14,0.68256915,0.23479319,7.1214333,27.492788,189.26442,5.477245,0.25480568,4.7855463,79.68269,0.2760451,14.369586,0.36761108,3.1779313,0.08950233,7.7427883,27.492788,189.26442,5.477245,0.25480568,79.68269,0.36761108,3.1779313,0.08950233,,Crenated
Data/images/Crenated_13.png,47,0.88694024,52.35272,54.20332,46.43373,175.05382,0.092012525,1903.0,0.88327444,2303.0,1945.0,0.8263135,0.4618842,49.223724,0.9784062,71.0,136.8,21064336.0,2.056067,36.0,2.4255397,171.0,19.949389,102.36994,102.0,46.0,125.0,14.7099285,105.20939,0.22400376,21064336.0,0.26772812,589.41016,0.28047466,0.8664197,14.004315,0.28047466,0.85609674,0.20180862,0.85976267,0.85976267,-0.47755912,0.92726266,0.28047466,3.6186624,0.1532856,3.1318552,0.8717404,3.3052435,842.0667,0.367563,509.4866,1.048235,0.101136945,14.145559,20.230228,278.82425,1.9024814,0.10439221,4.80689,111.84358,0.29900157,9.044789,0.32367837,4.7962875,0.033592585,14.413005,20.230228,278.82425,1.9024814,0.10439221,111.84358,0.32367837,4.7962875,0.033592585,,Crenated
Data/images/Crenated_13.png,48,0.8218159,57.32473,58.24088,47.110374,184.02438,0.0869475,2117.0,0.8862142,2576.0,2177.0,0.82181674,0.5697531,51.917706,0.9724391,80.0,110.0,19998232.0,1.290898,16.0,4.0597672,148.0,9.359774,96.43458,98.0,67.0,81.0,6.657785,97.193085,0.30914974,19998232.0,0.45839792,146.8683,0.11753278,0.82721,5.9980574,0.11753278,0.5222271,0.103718825,0.94123363,0.94123363,-0.5476634,0.8660522,0.11753278,2.3909664,0.37568444,1.8383884,0.8367297,2.1890063,1303.8209,0.2843401,970.42847,0.35241893,0.21701308,6.135569,120.38333,785.97,22.292454,0.24460648,4.9695787,39.086666,0.14170997,70.58679,0.34442428,2.8838947,0.069309905,6.6766667,120.38333,785.97,22.292454,0.24460648,39.086666,0.34442428,2.8838947,0.069309905,,Crenated
Data/images/Crenated_13.png,49,0.8751548,50.313854,51.92302,44.032413,165.88225,0.0956921,1734.0,0.8897478,2200.0,1789.0,0.78818184,0.483843,46.987206,0.9692566,71.0,141.0,20321820.0,2.1519463,38.0,2.6779222,184.0,21.521921,104.95732,103.0,48.0,136.0,15.679691,108.257195,0.35492086,20321820.0,0.25413036,703.57947,0.2883472,0.8815664,15.033294,0.28478003,0.8751044,0.20724754,0.85820454,0.8579667,-0.49016258,0.9381008,0.28165874,3.7363257,0.1425579,3.265927,0.8861604,3.431852,759.5502,0.37652805,440.66205,1.1990358,0.09736403,15.061131,19.890152,300.70074,1.7447548,0.09875229,4.845294,101.90151,0.30449826,9.104898,0.3331046,5.2739544,0.029674923,15.244318,19.890152,300.70074,1.7447548,0.09875229,101.90151,0.3331046,5.2739544,0.029674923,,Crenated
Data/images/Crenated_13.png,50,0.8905632,50.8916,53.338543,45.322186,169.05382,0.09399712,1799.0,0.8892731,2162.0,1845.0,0.8320999,0.45485955,47.859776,0.97506773,78.0,124.0,19590260.0,1.5947634,24.0,2.6874874,141.0,13.71299,102.95664,105.0,49.0,92.0,10.015862,104.352905,-0.4019836,19590260.0,0.39341572,289.45782,0.21930325,0.800457,13.707596,0.21930325,0.75889325,0.17120934,0.8903484,0.8903484,-0.4392918,0.86737686,0.21930325,3.64249,0.27159646,2.479325,0.8071603,2.7269917,851.7182,0.3385489,707.7549,0.55428296,0.089479186,13.851028,40.099537,595.30554,2.9839938,0.1018615,4.801569,73.736115,0.2401334,22.757711,0.28929928,4.0991993,0.02963717,13.388889,40.099537,595.30554,2.9839938,0.1018615,73.736115,0.28929928,4.0991993,0.02963717,,Crenated
Data/images/Crenated_13.png,51,0.9596965,48.45758,50.447994,46.504566,166.95332,0.094564326,1766.0,0.892162,2303.0,1831.0,0.76682585,0.28103858,47.418785,0.96450025,73.0,127.0,18783200.0,1.8463707,31.0,2.538515,167.0,16.971308,101.041336,101.0,56.0,111.0,12.547127,103.13105,0.10119096,18783200.0,0.31571242,426.66138,0.22144522,0.8582284,7.2837996,0.22144522,0.76279765,0.17240724,0.8892774,0.8892774,-0.5047029,0.9196597,0.22144522,2.5716784,0.20487928,2.769166,0.8650543,3.0394573,828.15173,0.35175565,557.54816,0.7739368,0.2562363,7.3363533,30.88372,235.1814,6.3930645,0.2929916,4.8926096,60.190697,0.2434881,14.016463,0.29187638,1.750997,0.088723026,6.7232556,30.88372,235.1814,6.3930645,0.2929916,60.190697,0.29187638,1.750997,0.088723026,,Healthy
Data/images/Crenated_13.png,52,0.9953114,43.389843,45.79301,43.186405,152.46803,0.103825696,1469.0,0.89097005,1849.0,1518.0,0.7944835,0.09672287,43.247993,0.9677207,78.0,119.0,14828228.0,1.5532762,20.0,3.0247397,148.0,12.503378,99.19401,99.0,55.0,93.0,8.603177,100.46938,0.10961326,14828228.0,0.38811406,254.64514,0.23001403,0.76845884,6.57223,0.23001403,0.77803576,0.17710757,0.884993,0.884993,-0.40486556,0.84399873,0.23001403,2.4880786,0.25601137,2.4544759,0.7739401,2.7667186,672.35736,0.38612098,570.1395,0.50730854,0.22486007,6.7420015,32.859837,229.54716,6.055668,0.2559711,4.691832,60.22372,0.25255275,17.181654,0.3539118,2.8080432,0.08492909,6.981132,32.859837,229.54716,6.055668,0.2559711,60.22372,0.3539118,2.8080432,0.08492909,,Healthy
Data/images/Crenated_13.png,53,0.92675143,45.2651,47.010635,41.949497,155.29646,0.104330845,1489.0,0.8806793,1892.0,1542.0,0.7869979,0.37567505,43.5414,0.96562904,69.0,123.0,15448173.0,1.728204,29.0,2.3560011,142.0,16.487833,99.87307,104.0,50.0,92.0,12.296482,101.85708,-0.36134192,15448173.0,0.3479147,400.2344,0.21121883,0.8539159,7.0048475,0.21121883,0.74380606,0.16660544,0.8943906,0.8943906,-0.50648737,0.9088659,0.21121883,2.5273545,0.24467541,2.5785694,0.8594645,2.8852186,705.3761,0.38476837,518.045,0.72455317,0.27472764,7.128274,48.26,385.49142,9.166032,0.3286508,4.601586,63.08,0.23505709,30.161053,0.37702462,2.2992191,0.10422747,6.174286,48.26,385.49142,9.166032,0.3286508,63.08,0.37702462,2.2992191,0.10422747,,Healthy
Data/images/Crenated_13.png,56,0.9276662,46.688137,49.40648,43.31101,156.81119,0.09915345,1582.0,0.89900583,1890.0,1625.0,0.837037,0.3734105,44.88056,0.97353846,70.1,132.0,16690606.0,2.01353,34.0,2.5071108,162.0,19.260386,99.99494,99.0,44.0,118.0,14.13136,102.71475,0.19942068,16690606.0,0.27886733,551.3312,0.29212752,0.8518086,13.295381,0.29212752,0.87145364,0.20678903,0.85393625,0.85393625,-0.45570454,0.91723764,0.29212752,3.5292778,0.15498108,3.1192224,0.8591707,3.38048,652.201,0.45067534,441.16815,0.97544116,0.106120415,13.49684,21.878542,299.96762,2.0928695,0.11079116,4.700015,104.09717,0.31226295,11.62299,0.43122,5.7753234,0.046901885,13.491903,21.878542,299.96762,2.0928695,0.11079116,104.09717,0.43122,5.7753234,0.046901885,,Crenated
Data/images/Crenated_13.png,57,0.8403355,44.177265,45.221676,37.123722,141.05382,0.10964153,1287.0,0.9014154,1634.0,1329.0,0.7876377,0.54206663,40.48036,0.9683973,72.0,125.0,13329795.0,1.7454369,28.0,2.3553798,144.0,15.821268,99.938614,101.0,52.0,92.0,12.029853,101.77063,-0.2929612,13329795.0,0.33408076,369.5339,0.22854851,0.8292666,6.7570167,0.22854851,0.77547246,0.17631409,0.88572574,0.88572574,-0.46526685,0.8950301,0.22854851,2.490377,0.2136248,2.663374,0.829796,2.962151,594.28827,0.3587546,429.9619,0.680125,0.25693905,7.021756,32.304615,227.01846,7.7819233,0.24782051,4.71183,55.83077,0.25252524,16.623014,0.31543338,2.724398,0.06404624,7.4061537,32.304615,227.01846,7.7819233,0.24782051,55.83077,0.31543338,2.724398,0.06404624,,Crenated
Data/images/Crenated_13.png,59,0.83166945,53.107964,54.589375,44.168274,178.61017,0.09736177,1835.0,0.8500757,2352.0,1901.0,0.7801871,0.55527097,48.336266,0.9652814,66.0,140.0,22082776.0,-3.2034265e-16,42.0,5.1013265,246.0,25.906385,104.37602,102.0,36.0,210.0,17.822073,109.70055,1.0381019,22082776.0,1.0,1139.8564,0.0,1.0,4.0,0.0,-3.2034265e-16,0.0,1.0,1.0,0.0,0.0,0.0,2.0,1.0,-3.2034265e-16,1.0,0.31290457,1645.6855,0.054675885,1835.0,0.0,0.25,4.0,1442.804,5771.216,360.701,0.25,4.2110662,3.235294,0.027792916,148.2153,0.040273298,0.16109319,0.010068324,4.0,1442.804,5771.216,360.701,0.25,3.235294,0.040273298,0.16109319,0.010068324,,Crenated
Data/images/Crenated_13.png,60,0.97547436,48.29029,51.078373,47.105938,171.4386,0.09634088,1780.0,0.8722587,2256.0,1834.0,0.78900707,0.22011319,47.60637,0.97055614,75.0,139.0,20707542.0,2.0744824,33.0,3.1782165,192.0,19.721504,104.957306,102.0,43.0,149.0,13.9039545,107.858475,0.46357295,20707542.0,0.2755195,617.41504,0.31231925,0.85464615,14.951417,0.31116253,0.89992535,0.21549715,0.8446115,0.8445344,-0.44944003,0.9197037,0.31015038,3.746096,0.14995095,3.2254934,0.85561174,3.3837073,760.3135,0.39609393,490.4247,1.0678939,0.09446349,14.962359,14.136054,206.21939,1.2733713,0.09424072,4.7795186,112.493195,0.33033708,4.9720488,0.35985366,6.186152,0.030253936,15.7483,14.136054,206.21939,1.2733713,0.09424072,112.493195,0.35985366,6.186152,0.030253936,,Crenated
Data/images/Crenated_13.png,61,0.89265656,46.955692,48.052055,41.915306,161.78175,0.10495086,1542.0,0.8602946,2021.0,1607.0,0.7629886,0.4507375,44.30954,0.95955193,70.0,139.0,17495758.0,2.1482756,36.0,2.7093139,186.0,21.179556,103.239944,101.0,44.0,142.0,15.152087,106.518295,0.3471011,17495758.0,0.2548798,687.65967,0.27662423,0.8864215,14.426658,0.27260548,0.8594197,0.20231049,0.86436707,0.86409914,-0.5016587,0.9410435,0.26908907,3.6533825,0.14590752,3.2372599,0.8923068,3.3963306,690.54474,0.35647273,393.02466,1.1959034,0.10315686,14.4980545,17.6468,259.23178,1.7091686,0.10764774,4.961114,76.64239,0.2937743,6.0597634,0.29494748,4.2717075,0.033762507,14.381899,17.6468,259.23178,1.7091686,0.10764774,76.64239,0.29494748,4.2717075,0.033762507,,Crenated
Data/images/Crenated_13.png,62,0.8349233,52.851593,55.00909,44.12703,171.4386,0.09386181,1827.0,0.88370264,2295.0,1888.0,0.79607844,0.5503662,48.230785,0.9676907,69.0,147.0,21434482.0,2.249944,38.0,3.2063043,201.0,23.186872,104.24083,100.0,46.0,155.0,15.990561,108.31466,0.7285097,21434482.0,0.24560708,865.9135,0.36394367,0.8799229,15.0422535,0.3571831,0.9649524,0.2363639,0.8225352,0.8220845,-0.4534963,0.93354535,0.3512676,3.7025352,0.12373259,3.4986396,0.8848228,3.5947685,742.08484,0.43767378,448.72415,1.4883534,0.1023603,15.162561,11.45147,158.3853,1.2137866,0.09264547,4.670219,154.43529,0.37219486,4.232766,0.42997837,8.0916395,0.032772172,16.839706,11.45147,158.3853,1.2137866,0.09264547,154.43529,0.42997837,8.0916395,0.032772172,,Crenated
Data/images/Crenated_13.png,64,0.85548466,52.091167,53.338543,44.563198,170.71068,0.09434135,1810.0,0.8833311,2295.0,1871.0,0.788671,0.5178281,48.00587,0.9673971,70.0,140.0,20675696.0,2.16267,34.0,2.9316852,192.0,20.918432,103.587296,101.0,42.0,150.0,14.6603155,106.87861,0.44637567,20675696.0,0.25664908,692.7098,0.3210017,0.8718713,14.439385,0.31417188,0.9211684,0.22229773,0.8440524,0.84359705,-0.46339363,0.93112755,0.3081958,3.6533864,0.1367066,3.3448262,0.87681866,3.47165,776.8155,0.39175117,464.53482,1.2259787,0.10303868,14.558563,13.7462435,192.31218,1.408494,0.09835177,4.8133626,114.96995,0.33093923,4.615556,0.35518578,6.056305,0.030105934,15.437396,13.7462435,192.31218,1.408494,0.09835177,114.96995,0.35518578,6.056305,0.030105934,,Crenated
Data/images/Crenated_13.png,65,0.8798976,49.133972,50.566788,43.232864,163.39697,0.09840227,1661.0,0.8840572,2021.0,1721.0,0.8218704,0.4751634,45.987507,0.9651365,81.0,124.0,17462140.0,1.5878534,22.0,2.7768705,148.0,13.34043,101.169174,100.0,58.0,90.0,9.443255,102.53306,0.21557336,17462140.0,0.37691367,277.8263,0.23124613,0.7811995,6.83447,0.22628643,0.78672403,0.18004058,0.8876834,0.88735276,-0.4158987,0.85453176,0.22194669,2.534098,0.25005737,2.4951198,0.78197205,2.7778327,773.4166,0.36072,626.0536,0.5382894,0.21199997,7.0698376,28.88264,191.99756,5.794672,0.21351196,4.7661805,58.770172,0.2462372,12.389907,0.30871883,2.7857182,0.05789103,7.823961,28.88264,191.99756,5.794672,0.21351196,58.770172,0.30871883,2.7857182,0.05789103,,Crenated
Data/images/Crenated_13.png,67,0.91070545,51.65028,53.488316,47.038193,173.88225,0.09173424,1896.0,0.8875883,2350.0,1952.0,0.80680853,0.41305634,49.133106,0.97131145,77.0,128.0,20591076.0,1.7959512,30.0,2.57409,165.0,16.259476,102.320145,102.0,42.0,123.0,12.058681,104.21262,0.07805838,20591076.0,0.33231854,390.859,0.25691056,0.8182705,13.675339,0.25582656,0.8251409,0.19146334,0.87226737,0.8721951,-0.43743736,0.889978,0.25487804,3.6189702,0.20413937,2.8049955,0.8193656,3.025543,854.4462,0.36030552,630.0759,0.7076056,0.09310991,13.859705,24.015326,319.59387,2.134528,0.097599514,4.817643,89.6705,0.27531645,10.822566,0.30750203,4.551761,0.0296523,14.222222,24.015326,319.59387,2.134528,0.097599514,89.6705,0.30750203,4.551761,0.0296523,,Crenated
Data/images/Crenated_13.png,72,0.6666561,54.465897,55.0,36.31002,166.46803,0.10883821,1530.0,0.8328155,2070.0,1597.0,0.73913044,0.7453655,44.13679,0.9580463,66.0,146.0,17419524.0,2.2710636,38.0,2.6266794,183.0,23.097342,102.72484,100.0,38.0,145.0,16.417578,106.701965,0.3426725,17419524.0,0.23546499,832.9171,0.32412398,0.88885444,14.598383,0.32008088,0.9199185,0.22167224,0.84063345,0.84036386,-0.4806594,0.94245106,0.31654313,3.6472373,0.12327086,3.4630885,0.89557356,3.6233888,632.9856,0.42516297,360.26144,1.4412581,0.113727614,14.680392,17.27027,248.92857,1.755248,0.115290835,4.807479,111.671814,0.3385621,8.546116,0.40489033,6.0796328,0.043120626,14.880309,17.27027,248.92857,1.755248,0.115290835,111.671814,0.40489033,6.0796328,0.043120626,,Crenated
Data/images/Crenated_13.png,75,0.88186544,53.947254,55.362442,47.57422,178.36754,0.08920607,2000.0,0.88868904,2392.0,2053.0,0.8361204,0.47150117,50.46265,0.9741841,81.0,127.0,22450808.0,1.6386912,27.0,2.4120145,153.0,14.673036,104.4665,105.0,56.0,97.0,11.141876,105.95001,-0.016932674,22450808.0,0.3627895,312.15488,0.21047229,0.81817865,7.703799,0.21047229,0.7423845,0.1661737,0.8947639,0.8947639,-0.46481237,0.8849719,0.21047229,2.6889117,0.24013968,2.524448,0.8209975,2.7821462,966.791,0.317556,725.579,0.57355773,0.19015986,7.8285,29.121212,228.11038,5.0946603,0.20558682,4.873059,58.406925,0.231,10.380934,0.23345353,1.9497442,0.05108458,7.965368,29.121212,228.11038,5.0946603,0.20558682,58.406925,0.23345353,1.9497442,0.05108458,,Crenated
Data/images/Crenated_13.png,77,0.59105617,64.78223,63.788715,38.289936,183.19595,0.095638715,1916.0,0.84689605,2394.0,1991.0,0.80033416,0.8066304,49.391567,0.96233046,97.5,130.0,24481324.0,1.2569851,20.0,2.1049185,138.0,10.364544,112.37682,111.0,87.0,51.0,8.027794,113.03676,0.1567531,24481324.0,0.49617168,148.7578,0.0528,0.9222868,4.4890666,0.0528,0.29817414,0.05001216,0.9736,0.9736,-0.7467156,0.92117673,0.0528,2.0434666,0.45068586,1.5840776,0.92254263,1.881574,1470.4457,0.15296525,950.6649,0.33618993,0.33339134,4.5177455,399.57144,1877.6428,127.29961,0.35218254,5.516729,9.214286,0.073068894,212.27266,0.22865915,1.1149043,0.09041825,4.607143,399.57144,1877.6428,127.29961,0.35218254,9.214286,0.22865915,1.1149043,0.09041825,,Crenated
Data/images/Crenated_13.png,78,0.7242742,50.184376,50.0,36.34725,154.46803,0.10943538,1412.0,0.86219746,1776.0,1478.0,0.795045,0.689512,42.40064,0.95534503,71.0,138.0,15618543.0,2.0785065,37.0,2.3648367,166.0,20.74447,102.165016,100.0,40.0,126.0,15.511971,105.172676,0.21116218,15618543.0,0.26559076,623.60095,0.3061674,0.85920435,13.969897,0.30469897,0.89352435,0.21332593,0.84789526,0.84779733,-0.45647085,0.92250174,0.3034141,3.6104994,0.14388554,3.2189164,0.868365,3.425252,587.78326,0.42216453,375.01416,1.0761422,0.10507967,14.01983,15.823276,229.6207,1.4594103,0.11453724,4.727193,91.56896,0.3286119,6.562797,0.39245108,5.101959,0.046641923,13.573276,15.823276,229.6207,1.4594103,0.11453724,91.56896,0.39245108,5.101959,0.046641923,,Crenated
Data/images/Crenated_13.png,79,0.6403583,60.669407,61.741398,38.850163,188.95332,0.102747865,1840.0,0.8045282,2408.0,1945.0,0.7641196,0.7680763,48.402073,0.9460154,71.0,145.0,22584160.0,2.2765005,44.0,2.8392503,214.0,24.060572,106.87935,104.0,40.0,174.0,17.773432,110.788086,0.36467695,22584160.0,0.23502246,850.805,0.29405162,0.8985326,15.9534235,0.29180697,0.88021755,0.20890033,0.8544706,0.854321,-0.5105086,0.9501255,0.28984287,3.8277216,0.13137516,3.3995888,0.9000821,3.5785441,787.62067,0.39823252,432.4413,1.4415218,0.10067445,15.881522,15.715278,256.68402,1.4578503,0.10336824,5.028118,101.64931,0.31304348,5.5108023,0.3536897,6.1159916,0.03557195,16.171875,15.715278,256.68402,1.4578503,0.10336824,101.64931,0.3536897,6.1159916,0.03557195,,Crenated
Data/images/Crenated_14.png,1,0.9265358,46.42972,48.83646,43.0188,155.29646,0.099262685,1565.0,0.90288234,2024.0,1620.0,0.7732214,0.37620667,44.63877,0.9660494,75.0,118.0,15965462.0,1.5122927,21.0,2.4965112,133.0,12.557254,99.77636,103.0,63.0,70.0,9.103627,101.00284,-0.3704794,15965462.0,0.41927344,246.25159,0.22646478,0.7764437,7.0631995,0.22646478,0.77179754,0.17517848,0.8867676,0.8867676,-0.41686758,0.8421281,0.22646478,2.5826201,0.30702782,2.3451662,0.8047217,2.6144786,719.1112,0.39951822,656.16296,0.5249318,0.22753817,7.2153354,46.56154,380.99487,6.8664885,0.3136574,4.431645,91.94359,0.24920128,30.45881,0.406883,2.8279498,0.12652898,6.525641,46.56154,380.99487,6.8664885,0.3136574,91.94359,0.406883,2.8279498,0.12652898,,Healthy
Data/images/Crenated_14.png,2,0.94204193,49.265812,50.159744,46.41046,164.71068,0.0919401,1792.0,0.9109438,2205.0,1844.0,0.8126984,0.3354952,47.76657,0.97180045,76.0,115.0,18031416.0,1.2885066,18.0,2.581681,133.0,11.391666,99.31696,103.0,64.0,69.0,8.187351,100.31039,-0.63788867,18031416.0,0.49040565,198.31471,0.16762342,0.80096245,7.043054,0.16762342,0.6522392,0.13952582,0.9161883,0.9161883,-0.46975917,0.834361,0.16762342,2.5895522,0.40194342,1.9402467,0.8277298,2.2093992,948.8114,0.34203106,878.80695,0.428412,0.21842061,7.1328125,94.54386,800.0585,12.637569,0.3411509,4.3642936,73.15205,0.19084822,67.088715,0.38244918,2.3773544,0.12171585,5.611111,94.54386,800.0585,12.637569,0.3411509,73.15205,0.38244918,2.3773544,0.12171585,,Healthy
Data/images/Crenated_14.png,4,0.86834997,53.496708,55.470715,46.45386,168.71068,0.086897075,1942.0,0.9258296,2350.0,1980.0,0.826383,0.49595195,49.72556,0.9808081,77.0,116.0,19809264.0,1.5301228,11.0,3.7044454,146.0,10.704938,99.8759,101.0,59.0,87.0,6.5243773,100.997246,0.0010390613,19809264.0,0.40128028,225.24876,0.21458773,0.7767587,6.874207,0.21353066,0.75251806,0.1689924,0.89341086,0.8933404,-0.4234857,0.84742236,0.21260571,2.5496829,0.28280628,2.3570158,0.7808833,2.6916997,923.95984,0.3920311,779.2863,0.5024901,0.21987998,7.0705457,39.766003,308.07727,6.552934,0.27969402,4.7445383,76.00662,0.23326467,21.387844,0.38321903,2.7502081,0.11010885,6.6777043,39.766003,308.07727,6.552934,0.27969402,76.00662,0.38321903,2.7502081,0.11010885,,Crenated
Data/images/Crenated_14.png,5,0.9443894,46.443344,48.38388,43.8606,160.26703,0.100386485,1597.0,0.88378215,2070.0,1651.0,0.7714976,0.3288293,45.092834,0.96729255,78.0,118.0,16185758.0,1.4949063,17.0,3.1462224,146.0,11.284937,99.55542,102.0,58.0,88.0,7.370507,100.67324,-0.13934563,16185758.0,0.41616973,223.82114,0.19741936,0.79314697,6.9651613,0.19612904,0.71905077,0.15895276,0.9021505,0.9020645,-0.44329092,0.8537846,0.195,2.5664515,0.3040851,2.2921722,0.8030013,2.6022465,785.4859,0.3739353,664.62305,0.48773354,0.21693018,7.146525,53.465714,423.54,8.752599,0.25801587,4.715533,58.748573,0.21916093,32.64605,0.37290597,2.9639957,0.08942033,7.0457144,53.465714,423.54,8.752599,0.25801587,58.748573,0.37290597,2.9639957,0.08942033,,Healthy
Data/images/Crenated_14.png,6,0.95959383,48.002407,49.24429,46.062813,163.29646,0.094254814,1733.0,0.9035762,2160.0,1779.0,0.8023148,0.28138882,46.97365,0.9741428,61.0,138.0,19483876.0,2.1331084,47.0,2.1547778,178.0,24.23621,102.045006,108.0,46.0,132.0,18.782534,106.03236,-0.0591135,19483876.0,0.26026365,829.67596,0.21912114,0.91921777,14.542755,0.21674584,0.76259416,0.17214239,0.89202297,0.8918646,-0.5820408,0.9569372,0.21466745,3.6463776,0.18577372,3.013214,0.93161774,3.2523918,816.11365,0.39596522,451.03693,1.3606769,0.11504238,14.433929,45.633495,684.14075,4.3147717,0.14079013,4.996406,76.61651,0.23773803,27.940445,0.3872935,4.7744026,0.06344843,13.29369,45.633495,684.14075,4.3147717,0.14079013,76.61651,0.3872935,4.7744026,0.06344843,,Crenated
Data/images/Crenated_14.png,7,0.9178661,49.996086,51.088158,45.889713,163.63962,0.09113874,1796.0,0.91792923,2200.0,1847.0,0.81636363,0.39689016,47.81985,0.9723877,75.0,116.0,17897768.0,1.6164769,15.0,3.6720724,149.0,11.973365,98.460464,99.0,56.0,93.0,7.481275,99.82659,0.21863805,17897768.0,0.36999384,270.8854,0.23768614,0.7745739,6.304124,0.2353952,0.7957874,0.18227525,0.88268423,0.8825315,-0.407078,0.8503226,0.23339061,2.4281213,0.24366823,2.5120168,0.7783809,2.8506074,814.4421,0.40689158,664.5089,0.5562758,0.24853455,6.57461,31.276688,199.8867,6.8711724,0.2816358,4.7126107,80.70806,0.25556794,15.966262,0.3882684,2.8260546,0.104282804,6.732026,31.276688,199.8867,6.8711724,0.2816358,80.70806,0.3882684,2.8260546,0.104282804,,Healthy
Data/images/Crenated_14.png,9,0.90928864,51.91131,54.20332,47.202366,167.39697,0.08725409,1919.0,0.9275519,2256.0,1953.0,0.85062057,0.41616604,49.43022,0.9825909,78.0,110.0,18738504.0,1.2679113,12.0,3.3546476,131.0,9.122137,98.07139,101.0,63.0,68.0,5.7296743,98.81662,-0.76097786,18738504.0,0.4737434,146.72601,0.17637627,0.77262014,6.785676,0.17637627,0.67208517,0.14526768,0.9118119,0.9118119,-0.425707,0.8091702,0.17637627,2.5467665,0.36255246,1.9664562,0.7774795,2.3093796,1001.82855,0.3575664,909.1136,0.39269194,0.2156288,6.8780613,60.11905,479.57407,9.656562,0.29082158,4.6797867,57.587303,0.19697759,34.345966,0.36967587,2.2094235,0.121445864,5.780423,60.11905,479.57407,9.656562,0.29082158,57.587303,0.36967587,2.2094235,0.121445864,,Healthy
Data/images/Crenated_14.png,10,0.81615716,53.300007,54.120235,43.501183,167.88225,0.09231908,1819.0,0.9004442,2236.0,1866.0,0.81350625,0.57783,48.125072,0.97481245,76.0,119.0,18432642.0,1.5465467,20.0,2.8316197,142.0,12.428321,99.39417,101.0,56.0,86.0,8.744845,100.66476,-0.23070288,18432642.0,0.3926482,254.19153,0.22524051,0.77379847,6.6281834,0.2229768,0.77376956,0.17552187,0.8888889,0.888738,-0.41352692,0.8460756,0.22099604,2.4985852,0.26982063,2.4135683,0.7834867,2.7344646,844.86255,0.41478607,714.22705,0.51251876,0.23139621,6.84387,38.218468,288.241,6.5697103,0.2842843,4.6951637,85.68018,0.24409015,21.434315,0.41742682,3.0420706,0.11017601,6.6306305,38.218468,288.241,6.5697103,0.2842843,85.68018,0.41742682,3.0420706,0.11017601,,Crenated
Data/images/Crenated_14.png,12,0.9411872,46.038986,47.423622,43.331303,153.05382,0.097954445,1563.0,0.91552615,1890.0,1596.0,0.8269841,0.3378856,44.610237,0.9793233,72.0,121.0,15683513.0,1.706535,23.0,2.4755328,145.0,14.596726,98.54318,101.0,56.0,89.0,10.5025625,100.17104,-0.18897483,15683513.0,0.34650746,323.4778,0.26055408,0.8020073,6.6220317,0.2565963,0.83522576,0.19471243,0.8723615,0.8720976,-0.41943166,0.87146413,0.25313324,2.4686675,0.22068778,2.6846273,0.81155616,2.9773958,678.1836,0.4402954,541.5912,0.6651276,0.27374795,6.7799106,28.34873,206.05312,5.9654703,0.31336606,4.5291142,89.494225,0.27703136,15.318797,0.43169504,2.9055934,0.114455916,6.4457273,28.34873,206.05312,5.9654703,0.31336606,89.494225,0.43169504,2.9055934,0.114455916,,Healthy
Data/images/Crenated_14.png,14,0.9883973,45.52906,47.63402,45.0008,157.29646,0.0979735,1606.0,0.90300703,2024.0,1664.0,0.79347825,0.15189071,45.219715,0.9651442,74.5,111.0,15114180.0,1.4517963,15.0,3.1508899,140.0,10.274609,96.08095,99.0,61.0,79.0,6.767763,97.01067,-0.43597695,15114180.0,0.4038692,179.52272,0.2421323,0.730227,5.876044,0.24084778,0.80179656,0.18412465,0.8797902,0.87970454,-0.3620244,0.8022393,0.23972383,2.3554914,0.26219088,2.3338845,0.7410602,2.6800807,715.2005,0.43857327,648.61395,0.45879167,0.26084474,6.0809464,32.113476,216.65721,6.457414,0.3116463,4.4433937,85.728134,0.2633873,17.698618,0.4363959,2.849182,0.122094356,5.7612295,32.113476,216.65721,6.457414,0.3116463,85.728134,0.4363959,2.849182,0.122094356,,Healthy
Data/images/Crenated_14.png,15,0.9183928,50.664406,51.613953,46.529823,170.71068,0.09240091,1848.0,0.89255804,2250.0,1898.0,0.82133335,0.39566997,48.507183,0.9736565,91.0,118.0,20491848.0,0.8744743,9.0,3.116759,134.0,7.102798,104.864174,106.0,76.0,58.0,4.6780844,105.30271,-0.32483262,20491848.0,0.62412566,92.16608,0.100222714,0.7421989,3.2733853,0.100222714,0.4697012,0.090178125,0.94988865,0.94988865,-0.46025774,0.73964554,0.100222714,1.7689309,0.5348566,1.3248252,0.7527835,1.6652437,1163.553,0.20860273,1153.3842,0.19662505,0.4227844,3.3641775,156.13792,583.28015,49.519997,0.50167626,4.527232,25.525862,0.12554112,92.68847,0.16678908,0.85053533,0.055718426,3.3189654,156.13792,583.28015,49.519997,0.50167626,25.525862,0.16678908,0.85053533,0.055718426,,Healthy
Data/images/Crenated_14.png,16,0.95523834,47.9006,50.24938,45.756493,160.71068,0.093518,1719.0,0.91439736,2162.0,1773.0,0.7950971,0.29583722,46.78353,0.96954316,71.0,124.0,17667816.0,1.7426714,28.0,2.3710566,149.0,15.732207,99.535774,102.0,55.0,94.0,11.780913,101.38028,-0.15632592,17667816.0,0.33897537,370.5908,0.20227408,0.85708964,7.038899,0.20227408,0.726453,0.16135928,0.89886296,0.89886296,-0.5135289,0.9124168,0.20227408,2.5362058,0.23870862,2.5860517,0.86449224,2.8572628,836.4916,0.33117867,582.69867,0.70679176,0.2688417,7.063409,41.5,333.48187,8.012666,0.32509354,4.951421,55.979275,0.22454916,21.667515,0.28001422,1.5599885,0.094305195,6.165803,41.5,333.48187,8.012666,0.32509354,55.979275,0.28001422,1.5599885,0.094305195,,Healthy
Data/images/Crenated_14.png,17,0.9348891,47.379284,48.703182,44.294376,160.36754,0.097517505,1645.0,0.89640737,2112.0,1699.0,0.77888256,0.35494,45.76548,0.9682166,70.0,124.0,17085438.0,1.7721511,29.0,2.4135687,148.0,16.525974,99.90395,103.0,48.0,100.0,12.158944,101.913124,-0.3096396,17085438.0,0.33306825,405.485,0.28258145,0.80475426,12.795113,0.28132832,0.8628266,0.20343582,0.8595447,0.8594611,-0.4090999,0.87314826,0.28023183,3.4946742,0.20367138,2.794314,0.8112926,3.0695226,685.1483,0.4531126,547.8973,0.73826146,0.10206383,13.144073,24.80684,355.14285,2.0830708,0.10871115,4.5209317,106.38028,0.30212766,13.851673,0.43906894,6.239527,0.043216556,12.979879,24.80684,355.14285,2.0830708,0.10871115,106.38028,0.43906894,6.239527,0.043216556,,Crenated
Data/images/Crenated_14.png,20,0.9063412,48.95045,49.92995,44.36581,159.63962,0.09382287,1702.0,0.9159679,2064.0,1742.0,0.8246124,0.42254665,46.551624,0.9770379,69.0,130.0,18380740.0,1.9174283,35.0,2.200927,154.0,18.848644,101.409515,104.0,50.0,104.0,14.2837715,103.92062,-0.21079387,18380740.0,0.29173115,515.6049,0.23458283,0.8731395,7.5628777,0.23458283,0.7859151,0.17955373,0.8827086,0.8827086,-0.5089039,0.9256144,0.23458283,2.5991535,0.1917955,2.8468726,0.88121563,3.0921528,777.611,0.373232,496.52643,0.93211865,0.2914008,7.551704,32.573395,262.41055,7.792701,0.3245381,4.6903486,77.19266,0.2561692,17.334757,0.33809605,2.1428568,0.09099364,6.853211,32.573395,262.41055,7.792701,0.3245381,77.19266,0.33809605,2.1428568,0.09099364,,Healthy
Data/images/Crenated_14.png,21,0.6935251,55.517673,56.35601,38.5029,160.71068,0.095975325,1675.0,0.9026155,2250.0,1718.0,0.74444443,0.72043246,46.18091,0.9749709,80.0,116.0,16957244.0,1.4821233,17.0,3.5092816,153.0,11.214198,99.54567,101.0,54.0,99.0,7.460569,100.61674,-0.15389247,16957244.0,0.4114773,214.38762,0.20061539,0.77787405,6.683077,0.19938461,0.7254756,0.16086116,0.9005128,0.9004308,-0.43040523,0.8454652,0.1983077,2.5163076,0.2878612,2.2876358,0.78029954,2.6188533,816.1773,0.34970248,689.2245,0.46489963,0.21744925,6.890746,45.643433,346.6488,8.002509,0.23357461,4.709755,55.47721,0.22268657,25.477795,0.3151814,2.6935024,0.06064437,7.064343,45.643433,346.6488,8.002509,0.23357461,55.47721,0.3151814,2.6935024,0.06064437,,Crenated
Data/images/Crenated_14.png,24,0.93590593,46.408405,48.02083,43.433903,158.1249,0.100110725,1580.0,0.8909729,1978.0,1626.0,0.79878664,0.3522501,44.852184,0.9717097,74.0,116.1,15795878.0,1.6797019,18.0,3.368971,146.0,12.740037,98.520256,99.0,58.0,88.0,8.129565,99.98695,0.21099092,15795878.0,0.35191876,291.15085,0.24673629,0.7925605,6.4151435,0.24543081,0.809418,0.18650001,0.8775022,0.8774151,-0.42731637,0.8702861,0.24428852,2.4379895,0.22214706,2.6063163,0.83053184,2.9486945,701.21136,0.40950328,556.0316,0.6131626,0.2585663,6.6778483,26.118204,185.40189,5.642484,0.2930457,4.6234426,72.84397,0.26772153,12.166301,0.38050604,2.510229,0.10173309,6.382979,26.118204,185.40189,5.642484,0.2930457,72.84397,0.38050604,2.510229,0.10173309,,Healthy
Data/images/Crenated_14.png,26,0.96265763,43.78497,45.310043,42.149937,149.29646,0.103212215,1447.0,0.9030559,1848.0,1494.0,0.78300864,0.2707217,42.922928,0.96854085,79.0,114.0,14484430.0,1.4149966,19.0,2.9776726,142.0,11.158845,99.04768,101.0,61.0,81.0,7.749233,100.04985,-0.30044255,14484430.0,0.4262619,199.52847,0.19101924,0.77120835,6.5381327,0.19101924,0.7035988,0.1545309,0.90449035,0.90449035,-0.42600393,0.8327524,0.19101924,2.493229,0.30522317,2.1844738,0.7761967,2.5430434,719.4395,0.3807243,616.80096,0.42955208,0.21911713,6.7366967,47.919872,355.05127,8.522058,0.24650551,4.715793,48.634617,0.21561852,26.410492,0.37712833,3.1164875,0.08464036,6.8108974,47.919872,355.05127,8.522058,0.24650551,48.634617,0.37712833,3.1164875,0.08464036,,Healthy
Data/images/Crenated_14.png,32,0.8829505,49.024647,50.606323,43.286335,157.05382,0.09441168,1664.0,0.9205933,2070.0,1704.0,0.8038647,0.4694661,46.02902,0.97652584,76.0,118.0,16338957.0,1.5475751,20.0,2.7882605,138.0,12.339493,97.83473,98.0,59.0,79.0,8.474846,99.09129,-0.02016385,16338957.0,0.3890843,247.44925,0.21817058,0.7758934,6.1266994,0.21693449,0.75949776,0.17111,0.8917388,0.89165634,-0.41991064,0.8495424,0.2158529,2.3977132,0.26528233,2.4066412,0.78570795,2.7441885,783.3414,0.40086445,647.4363,0.5033284,0.2481679,6.328125,38.31818,238.76262,8.019693,0.2863531,4.8004327,68.621216,0.23798077,20.661207,0.39373744,2.8004503,0.105336815,6.568182,38.31818,238.76262,8.019693,0.2863531,68.621216,0.39373744,2.8004503,0.105336815,,Healthy
Data/images/Crenated_14.png,34,0.95597464,44.13837,46.872166,42.195164,149.98276,0.10276311,1460.0,0.90295404,1806.0,1508.0,0.80841637,0.2934493,43.115307,0.96816975,78.0,119.0,14546898.0,1.5391725,21.0,2.9095356,152.0,12.607472,98.545204,99.0,56.0,96.0,8.864353,99.81798,0.14529705,14546898.0,0.39321354,252.47124,0.23006351,0.7595685,6.284404,0.23006351,0.778122,0.17713429,0.8849682,0.8849682,-0.3971968,0.83628184,0.23006351,2.4333098,0.25950935,2.4249372,0.7635933,2.7485774,668.56573,0.38284668,574.0918,0.49602365,0.23417884,6.528767,29.338753,193.76152,5.8573804,0.2606474,4.690153,58.349594,0.25273973,13.683757,0.34660354,2.7483191,0.07848667,6.8319783,29.338753,193.76152,5.8573804,0.2606474,58.349594,0.34660354,2.7483191,0.07848667,,Crenated
Data/images/Crenated_14.png,36,0.87901586,49.951485,53.263496,43.908146,160.08327,0.09342472,1714.0,0.91664475,1980.0,1747.0,0.86565655,0.4767925,46.715443,0.98111045,71.0,122.0,17604872.0,1.7768809,28.0,2.935459,160.0,15.960429,99.2993,102.0,48.0,112.0,11.06446,101.34703,-0.012732585,17604872.0,0.3445937,410.87015,0.17495507,0.8825611,13.153984,0.17375673,0.67063826,0.14476366,0.9133214,0.91324145,-0.56626445,0.9305419,0.17270821,3.5350509,0.25671148,2.5436041,0.8975581,2.8251598,891.72345,0.31602058,590.6336,0.74525696,0.10170151,13.175612,63.886227,961.997,5.0795665,0.11794078,5.0137463,47.45509,0.19486581,37.551506,0.29126206,3.460698,0.031745583,11.601796,63.886227,961.997,5.0795665,0.11794078,47.45509,0.29126206,3.460698,0.031745583,,Crenated
Data/images/Crenated_14.png,38,0.9325586,50.56901,52.810986,47.158566,172.95332,0.092661835,1867.0,0.885503,2300.0,1915.0,0.81173915,0.3610186,48.755905,0.9749347,77.0,123.0,19467828.0,1.6616408,20.0,3.0000796,147.0,13.2233715,100.66149,101.0,47.0,100.0,8.886176,102.1143,-0.18679199,19467828.0,0.36117652,294.59564,0.21995589,0.81462246,13.077177,0.21995589,0.76008695,0.17157531,0.89002204,0.89002204,-0.45631626,0.88289225,0.21995589,3.548787,0.24103764,2.5572405,0.81678456,2.839972,874.8179,0.36223024,674.3165,0.59610367,0.09506621,13.16497,31.670355,433.89603,2.6682909,0.10604843,4.8265653,65.676994,0.24209963,14.609068,0.3145105,3.6420507,0.0349881,12.497787,31.670355,433.89603,2.6682909,0.10604843,65.676994,0.3145105,3.6420507,0.0349881,,Crenated
Data/images/Crenated_14.png,41,0.95325726,47.917095,49.47727,45.67732,159.53911,0.09310715,1714.0,0.91977125,2160.0,1764.0,0.79351854,0.30215994,46.715443,0.9716553,74.0,130.0,18786244.0,1.8563734,28.0,2.6114256,162.0,16.954462,102.565346,103.0,49.0,113.0,12.269171,104.69226,0.027891608,18786244.0,0.3153793,440.81982,0.25300482,0.84081656,13.802283,0.25300482,0.816006,0.18899338,0.8734976,0.8734976,-0.4658398,0.9081653,0.25300482,3.6240985,0.19177444,2.8678613,0.8460941,3.098603,768.92065,0.36772737,540.5601,0.77948093,0.09475512,13.914819,23.58811,343.46497,1.988426,0.10221809,4.7802677,82.15923,0.2747958,10.34531,0.31919456,4.2298856,0.033116788,13.390658,23.58811,343.46497,1.988426,0.10221809,82.15923,0.31919456,4.2298856,0.033116788,,Crenated
Data/images/Crenated_14.png,42,0.9409726,48.062042,49.24429,45.225067,165.29646,0.09703344,1704.0,0.88514096,2070.0,1752.0,0.8231884,0.33848262,46.578968,0.9726027,78.0,125.0,18233042.0,1.6985261,25.0,2.8810623,158.0,14.776036,101.78169,102.0,49.0,109.0,10.473612,103.44149,0.16410428,18233042.0,0.35711816,340.62958,0.24924563,0.7967461,13.267954,0.24924563,0.8100803,0.18712224,0.8753772,0.8753772,-0.421811,0.87172925,0.24924563,3.574834,0.22436608,2.669063,0.80501926,2.9232152,769.77936,0.36343098,608.52936,0.61867136,0.0915105,13.551643,26.134783,353.8913,2.2378912,0.09469565,4.7630925,81.22174,0.26995304,12.41259,0.3163565,4.7407126,0.029992372,14.023913,26.134783,353.8913,2.2378912,0.09469565,81.22174,0.3163565,4.7407126,0.029992372,,Crenated
Data/images/Crenated_14.png,43,0.8591819,48.87632,50.537113,41.993645,162.1249,0.10098094,1606.0,0.87611353,2016.0,1664.0,0.796627,0.51167035,45.219715,0.9651442,79.0,124.0,17200292.0,1.6267812,24.75,2.7758255,156.0,14.240877,101.97198,102.0,53.0,103.0,10.334481,103.48923,-0.0051264036,17200292.0,0.3773187,311.73584,0.24871466,0.7805217,7.1818767,0.24871466,0.80923456,0.18685567,0.87564266,0.87564266,-0.40571558,0.8566975,0.24871466,2.5960796,0.2386291,2.6013665,0.7843425,2.8703344,714.8655,0.38627717,605.9739,0.56236535,0.21321554,7.326899,26.732265,199.8055,4.7009554,0.23938914,4.6336083,77.77345,0.27210462,13.22622,0.34961876,2.7373185,0.07669971,7.386728,26.732265,199.8055,4.7009554,0.23938914,77.77345,0.34961876,2.7373185,0.07669971,,Crenated
Data/images/Crenated_14.png,47,0.80369985,53.339336,55.027267,42.868813,167.88225,0.09381517,1790.0,0.89323556,2184.0,1829.0,0.81959707,0.59503496,47.739906,0.97867686,72.9,132.0,19421712.0,1.9933075,31.0,3.0829058,189.0,18.584435,101.54861,100.0,41.0,148.0,13.142878,104.1639,0.34366253,19421712.0,0.29140165,537.9996,0.27100116,0.8582918,13.569045,0.26754892,0.85043204,0.19941874,0.8668009,0.8665708,-0.4745092,0.92224383,0.2645282,3.5704832,0.17270622,3.0552373,0.86338556,3.3019428,772.4447,0.41431168,521.60895,0.94271994,0.1027381,13.722346,21.89105,298.48053,2.0707867,0.10697061,4.921296,92.70817,0.28715083,9.763312,0.3819392,5.664579,0.037796184,14.003891,21.89105,298.48053,2.0707867,0.10697061,92.70817,0.3819392,5.664579,0.037796184,,Crenated
Data/images/Crenated_14.png,50,0.9507997,46.241394,48.373547,43.9663,156.81119,0.098468564,1593.0,0.90212685,1892.0,1629.0,0.84196615,0.3098063,45.036324,0.97790056,71.0,133.0,17461948.0,2.0360298,34.0,2.8738828,182.0,19.603825,101.871315,100.0,51.0,131.0,14.355389,104.69802,0.4313828,17461948.0,0.27627108,583.91125,0.27548388,0.86739844,7.676129,0.27419356,0.853071,0.20030177,0.8631183,0.8630323,-0.47950307,0.92680687,0.27306452,2.6029031,0.15780604,3.105646,0.8774212,3.30356,706.11237,0.36809897,440.09982,1.029285,0.2699679,7.767106,19.655247,149.2484,4.9465146,0.2746907,4.806991,81.28265,0.29315758,8.019405,0.31415287,2.4518924,0.07430869,7.728051,19.655247,149.2484,4.9465146,0.2746907,81.28265,0.31415287,2.4518924,0.07430869,,Crenated
Data/images/Crenated_14.png,51,0.75286293,52.766743,53.600372,39.726124,166.02438,0.10114188,1642.0,0.86507446,2080.0,1708.0,0.78942305,0.6581773,45.72373,0.9613583,75.0,127.0,17634880.0,1.7983092,29.0,2.5905483,159.0,15.951013,101.76797,103.0,48.0,111.0,11.791857,103.63338,0.014187672,17634880.0,0.3304376,383.1587,0.2555066,0.8212118,13.522341,0.2529893,0.8254419,0.19150302,0.8739249,0.87375706,-0.4446067,0.8935089,0.25078666,3.5966017,0.20333467,2.800894,0.82810026,3.0581036,726.9403,0.38861138,542.57855,0.7121262,0.09446052,13.688794,28.004416,408.9735,2.2686713,0.1041869,4.7035685,83.55188,0.27588308,14.86579,0.3545982,4.8446817,0.03799169,13.205298,28.004416,408.9735,2.2686713,0.1041869,83.55188,0.3545982,4.8446817,0.03799169,,Crenated
Data/images/Crenated_14.png,53,0.8142218,55.862514,58.137768,45.484478,178.81119,0.09005851,1986.0,0.88337517,2392.0,2053.0,0.83026755,0.58055395,50.28572,0.96736485,81.0,118.0,19997738.0,1.5085088,14.0,4.894806,156.0,11.03019,99.07956,98.0,60.0,96.0,6.2720475,100.346176,1.0656793,19997738.0,0.41541192,252.59589,0.1299639,0.86794686,6.534812,0.12893245,0.5579277,0.113340326,0.93570566,0.93563694,-0.58434135,0.9082818,0.12802991,2.471377,0.33091912,2.1111412,0.9128983,2.4536645,1171.5479,0.2565623,825.00806,0.507419,0.21305528,6.6596174,78.77702,485.41217,16.433905,0.21993619,5.4346504,24.277027,0.1490433,33.76018,0.21440299,1.8833818,0.041740324,7.381757,78.77702,485.41217,16.433905,0.21993619,24.277027,0.21440299,1.8833818,0.041740324,,Crenated
Data/images/Crenated_14.png,54,0.8823398,48.67347,49.76947,42.946537,157.98276,0.0966551,1635.0,0.907168,1932.0,1679.0,0.8462733,0.47061294,45.626163,0.9737939,77.0,121.0,17240018.0,1.525182,22.0,2.860589,149.0,13.316029,101.33945,103.0,48.0,101.0,9.684832,102.6857,-0.35035035,17240018.0,0.40732637,274.6695,0.19736016,0.80697644,13.07291,0.19736016,0.71661687,0.15840912,0.9013199,0.9013199,-0.4592303,0.8686949,0.19736016,3.5581396,0.2889928,2.356953,0.8109317,2.6239588,806.0508,0.31709415,665.9786,0.5076101,0.092389226,13.213455,41.768158,599.89386,3.2613711,0.104313314,4.900956,50.16201,0.21896024,20.91031,0.25313866,3.3152096,0.028483842,12.572626,41.768158,599.89386,3.2613711,0.104313314,50.16201,0.25313866,3.3152096,0.028483842,,Crenated
Data/images/Crenated_14.png,57,0.8552501,48.73988,49.24429,41.684784,164.36754,0.10360386,1588.0,0.8590312,1927.0,1642.0,0.82407886,0.5182155,44.96559,0.96711326,70.0,139.0,17882834.0,2.212684,38.0,3.5038424,213.0,22.259151,102.381615,99.0,48.0,165.0,15.901271,106.11894,0.7154591,17882834.0,0.24931239,779.23596,0.33420026,0.87947625,14.283485,0.33420026,0.9191603,0.22251044,0.83289987,0.83289987,-0.4659504,0.9352478,0.33420026,3.6144342,0.12816875,3.4189765,0.8867963,3.5795062,648.86523,0.43372205,395.90805,1.3531631,0.10750506,14.404912,12.74468,171.25354,1.3706641,0.10429517,4.819635,120.23759,0.35516372,4.8170614,0.41519746,7.1483297,0.040527288,15.593971,12.74468,171.25354,1.3706641,0.10429517,120.23759,0.41519746,7.1483297,0.040527288,,Crenated
Data/images/Crenated_14.png,60,0.83842814,49.784355,52.83938,41.740604,163.63962,0.10085646,1623.0,0.8725872,2024.0,1681.0,0.8018775,0.5450122,45.45842,0.9654967,73.0,129.0,17093260.0,1.8787719,29.0,2.6346548,158.0,17.118237,100.41775,101.0,39.0,119.0,12.374694,102.62501,0.018729674,17093260.0,0.30838543,448.16806,0.2631579,0.8350859,13.224477,0.2593532,0.8390789,0.19589381,0.8709575,0.8707039,-0.45242122,0.90407133,0.2560241,3.5437539,0.18569127,2.907827,0.83623374,3.143139,721.8959,0.3761418,500.50955,0.7979708,0.102603376,13.332101,22.338495,299.69913,2.078479,0.10842797,4.852585,72.73894,0.27849662,9.445312,0.3225522,4.2888856,0.03388038,13.216814,22.338495,299.69913,2.078479,0.10842797,72.73894,0.3225522,4.2888856,0.03388038,,Crenated
Data/images/Crenated_14.png,62,0.976923,42.079052,43.931767,41.107994,148.36754,0.10986119,1351.0,0.8780381,1849.0,1413.0,0.7306652,0.21359183,41.47465,0.95612174,73.0,129.0,15060083.0,1.835486,29.0,2.5794265,157.0,16.796888,103.481125,105.0,52.0,105.0,12.112595,105.581055,-0.1366116,15060083.0,0.3259778,439.01648,0.22511485,0.85654885,7.957121,0.22511485,0.76939774,0.17443816,0.8874426,0.8874426,-0.49680462,0.9152663,0.22511485,2.6990812,0.22005047,2.7509692,0.85893404,2.9855974,629.4367,0.34326082,440.396,0.7843421,0.23877314,7.9481864,31.265488,266.41888,5.5037847,0.27685678,4.7813606,53.707966,0.25092524,15.383264,0.28301433,1.868895,0.07295732,7.1917405,31.265488,266.41888,5.5037847,0.27685678,53.707966,0.28301433,1.868895,0.07295732,,Crenated
Data/images/Crenated_14.png,64,0.8787046,46.918766,50.119858,41.227737,163.53911,0.10833992,1511.0,0.8421702,1935.0,1579.0,0.78087854,0.47736588,43.861885,0.95693475,76.0,124.0,15060477.0,1.6492643,24.0,2.78049,152.0,14.482516,98.16876,97.0,48.0,104.0,10.462542,99.83599,0.19494084,15060477.0,0.3689559,330.1191,0.26675788,0.76952106,12.235294,0.26675788,0.8367738,0.19559811,0.8666211,0.8666211,-0.38467818,0.8455151,0.26675788,3.4336526,0.22986473,2.6347585,0.770496,2.9287753,650.1582,0.41285154,557.4924,0.592206,0.09874072,12.536069,23.077448,261.12073,2.3353405,0.096966594,4.59104,76.94988,0.29053608,11.23068,0.37271827,5.385148,0.035438005,13.553531,23.077448,261.12073,2.3353405,0.096966594,76.94988,0.37271827,5.385148,0.035438005,,Crenated
Data/images/Crenated_14.png,66,0.8676816,48.7916,50.606323,42.335575,158.3259,0.098004274,1616.0,0.89992523,1927.0,1661.0,0.8386092,0.49712035,45.360283,0.9729079,77.0,130.0,17206622.0,1.7908323,30.0,2.933217,177.0,16.9421,101.08911,98.0,56.0,121.0,12.352018,103.18751,0.56523824,17206622.0,0.33940378,428.65417,0.26285714,0.8244685,7.216508,0.2615873,0.834608,0.19442923,0.86941797,0.8693333,-0.43836653,0.8900017,0.2604762,2.568889,0.21273813,2.7977476,0.82475257,2.9891548,726.7166,0.3590947,548.4765,0.7460849,0.22680847,7.3601484,20.76991,129.19911,5.0529985,0.2090075,4.7417173,73.73894,0.27970296,7.9877048,0.299347,2.9582613,0.057026397,8.508849,20.76991,129.19911,5.0529985,0.2090075,73.73894,0.299347,2.9582613,0.057026397,,Crenated
Data/images/Crenated_14.png,67,0.9812582,49.04689,51.62364,48.127663,170.1249,0.091984265,1850.0,0.896116,2256.0,1902.0,0.82003546,0.19269738,48.533424,0.97266036,65.0,141.0,20944036.0,2.3392298,40.75,3.2098773,208.0,23.700327,102.12379,100.0,36.0,172.0,16.708199,106.40066,0.43812215,20944036.0,0.22945333,891.83276,0.2991121,0.90427035,14.377913,0.2991121,0.88020283,0.20964405,0.85044396,0.85044396,-0.51512164,0.95442224,0.2991121,3.6007214,0.12406689,3.4853837,0.91179085,3.6469874,798.9903,0.38755998,424.48865,1.5439988,0.1263917,14.496216,16.323679,223.62521,2.0413861,0.12616801,5.002902,113.69165,0.3172973,6.390981,0.349118,5.0814877,0.04298497,14.83305,16.323679,223.62521,2.0413861,0.12616801,113.69165,0.349118,5.0814877,0.04298497,,Crenated
Data/images/Crenated_14.png,68,0.91027486,49.582615,51.62364,45.13381,172.61017,0.09854991,1752.0,0.8594955,2160.0,1815.0,0.8111111,0.41400445,47.230453,0.96528924,70.0,139.0,19175692.0,2.1262364,33.0,3.6952155,202.0,21.004396,101.07363,97.0,43.0,159.0,14.255693,104.6185,0.8190661,19175692.0,0.27516302,729.15155,0.31569666,0.87487864,13.877719,0.30864197,0.9152099,0.22043678,0.8468548,0.84638447,-0.46488586,0.92917633,0.30246913,3.574074,0.15574215,3.2863953,0.879521,3.448615,731.5788,0.4202164,482.0856,1.2404922,0.106890365,13.925799,16.270176,202.3158,1.7454195,0.1019836,4.8958883,110.99298,0.32534248,6.822641,0.38878804,6.902982,0.035015766,15.633333,16.270176,202.3158,1.7454195,0.1019836,110.99298,0.38878804,6.902982,0.035015766,,Crenated
Data/images/Crenated_14.png,69,0.84121686,61.175007,65.60488,51.46145,193.53911,0.07881861,2456.0,0.9076244,2912.0,2510.0,0.8434066,0.5406979,55.92027,0.97848606,81.0,124.0,26273884.0,1.5582596,23.0,2.8036656,159.0,13.380846,102.1136,101.0,56.0,103.0,9.820773,103.43034,0.18717355,26273884.0,0.38816327,270.64874,0.17548978,0.82959634,7.1354733,0.17548978,0.6701103,0.14469312,0.9122551,0.9122551,-0.5018098,0.8891518,0.17548978,2.5900376,0.27971855,2.3339212,0.83008796,2.6091506,1276.9121,0.28659454,953.329,0.51503927,0.19727436,7.258958,44.97071,307.14227,8.6406975,0.19415794,5.05127,55.623432,0.19462541,18.570894,0.21004087,1.992446,0.03777153,8.029288,44.97071,307.14227,8.6406975,0.19415794,55.623432,0.21004087,1.992446,0.03777153,,Crenated
Data/images/Crenated_14.png,72,0.9442683,45.758083,48.38388,43.207905,158.61017,0.10306054,1540.0,0.87678516,2024.0,1616.0,0.76086956,0.3291768,44.280796,0.9529703,72.0,131.0,16769102.0,1.9697305,33.0,2.3967748,161.0,18.536362,101.92597,103.0,46.0,115.0,13.820604,104.3505,-0.09911758,16769102.0,0.2858256,500.12308,0.26778522,0.8561946,13.740269,0.26778522,0.8382686,0.1960763,0.8661074,0.8661074,-0.4723211,0.91989803,0.26778522,3.597651,0.16502297,3.027701,0.8581201,3.2062616,690.3805,0.3560786,440.17142,0.9129263,0.10305177,13.816883,19.158129,277.59912,1.7410301,0.11095459,4.7472672,77.115814,0.29155844,7.3942986,0.29657128,3.9216502,0.032292433,13.338531,19.158129,277.59912,1.7410301,0.11095459,77.115814,0.29657128,3.9216502,0.032292433,,Crenated
Data/images/Crenated_14.png,73,0.8970263,45.76748,48.76474,41.05463,156.71068,0.106569655,1471.0,0.86743885,1892.0,1533.0,0.7774841,0.44197714,43.277424,0.9595564,66.0,147.0,18120470.0,2.318618,47.0,2.3510346,186.0,25.57539,106.67981,106.0,45.0,141.0,19.338737,110.9886,0.22810619,18120470.0,0.21937795,937.8886,0.30196628,0.9020862,16.02809,0.2977528,0.8939587,0.21330956,0.85182583,0.8515449,-0.511097,0.9521507,0.294066,3.8258426,0.120397665,3.4532013,0.90551734,3.6200273,631.5982,0.39321652,322.70496,1.5443648,0.10305166,15.92862,16.130342,251.45085,1.5923034,0.10176648,5.005455,89.47863,0.3181509,6.250872,0.3554196,6.0383425,0.034535695,16.534187,16.130342,251.45085,1.5923034,0.10176648,89.47863,0.3554196,6.0383425,0.034535695,,Crenated
Data/images/Crenated_14.png,74,0.85013264,63.45492,64.884514,53.9451,204.36754,0.076570824,2670.0,0.8961224,3009.0,2715.0,0.887338,0.52656865,58.305656,0.98342544,100.0,117.0,31767418.0,0.4092657,10.0,2.0248024,122.0,5.3324018,108.90187,110.0,94.0,28.0,4.45389,109.07754,-0.2777742,31767418.0,0.8494104,38.291496,0.036015324,0.7522939,3.7452106,0.036015324,0.22371435,0.034718223,0.98199236,0.98199236,-0.52534145,0.5848239,0.036015324,1.9210728,0.8198864,0.58748597,0.7522939,0.8703633,2143.8098,0.11253574,2267.9258,0.075294785,0.31151685,3.7539325,664.77924,2639.266,171.15747,0.5422078,4.8165784,10.493506,0.057677902,364.1847,0.1464363,0.33733964,0.09871048,2.831169,664.77924,2639.266,171.15747,0.5422078,10.493506,0.1464363,0.33733964,0.09871048,,Dead
Data/images/Crenated_14.png,78,0.79735994,56.50469,57.77543,45.054577,180.71068,0.09161504,1973.0,0.87122357,2385.0,2059.0,0.82725364,0.603504,50.12087,0.95823216,67.0,141.0,23108436.0,2.2930293,42.0,2.9145856,220.0,23.621252,104.26559,103.0,40.0,180.0,17.294561,108.22354,0.28982463,23108436.0,0.23161258,841.0222,0.35837245,0.8779074,14.838289,0.3437663,0.97217023,0.24019718,0.8305512,0.82957745,-0.459145,0.9378883,0.3309859,3.681012,0.116354674,3.5526164,0.879304,3.6325705,824.26,0.41446963,456.97162,1.4385605,0.1136251,15.012164,12.32097,179.5164,1.3593938,0.11346723,4.8497725,150.58916,0.3552965,4.399275,0.39631665,6.9315577,0.041115813,15.837376,12.32097,179.5164,1.3593938,0.11346723,150.58916,0.39631665,6.9315577,0.041115813,,Crenated
Data/images/Crenated_15.png,1,0.9578713,47.284977,49.0306,45.292923,162.71068,0.09688043,1680.0,0.89285076,2160.0,1732.0,0.7777778,0.28719765,46.249783,0.9699769,76.0,103.0,15246010.0,1.380924,12.0,3.80018,137.0,8.817909,94.584526,99.0,63.0,74.0,5.707436,95.262825,-0.68419987,15246010.0,0.42248228,128.7738,0.19313304,0.7615345,5.695279,0.19068056,0.7110085,0.15677397,0.90506846,0.90490496,-0.422156,0.82720274,0.18853465,2.3209686,0.29904824,2.1544378,0.77797335,2.5323713,845.8655,0.3981236,709.77026,0.40931654,0.2584904,5.839881,50.22905,317.7067,10.614059,0.3234986,4.6918344,63.39665,0.21309523,28.207266,0.41988432,2.4196804,0.138802,5.441341,50.22905,317.7067,10.614059,0.3234986,63.39665,0.41988432,2.4196804,0.138802,,Healthy
Data/images/Crenated_15.png,2,0.8843833,48.27172,50.159744,42.690704,158.71068,0.09824245,1616.0,0.89774346,2070.0,1667.0,0.7806763,0.46676138,45.360283,0.9694061,77.0,113.0,16132080.0,1.3717319,15.0,3.2556226,143.0,10.631485,98.946785,102.0,60.0,83.0,7.0052037,99.913574,-0.45407856,16132080.0,0.45417807,192.25706,0.1834395,0.78202623,6.888535,0.1834395,0.6875438,0.14978944,0.90828025,0.90828025,-0.4348309,0.82866144,0.1834395,2.5611465,0.34830907,2.0886564,0.7886687,2.4443803,826.8998,0.3872966,733.9517,0.43752912,0.21813549,7.019802,62.568863,499.47305,10.040357,0.294827,4.6815605,60.502995,0.20668317,39.15949,0.41758126,2.7777493,0.13506766,6.212575,62.568863,499.47305,10.040357,0.294827,60.502995,0.41758126,2.7777493,0.13506766,,Healthy
Data/images/Crenated_15.png,3,0.8541952,51.192017,52.392746,43.727974,168.61017,0.09615636,1754.0,0.88038784,2244.0,1812.0,0.78163993,0.51995254,47.257404,0.9679912,74.0,111.0,16499053.0,1.4914677,15.0,3.2859473,146.0,10.52674,96.00627,99.0,61.0,85.0,6.9843364,96.98727,-0.3152308,16499053.0,0.3957028,189.3255,0.21281599,0.7713348,6.0446796,0.21046443,0.7506021,0.16852072,0.8951597,0.89500296,-0.41821843,0.8380312,0.20840682,2.3844798,0.27865615,2.2913575,0.78816783,2.6303394,837.1551,0.4142049,694.06274,0.48773256,0.2625586,6.2023945,51.330074,383.00488,9.086627,0.33866477,4.544476,80.31052,0.2331813,32.938766,0.4297259,2.8836045,0.13276269,5.7188263,51.330074,383.00488,9.086627,0.33866477,80.31052,0.4297259,2.8836045,0.13276269,,Healthy
Data/images/Crenated_15.png,4,0.94072276,49.373474,52.3259,46.44675,167.19595,0.093015835,1798.0,0.8989046,2256.0,1856.0,0.7969858,0.3391765,47.84647,0.96875,74.0,115.0,17475196.0,1.6498528,18.0,3.9320886,154.0,12.548435,97.10289,97.0,55.0,99.0,8.07553,98.58621,0.387982,17475196.0,0.37008244,290.2703,0.2173913,0.80562127,6.057208,0.21281464,0.760699,0.17210123,0.8943555,0.89405036,-0.45495883,0.87779963,0.20881006,2.3678489,0.2571029,2.499445,0.8158595,2.8327205,859.624,0.41339964,665.4082,0.5862814,0.26402932,6.3031144,39.85646,246.6531,8.973541,0.2955848,4.867337,78.47369,0.23248054,21.354113,0.4234098,3.4454954,0.10993879,6.9258375,39.85646,246.6531,8.973541,0.2955848,78.47369,0.4234098,3.4454954,0.10993879,,Healthy
Data/images/Crenated_15.png,5,0.93672055,48.41283,49.658836,45.349293,161.88225,0.09409024,1721.0,0.9083078,2112.0,1772.0,0.81486744,0.35007802,46.810738,0.97121894,71.0,110.0,15871500.0,1.5526848,18.0,3.179312,147.0,11.698434,94.84718,98.0,49.0,98.0,7.829701,96.03257,-0.4643816,15871500.0,0.3769382,226.2666,0.18312387,0.82386607,11.555356,0.18312387,0.6868634,0.14958952,0.9084381,0.9084381,-0.48905638,0.8818465,0.18312387,3.3357272,0.2714293,2.322564,0.8310918,2.6624386,872.14935,0.3552797,648.71063,0.5288765,0.10806895,11.614178,55.676968,707.82025,5.1517963,0.12569055,4.8713465,54.573032,0.20685647,32.306805,0.35215685,3.7611132,0.044977326,10.598314,55.676968,707.82025,5.1517963,0.12569055,54.573032,0.35215685,3.7611132,0.044977326,,Healthy
Data/images/Crenated_15.png,6,0.93468106,47.360622,48.466484,44.26708,156.71068,0.0953518,1644.0,0.9170461,2021.0,1677.0,0.8134587,0.35548738,45.751568,0.980322,70.0,124.0,16714628.0,1.7668182,26.0,2.4487798,146.0,15.663899,98.93917,102.0,55.0,91.0,11.325673,100.83179,-0.10678187,16714628.0,0.33047253,378.08875,0.2680025,0.81697667,6.846587,0.2680025,0.8385837,0.19617715,0.86599874,0.86599874,-0.43310365,0.8848951,0.2680025,2.499687,0.2033913,2.7640944,0.8209658,3.0353374,706.34064,0.4191205,543.2968,0.73163193,0.27523065,7.036496,24.821053,190.93474,5.028231,0.3028801,4.4392323,89.46316,0.28892943,12.842167,0.39084885,2.5792716,0.09469189,6.522105,24.821053,190.93474,5.028231,0.3028801,89.46316,0.39084885,2.5792716,0.09469189,,Healthy
Data/images/Crenated_15.png,10,0.86725473,52.37584,54.626,45.423195,173.19595,0.09289137,1865.0,0.8837885,2400.0,1931.0,0.77708334,0.49786463,48.729782,0.9658208,83.0,107.0,18468812.0,1.3076589,9.0,5.9953036,154.0,7.556756,98.86542,100.0,69.0,85.0,4.3278427,99.513054,0.5893677,18468812.0,0.4540037,128.47786,0.17043574,0.7424809,6.8168783,0.1693326,0.66025764,0.14176221,0.91551757,0.915444,-0.4231439,0.8062403,0.16836734,2.5634308,0.34809333,1.9562187,0.77070385,2.3100488,1013.71423,0.4038163,846.7169,0.36077482,0.18356985,7.0734587,78.103355,576.0391,12.541114,0.19377561,4.4659576,80.35195,0.1919571,50.96449,0.48560783,4.9424405,0.083191045,8.148045,78.103355,576.0391,12.541114,0.19377561,80.35195,0.48560783,4.9424405,0.083191045,,Crenated
Data/images/Crenated_15.png,13,0.86924595,47.24763,49.658836,41.06981,154.3259,0.1015302,1521.0,0.895546,1845.0,1565.0,0.82439023,0.49437994,44.006786,0.97188497,77.0,109.0,14292196.0,1.4126184,15.0,3.9561622,150.0,9.865058,96.039444,97.0,62.0,88.0,6.636629,96.93595,0.26390812,14292196.0,0.4335131,173.00305,0.1913455,0.756493,5.774848,0.18999323,0.7065109,0.15524808,0.90522873,0.9051386,-0.41704923,0.825446,0.18881,2.3404326,0.31704947,2.170506,0.7673578,2.526281,765.09204,0.38220036,659.3734,0.41720018,0.24087662,5.988166,48.518635,291.21118,10.071941,0.27430037,4.843017,52.223602,0.21170282,26.206213,0.39068374,3.144658,0.09747521,6.621118,48.518635,291.21118,10.071941,0.27430037,52.223602,0.39068374,3.144658,0.09747521,,Healthy
Data/images/Crenated_15.png,14,0.94142646,49.771618,50.990196,46.856316,168.95332,0.092450514,1828.0,0.89694726,2300.0,1885.0,0.7947826,0.33721843,48.243984,0.96976125,74.0,119.0,18679626.0,1.6124718,17.0,3.2974594,148.0,12.665957,99.632385,102.0,58.0,90.0,8.20408,101.08716,0.0015443158,18679626.0,0.3860247,292.00162,0.22847496,0.8016956,6.9949355,0.22397299,0.78143644,0.17831106,0.88876384,0.8884637,-0.44385374,0.8683869,0.22003376,2.5559933,0.27886686,2.4591238,0.8092788,2.7598727,850.0142,0.40628278,705.6532,0.597004,0.24105732,7.216083,46.19326,376.5236,7.619101,0.31215668,4.67339,90.30787,0.24343544,29.318703,0.41170993,2.7031946,0.13025646,6.5101123,46.19326,376.5236,7.619101,0.31215668,90.30787,0.41170993,2.7031946,0.13025646,,Healthy
Data/images/Crenated_15.png,17,0.9746794,45.30247,47.507893,44.155384,151.74011,0.0968657,1567.0,0.9246337,1892.0,1609.0,0.8282241,0.22360696,44.667286,0.9738968,74.0,106.0,13954468.0,1.3716223,14.0,3.896282,146.0,9.884714,93.43587,96.0,58.0,88.0,6.317778,94.36743,-0.10489758,13954468.0,0.46535212,174.95169,0.15561391,0.79662377,5.061064,0.15430072,0.62499803,0.13180521,0.9230685,0.92298096,-0.48175085,0.8526746,0.15315168,2.180893,0.36619762,2.046097,0.7981805,2.4004688,858.10913,0.31443593,729.2068,0.39627302,0.28944638,5.17358,77.52878,356.54315,20.20711,0.32746303,5.045768,35.08633,0.17740907,45.756496,0.31141743,1.9821434,0.10271953,5.6870503,77.52878,356.54315,20.20711,0.32746303,35.08633,0.31141743,1.9821434,0.10271953,,Healthy
Data/images/Crenated_15.png,19,0.96184963,42.732548,44.65423,41.102287,151.29646,0.11019407,1374.0,0.8681833,1764.0,1431.0,0.7789116,0.2735787,41.826202,0.9601677,69.0,131.0,15143126.0,1.888496,39.0,1.907894,148.0,19.855955,102.43959,108.5,58.0,90.0,16.009039,104.981895,-0.158176,15143126.0,0.29252452,527.3279,0.22330827,0.881318,7.661654,0.22330827,0.76616246,0.1734417,0.88834584,0.88834584,-0.5342657,0.9309582,0.22330827,2.6139097,0.19841908,2.7640686,0.8975583,3.03151,635.21106,0.3751687,401.92868,0.93495333,0.2890486,7.6783113,39.88856,354.43988,7.596652,0.3447988,4.4683743,66.70088,0.2481805,23.6531,0.35558915,2.051621,0.10285735,6.3167157,39.88856,354.43988,7.596652,0.3447988,66.70088,0.35558915,2.051621,0.10285735,,Healthy
Data/images/Crenated_15.png,24,0.9536154,46.353622,47.853943,44.20353,158.95332,0.099067196,1605.0,0.89331615,2021.0,1659.0,0.7941613,0.30102763,45.205635,0.96745026,74.4,104.0,15037080.0,1.5917635,14.0,5.588644,158.0,10.626602,95.49408,97.0,64.0,94.0,6.296172,96.79306,1.015159,15037080.0,0.40899408,249.7777,0.23987138,0.7730784,5.5897107,0.22700964,0.80316246,0.188338,0.8886388,0.8877813,-0.40782762,0.84638214,0.21575563,2.2762058,0.2899178,2.4596555,0.79867345,2.7655838,745.85236,0.43431798,656.4355,0.57473046,0.27602077,5.8747663,41.743004,220.09924,10.168426,0.31467557,4.69548,80.31807,0.24485981,25.064196,0.4475131,3.757499,0.12045062,6.80916,41.743004,220.09924,10.168426,0.31467557,80.31807,0.4475131,3.757499,0.12045062,,Healthy
Data/images/Crenated_15.png,25,0.8770148,50.561413,53.235325,44.34311,166.81119,0.09502204,1756.0,0.8903898,2068.0,1794.0,0.8491296,0.4804633,47.28434,0.9788183,75.0,106.0,16102541.0,1.4370537,13.0,4.2586036,150.0,9.338115,94.9459,98.0,61.0,89.0,6.1459403,95.76018,-0.19530988,16102541.0,0.4165711,155.28807,0.22397661,0.7315096,5.5695906,0.22163743,0.771544,0.17485346,0.88957113,0.8894152,-0.37724745,0.8083221,0.21959065,2.2944446,0.28170153,2.278836,0.74500376,2.6347518,822.4465,0.42051074,731.49884,0.43390706,0.26646245,5.758542,35.451538,203.10165,8.290792,0.31678092,4.653725,77.31206,0.24088839,18.218243,0.42020506,2.7596853,0.13008179,5.815603,35.451538,203.10165,8.290792,0.31678092,77.31206,0.42020506,2.7596853,0.13008179,,Healthy
Data/images/Crenated_15.png,26,0.9807779,46.066124,48.466484,45.180634,161.05382,0.09880602,1631.0,0.88864374,2070.0,1691.0,0.7879227,0.19512738,45.570316,0.964518,69.0,131.0,17710140.0,1.9630586,35.0,2.4509616,165.0,19.168589,101.58859,104.0,50.0,115.0,14.442679,104.20391,0.084185526,17710140.0,0.2892513,538.2115,0.23737374,0.87399465,7.4968433,0.2361111,0.7937451,0.18162528,0.8821549,0.8820707,-0.51217324,0.93052924,0.23500632,2.5833333,0.18594822,2.9180808,0.878811,3.1886039,740.8345,0.38466093,471.76886,0.9446135,0.28360397,7.52851,30.869047,251.92143,6.800642,0.31788757,4.9013605,68.1,0.25751072,15.78877,0.34762898,2.182927,0.10425085,6.919048,30.869047,251.92143,6.800642,0.31788757,68.1,0.34762898,2.182927,0.10425085,,Healthy
Data/images/Crenated_15.png,27,0.88302433,47.878685,49.57822,42.278046,153.88225,0.0969337,1588.0,0.9178533,2024.0,1634.0,0.784585,0.46932718,44.96559,0.97184825,76.0,112.0,15071800.0,1.5417551,13.25,4.383061,152.0,10.603293,96.27708,98.0,56.0,96.0,6.420494,97.42206,0.31084093,15071800.0,0.3979143,221.78217,0.22568093,0.7595093,5.755512,0.22049287,0.7766141,0.17706382,0.89061826,0.8902724,-0.4025404,0.83696985,0.2159533,2.3236058,0.27355742,2.392383,0.76564515,2.749484,746.0088,0.43226275,631.88794,0.5001408,0.26049662,6.032116,39.05759,233.40576,8.932633,0.2809824,4.7485094,76.06283,0.24055415,21.776377,0.44538435,3.5522916,0.11007575,6.7303667,39.05759,233.40576,8.932633,0.2809824,76.06283,0.44538435,3.5522916,0.11007575,,Healthy
Data/images/Crenated_15.png,28,0.9539196,43.605576,45.607018,41.596214,149.98276,0.10558448,1421.0,0.8908082,1764.0,1471.0,0.8055556,0.30006236,42.535553,0.9660095,74.0,121.0,14721197.0,1.6308175,25.0,2.4085011,143.0,14.029946,100.29486,103.0,60.0,83.0,10.085283,101.78283,-0.28343984,14721197.0,0.37854967,300.68506,0.21843252,0.8161938,7.030479,0.21698113,0.7602806,0.1713517,0.89175135,0.89165455,-0.45875672,0.8786973,0.21571118,2.558418,0.2686062,2.4842422,0.8200244,2.7883604,666.1091,0.38471386,537.91907,0.6095043,0.24540132,7.163969,41.8739,338.0528,7.112435,0.31188905,4.6995134,60.18475,0.23997185,24.508717,0.3699143,2.4174862,0.11220196,6.392962,41.8739,338.0528,7.112435,0.31188905,60.18475,0.3699143,2.4174862,0.11220196,,Healthy
Data/images/Crenated_15.png,29,0.9592384,46.454384,48.04165,44.56083,158.95332,0.097968146,1623.0,0.898313,2112.0,1676.0,0.76846594,0.28259808,45.45842,0.9683771,75.0,108.0,15164497.0,1.4131225,16.0,3.15587,142.0,10.255695,95.788666,100.0,61.0,81.0,7.1299434,96.66177,-0.53649676,15164497.0,0.41585702,168.02989,0.20126984,0.7714374,6.1225395,0.19746032,0.7284115,0.16227926,0.90190476,0.9016508,-0.42583454,0.83337194,0.19412698,2.4047618,0.29581657,2.1918132,0.7865888,2.5569217,803.99567,0.4064387,674.9359,0.4470586,0.24854521,6.3074555,48.379215,351.33426,9.293266,0.30842307,4.659107,63.752808,0.2193469,27.594835,0.42193142,2.7651966,0.12764636,5.825843,48.379215,351.33426,9.293266,0.30842307,63.752808,0.42193142,2.7651966,0.12764636,,Healthy
Data/images/Crenated_15.png,30,0.9209579,47.209797,49.73932,43.478237,160.2254,0.09967365,1608.0,0.887052,1935.0,1655.0,0.8310078,0.38966206,45.247864,0.9716012,71.0,119.0,15808129.0,1.6998053,21.0,2.7694697,145.0,13.675529,97.587685,99.0,57.0,88.0,9.533228,99.151024,-0.12042674,15808129.0,0.34398204,307.56943,0.20448717,0.8401557,6.4102564,0.20448717,0.7308122,0.16267218,0.8977564,0.8977564,-0.49639073,0.902057,0.20448717,2.4233975,0.23506226,2.5450878,0.8470603,2.8668938,773.5833,0.36626413,553.1231,0.64469284,0.28225625,6.481965,44.806538,314.76022,9.95786,0.33711776,4.683857,61.66485,0.22823383,25.609247,0.3490021,1.9513159,0.10523885,5.719346,44.806538,314.76022,9.95786,0.33711776,61.66485,0.3490021,1.9513159,0.10523885,,Healthy
Data/images/Crenated_15.png,31,0.93127584,46.105057,48.270073,42.936527,155.53911,0.10031545,1551.0,0.8974313,1978.0,1608.0,0.7841254,0.36431476,44.43866,0.9645522,74.0,112.0,14846866.0,1.5104407,17.0,3.1456015,161.0,11.395451,96.719536,100.0,57.0,104.0,7.7209744,97.83888,-0.38295975,14846866.0,0.3982219,217.77885,0.21941489,0.7812888,6.369016,0.20611702,0.7629193,0.17693067,0.8991578,0.89827126,-0.44420287,0.857184,0.19448139,2.4448137,0.28622875,2.3241134,0.7968318,2.651251,755.5545,0.38908282,617.64215,0.5075788,0.25347787,6.491296,47.789627,357.82132,9.035518,0.32380244,4.7364283,59.28242,0.22372663,27.811045,0.3921138,2.3163283,0.13443993,5.665706,47.789627,357.82132,9.035518,0.32380244,59.28242,0.3921138,2.3163283,0.13443993,,Healthy
Data/images/Crenated_15.png,32,0.9141761,47.736877,50.47772,43.63991,160.46803,0.098326005,1633.0,0.8924347,2025.0,1682.0,0.80641973,0.4053172,45.598248,0.970868,75.0,114.0,15890599.0,1.4980038,19.0,2.8566296,144.0,11.9424515,97.49235,99.0,57.0,87.0,8.337166,98.64545,-0.2676139,15890599.0,0.39788103,226.16666,0.22495274,0.7650003,6.1858854,0.22243226,0.7735103,0.17547663,0.88920397,0.88903594,-0.40409875,0.83426505,0.22022684,2.4124134,0.2714869,2.3512497,0.7764705,2.685722,759.9614,0.40902632,649.73975,0.4895029,0.25289175,6.375995,37.710327,269.07306,7.245277,0.30854675,4.6505404,70.486145,0.24311084,20.790678,0.40220457,2.6713383,0.11736264,5.9974813,37.710327,269.07306,7.245277,0.30854675,70.486145,0.40220457,2.6713383,0.11736264,,Healthy
Data/images/Crenated_15.png,33,0.94663215,44.624172,46.400433,42.242676,151.05382,0.10223609,1478.0,0.9020632,1892.0,1530.0,0.78118396,0.32231596,43.380272,0.9660131,64.0,144.0,16963352.0,2.2068312,51.0,1.8953403,179.0,25.827501,102.93978,104.0,53.0,126.0,21.076479,107.13186,0.1491316,16963352.0,0.22766383,880.63574,0.27405858,0.9094155,8.292887,0.27405858,0.84722835,0.19895047,0.8629707,0.8629707,-0.53427166,0.95164526,0.27405858,2.630056,0.13430335,3.2379386,0.92177916,3.4543676,633.05817,0.41215774,336.48715,1.4801866,0.34142685,8.322057,23.066362,200.40732,7.4153113,0.30339882,4.689328,87.256294,0.29566982,11.627416,0.38601008,3.257897,0.082578056,8.17849,23.066362,200.40732,7.4153113,0.30339882,87.256294,0.38601008,3.257897,0.082578056,,Crenated
Data/images/Crenated_15.png,35,0.93196934,45.950584,49.09175,42.824535,154.81119,0.10055939,1540.0,0.898447,1892.0,1583.0,0.81395346,0.36253715,44.280796,0.9728364,75.0,124.0,16133556.0,1.7009171,25.0,2.4835253,149.0,14.838573,100.73247,102.0,58.0,91.0,10.865591,102.353966,-0.06490109,16133556.0,0.34795666,329.30505,0.23328876,0.8160779,7.0020056,0.23328876,0.78370047,0.17886512,0.8833556,0.8833556,-0.4488467,0.88483065,0.23328876,2.5464573,0.22189943,2.6394398,0.81683755,2.8682275,720.0273,0.32911283,535.8533,0.63364816,0.24136905,7.112987,29.246819,226.10178,5.523431,0.26724625,4.697748,65.615776,0.2551948,13.891589,0.2613611,1.8662305,0.06956127,6.8982186,29.246819,226.10178,5.523431,0.26724625,65.615776,0.2613611,1.8662305,0.06956127,,Crenated
Data/images/Crenated_15.png,36,0.91990566,48.74136,49.979996,44.837456,164.81119,0.09629634,1712.0,0.88982934,2162.0,1772.0,0.7918594,0.39213967,46.68818,0.96614,74.0,116.9,16266773.0,1.6718512,22.0,3.948201,168.0,13.374699,95.89194,96.0,50.0,118.0,8.911801,97.47625,0.43280214,16266773.0,0.3651977,306.35574,0.27430972,0.75825924,5.90036,0.26830733,0.8583592,0.2023209,0.86684674,0.86644655,-0.37177554,0.8371125,0.26305524,2.3388355,0.23011857,2.6419888,0.7614073,2.9474068,731.7523,0.44835794,625.21844,0.61156505,0.27284187,6.249416,25.811476,157.25204,6.1341753,0.28221938,4.676816,101.62705,0.28504673,13.504031,0.43755484,3.816262,0.10383678,7.155738,25.811476,157.25204,6.1341753,0.28221938,101.62705,0.43755484,3.816262,0.10383678,,Healthy
Data/images/Crenated_15.png,38,0.9095844,46.013546,46.75468,41.853207,155.29646,0.10294761,1509.0,0.8865761,1978.0,1565.0,0.7628918,0.41551915,43.832848,0.96421725,74.0,121.0,15671939.0,1.612349,26.0,2.3923318,144.0,14.406255,100.40358,104.0,55.0,89.0,10.786801,101.90999,-0.35053462,15671939.0,0.38194382,304.76688,0.2134063,0.8211701,6.9746923,0.2134063,0.7479435,0.16786404,0.89329684,0.89329684,-0.46574977,0.8827048,0.2134063,2.5465117,0.26455945,2.4876635,0.82773596,2.8080332,710.31744,0.39255607,576.3532,0.58837783,0.24388392,7.0775347,44.62117,348.23956,8.446437,0.29398793,4.685717,63.8078,0.2379059,26.953081,0.3838353,2.325531,0.117400885,6.398329,44.62117,348.23956,8.446437,0.29398793,63.8078,0.3838353,2.325531,0.117400885,,Healthy
Data/images/Crenated_15.png,41,0.89725876,48.789516,49.729267,43.776825,159.88225,0.09559477,1673.0,0.9067504,2016.0,1713.0,0.8298611,0.441505,46.153328,0.97664917,71.2,119.0,16596103.0,1.6626334,23.0,2.7928944,144.0,14.200628,97.98147,101.0,47.0,97.0,9.910984,99.59903,-0.386807,16596103.0,0.36123925,319.59738,0.21565004,0.8245476,12.441774,0.21565004,0.75214463,0.16914509,0.89217496,0.89217496,-0.46557593,0.8863686,0.21565004,3.4547136,0.24732426,2.537964,0.82791007,2.8470125,785.7412,0.38341522,604.3533,0.62168705,0.1036038,12.524806,38.8925,532.61,3.311052,0.11800903,4.830584,65.21,0.23909146,21.399193,0.36148518,4.266719,0.041462157,11.6925,38.8925,532.61,3.311052,0.11800903,65.21,0.36148518,4.266719,0.041462157,,Crenated
Data/images/Crenated_15.png,44,0.96217,44.510216,45.705578,42.826397,158.36754,0.106073365,1494.0,0.86490554,1935.0,1556.0,0.772093,0.27244976,43.614445,0.96015424,71.0,111.0,13937176.0,1.5176841,21.0,2.9206152,150.0,12.467137,95.3253,99.0,51.0,99.0,8.911556,96.58553,-0.5428647,13937176.0,0.3863074,241.85268,0.21201657,0.80089754,6.0,0.20787293,0.75009847,0.16880542,0.89675415,0.8964779,-0.44166994,0.8575113,0.20424724,2.3608425,0.26956642,2.3449836,0.8084144,2.6726608,716.4431,0.39703482,577.14325,0.53451645,0.28282,6.1552877,43.75,319.26163,9.094895,0.33169332,4.618775,57.726746,0.23025435,24.88815,0.39297026,2.5094614,0.10788256,5.5523257,43.75,319.26163,9.094895,0.33169332,57.726746,0.39297026,2.5094614,0.10788256,,Healthy
Data/images/Crenated_15.png,45,0.94800913,45.007534,45.88028,42.667557,152.3259,0.10117961,1506.0,0.9029663,1848.0,1554.0,0.8149351,0.31824306,43.789253,0.969112,74.0,122.0,15281152.0,1.6437513,27.0,2.278358,141.0,14.6185,99.16467,100.0,56.0,85.0,11.1564045,100.73156,-0.19765998,15281152.0,0.36349952,313.21457,0.2108145,0.8224087,6.6988363,0.2108145,0.74303675,0.16637175,0.89459276,0.89459276,-0.46846873,0.8870395,0.2108145,2.4921286,0.24418359,2.5266356,0.82514244,2.8086507,718.5631,0.34198752,547.4303,0.587104,0.25106978,6.764276,32.560905,234.83003,7.311536,0.28169262,4.8537974,47.849857,0.23439576,14.359685,0.28330395,1.7906989,0.085899115,6.4475923,32.560905,234.83003,7.311536,0.28169262,47.849857,0.28330395,1.7906989,0.085899115,,Healthy
Data/images/Crenated_15.png,47,0.94368124,47.102955,48.466484,44.450172,164.2254,0.100076415,1642.0,0.8744176,2024.0,1697.0,0.8112648,0.33085608,45.72373,0.96758986,73.0,125.0,16941992.0,1.7919207,27.0,2.539273,156.0,15.818772,99.6894,100.0,54.0,102.0,11.446266,101.577065,0.045774277,16941992.0,0.3251486,379.923,0.26394984,0.81060237,6.7429466,0.26269594,0.836215,0.1949407,0.868861,0.86877745,-0.4258368,0.88277024,0.26159874,2.48558,0.19845167,2.792577,0.81205875,3.0874438,709.88794,0.42098922,533.89404,0.7151913,0.2602372,7.014007,24.352688,170.94838,5.448994,0.26166785,4.766546,83.84731,0.28319123,11.883436,0.39133078,3.381965,0.0851462,7.5182796,24.352688,170.94838,5.448994,0.26166785,83.84731,0.39133078,3.381965,0.0851462,,Crenated
Data/images/Crenated_15.png,48,0.9089505,51.971603,53.488316,47.239616,182.71068,0.09516181,1921.0,0.8501423,2346.0,1996.0,0.81884056,0.41690397,49.45597,0.9624249,80.0,124.0,20258388.0,1.6214746,23.0,2.8773859,150.0,13.816017,101.21343,100.0,50.0,100.0,9.822049,102.69251,-0.052131396,20258388.0,0.3700704,301.59317,0.22858672,0.79103476,6.89454,0.22858672,0.7755395,0.17633483,0.88570666,0.88570666,-0.42782977,0.8645044,0.22858672,2.5420237,0.24064273,2.5279028,0.79234314,2.852104,883.6778,0.38430497,710.9053,0.5579874,0.21966192,7.098907,29.560417,203.62291,5.8795104,0.22936574,4.8175874,74.05,0.24986985,13.543746,0.3484432,2.8363373,0.06696408,7.420833,29.560417,203.62291,5.8795104,0.22936574,74.05,0.3484432,2.8363373,0.06696408,,Crenated
Data/images/Crenated_15.png,49,0.9095366,47.90235,48.466484,43.568943,155.63962,0.09510517,1637.0,0.9213885,2064.0,1685.0,0.79312015,0.41562384,45.65406,0.97151333,74.0,117.0,16457612.0,1.5469031,22.0,2.7983623,149.0,13.482743,98.86133,102.0,57.0,92.0,9.703994,100.26724,-0.19845225,16457612.0,0.3944657,279.95694,0.16614223,0.84691215,6.7079926,0.16488357,0.65034896,0.13895564,0.917768,0.9176841,-0.53779596,0.90004176,0.16378225,2.4996853,0.30413407,2.2582045,0.8653311,2.5827594,873.8406,0.3461776,645.74036,0.5406742,0.2504412,6.740379,68.1068,536.8026,12.167565,0.3475818,4.673891,46.281555,0.18875992,40.040806,0.36413977,1.7404517,0.14499876,5.2394824,68.1068,536.8026,12.167565,0.3475818,46.281555,0.36413977,1.7404517,0.14499876,,Healthy
Data/images/Crenated_15.png,50,0.88790154,49.58123,51.312767,44.02325,159.74011,0.093497284,1709.0,0.9172726,2070.0,1760.0,0.82560384,0.46003357,46.647255,0.9710227,72.0,123.0,17034964.0,1.7808459,25.0,2.7056115,158.0,15.356894,98.0041,99.0,51.0,107.0,10.989512,99.83885,0.1103166,17034964.0,0.3305801,362.99414,0.22716346,0.83714694,6.578125,0.22716346,0.77303374,0.17556022,0.8864183,0.8864183,-0.47453701,0.90230376,0.22716346,2.4483173,0.21383071,2.7048357,0.8379154,2.9694133,798.63837,0.34593782,564.96136,0.7044035,0.2721798,6.732592,28.144209,192.96927,6.6559806,0.26714015,4.895976,60.508274,0.24751316,11.82108,0.28286478,2.3673158,0.0608827,7.2245865,28.144209,192.96927,6.6559806,0.26714015,60.508274,0.28286478,2.3673158,0.0608827,,Crenated
Data/images/Crenated_15.png,52,0.8650392,53.025536,55.946404,45.86917,171.63962,0.09017053,1904.0,0.901081,2352.0,1955.0,0.8095238,0.50170416,49.236652,0.973913,78.0,120.0,19279346.0,1.5658027,20.0,2.9937055,143.0,12.451796,99.35189,100.0,55.0,88.0,8.473051,100.62657,-0.2619844,19279346.0,0.38559744,254.90874,0.21832883,0.7835941,6.6345015,0.21725067,0.7595577,0.17113099,0.89155436,0.8914825,-0.42487663,0.85475785,0.21630728,2.4978437,0.26084727,2.4312112,0.79017544,2.706833,907.0641,0.33439443,734.17755,0.51987827,0.23089184,6.814601,30.044346,211.3459,5.8640213,0.24601194,4.866021,61.31042,0.23686975,12.221346,0.26750344,2.3307853,0.05477533,7.2017736,30.044346,211.3459,5.8640213,0.24601194,61.31042,0.26750344,2.3307853,0.05477533,,Crenated
Data/images/Crenated_15.png,53,0.90888834,45.50348,47.169907,41.357582,151.88225,0.10307584,1474.0,0.8959277,1804.0,1519.0,0.81707317,0.41703954,43.321533,0.97037524,79.0,121.0,15494567.0,1.5292177,21.0,2.7300894,142.0,12.48552,101.30325,102.0,61.0,81.0,8.863257,102.52764,-0.13441171,15494567.0,0.40089825,249.56815,0.23023093,0.7602731,6.9447165,0.23023093,0.77841365,0.17722465,0.88488454,0.88488454,-0.39758223,0.8349143,0.23023093,2.5650804,0.27177835,2.4067426,0.7642116,2.729517,671.9769,0.39512748,590.924,0.49642423,0.21158412,7.18114,35.278076,273.43582,5.662136,0.2542892,4.6532683,68.213905,0.25373134,19.745203,0.37628463,2.8261094,0.09265316,7.0721927,35.278076,273.43582,5.662136,0.2542892,68.213905,0.37628463,2.8261094,0.09265316,,Healthy
Data/images/Crenated_15.png,56,0.9097113,44.37094,45.54119,40.364746,150.81119,0.10745364,1404.0,0.8805978,1720.0,1455.0,0.81627905,0.41524127,42.280354,0.9649485,73.0,121.0,14055824.0,1.6687123,25.0,2.4818199,148.0,14.86488,98.39031,99.0,59.0,89.0,10.846409,100.056335,-0.05857343,14055824.0,0.35385165,330.61688,0.24614254,0.79141223,6.2909627,0.24467303,0.80874044,0.18627764,0.8779084,0.8778104,-0.41631868,0.86362773,0.24338722,2.413299,0.2262988,2.6054475,0.7947208,2.9290497,622.0299,0.42119586,496.80768,0.6088602,0.268474,6.532051,26.549334,178.17334,6.0069447,0.2896111,4.6373205,65.82667,0.26709402,12.531797,0.3969108,2.9993014,0.09190857,6.696,26.549334,178.17334,6.0069447,0.2896111,65.82667,0.3969108,2.9993014,0.09190857,,Healthy
Data/images/Crenated_15.png,57,0.90061873,47.364964,49.658836,42.657776,162.1249,0.10254579,1582.0,0.86940306,1932.0,1637.0,0.81884056,0.43461007,44.88056,0.96640193,70.0,133.0,17147992.0,2.080383,31.0,3.8720214,202.0,19.281166,101.02718,99.0,38.0,164.0,12.999808,104.112625,0.6110143,17147992.0,0.28042486,632.9468,0.30032572,0.86402154,13.433225,0.2990228,0.8859882,0.2109111,0.85070574,0.8506189,-0.46101418,0.9238581,0.29788274,3.5325732,0.15807362,3.206106,0.8761268,3.4178252,659.66876,0.42552674,443.6321,1.0951815,0.10898701,13.647914,19.821783,250.62376,2.0599797,0.109613895,4.843607,105.57426,0.3192162,10.008141,0.40225932,6.388505,0.040615857,14.560396,19.821783,250.62376,2.0599797,0.109613895,105.57426,0.40225932,6.388505,0.040615857,,Crenated
Data/images/Crenated_15.png,60,0.7847833,46.634174,47.169907,36.59772,145.29646,0.10887708,1335.0,0.89126974,1760.0,1379.0,0.75852275,0.6197702,41.228325,0.9680928,65.0,122.0,13117838.0,1.8069853,30.0,2.5827246,149.0,17.306492,96.84494,101.0,42.0,107.0,12.695604,99.12666,-0.4887504,13117838.0,0.33324805,447.15274,0.22934362,0.8530888,12.281081,0.22007722,0.7840367,0.18090965,0.8915058,0.89088804,-0.49326497,0.9120795,0.2119691,3.408108,0.23093306,2.72339,0.8592326,2.9989161,627.35657,0.4083132,444.88614,0.7769524,0.11956742,12.413484,44.122257,612.7586,3.9054573,0.15204893,4.8302484,56.83699,0.23895131,26.608425,0.40339133,4.501615,0.06347482,11.16301,44.122257,612.7586,3.9054573,0.15204893,56.83699,0.40339133,4.501615,0.06347482,,Crenated
Data/images/Crenated_15.png,61,0.92540693,49.15934,51.42956,45.492397,161.88225,0.09253058,1750.0,0.9159308,2070.0,1789.0,0.84541065,0.3789749,47.203487,0.97820014,75.0,126.0,18608800.0,1.7899653,26.0,3.2787828,185.0,15.731243,101.218285,101.0,50.0,135.0,11.339455,103.11935,0.21777382,18608800.0,0.33452278,388.45865,0.28169015,0.80244625,7.071009,0.2793427,0.8638928,0.20365779,0.86071986,0.8605634,-0.41082987,0.87762994,0.27728873,2.5492957,0.19614646,2.8444679,0.80357754,3.036063,776.1863,0.36568162,585.41486,0.71211624,0.24023968,7.289143,18.73077,125.46154,4.491567,0.22665384,4.679772,92.55,0.29714286,7.4049554,0.3126651,2.9158213,0.061948147,8.096154,18.73077,125.46154,4.491567,0.22665384,92.55,0.3126651,2.9158213,0.061948147,,Crenated
Data/images/Crenated_15.png,62,0.8286558,45.874252,47.127487,38.013966,152.2254,0.11139802,1367.0,0.8608404,1755.0,1427.0,0.7789174,0.5597585,41.71952,0.95795375,79.0,116.0,13474600.0,1.5279245,15.0,3.5816522,147.0,10.964323,98.198975,99.0,63.0,84.0,7.088116,99.28272,0.2708347,13474600.0,0.3950026,214.0204,0.19683258,0.7894318,6.355958,0.19532429,0.71806204,0.158681,0.90258926,0.9024887,-0.44666284,0.85856485,0.19400452,2.4468327,0.2792855,2.3232603,0.7949629,2.6390462,672.0417,0.3441129,539.96857,0.4890637,0.2290295,6.591807,39.53512,262.10367,8.158816,0.22624025,4.814539,39.595318,0.21872714,18.63279,0.3019054,2.9084547,0.04898716,7.421405,39.53512,262.10367,8.158816,0.22624025,39.595318,0.3019054,2.9084547,0.04898716,,Crenated
Data/images/Crenated_15.png,63,0.86225116,45.58794,47.127487,39.308254,155.05382,0.11075273,1401.0,0.85543394,1800.0,1466.0,0.7783333,0.5064809,42.235157,0.95566165,55.0,132.0,14307789.0,2.2271864,40.0,2.3544526,174.0,23.014877,97.10136,99.0,33.0,141.0,17.031454,101.05718,-0.14252083,14307789.0,0.23805419,783.8812,0.31512916,0.8833519,13.002952,0.301845,0.92117983,0.22401874,0.85129154,0.85040593,-0.4934806,0.94255364,0.2902214,3.4365313,0.13759507,3.3472917,0.89202785,3.5320132,562.94147,0.4939859,333.51392,1.3536502,0.16304128,12.970021,20.204037,287.8453,2.3078544,0.21019681,4.6774125,103.004486,0.31834403,10.336549,0.48023924,4.2747574,0.10436528,10.79148,20.204037,287.8453,2.3078544,0.21019681,103.004486,0.48023924,4.2747574,0.10436528,,Crenated
Data/images/Crenated_15.png,68,0.8272811,37.628513,40.804413,31.12936,115.59798,0.12654404,914.0,0.92684895,1056.0,927.0,0.8655303,0.56178814,34.113647,0.9859763,69.0,113.0,8057874.0,1.5719777,21.0,3.4308963,152.0,13.211382,92.32166,93.0,49.0,103.0,8.964568,93.893845,0.07378768,8057874.0,0.3895398,292.76523,0.27468786,0.7186945,10.38706,0.26106697,0.86321455,0.2065319,0.87173665,0.8708286,-0.34739992,0.8084158,0.2491487,3.167991,0.24966083,2.5211825,0.7289915,2.8374183,392.57986,0.45836467,356.0394,0.5211816,0.116332665,10.762582,24.249027,252.82101,2.6832263,0.116439685,4.483527,51.684826,0.28118163,11.600903,0.44435668,6.1125064,0.045196123,11.715953,24.249027,252.82101,2.6832263,0.116439685,51.684826,0.44435668,6.1125064,0.045196123,,Crenated
Data/images/Crenated_15.png,69,0.93825865,50.970127,53.235325,47.823162,174.56854,0.09248664,1888.0,0.88223124,2304.0,1955.0,0.8194444,0.3459346,49.029343,0.9657289,78.0,130.3,20785518.0,1.8238673,28.0,2.8772504,174.0,16.595745,102.88454,102.0,54.0,120.0,11.832155,104.92511,0.305179,20785518.0,0.32511815,424.0513,0.25434783,0.8277804,7.4847827,0.25434783,0.8180968,0.189655,0.8728261,0.8728261,-0.45093223,0.89745796,0.25434783,2.6217391,0.202819,2.811701,0.8295369,3.0551875,842.38983,0.3791834,613.8231,0.7467791,0.22158986,7.7070975,24.705427,163.38567,5.537636,0.20625968,4.8071833,85.36822,0.2733051,11.317769,0.332845,3.2441335,0.06479995,8.889535,24.705427,163.38567,5.537636,0.20625968,85.36822,0.332845,3.2441335,0.06479995,,Crenated
Data/images/Crenated_15.png,70,0.93696487,54.516483,58.30952,51.08003,188.2254,0.0866799,2172.0,0.8776202,2499.0,2227.0,0.86914766,0.34942362,52.587795,0.9753031,71.0,136.0,23339474.0,2.0572696,33.0,3.0736432,183.0,19.605268,100.645485,98.0,44.0,139.0,13.628442,103.66106,0.5225067,23339474.0,0.27961347,616.0999,0.2892874,0.86440456,13.491269,0.28834355,0.8710028,0.20614539,0.8559855,0.8559226,-0.4679593,0.9246267,0.2875177,3.5453043,0.16086194,3.1602242,0.86851704,3.3355083,942.13257,0.38696164,607.32043,1.0558125,0.105759576,13.669429,17.553545,227.77376,1.800975,0.104212925,4.883992,119.06938,0.30524862,6.82125,0.34235188,5.6305404,0.03191633,14.758673,17.553545,227.77376,1.800975,0.104212925,119.06938,0.34235188,5.6305404,0.03191633,,Crenated
Data/images/Crenated_15.png,71,0.85712224,52.45576,56.938564,44.961,171.05382,0.09319195,1836.0,0.8878699,2156.0,1883.0,0.851577,0.5151131,48.349434,0.97503984,78.0,132.0,20414380.0,1.8883265,29.0,3.155558,172.0,16.908283,103.25109,102.0,42.0,130.0,11.880909,105.446396,0.3063582,20414380.0,0.31738624,458.15536,0.28292412,0.8272182,14.006697,0.28292412,0.85940456,0.20287806,0.858538,0.858538,-0.43267483,0.8969196,0.28292412,3.6509488,0.18494509,2.9559126,0.8337694,3.1589043,801.1906,0.38265792,582.7211,0.81880426,0.09325511,14.247276,18.965517,257.8911,1.7114948,0.09332779,4.699366,100.219604,0.30010894,7.8624706,0.3381115,5.2562294,0.029044705,14.892922,18.965517,257.8911,1.7114948,0.09332779,100.219604,0.3381115,5.2562294,0.029044705,,Crenated
Data/images/Crenated_15.png,83,0.7187147,57.997864,60.216278,41.683918,184.2254,0.097654596,1887.0,0.83576435,2397.0,1951.0,0.78723407,0.6953051,49.016354,0.9671963,70.0,130.0,19924126.0,2.0124857,32.0,2.9853742,177.0,19.131338,99.94064,98.0,44.0,133.0,13.558266,102.75517,0.39157575,19924126.0,0.2873253,570.4925,0.2877384,0.8519953,13.102997,0.28555858,0.8717876,0.20619471,0.857584,0.8574387,-0.4557452,0.91635376,0.28365123,3.5035422,0.16503026,3.1016455,0.8586575,3.329759,801.5034,0.41419592,542.1828,0.9780331,0.10776894,13.300477,19.632404,256.9094,1.9545513,0.10968712,4.8421073,106.44251,0.30418655,8.825034,0.37907806,5.603119,0.0379775,13.7735195,19.632404,256.9094,1.9545513,0.10968712,106.44251,0.37907806,5.603119,0.0379775,,Crenated
Data/images/Crenated_15.png,85,0.857463,41.34192,42.72002,35.449165,135.49748,0.11828675,1146.0,0.8854647,1435.0,1182.0,0.7986063,0.5145456,38.198593,0.96954316,66.0,159.5,17348990.0,2.2966104,66.75,1.6426355,179.0,31.770733,117.82374,128.0,54.0,125.0,26.813852,123.039566,-0.2768443,17348990.0,0.21628763,1256.3022,0.23582359,0.9428325,12.779478,0.23582359,0.7880258,0.18021081,0.8820882,0.8820882,-0.5902547,0.96592045,0.23582359,3.291629,0.14161876,3.2279952,0.94996357,3.4639325,524.62305,0.35961184,247.86562,2.127961,0.26932955,12.557591,28.262627,377.0606,8.194534,0.2756257,5.1044774,49.82155,0.2591623,13.373941,0.31174132,3.1493726,0.08889845,11.10101,28.262627,377.0606,8.194534,0.2756257,49.82155,0.31174132,3.1493726,0.08889845,,Crenated
Data/images/Crenated_15.png,88,0.9508567,44.790848,46.840153,42.589676,161.4386,0.10823909,1493.0,0.84802604,1980.0,1552.0,0.7540404,0.30963132,43.599846,0.9619845,65.0,141.0,16660440.0,2.2246525,44.0,2.219081,176.0,24.019794,101.69056,99.0,39.0,137.0,18.283613,105.63634,0.16370109,16660440.0,0.23434971,818.06635,0.26625174,0.90240586,14.205394,0.26486862,0.83991265,0.19609635,0.86779624,0.86770403,-0.5265272,0.9509138,0.26365837,3.6020055,0.13768558,3.2824404,0.9079697,3.4964755,655.41125,0.38507903,349.88412,1.3611455,0.117826425,14.221031,20.389277,305.655,2.0931633,0.12666179,5.0828032,73.56876,0.28734094,8.277579,0.3392235,5.1024113,0.042178694,14.083916,20.389277,305.655,2.0931633,0.12666179,73.56876,0.3392235,5.1024113,0.042178694,,Crenated
Data/images/Crenated_2.png,1,0.9012151,47.52272,48.332184,42.82819,154.56854,0.096877806,1596.0,0.9160775,1974.0,1637.0,0.80851066,0.43337214,45.078712,0.9749542,67.0,131.0,17795656.0,1.8939238,41.0,1.8721573,142.0,20.561314,102.91165,111.0,55.0,87.0,16.702494,105.59432,-0.41995725,17795656.0,0.291205,559.3525,0.21562298,0.8928264,7.945126,0.21562298,0.75209427,0.16912971,0.8921885,0.8921885,-0.5418895,0.9329147,0.21562298,2.6546159,0.20044544,2.7483191,0.9033074,2.9807842,761.2782,0.32467917,464.76315,1.0211066,0.30040377,7.9166665,36.330708,319.28873,8.230825,0.34169948,4.6130238,65.761154,0.2387218,18.783186,0.2655281,1.4565867,0.07940372,6.7401576,36.330708,319.28873,8.230825,0.34169948,65.761154,0.2655281,1.4565867,0.07940372,,Healthy
Data/images/Crenated_2.png,2,0.97470045,43.957752,46.06517,42.845642,153.88225,0.104291596,1476.0,0.88488334,1806.0,1521.0,0.81727576,0.22351517,43.35091,0.9704142,67.0,129.0,15512879.0,1.8557836,39.25,1.8958696,144.0,20.08126,99.87331,106.0,54.0,90.0,16.004656,102.518684,-0.24376611,15512879.0,0.30488172,535.4033,0.21912073,0.88733137,7.230286,0.21912073,0.75855875,0.17110683,0.8904396,0.8904396,-0.54263926,0.93058234,0.21912073,2.5233774,0.21468097,2.6988394,0.8968699,2.9460359,689.7358,0.3784619,450.00543,0.9652984,0.32407406,7.276423,41.915966,359.55743,8.957906,0.36011904,4.468401,61.829132,0.24186991,24.822258,0.3561117,2.0585063,0.090680964,5.957983,41.915966,359.55743,8.957906,0.36011904,61.829132,0.3561117,2.0585063,0.090680964,,Healthy
Data/images/Crenated_2.png,4,0.92130065,51.261246,52.63079,47.227016,170.1249,0.08961016,1899.0,0.9079091,2397.0,1955.0,0.7922403,0.38885105,49.171963,0.9713555,69.0,119.0,18985996.0,1.6538013,24.0,2.5807598,146.0,14.874464,98.24908,102.0,50.0,96.0,10.572426,99.989456,-0.46967486,18985996.0,0.3686974,345.01062,0.21428572,0.8386182,6.685606,0.21428572,0.7495953,0.16836734,0.89285713,0.89285713,-0.48089185,0.890904,0.21428572,2.4756494,0.26491433,2.493149,0.8482414,2.7992427,899.60034,0.4018578,700.1564,0.6718949,0.2825939,6.8183255,47.30425,373.20358,9.11498,0.33746582,4.6722727,83.3132,0.23538704,29.25601,0.40571412,2.6203587,0.11147904,6.069351,47.30425,373.20358,9.11498,0.33746582,83.3132,0.40571412,2.6203587,0.11147904,,Healthy
Data/images/Crenated_2.png,8,0.84400576,49.90374,51.62364,42.119045,160.1249,0.09725168,1647.0,0.8983115,2112.0,1702.0,0.77982956,0.5363341,45.793293,0.9676851,77.0,121.0,17711504.0,1.4839358,23.0,2.409164,140.0,13.285773,102.426834,106.0,60.0,80.0,10.101848,103.700516,-0.3412157,17711504.0,0.4268927,262.53973,0.17841548,0.81500095,7.455396,0.17841548,0.67659837,0.1465834,0.9107923,0.9107923,-0.48645023,0.87462157,0.17841548,2.6575172,0.3214847,2.2526848,0.83171886,2.534207,845.73224,0.32757688,703.0923,0.47870296,0.20022094,7.5251975,69.912125,586.85455,9.869276,0.2694234,4.751521,52.4303,0.20036429,45.00295,0.3130247,2.1089096,0.10423829,6.839394,69.912125,586.85455,9.869276,0.2694234,52.4303,0.3130247,2.1089096,0.10423829,,Crenated
Data/images/Crenated_2.png,9,0.880894,49.47227,50.803543,43.579826,162.46803,0.0961065,1691.0,0.8971077,2150.0,1747.0,0.7865116,0.47331354,46.400948,0.96794504,75.0,125.0,18728680.0,1.6686115,30.0,2.070076,141.0,16.185902,103.53519,110.0,63.0,78.0,12.500518,105.24023,-0.42925343,18728680.0,0.3716566,355.97083,0.22439024,0.8281173,7.5695124,0.22439024,0.7681033,0.17403926,0.88780487,0.88780487,-0.484966,0.89619124,0.22439024,2.6512196,0.26435903,2.5388093,0.8595851,2.740239,792.9657,0.3375025,628.4713,0.64135134,0.23029602,7.644589,45.420048,383.6969,6.7522874,0.31835058,4.3105297,104.65155,0.24778238,29.13237,0.30877888,1.7480588,0.10675746,6.436754,45.420048,383.6969,6.7522874,0.31835058,104.65155,0.30877888,1.7480588,0.10675746,,Healthy
Data/images/Crenated_2.png,10,0.81162554,54.12204,55.65968,43.92683,169.88225,0.091163,1864.0,0.900786,2279.0,1917.0,0.81790257,0.5841781,48.716717,0.9723526,79.0,121.0,20315090.0,1.3931483,19.25,2.6902237,138.0,12.218801,103.26502,106.0,62.0,76.0,8.840485,104.396614,-0.48074442,20315090.0,0.4630421,234.98877,0.19889502,0.7657448,7.407735,0.19889502,0.7197126,0.15933579,0.9005525,0.9005525,-0.41682693,0.8261907,0.19889502,2.661326,0.3456039,2.1793134,0.77615356,2.4899633,910.8884,0.38208017,863.11053,0.43179557,0.19200048,7.6040773,60.90338,514.8744,8.272141,0.2523987,4.5241046,80.884056,0.222103,40.631638,0.39562458,3.1728227,0.10320064,7.169082,60.90338,514.8744,8.272141,0.2523987,80.884056,0.39562458,3.1728227,0.10320064,,Healthy
Data/images/Crenated_2.png,13,0.88331985,50.45632,52.201534,44.569073,168.36754,0.09552768,1763.0,0.8839163,2200.0,1822.0,0.80136365,0.4687708,47.37849,0.967618,78.0,112.0,16981972.0,1.3891829,16.0,3.0587778,139.0,10.117027,97.28134,100.0,60.0,79.0,6.9663415,98.144936,-0.33687246,16981972.0,0.42667854,168.76941,0.19801402,0.75989115,6.353388,0.1968458,0.72013164,0.15926576,0.9017718,0.90169394,-0.4158093,0.82540053,0.1958236,2.4576519,0.30484512,2.1782353,0.775846,2.5208929,867.7056,0.383548,752.23425,0.41738528,0.22926909,6.466251,52.054264,371.94833,9.058122,0.30001077,4.7165403,67.53747,0.2195122,31.301178,0.39125434,2.3883908,0.12100249,5.868217,52.054264,371.94833,9.058122,0.30001077,67.53747,0.39125434,2.3883908,0.12100249,,Healthy
Data/images/Crenated_2.png,14,0.88562983,50.24293,52.34501,44.49664,160.81119,0.091761015,1753.0,0.92282146,2116.0,1798.0,0.8284499,0.4643919,47.24393,0.9749722,70.0,124.0,19141368.0,1.6345458,27.0,2.5479178,141.0,16.31566,102.60011,108.0,51.0,90.0,11.945712,104.495,-0.70419174,19141368.0,0.39326438,392.42252,0.17819461,0.8673668,7.552755,0.17819461,0.6761115,0.1464413,0.9109027,0.9109027,-0.5333968,0.9067195,0.17819461,2.6400938,0.30923098,2.37391,0.879029,2.6271825,899.3982,0.30854514,689.39246,0.68906146,0.25505483,7.5419283,72.28775,619.70087,11.020695,0.34015906,4.823045,55.529915,0.20022818,47.344696,0.27191818,1.5277661,0.085573085,6.3589745,72.28775,619.70087,11.020695,0.34015906,55.529915,0.27191818,1.5277661,0.085573085,,Crenated
Data/images/Crenated_2.png,15,0.9256218,49.40547,51.088158,45.73078,164.71068,0.09313581,1769.0,0.9050774,2205.0,1825.0,0.80226755,0.3784499,47.45904,0.96931505,72.0,131.0,19891890.0,1.9563587,34.0,2.5664265,175.0,18.725,103.53646,106.0,53.0,122.0,13.7008095,106.04107,0.059386265,19891890.0,0.29437864,524.91003,0.2635253,0.8585044,7.8749275,0.26236182,0.83538634,0.19469157,0.869013,0.8689354,-0.4793918,0.92108405,0.2613438,2.6599767,0.1780873,2.9919162,0.8629687,3.2100964,779.7111,0.38479868,520.7558,0.9150475,0.2536554,7.9739966,24.066,200.24,4.760166,0.2678461,4.7669306,88.36,0.28264555,11.548556,0.34256533,2.774685,0.0751096,7.866,24.066,200.24,4.760166,0.2678461,88.36,0.34256533,2.774685,0.0751096,,Crenated
Data/images/Crenated_2.png,16,0.75133634,54.710304,55.362442,41.10584,167.29646,0.09508182,1760.0,0.8888179,2226.0,1815.0,0.7906559,0.6599195,47.33816,0.969697,79.0,119.0,18651800.0,1.4271805,17.0,2.8044024,138.0,11.301988,101.897156,104.0,61.0,77.0,7.695927,102.94472,-0.30709592,18651800.0,0.4487584,214.58318,0.21616872,0.74843484,7.393673,0.21616872,0.75310975,0.16943981,0.8919156,0.8919156,-0.3977869,0.81837595,0.21616872,2.659344,0.33287534,2.2311544,0.7685897,2.5133898,825.3534,0.3848089,789.81476,0.4474677,0.19447206,7.572727,47.672985,400.11847,6.4766817,0.27349922,4.5409565,86.36493,0.23977272,30.278948,0.3827828,2.7894244,0.11977852,6.978673,47.672985,400.11847,6.4766817,0.27349922,86.36493,0.3827828,2.7894244,0.11977852,,Healthy
Data/images/Crenated_2.png,17,0.87667334,47.85128,50.08992,41.949944,155.05382,0.09860338,1573.0,0.9066043,1978.0,1620.0,0.79524773,0.48108608,44.75272,0.9709877,70.0,129.0,16278336.0,1.9023173,33.0,2.2801168,152.0,18.142824,99.338844,100.0,50.0,102.0,13.694272,101.728035,0.0076890844,16278336.0,0.28942513,480.38678,0.2254902,0.8706376,6.9843135,0.22287582,0.7745817,0.17581657,0.8889978,0.8888235,-0.5183786,0.92828184,0.22058824,2.495098,0.18422893,2.8272903,0.8834484,3.0925372,737.829,0.35405478,455.26575,0.86153376,0.28925532,7.081373,33.814137,256.75653,8.713348,0.32352602,4.761556,66.90576,0.24284807,16.857851,0.31722087,1.9178622,0.10140463,6.3219895,33.814137,256.75653,8.713348,0.32352602,66.90576,0.31722087,1.9178622,0.10140463,,Crenated
Data/images/Crenated_2.png,19,0.81380713,48.130768,49.57822,39.169163,151.53911,0.102634005,1477.0,0.8988701,1892.0,1521.0,0.7806554,0.58113503,43.365593,0.97107166,73.0,123.0,15847926.0,1.6678237,30.0,2.1719012,147.0,16.239124,101.79553,106.0,59.0,88.0,12.549295,103.584785,-0.2750267,15847926.0,0.36806524,367.47748,0.21493371,0.8342901,7.1681786,0.21493371,0.7508081,0.1687372,0.8925331,0.8925331,-0.4847,0.89581245,0.21493371,2.5743196,0.25814795,2.5352674,0.8464338,2.8024676,697.5362,0.356428,543.6324,0.6443563,0.24861299,7.2566013,42.014206,340.7841,7.002032,0.31944445,4.6281114,63.522728,0.23832092,24.407598,0.32754284,1.8950762,0.099792056,6.2727275,42.014206,340.7841,7.002032,0.31944445,63.522728,0.32754284,1.8950762,0.099792056,,Healthy
Data/images/Crenated_2.png,21,0.96151054,48.13725,49.658836,46.28447,170.36754,0.0977719,1743.0,0.8685693,2205.0,1808.0,0.7904762,0.2747681,47.108986,0.9640487,64.0,147.0,20609328.0,2.3623977,52.0,2.487981,195.0,27.442432,103.7074,99.0,46.0,149.0,20.848415,108.73847,0.50409925,20609328.0,0.21249723,1068.8301,0.29307282,0.9202863,15.312611,0.2895204,0.8813811,0.20925075,0.85583186,0.85559505,-0.5345719,0.9594704,0.2864121,3.6906455,0.119247556,3.4719365,0.92377293,3.6517067,741.864,0.40666032,370.38266,1.8183209,0.114348486,15.262765,17.412964,258.19446,2.0452433,0.108458355,5.0291476,97.703705,0.30981067,6.9944134,0.36594495,6.128561,0.03575496,15.885185,17.412964,258.19446,2.0452433,0.108458355,97.703705,0.36594495,6.128561,0.03575496,,Crenated
Data/images/Crenated_2.png,23,0.9913481,45.472755,47.92703,45.07933,159.29646,0.099219225,1606.0,0.8916696,1980.0,1647.0,0.8111111,0.13125919,45.219715,0.97510624,74.0,123.0,17302392.0,1.6604924,27.0,2.4141967,146.0,15.230518,102.14321,106.0,56.0,90.0,11.273935,103.79592,-0.39975366,17302392.0,0.37159064,340.35806,0.2025641,0.8370613,7.353846,0.2025641,0.72702676,0.16153188,0.89871794,0.89871794,-0.49515256,0.89648056,0.2025641,2.6141026,0.27490836,2.4738693,0.8570791,2.7210095,779.73846,0.3347534,596.7746,0.63444835,0.24086758,7.369863,48.088398,393.65195,7.5573206,0.33131906,4.7150226,64.05525,0.22540474,28.406183,0.29953668,1.7422545,0.099083975,6.3370166,48.088398,393.65195,7.5573206,0.33131906,64.05525,0.29953668,1.7422545,0.099083975,,Healthy
Data/images/Crenated_2.png,26,0.91528827,45.025032,46.518814,41.210884,151.39697,0.10416028,1454.0,0.8926789,1806.0,1501.0,0.8050941,0.40279943,43.026623,0.96868753,73.0,124.0,15287900.0,1.8036046,25.0,2.906388,161.0,15.590679,100.67125,102.0,47.0,114.0,11.181494,102.53962,0.03722636,15287900.0,0.33633915,379.67322,0.2551382,0.82774174,13.114812,0.2551382,0.81932086,0.1900427,0.8724309,0.8724309,-0.45135364,0.89616394,0.2551382,3.5357902,0.21504168,2.7879684,0.8339663,3.047378,635.2325,0.41486087,489.03714,0.743857,0.10012819,13.250344,33.394543,475.01242,2.7560565,0.11074442,4.6118393,83.43672,0.27716643,20.377306,0.3999543,5.3278484,0.04107731,12.776675,33.394543,475.01242,2.7560565,0.11074442,83.43672,0.3999543,5.3278484,0.04107731,,Crenated
Data/images/Crenated_2.png,28,0.9893951,46.425194,48.82622,45.932858,158.3259,0.09489116,1669.0,0.9145681,1936.0,1706.0,0.8620868,0.14524937,46.09812,0.97831184,72.0,130.0,18675740.0,1.8993763,30.0,2.4986353,164.0,17.655119,103.54044,106.0,49.0,115.0,13.034757,105.781746,-0.15482762,18675740.0,0.31029835,469.1543,0.264,0.8458614,14.106462,0.26276922,0.8362412,0.19495232,0.8688205,0.8687385,-0.46500984,0.91115254,0.26169232,3.6581538,0.18631044,2.9265342,0.85958093,3.1583288,736.76514,0.38381138,517.88794,0.84981304,0.094793454,14.352906,27.742554,419.2149,2.2547665,0.10060225,4.644994,87.52341,0.28160575,15.132499,0.34536746,4.846349,0.0342794,13.902127,27.742554,419.2149,2.2547665,0.10060225,87.52341,0.34536746,4.846349,0.0342794,,Crenated
Data/images/Crenated_2.png,32,0.92561877,39.559048,41.400482,36.616596,133.88225,0.11811403,1134.0,0.89144117,1443.0,1169.0,0.7858628,0.37845728,37.998074,0.9700599,71.0,123.0,10610590.0,1.7272083,19.0,3.076575,147.0,13.365033,95.04233,95.0,60.0,87.0,8.769108,96.73045,0.47505486,10610590.0,0.3509327,323.73718,0.26691043,0.7940143,5.4360147,0.26508227,0.8417603,0.19664182,0.8677636,0.8676417,-0.4038125,0.8622525,0.26348263,2.2184644,0.22402109,2.6889787,0.8101467,3.0075738,483.3192,0.4340366,397.95767,0.69544524,0.31853813,5.823633,24.12158,126.893616,7.0122423,0.31180343,4.5155783,65.85714,0.29012346,12.241092,0.41412094,3.1956742,0.09537555,6.635258,24.12158,126.893616,7.0122423,0.31180343,65.85714,0.41412094,3.1956742,0.09537555,,Healthy
Data/images/Crenated_2.png,35,0.72085404,56.875793,58.821766,40.999146,168.81119,0.09262616,1823.0,0.8964736,2304.0,1865.0,0.79123265,0.6930869,48.17796,0.9774799,78.0,130.8,20828970.0,1.8339349,28.0,3.014155,175.0,16.46688,104.91058,104.0,60.0,115.0,11.768073,106.89086,0.3287556,20828970.0,0.32534516,419.42426,0.22084507,0.8537391,8.055211,0.22084507,0.7617076,0.17207253,0.88957745,0.88957745,-0.497363,0.9159192,0.22084507,2.7222536,0.21453933,2.7580295,0.8581179,3.0123932,859.847,0.3440514,593.10425,0.75365514,0.20814149,8.0938015,33.956818,264.925,6.081435,0.23743497,5.0536594,62.904545,0.2413604,16.790863,0.2826107,2.2568696,0.07779892,8.229546,33.956818,264.925,6.081435,0.23743497,62.904545,0.2826107,2.2568696,0.07779892,,Crenated
Data/images/Crenated_2.png,37,0.8937541,53.20817,54.781384,47.555023,173.88225,0.08801936,1976.0,0.9061252,2444.0,2025.0,0.80851066,0.44855723,50.158962,0.9758025,68.0,138.0,22660860.0,2.1475616,39.0,2.3909287,177.0,21.563433,103.83958,104.0,42.0,135.0,16.067423,107.08897,-0.029108413,22660860.0,0.25260565,685.38873,0.2920998,0.8759937,14.622662,0.2910603,0.87491125,0.20738369,0.8546431,0.8545738,-0.48342857,0.935518,0.29015073,3.6865904,0.14110214,3.2641609,0.87938654,3.4083407,868.7328,0.371604,499.14877,1.1691216,0.10772941,14.645749,17.070377,266.86743,1.58011,0.12035595,4.8825293,115.815056,0.30921054,6.6113453,0.32603103,4.895795,0.042213343,14.291326,17.070377,266.86743,1.58011,0.12035595,115.815056,0.32603103,4.895795,0.042213343,,Crenated
Data/images/Crenated_2.png,39,0.9447151,47.08907,48.60041,44.485756,161.05382,0.09817362,1641.0,0.89150137,2025.0,1694.0,0.8103704,0.32789233,45.709805,0.9687131,73.0,132.0,17911744.0,1.9727387,33.0,2.6444027,169.0,18.801105,101.91164,101.0,48.0,121.0,13.77288,104.47554,0.19509672,17911744.0,0.28826487,529.15674,0.25345045,0.8640679,13.754705,0.25345045,0.8167013,0.18921332,0.8732748,0.8732748,-0.4887697,0.92485315,0.25345045,3.5984943,0.17347243,2.989041,0.871314,3.2275267,732.0908,0.37672293,473.04266,0.924153,0.09848314,13.912249,25.1153,352.92682,2.2612102,0.103418946,4.8909984,79.36807,0.27483243,11.876028,0.33404335,4.8604245,0.033617247,13.8824835,25.1153,352.92682,2.2612102,0.103418946,79.36807,0.33404335,4.8604245,0.033617247,,Crenated
Data/images/Crenated_2.png,41,0.78886837,58.857414,62.201286,46.43075,189.05382,0.088529065,2136.0,0.8665014,2550.0,2193.0,0.8376471,0.61456215,52.150166,0.9740082,74.0,128.0,22913912.0,1.8489082,30.0,2.5539157,156.0,16.899492,101.48783,102.0,44.0,112.0,12.384064,103.573586,-0.074152894,22913912.0,0.3148987,427.7077,0.27207294,0.8225383,13.357006,0.27207294,0.8444235,0.19804925,0.86396354,0.86396354,-0.4345758,0.8942253,0.27207294,3.5674183,0.18460907,2.895501,0.82489604,3.0926318,953.4869,0.36164328,672.6236,0.76628584,0.0990508,13.573033,20.407108,277.19226,1.8801961,0.0996962,4.7699904,109.47496,0.289794,8.499592,0.30781916,4.8193913,0.027876088,14.113086,20.407108,277.19226,1.8801961,0.0996962,109.47496,0.30781916,4.8193913,0.027876088,,Crenated
Data/images/Crenated_2.png,45,0.86862606,51.719498,55.542778,44.924904,174.02438,0.096119516,1811.0,0.8667505,2346.0,1869.0,0.7719523,0.4954682,48.01913,0.9689674,68.0,141.0,20639448.0,-3.2034265e-16,41.0,3.7871273,234.0,23.367214,102.67642,100.0,45.0,189.0,16.7591,106.75539,0.68244994,20639448.0,1.0,854.26526,0.0,1.0,4.0,0.0,-3.2034265e-16,0.0,1.0,1.0,0.0,0.0,0.0,2.0,1.0,-3.2034265e-16,1.0,0.31267014,1618.4897,0.05315025,1811.0,0.0,0.25,4.0,1361.196,5444.784,340.299,0.25,4.2695065,3.6666667,0.028161237,100.2499,0.0011895443,0.0047581773,0.00029738608,4.0,1361.196,5444.784,340.299,0.25,3.6666667,0.0011895443,0.0047581773,0.00029738608,,Crenated
Data/images/Crenated_2.png,46,0.9046839,47.19993,48.9183,42.701015,160.46803,0.10230669,1569.0,0.87490046,1935.0,1642.0,0.8108527,0.42608342,44.69578,0.955542,64.8,152.0,19062312.0,2.4375024,45.0,2.757988,200.0,26.544344,105.20905,101.0,37.0,163.0,19.087852,110.22404,0.47603083,19062312.0,0.210596,1080.3936,0.31824148,0.9147586,15.698819,0.30905512,0.9210448,0.2227264,0.8470035,0.8463911,-0.5199279,0.95993364,0.30101705,3.7404857,0.11441994,3.6214228,0.9194919,3.808316,639.29956,0.45219904,330.4251,1.847856,0.11960087,15.697259,16.980354,251.43222,1.8647711,0.12173388,5.091397,104.05698,0.32441044,7.4784565,0.4276676,7.2329745,0.048845403,16.383104,16.980354,251.43222,1.8647711,0.12173388,104.05698,0.4276676,7.2329745,0.048845403,,Crenated
Data/images/Crenated_2.png,49,0.9740933,49.34794,53.814495,48.0695,182.99495,0.10021629,1827.0,0.82778245,2304.0,1929.0,0.79296875,0.22614634,48.230785,0.9471229,72.0,149.0,21908208.0,2.26774,37.0,4.0829477,228.0,24.304022,104.91571,98.0,53.0,175.0,16.129332,109.50505,1.0557877,21908208.0,0.25064492,984.0509,0.36245772,0.8925264,8.925591,0.35118377,0.971565,0.23912768,0.8262871,0.82553554,-0.46289495,0.93731993,0.34131905,2.7240698,0.13419266,3.5006237,0.9021006,3.635745,721.3974,0.4646342,457.92828,1.65955,0.27350727,9.032841,13.400901,94.84234,3.8126779,0.23100464,4.820247,156.09009,0.36453202,5.8755174,0.45683056,5.8242064,0.07830006,10.959459,13.400901,94.84234,3.8126779,0.23100464,156.09009,0.45683056,5.8242064,0.07830006,,Crenated
Data/images/Crenated_2.png,50,0.8013486,55.27049,59.548298,44.290928,178.61017,0.09427827,1895.0,0.8638653,2256.0,1961.0,0.8399823,0.59819764,49.120148,0.9663437,71.0,138.0,21326328.0,2.1692839,35.0,3.7970726,209.0,21.588234,102.49604,99.0,43.0,166.0,15.111771,106.08487,0.829505,21326328.0,0.26474586,748.5603,0.31869918,0.8799607,14.296477,0.31219512,0.917982,0.2212334,0.84498644,0.8445529,-0.46809056,0.93261254,0.30650407,3.6233063,0.14595105,3.3355515,0.8897219,3.495715,794.4702,0.41509318,501.6934,1.3085662,0.10366967,14.455409,15.753226,207.61774,1.6581526,0.09605782,4.900486,122.97419,0.32717678,6.4113293,0.38499975,7.067679,0.030705333,16.074194,15.753226,207.61774,1.6581526,0.09605782,122.97419,0.38499975,7.067679,0.030705333,,Crenated
Data/images/Crenated_2.png,54,0.722873,64.39805,68.622154,46.55161,194.95332,0.08379683,2327.0,0.87705296,2915.0,2402.0,0.7982847,0.690981,54.43187,0.96877605,71.0,146.0,27983620.0,2.2589483,40.0,3.0693727,211.0,23.278013,105.74173,103.0,47.0,164.0,16.556755,109.66139,0.59122026,27983620.0,0.2376949,844.3085,0.33391994,0.88641036,15.457105,0.3233612,0.94105256,0.22935747,0.8400792,0.83937526,-0.47466433,0.94017524,0.31412232,3.7622085,0.12554589,3.4602325,0.88946956,3.5686002,994.3829,0.395453,553.116,1.4505358,0.09861611,15.544477,13.676963,196.9601,1.415262,0.09073343,4.9257236,151.79279,0.33390632,4.707824,0.36170724,7.0171604,0.027753733,16.971685,13.676963,196.9601,1.415262,0.09073343,151.79279,0.36170724,7.0171604,0.027753733,,Crenated
Data/images/Crenated_2.png,55,0.73774713,53.381435,54.56189,39.382,162.46803,0.09897535,1642.0,0.88401055,2080.0,1707.0,0.78942305,0.67507714,45.72373,0.9619215,71.0,139.0,18833936.0,2.0793324,35.0,2.655356,179.0,20.135487,104.13398,103.0,48.0,131.0,14.465825,107.09864,0.2794749,18833936.0,0.266667,626.233,0.2838263,0.8701958,14.563248,0.281309,0.8671457,0.20469156,0.85976505,0.8595972,-0.47952333,0.9301393,0.27910635,3.6894274,0.14925121,3.1766112,0.87669027,3.3584993,719.7016,0.3762783,437.86725,1.0770932,0.09722534,14.652863,17.289156,253.83133,1.6304525,0.09955653,4.8244967,89.686745,0.30328867,6.417703,0.32831135,4.631188,0.034179688,14.493976,17.289156,253.83133,1.6304525,0.09955653,89.686745,0.32831135,4.631188,0.034179688,,Crenated
Data/images/Crenated_2.png,56,0.97251713,46.93766,49.979996,45.64768,166.02438,0.09980426,1664.0,0.8708522,2115.0,1731.0,0.7867612,0.23283127,46.02902,0.96129405,62.0,152.0,20218136.0,-3.2034265e-16,53.25,3.3113234,253.0,29.095285,104.320915,99.5,37.0,216.0,21.324163,110.2285,0.6439959,20218136.0,1.0,1267.4691,0.0,1.0,4.0,0.0,-3.2034265e-16,0.0,1.0,1.0,0.0,0.0,0.0,2.0,1.0,-3.2034265e-16,1.0,0.32664382,1482.851,0.057829548,1664.0,0.0,0.25,4.0,1309.6327,5238.531,327.40817,0.25,4.1624393,3.6938775,0.029447116,156.4065,0.043123834,0.17249534,0.010780958,4.0,1309.6327,5238.531,327.40817,0.25,3.6938775,0.043123834,0.17249534,0.010780958,,Crenated
Data/images/Crenated_2.png,58,0.9170527,48.89004,52.83938,44.834743,187.33809,0.110328674,1698.0,0.77973616,2209.0,1805.0,0.7686736,0.39876607,46.49689,0.9407202,76.0,143.0,20340484.0,2.0891335,36.0,3.1345239,209.0,20.839954,106.37161,102.0,43.0,166.0,15.216181,109.449,0.5997738,20340484.0,0.27734563,664.16284,0.31013432,0.8657735,15.253358,0.30402932,0.90708137,0.2177005,0.84900284,0.84859586,-0.458247,0.9239077,0.29868743,3.7753358,0.15858759,3.2323186,0.8692228,3.3727365,726.192,0.39552525,470.93286,1.1382449,0.09113492,15.415783,15.443038,214.31465,1.449254,0.08637094,4.8110175,105.716095,0.32567728,6.014918,0.35806102,6.7272067,0.02682643,16.855335,15.443038,214.31465,1.449254,0.08637094,105.716095,0.35806102,6.7272067,0.02682643,,Crenated
Data/images/Crenated_3.png,1,0.9705159,46.928383,48.703182,45.544746,160.36754,0.09565615,1677.0,0.9050869,2162.0,1728.0,0.77567065,0.24103701,46.20847,0.9704861,71.0,116.0,16955650.0,1.5468696,24.0,3.069777,155.0,14.158519,98.98032,104.0,56.0,99.0,10.03013,100.551994,-0.35387045,16955650.0,0.4159339,313.5995,0.21424186,0.8193212,6.8189073,0.20564763,0.75460356,0.17195092,0.89860857,0.8980356,-0.47093517,0.8698495,0.19812769,2.5165746,0.32987583,2.2942472,0.84582984,2.5700781,828.08167,0.43696383,697.5212,0.61423326,0.26256725,6.997615,69.00798,569.0186,11.180968,0.33361185,4.419189,93.15426,0.2242099,49.11543,0.49720702,3.7657678,0.13202678,6.444149,69.00798,569.0186,11.180968,0.33361185,93.15426,0.49720702,3.7657678,0.13202678,,Healthy
Data/images/Crenated_3.png,2,0.9679467,49.067947,50.695168,47.49516,167.53911,0.09182741,1825.0,0.90377575,2303.0,1881.0,0.79244465,0.25115576,48.20438,0.9702286,78.0,119.0,18952330.0,1.42547,15.0,3.1194549,144.0,11.013343,100.81425,103.0,64.0,80.0,7.1920447,101.90603,-0.16562174,18952330.0,0.4590907,221.32605,0.17802817,0.8020422,7.4377465,0.17690141,0.67748207,0.14673406,0.9117371,0.911662,-0.466545,0.8532244,0.1759155,2.6602817,0.3615808,2.1396017,0.8089076,2.4677014,952.77423,0.37435135,837.8406,0.4638757,0.1984513,7.666849,86.49862,726.49585,12.510465,0.2644628,4.6150894,76.76859,0.19890411,61.22238,0.42727843,3.3077114,0.11506649,7.2066116,86.49862,726.49585,12.510465,0.2644628,76.76859,0.42727843,3.3077114,0.11506649,,Healthy
Data/images/Crenated_3.png,3,0.9263983,48.942043,50.358715,45.339825,165.19595,0.09502212,1739.0,0.89473176,2250.0,1797.0,0.7728889,0.37654507,47.0549,0.96772397,78.0,111.0,17209788.0,1.531863,11.5,4.3594713,146.0,10.204134,98.40828,100.0,61.0,85.0,5.9219213,99.4805,0.24878052,17209788.0,0.39456722,212.18063,0.22689573,0.75954664,6.515403,0.22452606,0.776882,0.17648378,0.8881319,0.8879739,-0.40007523,0.8351554,0.22245261,2.481339,0.2670269,2.3906844,0.7614606,2.7521746,804.6032,0.42590293,686.1524,0.4949081,0.22647515,6.783784,40.422897,285.49765,7.8022294,0.26148754,4.6437664,82.34112,0.24611846,23.914246,0.4286326,3.2198803,0.111245036,6.8668222,40.422897,285.49765,7.8022294,0.26148754,82.34112,0.4286326,3.2198803,0.111245036,,Healthy
Data/images/Crenated_3.png,4,0.9265579,48.035717,49.76947,44.507874,159.29646,0.09507398,1676.0,0.91090065,2070.0,1717.0,0.80966187,0.37615213,46.19469,0.9761211,71.0,112.0,15971738.0,1.5209779,21.0,2.50761,133.0,12.980723,96.33532,101.0,59.0,74.0,9.425727,97.62006,-0.55645645,15971738.0,0.4057436,249.18231,0.17290007,0.8559136,6.5824647,0.17290007,0.6642961,0.14300562,0.91354996,0.91354996,-0.52274,0.89127296,0.17290007,2.4635193,0.31777626,2.2348874,0.8590296,2.5522904,879.3365,0.3548923,680.02625,0.59888583,0.2811464,6.6300716,73.32722,580.16516,14.40454,0.35514355,4.7394304,52.602448,0.1951074,47.057674,0.3742939,1.8952891,0.124756984,5.235474,73.32722,580.16516,14.40454,0.35514355,52.602448,0.3742939,1.8952891,0.124756984,,Healthy
Data/images/Crenated_3.png,5,0.9751528,45.027134,46.8615,43.908337,151.15433,0.09761339,1549.0,0.9228688,1848.0,1585.0,0.8382035,0.2215334,44.41,0.97728705,80.0,116.0,16034294.0,1.5096791,17.0,3.7928822,151.0,11.459457,100.55778,102.0,59.0,92.0,7.4442024,101.74175,0.3004465,16034294.0,0.4085107,239.51717,0.20199336,0.7815343,7.014618,0.20066445,0.72835594,0.16172713,0.89988923,0.89980066,-0.4400842,0.853621,0.19950166,2.579402,0.29153344,2.311805,0.79644394,2.6582873,756.592,0.38905126,632.7831,0.47891536,0.20325066,7.2375727,48.420288,380.8087,7.549885,0.24992512,4.7656035,58.292755,0.22272433,28.261492,0.39112508,3.1661794,0.09828846,7.147826,48.420288,380.8087,7.549885,0.24992512,58.292755,0.39112508,3.1661794,0.09828846,,Healthy
Data/images/Crenated_3.png,6,0.8454926,53.672657,55.946404,45.379833,172.1249,0.09023585,1908.0,0.89948416,2352.0,1954.0,0.81122446,0.5339871,49.288345,0.97645855,85.0,115.0,20127900.0,1.2031102,11.0,3.611593,142.0,8.869247,102.004196,104.0,68.0,74.0,5.383089,102.709366,-0.43507203,20127900.0,0.5224834,144.35847,0.1108719,0.82752526,7.5339074,0.1108719,0.5025403,0.098579325,0.94456404,0.94456404,-0.545211,0.849501,0.1108719,2.6959095,0.4506854,1.7062248,0.827558,2.0337653,1184.0576,0.24560165,996.8983,0.33191675,0.17480491,7.6032495,162.36719,1377.1992,21.336046,0.23494466,5.054807,30.515625,0.1341719,106.818115,0.2633392,1.9932905,0.06092156,6.7539062,162.36719,1377.1992,21.336046,0.23494466,30.515625,0.2633392,1.9932905,0.06092156,,Crenated
Data/images/Crenated_3.png,9,0.9126216,47.799324,49.819675,43.622696,159.88225,0.09787711,1634.0,0.896116,2070.0,1689.0,0.78937197,0.40880537,45.612206,0.9674364,71.0,129.0,18920460.0,1.8124301,36.0,1.9808606,141.0,18.61343,105.44492,113.0,61.0,80.0,15.472643,107.60683,-0.56389385,18920460.0,0.32446003,460.59827,0.19609079,0.8867477,8.1715,0.19609079,0.71404046,0.15763919,0.9019546,0.9019546,-0.563148,0.9313287,0.19609079,2.7209961,0.24713783,2.5772538,0.90533626,2.835216,801.44183,0.34914434,530.16766,0.87454176,0.2622314,8.132191,58.75766,527.64905,10.196224,0.35869312,4.5639505,68.2312,0.21970624,38.041218,0.33917844,1.5469236,0.13289101,6.189415,58.75766,527.64905,10.196224,0.35869312,68.2312,0.33917844,1.5469236,0.13289101,,Healthy
Data/images/Crenated_3.png,10,0.863377,48.7124,49.819675,42.057163,156.36754,0.09733429,1607.0,0.90865433,2058.0,1646.0,0.7808552,0.50455946,45.23379,0.9763062,74.0,127.4,17406328.0,1.8035588,31.0,2.400263,155.0,16.504671,102.098946,104.0,55.0,100.0,12.113504,104.074814,-0.024952084,17406328.0,0.32926458,407.37228,0.23635195,0.8402256,7.474631,0.22992936,0.7965686,0.18348445,0.8861058,0.8856776,-0.48326713,0.908152,0.22430956,2.6178548,0.22339517,2.7328238,0.85564864,2.9902344,736.9664,0.39187685,529.1282,0.73797315,0.24435456,7.5556936,39.476425,328.27295,6.455529,0.31031224,4.771722,73.24318,0.25077784,23.57553,0.37324417,2.4835052,0.106758475,6.7617865,39.476425,328.27295,6.455529,0.31031224,73.24318,0.37324417,2.4835052,0.106758475,,Crenated
Data/images/Crenated_3.png,13,0.93618196,48.162807,49.67897,45.089153,158.81119,0.093390875,1701.0,0.92047536,2068.0,1752.0,0.82253385,0.35151574,46.537945,0.9708904,77.0,119.0,17693516.0,1.5145471,21.0,2.6774523,141.0,13.057897,100.70958,104.0,56.0,85.0,9.312591,101.98937,-0.4508234,17693516.0,0.41363883,259.41125,0.18681984,0.8107264,7.029021,0.18681984,0.6947712,0.15191819,0.9065901,0.9065901,-0.47249895,0.86897403,0.18681984,2.5746675,0.31216672,2.274236,0.82941574,2.5975025,862.8107,0.3856396,703.5997,0.5080015,0.22045447,7.2051735,69.05899,556.5899,10.553975,0.28339577,4.774346,69.26966,0.20928866,46.228848,0.4197642,3.175069,0.11030248,6.94382,69.05899,556.5899,10.553975,0.28339577,69.26966,0.4197642,3.175069,0.11030248,,Healthy
Data/images/Crenated_3.png,14,0.9430635,48.067867,50.606323,45.331055,164.81119,0.09652192,1708.0,0.8887889,2070.0,1754.0,0.82512075,0.3326127,46.633606,0.97377425,64.7,115.0,15843802.0,1.7233269,24.0,2.8545702,144.0,15.270127,94.39344,99.0,44.0,100.0,10.490404,96.313194,-0.5109763,15843802.0,0.34543806,366.10867,0.2203492,0.83948225,11.572547,0.21914509,0.7634853,0.17232461,0.89062816,0.8905479,-0.47488004,0.8958664,0.21809152,3.3160746,0.23738573,2.6052487,0.8454735,2.9052162,801.2681,0.41705105,590.0082,0.6935221,0.122160256,11.7254095,39.541462,508.7927,3.8853557,0.15073307,4.7943654,77.07805,0.24004684,22.187126,0.42100617,4.6185718,0.06309934,10.821951,39.541462,508.7927,3.8853557,0.15073307,77.07805,0.42100617,4.6185718,0.06309934,,Crenated
Data/images/Crenated_3.png,18,0.95921624,47.080784,48.83646,45.16065,159.29646,0.09558744,1667.0,0.9084509,2112.0,1717.0,0.78929925,0.2826734,46.07049,0.97087944,74.0,116.0,17026616.0,1.3775597,20.0,2.6380386,141.0,12.789722,99.82903,105.0,60.0,81.0,9.096203,101.06397,-0.6551438,17026616.0,0.4715586,248.09015,0.17552534,0.8274364,7.0185413,0.17428924,0.67195195,0.1451486,0.9130614,0.912979,-0.4846155,0.85486627,0.17320767,2.5686033,0.3874782,2.0517495,0.84384555,2.3261437,871.4463,0.36994135,786.0882,0.51360744,0.2408435,7.1271744,91.60909,771.01514,14.018518,0.3385943,4.2969346,74.15758,0.1979604,66.091286,0.42641535,2.7813766,0.1289727,5.742424,91.60909,771.01514,14.018518,0.3385943,74.15758,0.42641535,2.7813766,0.1289727,,Healthy
Data/images/Crenated_3.png,21,0.92258084,46.564156,48.02083,42.959198,161.19595,0.10290199,1567.0,0.8703942,1978.0,1625.0,0.79221433,0.38580388,44.667286,0.96430767,70.0,119.0,15924947.0,1.5922898,26.0,2.3926451,143.0,15.061223,99.13529,104.0,58.0,85.0,11.489244,100.8102,-0.3939467,15924947.0,0.4011319,334.89172,0.20592105,0.84732825,6.9453945,0.20460527,0.7361454,0.16405773,0.8979167,0.89782894,-0.4972467,0.88891435,0.20345394,2.524671,0.3123472,2.3594694,0.8560723,2.6165335,756.2151,0.3973628,628.5737,0.6884828,0.28180617,7.058711,63.7507,531.9916,10.875136,0.36288127,4.317981,81.07843,0.22782387,44.484257,0.42495802,2.644266,0.115419105,5.770308,63.7507,531.9916,10.875136,0.36288127,81.07843,0.42495802,2.644266,0.115419105,,Healthy
Data/images/Crenated_3.png,22,0.9814292,44.90549,46.52956,44.07156,155.88225,0.100471966,1552.0,0.8957445,1936.0,1600.0,0.8016529,0.19182464,44.452984,0.97,73.0,116.0,15157808.0,1.5746756,20.0,2.6609921,145.0,12.520957,97.548965,100.0,58.0,87.0,9.004294,98.826256,-0.27618915,15157808.0,0.38323265,250.8275,0.24270557,0.78009295,6.4310346,0.2387268,0.8061469,0.1857151,0.88129973,0.8810345,-0.40697533,0.84792006,0.23524536,2.4496021,0.25820535,2.4841893,0.7929741,2.7867863,698.9639,0.41982245,594.77704,0.5590222,0.26043904,6.6140466,37.955112,285.17957,7.320466,0.3140413,4.5849147,80.63591,0.2583763,22.975702,0.41584942,2.7063105,0.12960841,6.149626,37.955112,285.17957,7.320466,0.3140413,80.63591,0.41584942,2.7063105,0.12960841,,Healthy
Data/images/Crenated_3.png,23,0.8196049,48.35683,49.335587,39.63349,159.78175,0.10680598,1497.0,0.8581112,1968.0,1568.0,0.7606707,0.5729292,43.658215,0.95471936,73.0,129.0,16267672.0,1.8317858,31.0,2.3021348,155.0,17.274113,102.157646,106.0,52.0,103.0,12.949715,104.24418,-0.073083535,16267672.0,0.3186444,430.66318,0.21685083,0.85961634,7.569061,0.21685083,0.7543754,0.16982655,0.89157456,0.89157456,-0.51385695,0.92071724,0.21685083,2.6277623,0.2154038,2.72155,0.86949766,2.974876,705.12823,0.34329447,477.01068,0.7709911,0.24989831,7.5824986,39.77686,347.2865,6.5845165,0.31769437,4.7668157,63.26446,0.24248497,22.769756,0.2982485,1.6792667,0.09879788,6.432507,39.77686,347.2865,6.5845165,0.31769437,63.26446,0.2982485,1.6792667,0.09879788,,Crenated
Data/images/Crenated_3.png,25,0.93030035,44.10494,46.227695,41.03084,145.15433,0.10247394,1417.0,0.9191433,1680.0,1450.0,0.8434524,0.36679867,42.475647,0.9772414,69.6,121.0,14749149.0,1.6190673,30.0,2.3457758,152.0,16.537125,100.092445,106.0,49.0,103.0,12.24328,102.02311,-0.5178,14749149.0,0.39632818,390.21658,0.20915033,0.84951025,13.062454,0.2076979,0.74262226,0.16601191,0.8963931,0.8962963,-0.49036342,0.8896734,0.20642701,3.5315905,0.3054199,2.413484,0.8686849,2.687674,683.2752,0.41343322,561.59705,0.7036644,0.10225712,13.1545515,63.99077,954.61536,4.9362736,0.120862395,4.404866,71.23385,0.2293578,44.98117,0.44497898,5.461084,0.049189273,11.787692,63.99077,954.61536,4.9362736,0.120862395,71.23385,0.44497898,5.461084,0.049189273,,Crenated
Data/images/Crenated_3.png,26,0.9223209,44.725433,46.486557,41.251205,154.36754,0.106939755,1444.0,0.8724838,1936.0,1502.0,0.7458678,0.38642484,42.878407,0.96138483,75.0,116.0,14690337.0,1.2984369,21.0,2.5714815,130.0,12.511025,99.690445,104.0,60.0,70.0,8.876369,100.86309,-0.7398298,14690337.0,0.4954871,235.17911,0.15379113,0.8337847,7.122318,0.1509299,0.6202355,0.13101129,0.92501193,0.9248212,-0.52374417,0.85791755,0.14842632,2.5954936,0.43308166,1.8770735,0.8623154,2.1796064,809.76733,0.35863945,715.4834,0.46862364,0.23095086,7.1481996,114.87843,979.3255,16.165768,0.37965685,4.341652,55.27451,0.1765928,82.81175,0.44898105,2.0261047,0.19275218,4.9764705,114.87843,979.3255,16.165768,0.37965685,55.27451,0.44898105,2.0261047,0.19275218,,Healthy
Data/images/Crenated_3.png,27,0.97794926,46.972733,49.0408,45.93695,157.39697,0.093161866,1690.0,0.9257371,2024.0,1730.0,0.83498025,0.20884256,46.387226,0.9768786,73.0,127.0,18523842.0,1.7573996,29.0,2.358524,144.0,16.44611,102.74793,106.0,53.0,91.0,12.156636,104.69409,-0.36507946,18523842.0,0.34013724,403.71634,0.2122871,0.85545844,7.6149635,0.2122871,0.7458318,0.1672213,0.89385647,0.89385647,-0.50295424,0.9103387,0.2122871,2.643248,0.23611684,2.6259255,0.85980034,2.9208198,803.16925,0.37438464,574.832,0.73325336,0.24655654,7.6822486,45.316456,389.6177,7.955274,0.28987342,4.8047757,64.124054,0.23372781,27.011055,0.3514441,2.3853278,0.0920751,6.8405066,45.316456,389.6177,7.955274,0.28987342,64.124054,0.3514441,2.3853278,0.0920751,,Healthy
Data/images/Crenated_3.png,28,0.8836244,47.17454,48.76474,41.684574,154.95332,0.100521125,1542.0,0.8982057,1927.0,1586.0,0.80020756,0.46819654,44.30954,0.97225726,78.0,119.0,16242004.0,1.441142,18.0,2.883567,141.0,12.026445,101.47471,104.0,58.0,83.0,8.438426,102.630775,-0.27151275,16242004.0,0.43867347,235.96013,0.19356999,0.7865584,7.350971,0.1922304,0.7111548,0.15661746,0.90410805,0.90401876,-0.45641938,0.854881,0.19105828,2.6446753,0.32936153,2.219193,0.8065315,2.5207746,763.3943,0.38189662,676.4345,0.4528881,0.20018195,7.409209,56.310448,483.02985,7.668325,0.29104477,4.5258093,60.6,0.21725032,35.122974,0.3945223,2.341919,0.12860554,6.0597014,56.310448,483.02985,7.668325,0.29104477,60.6,0.3945223,2.341919,0.12860554,,Healthy
Data/images/Crenated_3.png,29,0.85894233,54.240723,55.362442,46.589653,173.88225,0.0878415,1980.0,0.9070421,2340.0,2026.0,0.84615386,0.5120724,50.2097,0.97729516,82.9,115.0,20416460.0,1.2849658,16.0,3.394331,150.0,10.086007,100.729294,103.0,62.0,88.0,6.8607225,101.544785,-0.38264227,20416460.0,0.4680905,164.95299,0.16294758,0.76982486,6.841723,0.15464452,0.6384832,0.13903266,0.9240616,0.92350805,-0.4582649,0.8266823,0.14737934,2.5630515,0.3700593,1.9346805,0.79677373,2.2439022,1114.3646,0.3425885,926.8192,0.36438602,0.19640067,7.0015154,97.82507,778.0379,14.151356,0.25540087,4.700528,58.049564,0.17323232,64.50222,0.39887872,3.3775477,0.08542175,6.7376094,97.82507,778.0379,14.151356,0.25540087,58.049564,0.39887872,3.3775477,0.08542175,,Crenated
Data/images/Crenated_3.png,31,0.9492555,45.910847,47.539455,43.581127,159.63962,0.10190847,1567.0,0.8788798,1936.0,1623.0,0.8094008,0.31450588,44.667286,0.965496,72.0,127.0,17137512.0,1.8300487,33.0,2.3785083,160.0,17.620779,102.397575,105.0,55.0,105.0,13.122212,104.57777,-0.1571592,17137512.0,0.32615948,451.24652,0.2209073,0.85933346,7.463511,0.2209073,0.76182073,0.17210726,0.88954633,0.88954633,-0.5076723,0.91854537,0.2209073,2.6055226,0.22321382,2.7281103,0.8667569,3.0020726,729.7415,0.37747756,511.0919,0.7892733,0.2612017,7.5022335,44.243454,369.66492,7.669492,0.3230221,4.763977,71.204185,0.24377792,27.416279,0.36006105,2.2472537,0.10948051,6.6753926,44.243454,369.66492,7.669492,0.3230221,71.204185,0.36006105,2.2472537,0.10948051,,Healthy
Data/images/Crenated_3.png,34,0.9628785,46.773582,48.466484,45.037277,159.88225,0.096839644,1652.0,0.9009034,2024.0,1702.0,0.81620556,0.26993516,45.862747,0.9706228,68.0,132.0,18310288.0,1.9638138,37.0,2.2249484,165.0,19.93305,102.54419,106.0,53.0,112.0,15.076992,105.2792,-0.14719664,18310288.0,0.28374,568.3982,0.25810474,0.86928195,7.753741,0.25810474,0.8238729,0.19148669,0.87094766,0.87094766,-0.49284035,0.9256258,0.25810474,2.625935,0.17261437,2.9715574,0.87437034,3.198833,731.86804,0.38086346,468.7385,0.97021,0.28027457,7.8401937,28.155844,237.05194,6.521048,0.28565174,4.690928,87.90909,0.27966103,15.3698015,0.34411383,2.415381,0.086850055,7.387446,28.155844,237.05194,6.521048,0.28565174,87.90909,0.34411383,2.415381,0.086850055,,Healthy
Data/images/Crenated_3.png,35,0.94202447,46.859634,49.648766,44.14292,158.81119,0.09806186,1620.0,0.8982854,1935.0,1671.0,0.8372093,0.33554423,45.416386,0.9694794,74.0,123.0,17349592.0,1.6677443,25.0,2.726,153.0,15.051787,101.803085,105.0,49.0,104.0,10.966383,103.48731,-0.33278838,17349592.0,0.37301403,345.75568,0.2382465,0.80799043,13.343075,0.2382465,0.7921121,0.1814851,0.8808767,0.8808767,-0.4353824,0.8742046,0.2382465,3.5835452,0.25017095,2.5962672,0.81106436,2.8719015,731.09753,0.39405426,604.2827,0.6262654,0.094070986,13.546296,39.68171,590.36816,2.9766772,0.10439826,4.594246,80.007126,0.25987655,24.874752,0.3737556,5.1021385,0.037511643,13.057007,39.68171,590.36816,2.9766772,0.10439826,80.007126,0.3737556,5.1021385,0.037511643,,Crenated
Data/images/Crenated_3.png,36,0.839142,50.179497,52.773098,42.107727,162.56854,0.09837733,1653.0,0.8864192,2021.0,1707.0,0.8179119,0.54391235,45.87663,0.96836555,80.0,119.0,17144082.0,1.4314456,18.0,3.1241443,146.0,11.383187,100.78524,102.0,57.0,89.0,7.795963,101.84054,-0.18456933,17144082.0,0.4243973,213.83107,0.16542289,0.80526024,6.875,0.16542289,0.6471264,0.13805816,0.91728854,0.91728854,-0.48316407,0.8636338,0.16542289,2.5559702,0.3186601,2.1502924,0.80788684,2.4913175,876.12646,0.31575945,701.52875,0.4317099,0.20601012,6.9770117,64.131836,476.92926,10.705498,0.25247857,5.089314,37.30868,0.18814278,35.881413,0.28756598,1.8984727,0.08037325,6.681672,64.131836,476.92926,10.705498,0.25247857,37.30868,0.28756598,1.8984727,0.08037325,,Crenated
Data/images/Crenated_3.png,47,0.84369147,50.487263,52.0,42.595673,161.29646,0.0958102,1684.0,0.90175104,2160.0,1733.0,0.77962965,0.53682834,46.30481,0.97172534,78.0,124.0,18127948.0,1.6275027,28.0,2.3664832,149.0,14.853928,102.20665,103.0,56.0,93.0,11.254658,103.753624,-0.105697416,18127948.0,0.36946234,318.61526,0.20195241,0.82032955,7.208664,0.1995119,0.72921515,0.16214742,0.9006508,0.9004881,-0.47394308,0.88609403,0.19737644,2.5976205,0.2551551,2.4759126,0.8214636,2.7752352,826.46436,0.3377802,622.17456,0.5659272,0.21465921,7.3432302,42.005405,313.64325,7.6713963,0.23498498,4.935353,47.43784,0.21971497,21.290606,0.28618437,2.369708,0.05856379,7.418919,42.005405,313.64325,7.6713963,0.23498498,47.43784,0.28618437,2.369708,0.05856379,,Crenated
Data/images/Crenated_3.png,48,0.93605703,47.483673,50.08992,44.447426,163.63962,0.09908544,1652.0,0.8803508,2068.0,1705.0,0.79883945,0.35184827,45.862747,0.968915,72.0,141.0,19334180.0,2.1104546,40.0,2.269212,175.0,21.628124,105.02905,103.0,55.0,120.0,16.44954,108.18271,0.2898185,19334180.0,0.2526661,672.39624,0.2847352,0.88030094,8.502804,0.28224298,0.86834013,0.2050741,0.8592939,0.8591277,-0.4891209,0.9349631,0.28006232,2.7305295,0.14138547,3.2012722,0.887698,3.3840237,726.2022,0.373793,417.40436,1.1726614,0.25687736,8.5696125,18.204819,160.51205,4.1277194,0.26510543,4.800179,94.9237,0.3014528,7.2005453,0.32960454,2.5631826,0.08394025,8.277108,18.204819,160.51205,4.1277194,0.26510543,94.9237,0.32960454,2.5631826,0.08394025,,Crenated
Data/images/Crenated_3.png,49,0.80542505,54.985973,57.306194,44.28708,176.46803,0.09285348,1901.0,0.8757352,2295.0,1956.0,0.8283224,0.5926976,49.19785,0.9718814,80.0,121.0,20703732.0,1.440619,21.0,2.7302868,147.0,12.550691,103.20095,105.0,60.0,87.0,9.056541,104.3598,-0.41878152,20703732.0,0.43700662,240.533,0.16036718,0.81962526,7.274838,0.16036718,0.6351872,0.13464954,0.91981643,0.91981643,-0.49706134,0.8710668,0.16036718,2.6287796,0.3347375,2.1497414,0.82549864,2.4354417,1018.4876,0.27359226,830.74963,0.45013767,0.19988383,7.381904,58.135838,440.28613,9.85792,0.23217726,5.075243,39.578033,0.18200947,27.949389,0.19904588,1.5483772,0.052127186,7.2601156,58.135838,440.28613,9.85792,0.23217726,39.578033,0.19904588,1.5483772,0.052127186,,Crenated
Data/images/Crenated_3.png,51,0.8340055,59.844387,63.51378,49.910545,191.05382,0.08197976,2331.0,0.89572304,2756.0,2382.0,0.845791,0.5517562,54.478634,0.9785894,72.0,110.0,20562880.0,1.6026211,20.0,3.3673038,147.0,12.442522,92.58387,94.0,52.0,95.0,8.60215,93.92275,0.27264252,20562880.0,0.3793032,249.711,0.14404918,0.8643476,5.4128237,0.14404918,0.5947458,0.12329902,0.9279754,0.9279754,-0.56837434,0.91327864,0.14404918,2.2257357,0.29283535,2.2621875,0.8706568,2.5749552,1310.2672,0.25808415,884.1557,0.5491139,0.30684555,5.5697126,67.66754,367.8089,18.494165,0.31977168,5.3426847,35.73822,0.16387816,30.431986,0.18732306,1.425945,0.043021303,6.0471206,67.66754,367.8089,18.494165,0.31977168,35.73822,0.18732306,1.425945,0.043021303,,Crenated
Data/images/Crenated_3.png,52,0.87752485,35.002426,36.05551,30.715498,113.497475,0.13568138,837.0,0.903341,1054.0,863.0,0.7941176,0.47953117,32.645084,0.96987253,72.6,214.0,21622514.0,2.9311152,102.0,1.6706339,252.0,49.14486,150.9773,158.0,51.0,201.0,40.774376,160.72757,-0.1814492,21622514.0,0.14013039,3039.205,0.3585608,0.96260846,26.545906,0.3560794,0.95022607,0.23176825,0.82237387,0.82220846,-0.5846313,0.9834697,0.35390818,4.6830025,0.07488193,4.1370726,0.96587366,4.2819376,324.9092,0.47761747,117.28913,4.9788527,0.18146151,25.851852,12.835962,350.6246,2.5556998,0.18495661,5.0487885,81.239746,0.37873358,5.864363,0.48033258,8.713717,0.08925153,21.851734,12.835962,350.6246,2.5556998,0.18495661,81.239746,0.48033258,8.713717,0.08925153,,Crenated
Data/images/Crenated_3.png,53,0.85533625,51.75905,54.405884,44.271393,163.63962,0.09139325,1791.0,0.91665024,2156.0,1830.0,0.830705,0.51807326,47.753242,0.97868854,76.0,132.0,20409770.0,1.9540082,30.0,3.2388995,192.0,17.712032,104.386375,104.0,45.0,147.0,12.430793,106.75083,0.1639701,20409770.0,0.30454493,499.22424,0.27726752,0.8451649,14.404707,0.2749713,0.8576178,0.2016583,0.86289704,0.862744,-0.4543676,0.91199523,0.27296212,3.6943169,0.17840075,3.0313032,0.84806997,3.2314425,787.4601,0.37748453,545.44,0.885979,0.09386343,14.568955,18.89924,269.53043,1.693707,0.097175434,4.8587646,96.79848,0.29369068,7.305603,0.3326686,5.115903,0.032007825,14.929658,18.89924,269.53043,1.693707,0.097175434,96.79848,0.3326686,5.115903,0.032007825,,Crenated
Data/images/Crenated_3.png,56,0.86304,53.532913,54.781384,46.201046,175.39697,0.09057422,1937.0,0.8893887,2340.0,1995.0,0.8277778,0.5051356,49.661503,0.9709273,72.0,141.0,22569900.0,2.1397526,35.0,3.006032,194.0,21.232435,104.65152,101.0,46.0,148.0,15.081139,107.944374,0.5250566,22569900.0,0.26154932,700.0463,0.3269639,0.8656463,14.622611,0.3237792,0.9212337,0.22213094,0.83864117,0.83842885,-0.4522638,0.9252311,0.32099256,3.6836517,0.13886508,3.316635,0.8709653,3.4783788,805.6629,0.41944483,506.62106,1.2040899,0.09741823,14.879194,14.237879,193.26212,1.4336407,0.09123811,4.715139,135.58182,0.34073308,5.624543,0.39413744,6.8409615,0.031419355,16.015152,14.237879,193.26212,1.4336407,0.09123811,135.58182,0.39413744,6.8409615,0.031419355,,Crenated
Data/images/Crenated_3.png,57,0.9053921,45.67978,46.957428,41.358112,150.1249,0.10133304,1482.0,0.90887266,1845.0,1522.0,0.80325204,0.42457643,43.438934,0.97371876,106.0,116.0,18175362.0,-3.2034265e-16,3.0,3.2906117,123.0,2.9088275,110.67612,110.0,101.0,22.0,1.9012133,110.74329,0.4660736,18175362.0,1.0,14.874854,0.0,1.0,1.0,0.0,-3.2034265e-16,0.0,1.0,1.0,0.0,0.0,0.0,1.0,1.0,-3.2034265e-16,1.0,0.3275958,1318.0985,0.057202853,1482.0,0.0,1.0,1.0,1294.9546,1294.9546,1294.9546,1.0,4.268378,2.909091,0.029689608,160.48967,0.035411544,0.035411544,0.035411544,1.0,1294.9546,1294.9546,1294.9546,1.0,2.909091,0.035411544,0.035411544,0.035411544,,Dead
Data/images/Crenated_3.png,58,0.9484294,56.79056,59.405388,53.861835,194.2254,0.08135095,2388.0,0.8918064,2754.0,2446.0,0.8671024,0.3169885,55.140694,0.97628784,69.0,134.0,26199380.0,2.0668073,32.5,2.6075668,172.0,19.814972,101.839615,103.0,40.0,132.0,14.241977,104.743805,-0.08842877,26199380.0,0.2727032,599.95795,0.26746678,0.87147045,13.888984,0.26746678,0.8378061,0.1959283,0.8662666,0.8662666,-0.4910963,0.9321432,0.26746678,3.6030862,0.16073008,3.121261,0.87646884,3.2987401,1077.7195,0.35164866,651.2153,1.0377619,0.11115845,13.950168,19.189985,261.58322,1.9915763,0.11750532,5.0102725,113.32106,0.28433836,6.8211417,0.288811,4.1378455,0.037713114,14.332843,19.189985,261.58322,1.9915763,0.11750532,113.32106,0.288811,4.1378455,0.037713114,,Crenated
Data/images/Crenated_3.png,62,0.88561195,54.515797,44.94441,48.279842,266.6518,0.60948986,440.0,0.278067,1760.0,1383.0,0.25,0.46442592,23.66908,0.31814894,60.0,117.0,3499025.0,1.9034957,25.0,5.4628677,184.0,18.01812,85.80227,81.0,48.0,136.0,11.44957,89.175835,1.4006934,3499025.0,0.32592976,590.29956,0.3197832,0.8504205,9.523035,0.31436315,0.91751665,0.22095901,0.84372175,0.8433604,-0.4125512,0.8886488,0.3096206,2.9349594,0.1883322,2.9998188,0.9038858,3.2216623,184.21819,0.42157024,143.40909,1.0871435,0.15616183,9.856818,8.709678,75.543015,1.3832113,0.14569058,4.0605993,49.827957,0.4227273,3.1136549,0.45346412,5.3622494,0.057640083,11.005377,8.709678,75.543015,1.3832113,0.14569058,49.827957,0.45346412,5.3622494,0.057640083,,Crenated
Data/images/Crenated_3.png,66,0.9060559,55.9983,59.07622,50.737587,188.95332,0.08509494,2221.0,0.8840479,2700.0,2292.0,0.8225926,0.42315796,53.177673,0.9690227,72.0,139.0,26560272.0,2.1685324,35.0,3.0222661,197.0,20.891657,106.15218,106.0,35.0,162.0,14.795277,109.35584,0.16257346,26560272.0,0.2600783,690.4136,0.29778394,0.8769919,15.311634,0.2931671,0.88925135,0.21183696,0.8541859,0.85387814,-0.48107862,0.93664265,0.2891274,3.7749307,0.14505956,3.3120465,0.87811166,3.4843729,951.0351,0.40023872,577.634,1.1906838,0.10152214,15.396218,18.185402,278.34308,1.6577636,0.109115094,4.99466,126.48029,0.30841964,7.6726604,0.3608172,5.5510883,0.04003948,15.309489,18.185402,278.34308,1.6577636,0.109115094,126.48029,0.3608172,5.5510883,0.04003948,,Crenated
Data/images/Crenated_3.png,68,0.8021672,54.300434,55.569775,43.558025,177.19595,0.09635452,1839.0,0.8579105,2448.0,1929.0,0.7512255,0.5970995,48.38892,0.9533437,65.0,145.0,20248946.0,2.2763371,41.0,2.9810443,204.0,24.326004,100.5329,96.0,42.0,162.0,17.464066,104.93258,0.6655029,20248946.0,0.23549427,903.9825,0.32196757,0.8966796,13.972052,0.32196757,0.9065083,0.21830446,0.8390162,0.8390162,-0.4921641,0.94583946,0.32196757,3.5461152,0.12664,3.446814,0.9000508,3.569081,778.6324,0.40328026,433.07394,1.5287625,0.11683799,14.121805,14.193291,176.29074,1.7707123,0.1052521,4.8273616,134.79233,0.3404024,5.5632114,0.38042152,7.002517,0.034198765,16.038338,14.193291,176.29074,1.7707123,0.1052521,134.79233,0.38042152,7.002517,0.034198765,,Crenated
Data/images/Crenated_3.png,125,0.8537715,36.4636,39.115215,31.131582,114.28427,0.13143677,870.0,0.91464645,957.0,880.0,0.90909094,0.52064794,33.282402,0.9886364,87.0,161.0,13964097.0,2.158935,41.0,2.1725025,184.0,22.591795,123.796555,122.0,66.0,118.0,17.230312,126.6913,0.03603363,13964097.0,0.25039238,725.1,0.2960761,0.8750133,13.378121,0.2960761,0.87644136,0.20841505,0.851962,0.851962,-0.48569068,0.93510956,0.2960761,3.5130796,0.1443832,3.234597,0.88118106,3.4435096,363.90576,0.42146122,217.84138,1.2177091,0.12630396,13.395402,20.532373,262.82013,2.2421403,0.15885891,4.6821465,58.820145,0.31954023,10.7386265,0.3980244,4.437707,0.090450436,13.017985,20.532373,262.82013,2.2421403,0.15885891,58.820145,0.3980244,4.437707,0.090450436,,Crenated
Data/images/Crenated_4.png,2,0.9623333,48.237946,51.0,46.420982,165.29646,0.094266586,1754.0,0.898037,2160.0,1809.0,0.81203705,0.2718723,47.257404,0.96959645,64.0,138.0,20815576.0,2.0205386,50.0,1.7931211,155.0,24.449644,105.33238,115.0,53.0,102.0,20.191229,108.938,-0.3614005,20815576.0,0.2640682,772.57764,0.19542253,0.92454547,8.713028,0.19542253,0.71267813,0.15723257,0.90228873,0.90228873,-0.59660065,0.9533416,0.19542253,2.7414906,0.19057874,2.8173347,0.9342839,3.0607526,864.5348,0.32467246,463.1756,1.3118709,0.32115102,8.627138,46.637077,434.65274,12.418837,0.345565,4.7890816,58.603134,0.21835804,25.664024,0.2782598,1.5943122,0.08634467,7.308094,46.637077,434.65274,12.418837,0.345565,58.603134,0.2782598,1.5943122,0.08634467,,Healthy
Data/images/Crenated_4.png,4,0.8180571,51.790215,53.160137,42.36735,165.53911,0.096215695,1721.0,0.8882427,2193.0,1774.0,0.7847697,0.57513696,46.810738,0.970124,79.0,122.0,18672444.0,1.4768214,19.0,2.9084835,147.0,12.287591,102.910515,104.0,66.0,81.0,8.241707,104.1622,0.035268966,18672444.0,0.43028745,259.18896,0.22634731,0.7492305,7.508982,0.2239521,0.7759174,0.17619276,0.88842314,0.88826346,-0.40768284,0.8316905,0.22185628,2.6778443,0.31603175,2.2979846,0.7707056,2.6095738,805.8344,0.46956876,740.5247,0.46907446,0.18931581,7.7443347,54.352245,466.2317,7.1745963,0.27562714,4.378125,109.955086,0.24578734,37.799084,0.5166738,3.6635122,0.1585237,7.0118203,54.352245,466.2317,7.1745963,0.27562714,109.955086,0.5166738,3.6635122,0.1585237,,Healthy
Data/images/Crenated_4.png,6,0.92976403,50.527313,51.739735,46.978477,164.46803,0.08839991,1861.0,0.92969024,2300.0,1907.0,0.80913043,0.36815596,48.677498,0.97587836,73.0,113.0,17293962.0,1.6210943,17.0,3.336767,142.0,11.750008,95.11661,97.0,55.0,87.0,7.665683,96.39934,-0.0021660842,17293962.0,0.37115964,245.66454,0.210381,0.80332893,5.6543345,0.20817228,0.7457684,0.16704531,0.89628196,0.89613473,-0.4512966,0.87261677,0.20623964,2.2857537,0.25556487,2.45917,0.80813766,2.8142362,896.0134,0.3910628,690.7281,0.5614507,0.2871067,5.9027405,40.115295,231.21648,10.766634,0.30550653,4.826668,72.36471,0.22837184,20.941198,0.38898915,2.9282854,0.09925893,6.348235,40.115295,231.21648,10.766634,0.30550653,72.36471,0.38898915,2.9282854,0.09925893,,Healthy
Data/images/Crenated_4.png,7,0.91838956,50.042164,52.773098,45.958202,167.29646,0.09276211,1804.0,0.8998627,2209.0,1846.0,0.8166591,0.3956774,47.926235,0.97724813,77.0,133.0,18841572.0,1.7560109,15.0,3.8489046,163.0,13.162069,100.41297,99.0,63.0,100.0,7.6333404,102.1975,0.86160654,18841572.0,0.3460916,361.56503,0.26351735,0.7923622,6.821286,0.25896415,0.840496,0.19645493,0.8712768,0.8709732,-0.4144102,0.8693104,0.2549801,2.5136597,0.22797063,2.696202,0.80957574,2.9879055,783.0987,0.48342684,624.34924,0.69143313,0.22822848,7.224501,32.361446,213.0221,6.4958773,0.25263888,4.6359167,121.578316,0.27605322,19.239012,0.49817306,4.7874446,0.11239579,8.445783,32.361446,213.0221,6.4958773,0.25263888,121.578316,0.49817306,4.7874446,0.11239579,,Healthy
Data/images/Crenated_4.png,8,0.73722965,54.64446,55.226807,40.285515,171.19595,0.09933041,1724.0,0.8596409,2400.0,1795.0,0.7183333,0.67564225,46.85152,0.9604457,76.0,109.7,15790452.0,1.4353702,17.0,3.9400396,148.0,10.524627,94.70418,96.0,60.0,88.0,7.1306143,95.70368,0.4996953,15790452.0,0.43538404,190.31387,0.22162485,0.72430015,5.562724,0.22162485,0.76312333,0.17250727,0.8891876,0.8891876,-0.3723492,0.80203795,0.22162485,2.2959976,0.30926272,2.2528856,0.75145453,2.6064086,805.3967,0.44940138,750.6021,0.43569794,0.25093853,5.848608,40.688835,228.86699,8.864427,0.28978622,4.599882,91.152016,0.24419953,23.919714,0.4707332,3.7516568,0.1285286,6.6437054,40.688835,228.86699,8.864427,0.28978622,91.152016,0.4707332,3.7516568,0.1285286,,Healthy
Data/images/Crenated_4.png,9,0.8976519,48.590836,50.695168,43.617657,158.1249,0.09516996,1662.0,0.9138078,2068.0,1714.0,0.80367506,0.44070512,46.00135,0.9696616,71.1,117.0,15573029.0,1.6851807,16.0,3.909825,154.0,12.7055435,95.13899,95.0,53.0,101.0,7.4944067,96.799034,0.5298982,15573029.0,0.37461787,318.62628,0.21631645,0.8228962,5.5580964,0.21260816,0.758246,0.1711142,0.894314,0.89406675,-0.461419,0.88414454,0.20936342,2.2484548,0.2644242,2.5374172,0.84339225,2.8780978,797.06616,0.41712463,622.6149,0.6460765,0.29996523,5.848977,42.903896,232.17921,11.765616,0.3040635,4.8228188,71.28052,0.23164861,24.268415,0.42498577,3.408581,0.096196346,6.7402596,42.903896,232.17921,11.765616,0.3040635,71.28052,0.42498577,3.408581,0.096196346,,Healthy
Data/images/Crenated_4.png,10,0.9142245,48.8794,50.447994,44.68674,161.53911,0.09438452,1712.0,0.90785336,2156.0,1757.0,0.7940631,0.40520805,46.68818,0.9743882,66.0,106.0,14346322.0,1.4979218,18.0,3.3495023,133.0,11.820489,90.25467,93.0,46.0,87.0,7.814695,91.54158,-0.8020035,14346322.0,0.41112012,233.955,0.19554754,0.7916205,10.117329,0.19314079,0.71604306,0.15824416,0.9038307,0.90367025,-0.44784975,0.85758245,0.1910349,3.1218412,0.29316726,2.3042543,0.79169697,2.624971,848.3563,0.35856706,703.83765,0.47566074,0.12821391,10.179322,48.341465,495.16803,5.4858747,0.15236449,4.643477,57.601627,0.21553738,26.815887,0.3407879,3.2046654,0.056905106,9.626017,48.341465,495.16803,5.4858747,0.15236449,57.601627,0.3407879,3.2046654,0.056905106,,Healthy
Data/images/Crenated_4.png,12,0.96473527,48.575794,51.42956,46.862785,168.1249,0.094319716,1783.0,0.8902002,2254.0,1839.0,0.79103816,0.26322207,47.64647,0.96954864,66.0,117.0,17229420.0,1.6106459,28.0,2.5265365,141.0,15.882648,96.41615,102.0,44.0,97.0,11.863322,98.30139,-0.6546899,17229420.0,0.38430035,367.08875,0.20369302,0.84840506,12.080208,0.19792268,0.7335617,0.16451964,0.90200037,0.9016157,-0.49314058,0.89060545,0.19287363,3.3926716,0.29391876,2.4076865,0.86684686,2.6604009,881.76166,0.38153005,685.2075,0.67280406,0.11476506,12.190129,59.023197,852.1469,4.7834463,0.1515335,4.720965,70.293816,0.21761076,37.905853,0.3940562,4.367847,0.060506634,10.402061,59.023197,852.1469,4.7834463,0.1515335,70.293816,0.3940562,4.367847,0.060506634,,Healthy
Data/images/Crenated_4.png,13,0.8426281,50.286705,50.92151,42.37299,159.78175,0.09570634,1670.0,0.9065066,2205.0,1723.0,0.75736964,0.5384959,46.11193,0.9692397,71.0,110.0,15103607.0,1.5677961,15.75,4.8893013,160.0,11.899224,93.49641,94.0,51.0,109.0,7.05107,95.10035,0.8894992,15103607.0,0.4353028,302.4979,0.26280075,0.7524884,4.861197,0.24799506,0.8437175,0.20129919,0.87847006,0.877483,-0.36648116,0.81595874,0.2350401,2.1122763,0.3189492,2.4425633,0.7582238,2.7270207,750.909,0.49245077,726.9557,0.6041866,0.32602146,5.2718563,42.07745,179.91344,12.159417,0.30907303,4.550218,112.40319,0.26287425,27.60627,0.519473,4.719023,0.110580266,7.220957,42.07745,179.91344,12.159417,0.30907303,112.40319,0.519473,4.719023,0.110580266,,Healthy
Data/images/Crenated_4.png,19,0.642565,61.021137,62.625874,39.21005,178.46803,0.09531003,1873.0,0.8595188,2484.0,1947.0,0.75402576,0.7662312,48.834187,0.9619928,70.0,96.0,13849377.0,1.018721,11.0,5.962799,140.0,8.176125,85.17939,86.0,55.0,85.0,4.9602036,85.98966,0.80366766,13849377.0,0.623857,138.69286,0.15520088,0.65378785,3.6934507,0.15299945,0.62397826,0.13179205,0.92386717,0.9237204,-0.34438846,0.6901876,0.1510732,1.8833241,0.5321335,1.5550691,0.6580672,1.8664651,1060.0219,0.37725806,1168.4843,0.2599739,0.36508572,3.9092364,119.28012,468.09637,32.825718,0.41700134,4.0816336,79.77109,0.17725573,87.45285,0.4898689,3.370836,0.12878366,5.0271087,119.28012,468.09637,32.825718,0.41700134,79.77109,0.4898689,3.370836,0.12878366,,Healthy
Data/images/Crenated_4.png,20,0.91107184,45.697773,46.818798,41.633953,148.81119,0.09983978,1491.0,0.9196771,1848.0,1532.0,0.8068182,0.4122477,43.570633,0.9732376,71.0,125.0,14569929.0,1.8508912,23.0,3.5997362,161.0,16.302614,96.49832,94.0,47.0,114.0,10.427495,98.85301,0.7434522,14569929.0,0.33616903,459.99112,0.23878537,0.8492065,11.829537,0.23188406,0.80108297,0.18501516,0.8852082,0.8847481,-0.4775318,0.90724134,0.22584541,3.3402348,0.23212673,2.7611372,0.86300856,3.0562418,684.9852,0.4458416,501.22803,0.835293,0.110231385,12.225352,42.544235,476.52548,4.437499,0.10827376,4.876375,79.455765,0.25016767,26.565676,0.46079585,7.379389,0.042243484,14.115281,42.544235,476.52548,4.437499,0.10827376,79.455765,0.46079585,7.379389,0.042243484,,Crenated
Data/images/Crenated_4.png,22,0.9284944,50.922142,52.201534,47.280922,173.05382,0.0918301,1885.0,0.88924575,2300.0,1946.0,0.81956524,0.37134647,48.99037,0.9686536,68.0,123.0,18680256.0,1.8133992,27.0,2.66776,151.0,16.250303,97.439255,99.0,45.0,106.0,11.389441,99.54873,-0.23301488,18680256.0,0.32184592,415.54074,0.24822696,0.83024657,12.171849,0.24495363,0.81467617,0.18822467,0.87806875,0.87785053,-0.45388168,0.8978519,0.24208947,3.4007092,0.20172809,2.794314,0.83387697,3.0866518,841.1931,0.41046768,606.67957,0.73863435,0.11051474,12.461538,29.568274,360.00403,3.090709,0.119995534,4.831093,91.329315,0.26419097,15.240984,0.39053807,5.0898805,0.051143155,12.775101,29.568274,360.00403,3.090709,0.119995534,91.329315,0.39053807,5.0898805,0.051143155,,Crenated
Data/images/Crenated_4.png,24,0.9667072,44.593052,47.010635,43.108425,154.2254,0.10244131,1506.0,0.89184505,1806.0,1549.0,0.83388704,0.255885,43.789253,0.97224015,69.0,113.0,13938360.0,1.6498976,20.75,3.226672,156.0,13.4818,94.6587,96.0,53.0,103.0,9.430091,96.20405,0.032855988,13938360.0,0.3559829,294.94992,0.23119015,0.79283625,5.730506,0.22298221,0.78752315,0.18146908,0.8898769,0.8893297,-0.4310883,0.8656749,0.21580027,2.2995896,0.23888625,2.518242,0.8004347,2.8416605,703.85394,0.41971114,536.1102,0.5904827,0.29531762,6.003984,35.587914,222.86264,8.968135,0.29545864,4.66273,64.64286,0.24169987,18.470142,0.40932631,3.3758872,0.0811441,6.6181316,35.587914,222.86264,8.968135,0.29545864,64.64286,0.40932631,3.3758872,0.0811441,,Healthy
Data/images/Crenated_4.png,26,0.966278,48.69457,51.10773,47.05249,165.15433,0.09213631,1793.0,0.9087503,2116.0,1842.0,0.8473535,0.2575011,47.779896,0.9733985,74.0,119.0,17356604.0,1.6702417,20.0,3.459336,157.0,12.973174,96.843834,97.0,56.0,101.0,8.330582,98.38802,0.33025566,17356604.0,0.36483052,301.47366,0.2209502,0.8082819,6.027476,0.21866056,0.7659187,0.17313775,0.89105135,0.8908987,-0.4482353,0.87730515,0.21665713,2.3583286,0.24749665,2.5414424,0.8118584,2.8645623,845.58,0.37208343,654.1411,0.6060776,0.26644528,6.2961516,32.81925,186.16197,8.405892,0.2696355,4.9837093,61.69953,0.23759063,15.104239,0.3349951,2.6439483,0.079957694,7.044601,32.81925,186.16197,8.405892,0.2696355,61.69953,0.3349951,2.6439483,0.079957694,,Crenated
Data/images/Crenated_4.png,29,0.81024617,54.256363,55.946404,43.96101,173.29646,0.0931451,1861.0,0.88232803,2352.0,1914.0,0.79124147,0.58608973,48.677498,0.9723093,76.0,115.0,18280932.0,1.6627841,17.0,4.4885297,166.0,12.446091,97.620094,98.0,49.0,117.0,7.761918,99.111946,0.5702639,18280932.0,0.3712838,293.49405,0.20253862,0.82178676,12.146247,0.19922738,0.7308454,0.16284709,0.9009382,0.90071744,-0.47414106,0.8862967,0.19633003,3.4174945,0.26525396,2.4772499,0.85428464,2.80465,917.59753,0.38149223,690.95917,0.59789836,0.100349724,12.435787,47.69779,596.76904,4.3610244,0.1081006,5.019732,66.0172,0.21869962,26.790201,0.3818281,5.4759927,0.04070332,13.027027,47.69779,596.76904,4.3610244,0.1081006,66.0172,0.3818281,5.4759927,0.04070332,,Crenated
Data/images/Crenated_4.png,30,0.9456368,54.790874,56.0803,51.81227,195.58073,0.08792121,2226.0,0.8548601,2862.0,2316.0,0.7777778,0.32522455,53.2375,0.9611399,94.0,108.0,23605744.0,0.67699,3.0,5.3792424,125.0,3.9347022,102.80054,104.0,81.0,44.0,1.8940835,102.97843,-0.88417506,23605744.0,0.70908177,36.606216,0.054863993,0.8101771,3.4495158,0.054863993,0.3067101,0.051853936,0.972568,0.972568,-0.5762381,0.7340102,0.054863993,1.8254956,0.65941596,0.95602256,0.8113684,1.2873749,1657.7556,0.1528921,1578.416,0.14569645,0.38201308,3.4739442,395.22726,1524.8579,112.82591,0.556029,4.508355,16.28409,0.07906559,235.26227,0.19273083,0.6442308,0.08616896,2.8011363,395.22726,1524.8579,112.82591,0.556029,16.28409,0.19273083,0.6442308,0.08616896,,Dead
Data/images/Crenated_4.png,31,0.8652999,49.882385,51.264023,43.16322,160.95332,0.09537975,1688.0,0.9047465,2150.0,1732.0,0.78511626,0.50125456,46.35977,0.97459584,71.0,130.0,16874190.0,1.9242495,23.0,3.4659128,170.0,16.03843,97.641,97.0,45.0,125.0,10.297774,99.98279,0.55570304,16874190.0,0.3107361,462.7941,0.3182651,0.80001265,11.861332,0.2864997,0.92954826,0.23618305,0.8620444,0.8599267,-0.40468365,0.88223577,0.25870496,3.350336,0.19979875,2.969628,0.80830276,3.2020197,708.1884,0.50694054,524.5225,0.87964106,0.111812964,12.475119,28.793522,334.68018,2.9958057,0.11152778,4.7269287,126.34413,0.29265404,17.117605,0.5162838,8.852311,0.050489277,14.653846,28.793522,334.68018,2.9958057,0.11152778,126.34413,0.5162838,8.852311,0.050489277,,Crenated
Data/images/Crenated_4.png,32,0.8875136,50.708675,53.712196,45.00464,163.74011,0.09175686,1785.0,0.9145514,2115.0,1830.0,0.8439716,0.46078154,47.673183,0.97540987,71.0,123.0,17266960.0,1.7483909,26.0,2.8047333,171.0,15.387653,96.45546,96.0,45.0,126.0,11.164946,98.35328,0.16622338,17266960.0,0.34278026,369.71133,0.23678161,0.8193525,11.832759,0.23678161,0.7896471,0.18071608,0.8816092,0.8816092,-0.45100367,0.88927746,0.23678161,3.3609195,0.2206041,2.6867368,0.82049644,2.9478145,823.27673,0.3518157,611.86273,0.6677683,0.10906552,12.022969,26.019693,293.0,2.8244877,0.10731279,4.864519,69.3326,0.25602242,10.763576,0.29333636,4.2037516,0.027962565,12.853392,26.019693,293.0,2.8244877,0.10731279,69.3326,0.29333636,4.2037516,0.027962565,,Crenated
Data/images/Crenated_4.png,33,0.91412085,48.41002,49.76947,44.25261,155.05382,0.09243149,1678.0,0.9363834,2070.0,1712.0,0.810628,0.40544188,46.222244,0.9801402,78.0,122.0,17156500.0,1.594406,22.0,2.6818569,148.0,13.305299,99.753876,100.0,56.0,92.0,9.617811,101.11565,0.08467264,17156500.0,0.37702668,273.53836,0.251684,0.7585762,6.6178813,0.2480098,0.82077706,0.19017516,0.8766075,0.8763625,-0.38651377,0.8386388,0.24479486,2.4944887,0.24131161,2.5361605,0.7676358,2.8388684,749.8331,0.39433688,632.65076,0.5380973,0.2279458,6.8808103,25.100672,180.89932,4.7008295,0.26398212,4.723922,71.38031,0.26638857,11.008794,0.35413626,2.6619008,0.09469432,6.95302,25.100672,180.89932,4.7008295,0.26398212,71.38031,0.35413626,2.6619008,0.09469432,,Healthy
Data/images/Crenated_4.png,35,0.8684752,49.460934,50.803543,42.955597,170.61017,0.10253015,1665.0,0.84757215,2156.0,1743.0,0.77226347,0.49573258,46.042847,0.95524955,70.0,113.0,15361820.0,1.6380494,22.0,2.998759,155.0,13.020265,94.61021,96.0,54.0,101.0,9.167338,96.05373,-0.025380546,15361820.0,0.35973597,275.22644,0.28394297,0.7409709,5.5238686,0.26534408,0.8783687,0.21353549,0.8704278,0.86918783,-0.36075154,0.8269082,0.24907006,2.2622442,0.22562706,2.6157613,0.7533873,2.8865116,718.74414,0.4471715,598.9604,0.5781118,0.30210528,5.8336334,29.24086,176.1871,6.8824487,0.3236822,4.4048696,97.91613,0.2792793,16.41984,0.4402832,3.413016,0.09939398,6.208602,29.24086,176.1871,6.8824487,0.3236822,97.91613,0.4402832,3.413016,0.09939398,,Healthy
Data/images/Crenated_4.png,37,0.93827075,49.553074,51.739735,46.4942,166.61017,0.09227924,1806.0,0.9040702,2208.0,1857.0,0.8179348,0.34590173,47.952797,0.9725363,67.5,121.0,16974152.0,1.8647847,30.75,2.554596,160.0,17.228245,94.6268,95.0,37.0,123.0,12.520033,96.947174,-0.076264426,16974152.0,0.31015602,444.52408,0.26920888,0.8237383,11.277746,0.26351735,0.8503878,0.19976749,0.8691899,0.8688105,-0.43664938,0.8946301,0.2585373,3.2632327,0.18939964,2.8844144,0.82657397,3.1618311,781.24585,0.4289467,560.1417,0.78518784,0.124416605,11.628461,28.441814,319.8639,3.1971593,0.13340785,4.792724,95.05523,0.2807309,15.753043,0.40453863,5.314005,0.05475785,12.080868,28.441814,319.8639,3.1971593,0.13340785,95.05523,0.40453863,5.314005,0.05475785,,Crenated
Data/images/Crenated_4.png,38,0.92179894,47.145588,49.24429,43.458755,160.46803,0.100011244,1605.0,0.8848838,1935.0,1650.0,0.82945734,0.38766834,45.205635,0.9727273,75.0,128.0,16647925.0,1.7809043,26.0,2.6920886,157.0,15.630227,99.98816,99.0,53.0,104.0,11.172399,101.845665,0.298064,16647925.0,0.33030698,374.9064,0.22115384,0.8408669,6.8294873,0.22115384,0.7622688,0.17224482,0.8894231,0.8894231,-0.48515543,0.90600455,0.22115384,2.4990385,0.21908675,2.684474,0.85364187,2.9940612,748.31213,0.3793985,530.1427,0.7045134,0.24827397,7.043614,36.423077,260.20258,7.298927,0.28141525,4.8977275,64.902565,0.24299066,19.486687,0.35402822,2.6868846,0.09191144,7.2128205,36.423077,260.20258,7.298927,0.28141525,64.902565,0.35402822,2.6868846,0.09191144,,Healthy
Data/images/Crenated_4.png,40,0.9615371,51.84294,54.120235,49.848915,175.39697,0.08685168,2020.0,0.90824866,2350.0,2062.0,0.8595745,0.27467492,50.714336,0.9796314,78.0,118.0,19685516.0,1.4855957,20.0,3.1761727,152.0,12.102274,97.5099,97.0,57.0,95.0,8.523436,98.71831,0.3217796,19685516.0,0.41447163,237.12416,0.1960386,0.786175,6.1726766,0.19400711,0.716838,0.15839984,0.90333503,0.9031996,-0.4425961,0.85349417,0.19222955,2.4108684,0.29515928,2.2935793,0.78772014,2.57144,1007.8109,0.30898833,837.23267,0.46610013,0.23128617,6.3143563,41.201855,232.84686,9.195419,0.23985757,4.9017496,55.176334,0.21336633,19.235996,0.23761351,1.9325769,0.053556204,7.0185614,41.201855,232.84686,9.195419,0.23985757,55.176334,0.23761351,1.9325769,0.053556204,,Crenated
Data/images/Crenated_4.png,41,0.72205347,57.490776,62.369865,41.511414,178.36754,0.09571641,1864.0,0.8579339,2352.0,1919.0,0.792517,0.6918373,48.716717,0.9713392,81.0,118.0,19210746.0,1.4143895,18.0,3.1329548,145.0,11.110406,100.5118,101.0,59.0,86.0,7.645257,101.519424,-0.008040607,19210746.0,0.42787847,203.57175,0.15719801,0.80554783,6.899614,0.15719801,0.62756395,0.1324868,0.92140096,0.92140096,-0.48887843,0.8614712,0.15719801,2.5639822,0.32756516,2.094629,0.8095314,2.414483,1004.42487,0.284192,797.5654,0.41917762,0.20017436,7.014485,63.94643,482.18155,10.324943,0.23115079,5.124781,37.315475,0.18025751,33.170353,0.23004675,1.9147834,0.05049513,7.160714,63.94643,482.18155,10.324943,0.23115079,37.315475,0.23004675,1.9147834,0.05049513,,Crenated
Data/images/Crenated_4.png,43,0.8571242,54.232735,58.137768,46.484188,178.36754,0.09116664,1957.0,0.8790813,2450.0,2015.0,0.7987755,0.5151098,49.91723,0.9712159,73.0,147.0,24064804.0,2.2738464,31.0,4.0007596,211.0,22.272402,106.82422,102.0,38.0,173.0,14.034121,110.89086,0.8596279,24064804.0,0.2539972,885.3692,0.27401575,0.9108783,15.633595,0.26771653,0.8582101,0.2023436,0.8671916,0.86677164,-0.53177786,0.9543056,0.26220474,3.7727034,0.15743595,3.3348975,0.91727495,3.521253,854.302,0.39864236,497.07257,1.5330286,0.10170983,15.8467045,22.073742,306.69424,2.3058162,0.090423636,5.236195,95.70503,0.28410834,9.68486,0.35891783,7.7032084,0.025284851,18.456835,22.073742,306.69424,2.3058162,0.090423636,95.70503,0.35891783,7.7032084,0.025284851,,Crenated
Data/images/Crenated_4.png,45,0.92857635,50.125465,52.0,46.545322,170.46803,0.09338156,1826.0,0.8884907,2160.0,1865.0,0.84537035,0.37114143,48.217583,0.9790885,71.0,119.0,16698652.0,1.7540696,26.0,4.271201,184.0,15.397921,93.5586,91.0,48.0,136.0,10.639152,95.62916,0.8590454,16698652.0,0.36111167,391.72412,0.29190102,0.7922947,11.133859,0.28852645,0.8795319,0.20865351,0.8562992,0.8560742,-0.38948637,0.8607177,0.2855737,3.2522497,0.22460969,2.7917032,0.80268943,3.018526,768.08215,0.42712602,659.38995,0.72114635,0.11478412,11.421139,19.39068,200.52509,2.2033212,0.10954271,4.675558,105.4767,0.30558598,8.68207,0.3957622,6.247478,0.038830962,13.197133,19.39068,200.52509,2.2033212,0.10954271,105.4767,0.3957622,6.247478,0.038830962,,Crenated
Data/images/Crenated_4.png,46,0.90088123,46.890213,48.38388,42.242516,157.78175,0.101959124,1548.0,0.88381934,2024.0,1605.0,0.7648221,0.43406564,44.39566,0.964486,71.0,129.0,15869177.0,1.9139891,32.0,2.5853636,162.0,18.11711,98.771965,96.0,51.0,111.0,13.081836,101.24923,0.31815866,15869177.0,0.30005458,495.5055,0.23901464,0.86370516,6.8501997,0.23901464,0.79339784,0.18188664,0.8804927,0.8804927,-0.49674395,0.922655,0.23901464,2.4683754,0.189542,2.8836427,0.86736524,3.1413848,704.07367,0.36703023,464.4845,0.8715221,0.28489485,6.9483204,24.0,146.01976,6.9769244,0.26616734,5.0276985,59.474075,0.2616279,9.390617,0.30946755,2.6728444,0.07026138,7.819753,24.0,146.01976,6.9769244,0.26616734,59.474075,0.30946755,2.6728444,0.07026138,,Crenated
Data/images/Crenated_4.png,47,0.85401064,48.3029,50.77401,41.25119,166.61017,0.10683563,1560.0,0.840226,1980.0,1620.0,0.7878788,0.5202555,44.567406,0.962963,75.0,142.0,18303238.0,2.1289086,35.0,2.760161,178.0,20.899206,105.14231,102.0,42.0,136.0,14.7565775,108.31826,0.31925356,18303238.0,0.26619986,677.94,0.23910172,0.9004087,14.982827,0.23910172,0.7935433,0.18193209,0.8804491,0.8804491,-0.5409071,0.94932795,0.23910172,3.7285337,0.16541779,3.1222072,0.90454113,3.3330204,715.7269,0.3507495,415.2718,1.1786916,0.09986368,15.078205,26.431372,381.32843,2.6801133,0.09652874,5.0505967,64.92157,0.26153848,11.8119955,0.29156843,4.9574213,0.026015664,15.691176,26.431372,381.32843,2.6801133,0.09652874,64.92157,0.29156843,4.9574213,0.026015664,,Crenated
Data/images/Crenated_4.png,51,0.8721758,55.005173,57.706154,47.97418,182.36754,0.088851415,2053.0,0.88064116,2550.0,2117.0,0.80509806,0.48919258,51.126907,0.9697685,87.0,112.0,20605168.0,1.2041404,11.0,4.9015,144.0,7.7491045,99.61763,100.0,70.0,74.0,5.063554,100.1829,0.7436893,20605168.0,0.46674216,112.9405,0.114885114,0.8127755,6.556943,0.114885114,0.5144773,0.10168652,0.94255745,0.94255745,-0.53146344,0.84477496,0.114885114,2.5114884,0.3811184,1.7277174,0.8165086,2.0809004,1257.4677,0.24069892,958.2216,0.31943655,0.18257158,6.7028737,107.19217,706.758,19.250345,0.1756129,5.244858,24.145908,0.13687287,53.81381,0.21978188,2.1707234,0.03415478,7.6654806,107.19217,706.758,19.250345,0.1756129,24.145908,0.21978188,2.1707234,0.03415478,,Crenated
Data/images/Crenated_5.png,2,0.8585264,54.09731,56.044624,46.443966,177.19595,0.08997002,1970.0,0.8878285,2484.0,2030.0,0.7930757,0.5127694,50.082752,0.97044337,78.0,130.0,21322976.0,1.7640297,21.0,2.983812,152.0,14.46731,102.3,102.0,57.0,95.0,9.556534,104.03771,0.25905836,21322976.0,0.3352176,358.55618,0.24073108,0.81581944,7.28094,0.23550914,0.8036914,0.18526651,0.88311577,0.8827676,-0.4476109,0.8878742,0.23093995,2.59765,0.22061068,2.69248,0.8247023,2.9872987,895.0589,0.41134685,660.37866,0.6813525,0.22282629,7.58731,35.36128,274.4491,6.1732426,0.24832058,4.851601,90.28144,0.25431472,19.899586,0.39709556,3.4341316,0.083078,7.9381237,35.36128,274.4491,6.1732426,0.24832058,90.28144,0.39709556,3.4341316,0.083078,,Crenated
Data/images/Crenated_5.png,3,0.97556937,44.507523,45.88028,43.420177,150.46803,0.09941727,1514.0,0.916541,1892.0,1556.0,0.8002114,0.2196915,43.905407,0.97300774,72.0,123.0,15202861.0,1.7805519,21.75,3.0072687,152.0,14.849864,98.32695,98.0,57.0,95.0,9.755966,100.20738,0.32739252,15202861.0,0.3269991,373.33102,0.22380953,0.83606416,6.394558,0.22380953,0.76706284,0.17371882,0.88809526,0.88809526,-0.47842735,0.90230733,0.22380953,2.4132652,0.2146506,2.6760552,0.84704715,3.0163918,699.4571,0.4097887,495.07663,0.70499074,0.2774156,6.616248,37.506702,255.27345,8.3808565,0.30451816,4.842287,66.71582,0.24636725,21.031374,0.4000001,2.7823923,0.109314635,6.7319036,37.506702,255.27345,8.3808565,0.30451816,66.71582,0.4000001,2.7823923,0.109314635,,Healthy
Data/images/Crenated_5.png,7,0.8581493,48.535923,49.648766,41.65107,159.78175,0.10090417,1584.0,0.88284975,2064.0,1637.0,0.76744187,0.5134002,44.908924,0.9676237,73.0,114.0,15399329.0,1.7286737,20.0,3.7276673,155.0,12.945803,97.02967,98.0,55.0,100.0,8.160468,98.59918,0.3721579,15399329.0,0.34446022,307.0414,0.26254073,0.78443074,6.117915,0.25993484,0.83649516,0.19497459,0.8704669,0.87029314,-0.4042674,0.86177987,0.25765473,2.3749185,0.21738014,2.678929,0.79047173,3.0001504,679.4634,0.46444878,545.625,0.65265304,0.27374473,6.471591,27.251122,183.19955,5.9556255,0.2885071,4.5981293,93.94619,0.28156567,14.637475,0.45496657,3.9510486,0.09972928,7.100897,27.251122,183.19955,5.9556255,0.2885071,93.94619,0.45496657,3.9510486,0.09972928,,Crenated
Data/images/Crenated_5.png,8,0.8449033,47.315186,49.658836,39.976757,152.2254,0.10268155,1483.0,0.8966339,1890.0,1534.0,0.7846561,0.534919,43.453587,0.9667536,72.0,125.0,15965475.0,1.70383,29.0,2.2564933,146.0,16.02069,101.964264,106.0,59.0,87.0,12.253133,103.757706,-0.31320244,15965475.0,0.35832536,368.95016,0.20888272,0.84757036,7.293546,0.20888272,0.7393417,0.16525073,0.89555866,0.89555866,-0.4964232,0.90375984,0.20888272,2.590909,0.24872296,2.5700717,0.8533995,2.8431134,710.0883,0.35109437,531.3965,0.6802844,0.24684386,7.45853,48.60933,396.207,8.583697,0.28045028,4.6673756,59.78717,0.23128793,29.915682,0.32193518,2.3118963,0.082518816,7.005831,48.60933,396.207,8.583697,0.28045028,59.78717,0.32193518,2.3118963,0.082518816,,Crenated
Data/images/Crenated_5.png,9,0.94973344,46.974224,48.60041,44.61299,160.36754,0.097576834,1644.0,0.8961348,2112.0,1700.0,0.77840906,0.31305975,45.751568,0.96705884,72.0,119.0,16421960.0,1.6635096,24.0,2.6032677,144.0,14.178569,98.374695,101.0,54.0,90.0,10.251999,99.94512,-0.22615828,16421960.0,0.36024976,311.44598,0.24200627,0.8039675,6.5611286,0.24075235,0.80153215,0.18404457,0.8798328,0.87974924,-0.43305573,0.8715049,0.23965517,2.4626958,0.23993376,2.5782902,0.812084,2.8755286,735.8978,0.40749818,592.2506,0.6291832,0.266605,6.7822385,34.194443,266.07407,6.211918,0.31176054,4.6000714,78.65278,0.26277372,19.71219,0.38645864,2.7007685,0.09968283,6.391204,34.194443,266.07407,6.211918,0.31176054,78.65278,0.38645864,2.7007685,0.09968283,,Healthy
Data/images/Crenated_5.png,11,0.91458094,45.43769,46.09772,41.556446,147.39697,0.099626206,1480.0,0.92506844,1800.0,1515.0,0.82222223,0.40440297,43.409615,0.9768977,70.0,103.0,12892993.0,1.4946856,15.0,3.6823182,142.0,10.683212,92.28311,96.0,57.0,85.0,7.269046,93.33532,-0.25077376,12892993.0,0.40743425,195.30971,0.23430963,0.735567,4.972106,0.23430963,0.7854486,0.17940862,0.88284516,0.88284516,-0.3721854,0.81300175,0.23430963,2.155509,0.27113155,2.3654366,0.7373992,2.728558,667.1446,0.41595325,603.0027,0.46919468,0.31729072,5.1851354,31.874346,156.9267,8.952862,0.34465897,4.617122,68.3089,0.2581081,16.863792,0.39942953,2.628891,0.11648362,5.565445,31.874346,156.9267,8.952862,0.34465897,68.3089,0.39942953,2.628891,0.11648362,,Healthy
Data/images/Crenated_5.png,12,0.94820154,50.598778,52.43091,47.977837,172.36754,0.09055295,1904.0,0.8972757,2350.0,1960.0,0.8102128,0.31766948,49.236652,0.9714286,71.0,114.0,18369586.0,1.6763788,17.0,3.425825,148.0,12.355444,96.79412,99.0,59.0,89.0,8.159775,98.22369,0.07115756,18369586.0,0.34964922,278.7906,0.22312264,0.81422937,6.0972447,0.22204214,0.768368,0.17381993,0.889159,0.88908696,-0.46300432,0.88569,0.22109671,2.3681793,0.23041993,2.5470529,0.8454241,2.8860502,885.8666,0.4000236,665.7321,0.61587036,0.28222382,6.3240547,39.65011,273.25485,8.806291,0.32476902,4.676466,81.29806,0.24317227,22.739006,0.38890487,2.5488558,0.099624224,5.9330454,39.65011,273.25485,8.806291,0.32476902,81.29806,0.38890487,2.5488558,0.099624224,,Healthy
Data/images/Crenated_5.png,13,0.8811683,51.787815,54.589375,45.63378,172.46803,0.09320078,1851.0,0.88418037,2256.0,1909.0,0.82047874,0.47280276,48.54654,0.9696176,80.0,120.0,19800542.0,1.5935907,18.0,3.8097022,159.0,12.514096,102.03782,102.0,56.0,103.0,7.91215,103.42734,0.37859127,19800542.0,0.3914566,285.49722,0.1974487,0.8090134,7.144204,0.1974487,0.71679604,0.1584627,0.90127563,0.90127563,-0.46846423,0.8759149,0.1974487,2.5934553,0.28181785,2.3827925,0.8311023,2.7168856,911.9638,0.36914706,724.5862,0.5453416,0.20457861,7.3938413,46.017326,370.14355,7.3151526,0.23442037,4.963615,59.762375,0.21826039,25.025507,0.35360476,3.4701216,0.0733747,7.8539605,46.017326,370.14355,7.3151526,0.23442037,59.762375,0.35360476,3.4701216,0.0733747,,Crenated
Data/images/Crenated_5.png,16,0.894258,50.23952,51.894123,44.927097,165.19595,0.09341021,1769.0,0.9024186,2250.0,1820.0,0.7862222,0.44755173,47.45904,0.971978,69.0,114.0,16784336.0,1.6792259,21.0,3.3847785,167.0,13.739664,95.7654,99.0,52.0,115.0,9.34579,97.40655,-0.107085176,16784336.0,0.35257134,317.02298,0.22727273,0.8175116,6.1538463,0.21794872,0.78008443,0.17977108,0.8925796,0.89195806,-0.4659547,0.8860473,0.20979021,2.375874,0.24147065,2.5309079,0.83439916,2.8508,835.6139,0.40872115,623.69867,0.6449208,0.29284954,6.357264,38.494034,279.40335,8.472974,0.33148235,4.625183,73.16229,0.23685698,20.669111,0.40490353,2.9029894,0.09640484,6.0023866,38.494034,279.40335,8.472974,0.33148235,73.16229,0.40490353,2.9029894,0.09640484,,Healthy
Data/images/Crenated_5.png,18,0.9409305,48.23823,50.695168,45.388824,160.71068,0.09362696,1717.0,0.91386515,2209.0,1762.0,0.7772748,0.33859983,46.756306,0.97446084,71.0,122.0,16453673.0,1.7557571,18.0,3.5282612,155.0,13.560004,96.099594,97.0,57.0,98.0,8.512724,97.89179,0.49609992,16453673.0,0.34297165,347.6715,0.26287425,0.7973165,5.742515,0.26047903,0.83667517,0.19502492,0.8701597,0.87,-0.4111602,0.869038,0.25838324,2.2859282,0.21715425,2.719343,0.8042022,3.0540686,740.1986,0.452679,588.8823,0.6950238,0.2996033,6.105999,29.060417,157.29167,8.212087,0.28582233,4.599067,99.604164,0.27955738,16.26489,0.44267896,3.7640352,0.095429145,7.077083,29.060417,157.29167,8.212087,0.28582233,99.604164,0.44267896,3.7640352,0.095429145,,Healthy
Data/images/Crenated_5.png,20,0.84538895,50.736107,52.0,42.891743,166.1249,0.09751975,1704.0,0.88072693,2150.0,1760.0,0.79255813,0.5341512,46.578968,0.9681818,75.0,109.0,16025983.0,1.5403594,13.0,4.7239394,154.0,10.229941,95.86796,97.0,59.0,95.0,6.083002,96.978966,0.5387152,16025983.0,0.40876755,214.25427,0.26844016,0.708384,5.474607,0.2623942,0.84954804,0.19958943,0.8698106,0.8694075,-0.3337926,0.7920919,0.25710398,2.2690446,0.27176523,2.464114,0.7250869,2.7833989,732.8498,0.49965146,696.5399,0.507355,0.27118185,5.8157277,31.88309,170.2714,7.524958,0.2988941,4.4164658,122.878914,0.28110328,19.227915,0.5163185,3.9875011,0.13693418,6.722338,31.88309,170.2714,7.524958,0.2988941,122.878914,0.5163185,3.9875011,0.13693418,,Healthy
Data/images/Crenated_5.png,22,0.93656504,48.8662,51.47815,45.766373,163.53911,0.093370885,1752.0,0.9071694,2160.0,1796.0,0.8111111,0.3504939,47.230453,0.9755011,75.0,118.0,17749484.0,1.5874461,22.0,3.0516527,152.0,13.45129,99.20662,101.0,56.0,96.0,9.389151,100.65279,-0.011304355,17749484.0,0.3838451,289.03036,0.17038777,0.8430687,6.619859,0.16921268,0.66019344,0.14175485,0.9155895,0.9155112,-0.5285307,0.8999803,0.16818449,2.4823737,0.28998873,2.3115408,0.85683787,2.6440327,918.5251,0.32118154,672.4966,0.55243814,0.24701643,6.759703,67.08605,521.5223,11.489878,0.32079458,4.9364367,51.142433,0.1923516,40.058395,0.3106485,1.9146134,0.10281746,6.0356083,67.08605,521.5223,11.489878,0.32079458,51.142433,0.3106485,1.9146134,0.10281746,,Healthy
Data/images/Crenated_5.png,23,0.86902267,50.370476,52.153618,43.773087,164.56854,0.095374405,1726.0,0.8947786,2112.0,1780.0,0.8172349,0.49477223,46.87869,0.9696629,67.5,111.0,15102880.0,1.6474322,22.0,3.1566246,145.0,13.551695,91.95481,94.0,43.0,102.0,9.340431,93.54261,-0.29613388,15102880.0,0.36443582,294.5333,0.24732462,0.7813416,10.657551,0.23543401,0.816919,0.19189544,0.88426477,0.8834721,-0.41500401,0.86081934,0.22502972,3.196195,0.23908143,2.5798247,0.7837396,2.890412,792.6976,0.42149177,629.01624,0.5796015,0.122351296,10.922943,33.47907,367.33722,3.707655,0.14327714,4.831234,76.4,0.24913093,17.367247,0.4109552,4.717253,0.06440355,10.872093,33.47907,367.33722,3.707655,0.14327714,76.4,0.4109552,4.717253,0.06440355,,Crenated
Data/images/Crenated_5.png,24,0.9705373,45.64167,47.707443,44.296944,155.39697,0.09819714,1583.0,0.9074741,1936.0,1626.0,0.8176653,0.24095084,44.894745,0.97355473,75.0,116.0,15507434.0,1.61657,19.0,3.6452572,159.0,12.50488,97.585594,98.0,57.0,102.0,8.196142,98.975914,0.3263146,15507434.0,0.37394673,273.28247,0.24301495,0.7681127,6.148148,0.23391813,0.809134,0.18829726,0.88455707,0.8839506,-0.40381524,0.84809184,0.22595842,2.397011,0.2506786,2.5106459,0.77450156,2.8393302,724.47064,0.42687684,591.9577,0.5558802,0.25537306,6.418825,35.45844,227.57431,7.8529654,0.28188917,4.7635713,76.3199,0.25078964,19.559036,0.42578676,3.4599178,0.11084511,6.9471035,35.45844,227.57431,7.8529654,0.28188917,76.3199,0.42578676,3.4599178,0.11084511,,Healthy
Data/images/Crenated_5.png,27,0.8440364,47.830677,49.24429,40.370834,162.26703,0.10731946,1513.0,0.8494749,1968.0,1571.0,0.7688008,0.5362859,43.890903,0.9630808,74.0,123.0,15394728.0,1.7301009,23.0,2.9174592,156.0,14.689882,99.13417,100.0,56.0,100.0,10.095149,100.87105,0.16386889,15394728.0,0.34309176,347.38516,0.2861054,0.77088785,6.546201,0.27652293,0.87870157,0.20964047,0.8633356,0.86269677,-0.38279358,0.85296124,0.26813826,2.4626968,0.20962197,2.7466652,0.7782512,3.0450559,630.4488,0.47919136,519.09784,0.65181905,0.25296414,6.8737607,24.977728,180.3519,4.8341346,0.28218263,4.5468307,100.39867,0.2967614,13.62278,0.47139567,3.6518295,0.1150432,7.113586,24.977728,180.3519,4.8341346,0.28218263,100.39867,0.47139567,3.6518295,0.1150432,,Crenated
Data/images/Crenated_5.png,28,0.8360267,51.438927,52.35456,43.00432,167.63962,0.096873514,1731.0,0.87965846,2162.0,1782.0,0.80064756,0.54868877,46.94654,0.9713805,70.0,120.0,17360368.0,1.7214164,27.0,2.5994887,153.0,16.048496,98.19642,101.0,49.0,104.0,11.588439,100.145386,-0.2629722,17360368.0,0.3451103,386.56107,0.23634204,0.821609,12.398456,0.2327791,0.79481006,0.18215594,0.88420427,0.88396674,-0.45282415,0.88645554,0.22966152,3.442993,0.23146962,2.6323497,0.8265504,2.9285197,790.1797,0.41636372,597.3859,0.67689973,0.103913605,12.63547,39.516056,550.1468,3.362147,0.113667175,4.676567,83.85321,0.25187752,23.753698,0.41251135,5.450184,0.042199537,12.190367,39.516056,550.1468,3.362147,0.113667175,83.85321,0.41251135,5.450184,0.042199537,,Crenated
Data/images/Crenated_5.png,29,0.9211753,46.786987,48.38388,43.099014,155.39697,0.09850838,1578.0,0.90603936,1932.0,1619.0,0.8167702,0.38914794,44.823788,0.9746757,70.0,123.0,15684722.0,1.7672987,24.0,2.7053964,148.0,15.436246,97.76679,98.0,50.0,98.0,10.718796,99.69765,-0.064179845,15684722.0,0.325336,381.27515,0.25407165,0.815035,6.366775,0.2514658,0.8232937,0.19083661,0.87470144,0.8745277,-0.43769327,0.88590527,0.24918567,2.409772,0.19785123,2.741875,0.8189933,3.0243886,706.7047,0.37758085,513.38025,0.6996025,0.28193653,6.5874524,22.42623,137.38876,6.8630466,0.2599857,4.7055035,66.26932,0.2705957,8.769137,0.3257742,2.385046,0.07283897,7.058548,22.42623,137.38876,6.8630466,0.2599857,66.26932,0.3257742,2.385046,0.07283897,,Crenated
Data/images/Crenated_5.png,34,0.9498636,43.499157,45.221676,41.318268,149.63962,0.10627813,1409.0,0.88891387,1806.0,1467.0,0.7801772,0.3126645,42.35557,0.9604635,75.0,109.0,13202341.0,1.519139,13.0,6.088573,170.0,10.408513,95.547905,97.0,62.0,108.0,6.029751,96.7988,0.94288105,13202341.0,0.43691096,240.60541,0.25768667,0.7264683,5.3243046,0.24158126,0.8346467,0.19932517,0.88189363,0.8808199,-0.35451093,0.80164504,0.22748902,2.2320645,0.3128844,2.3880835,0.73111767,2.695108,638.59546,0.4641449,615.60754,0.5282144,0.27460197,5.699077,39.361877,186.22652,9.981686,0.27760205,4.5303106,81.75138,0.2569198,24.21215,0.47925648,4.3290997,0.09848093,7.212707,39.361877,186.22652,9.981686,0.27760205,81.75138,0.47925648,4.3290997,0.09848093,,Healthy
Data/images/Crenated_5.png,35,0.85014296,49.192482,50.0,41.820644,159.63962,0.09906274,1612.0,0.8914139,2016.0,1662.0,0.79960316,0.52655196,45.304108,0.96991575,72.0,121.0,16312671.0,1.6996101,27.0,2.5291104,153.0,15.313654,98.84057,101.0,53.0,100.0,11.306071,100.59584,-0.22611918,16312671.0,0.3535072,350.06454,0.23864363,0.81951904,6.712092,0.23864363,0.7927774,0.18169285,0.8806782,0.8806782,-0.45211455,0.885962,0.23864363,2.4840052,0.23558404,2.6307137,0.8281117,2.8981133,726.33624,0.3896428,569.8536,0.65623635,0.27125034,6.7735734,32.383884,253.03554,5.9820275,0.32543904,4.674134,69.843605,0.2617866,17.79221,0.35078043,1.99901,0.11256839,6.080569,32.383884,253.03554,5.9820275,0.32543904,69.843605,0.35078043,1.99901,0.11256839,,Crenated
Data/images/Crenated_5.png,36,0.6944601,61.024082,63.529522,42.378788,178.81119,0.08863008,2018.0,0.8904654,2464.0,2068.0,0.8189935,0.71953124,50.689224,0.97582203,71.0,137.0,21451220.0,2.0552037,36.0,2.881254,180.0,20.698626,99.90684,96.0,54.0,126.0,15.021452,103.1016,0.6697602,21451220.0,0.27806136,648.56415,0.2345742,0.8979495,7.4604793,0.2345742,0.78590035,0.17954914,0.8827129,0.8827129,-0.5353605,0.94373965,0.2345742,2.5354412,0.17637011,3.02737,0.9039157,3.264353,928.27155,0.3568832,561.12787,1.1292245,0.28915468,7.5262637,26.96325,172.47195,8.755301,0.26110253,5.0603805,81.491295,0.25619426,11.727591,0.3046202,2.7272716,0.065251105,8.375242,26.96325,172.47195,8.755301,0.26110253,81.491295,0.3046202,2.7272716,0.065251105,,Crenated
Data/images/Crenated_5.png,37,0.8158614,47.77007,48.754486,38.973755,150.2254,0.1030706,1458.0,0.9008777,1890.0,1505.0,0.7714286,0.57824755,43.085766,0.96877074,68.0,128.0,15052441.0,1.9992238,32.0,3.3613775,184.0,18.903954,98.774345,99.0,47.0,137.0,13.609408,101.607254,0.41632807,15052441.0,0.28703752,567.6617,0.26836157,0.8651655,12.93856,0.26553673,0.84559816,0.19785184,0.8677024,0.86751413,-0.48354036,0.92555076,0.26306498,3.4752824,0.17068501,3.045878,0.872161,3.2775197,632.3882,0.40824664,418.50067,0.981831,0.109648824,13.050069,22.634615,297.09857,2.2718225,0.11242914,4.8529477,72.91346,0.28532237,10.350939,0.37104607,5.1901546,0.036464293,13.298077,22.634615,297.09857,2.2718225,0.11242914,72.91346,0.37104607,5.1901546,0.036464293,,Crenated
Data/images/Crenated_5.png,41,0.7596764,47.9988,50.24938,36.463554,146.46803,0.107028164,1369.0,0.89533275,1760.0,1409.0,0.7778409,0.6503013,41.75003,0.9716111,70.0,140.0,15264642.0,2.1222253,39.0,2.6159656,183.0,21.96956,102.13441,98.0,51.0,132.0,16.128656,105.594574,0.4978885,15264642.0,0.2599003,718.7767,0.32326284,0.865718,7.741692,0.31873113,0.91989946,0.22167331,0.8413897,0.84108764,-0.4518658,0.9229762,0.31476587,2.5883687,0.14174837,3.2715197,0.8690228,3.5101812,544.66693,0.47110254,355.8035,1.222212,0.2824661,8.007304,15.644397,111.586205,4.4485774,0.24749401,4.743567,101.594826,0.33893353,6.9393535,0.45225778,4.727332,0.08408667,9.109914,15.644397,111.586205,4.4485774,0.24749401,101.594826,0.45225778,4.727332,0.08408667,,Crenated
Data/images/Crenated_5.png,44,0.64545506,55.646637,55.542778,35.917404,161.53911,0.103385024,1563.0,0.86743563,1998.0,1615.0,0.7822823,0.76379824,44.610237,0.96780187,66.2,144.0,19826112.0,-3.2034265e-16,45.0,5.114376,255.0,27.537895,106.68074,103.0,43.0,212.0,18.485416,112.62616,1.1327916,19826112.0,1.0,1303.8718,0.0,1.0,4.0,0.0,-3.2034265e-16,0.0,1.0,1.0,0.0,0.0,0.0,2.0,1.0,-3.2034265e-16,1.0,0.36254808,1361.9252,0.06432337,1563.0,0.0,0.25,4.0,888.5741,3554.2964,222.14352,0.25,4.2081647,3.7777777,0.034548946,50.79321,0.0016135091,0.0064540366,0.0004033773,4.0,888.5741,3554.2964,222.14352,0.25,3.7777777,0.0016135091,0.0064540366,0.0004033773,,Crenated
Data/images/Crenated_5.png,45,0.74318194,55.10263,56.0803,40.95128,169.78175,0.0964395,1761.0,0.8760562,2236.0,1827.0,0.7875671,0.6690894,47.35161,0.96387523,72.0,129.0,19364334.0,1.9469556,33.0,2.7058458,173.0,18.501966,102.42022,104.0,39.0,134.0,13.598824,104.86284,-0.17868255,19364334.0,0.30050713,506.31406,0.3050351,0.828834,13.608899,0.3003513,0.8985829,0.21482423,0.850605,0.85029274,-0.42538428,0.9007295,0.29625294,3.5875292,0.16716708,3.0865479,0.83122814,3.2468762,762.0267,0.38533807,529.19305,0.87651527,0.10413023,13.8586035,15.08363,207.53914,1.4343249,0.11183867,4.735944,103.238434,0.31913686,5.2651086,0.34176952,4.8796196,0.038310774,13.907474,15.08363,207.53914,1.4343249,0.11183867,103.238434,0.34176952,4.8796196,0.038310774,,Crenated
Data/images/Crenated_5.png,48,0.8788291,45.40885,47.010635,39.90662,152.46803,0.1074854,1419.0,0.8756707,1932.0,1475.0,0.73447204,0.47713664,42.50561,0.9620339,67.0,118.0,12982718.0,1.7296214,27.0,2.9045303,159.0,15.800752,93.60394,93.0,43.0,116.0,11.262598,95.65146,0.016794868,12982718.0,0.35086843,387.50348,0.22747093,0.82005686,11.050145,0.22020349,0.7804814,0.17898135,0.89110947,0.890625,-0.45931095,0.8898834,0.21384448,3.2452762,0.23671791,2.6326609,0.82264084,2.9102347,665.28046,0.37647432,497.88232,0.65156007,0.12058081,11.274841,35.269794,408.51318,3.6309474,0.13473932,4.925447,53.02346,0.24031007,17.953457,0.3453201,4.489512,0.04213766,11.501467,35.269794,408.51318,3.6309474,0.13473932,53.02346,0.3453201,4.489512,0.04213766,,Crenated
Data/images/Crenated_5.png,49,0.97914034,44.50365,47.539455,43.575317,160.95332,0.10627489,1516.0,0.85711604,2024.0,1593.0,0.7490119,0.20318502,43.934395,0.95166355,66.0,153.0,19506534.0,2.3856854,53.0,2.1044402,195.0,27.633993,108.68338,108.0,44.0,151.0,21.654213,113.43327,0.17388761,19506534.0,0.20472915,1055.0304,0.3151804,0.9110479,16.741322,0.31245744,0.90706295,0.21755074,0.8442251,0.84404355,-0.51437145,0.9560912,0.3100749,3.8893805,0.10772229,3.5448728,0.9124923,3.707582,638.62665,0.40882128,310.3694,1.7718914,0.102702886,16.78496,15.246032,254.92857,1.5389194,0.098001115,4.8927417,104.84524,0.33245382,6.1983495,0.38287723,6.4773493,0.032894317,16.948412,15.246032,254.92857,1.5389194,0.098001115,104.84524,0.38287723,6.4773493,0.032894317,,Crenated
Data/images/Crenated_5.png,50,0.9193186,46.80221,48.82622,43.026142,160.95332,0.10216015,1576.0,0.87420684,2024.0,1630.0,0.7786561,0.39351404,44.795372,0.96687114,63.0,144.0,17264588.0,2.3401823,40.0,3.5299044,214.0,24.769478,99.78363,95.0,44.0,170.0,17.192158,104.66464,0.816414,17264588.0,0.23309429,997.9145,0.35117492,0.8980282,13.819191,0.33420366,0.9672282,0.23948285,0.83572674,0.8345953,-0.47614855,0.9450758,0.3193538,3.5032637,0.124557525,3.5788147,0.9073398,3.7137425,627.94543,0.46424636,367.3566,1.6954169,0.12798199,13.972081,14.740332,190.84715,1.7914325,0.12871893,4.9582458,118.911606,0.34454316,6.31644,0.44656423,7.620582,0.05280259,15.471455,14.740332,190.84715,1.7914325,0.12871893,118.911606,0.44656423,7.620582,0.05280259,,Crenated
Data/images/Crenated_5.png,52,0.85229015,47.119423,48.259712,40.15942,163.19595,0.11037941,1479.0,0.83523023,1892.0,1544.0,0.7817125,0.52306926,43.394947,0.95790154,70.0,132.0,15613337.0,2.0927722,33.0,3.2993379,181.0,19.864773,99.574715,97.0,32.0,149.0,13.622429,102.74573,0.32893988,15613337.0,0.28199846,641.5615,0.31512606,0.8569581,13.159664,0.30812326,0.9144491,0.22018611,0.8471055,0.8466387,-0.44961655,0.92099446,0.30199578,3.495098,0.15962783,3.2506409,0.86414534,3.4496517,604.26575,0.44435483,417.0757,1.0936733,0.12011106,13.42664,17.890947,223.3251,1.9437553,0.12343843,4.825638,101.31276,0.3286004,8.62982,0.42184564,6.432498,0.046471715,14.213992,17.890947,223.3251,1.9437553,0.12343843,101.31276,0.42184564,6.432498,0.046471715,,Crenated
Data/images/Crenated_5.png,53,0.8412757,50.918213,53.14132,42.836254,170.61017,0.100922905,1691.0,0.8542945,2350.0,1771.0,0.71957445,0.5406063,46.400948,0.9548278,68.0,146.0,20107252.0,2.2638192,39.0,2.7716029,197.0,23.515526,105.04317,103.0,44.0,153.0,16.782988,109.0447,0.42479312,20107252.0,0.2362824,856.6788,0.35060975,0.8804757,15.069512,0.34817073,0.94301385,0.2293869,0.8263211,0.8261585,-0.46112046,0.9366873,0.34603658,3.7118902,0.11683131,3.5019393,0.88551867,3.6377192,692.5281,0.43093765,399.55353,1.4395752,0.104430445,15.222945,11.430645,168.05484,1.197555,0.10038875,4.747829,135.19678,0.36664695,3.991829,0.41746533,7.003076,0.038376994,15.867742,11.430645,168.05484,1.197555,0.10038875,135.19678,0.41746533,7.003076,0.038376994,,Crenated
Data/images/Crenated_5.png,54,0.9005687,45.79488,47.434166,41.24144,154.85281,0.10509183,1474.0,0.878741,1890.0,1525.0,0.7798942,0.43471363,43.321533,0.9665574,79.0,129.0,16388314.0,1.7593871,24.0,2.948744,159.0,15.380204,103.605156,103.0,51.0,108.0,10.499155,105.44315,0.16912003,16388314.0,0.34421146,384.2308,0.21638656,0.8378196,7.731793,0.21638656,0.75351435,0.16956341,0.8918067,0.8918067,-0.48305345,0.90308,0.21638656,2.6782212,0.23124373,2.6541991,0.84259063,2.9095986,699.6431,0.32971874,507.3677,0.67690533,0.21088779,7.807327,32.93521,259.10986,5.691265,0.24915572,4.9422016,54.769012,0.24084125,15.695171,0.26632145,2.0928824,0.07017348,7.732394,32.93521,259.10986,5.691265,0.24915572,54.769012,0.26632145,2.0928824,0.07017348,,Crenated
Data/images/Crenated_5.png,55,0.9582788,45.965015,49.24429,44.047302,166.50967,0.10582121,1574.0,0.84449846,2160.0,1649.0,0.7287037,0.28583518,44.76694,0.9545179,70.0,133.7,17441678.0,2.061147,32.0,3.1416855,193.0,19.388887,102.44092,102.0,44.0,149.0,13.773582,105.266884,0.27066118,17441678.0,0.2777956,586.9759,0.36226168,0.827263,13.756082,0.35700196,0.9602961,0.23481126,0.82237566,0.822025,-0.39945665,0.8991279,0.35239974,3.5900724,0.13811958,3.310634,0.8298284,3.4560976,633.1817,0.44559544,437.2503,1.0357074,0.104269244,14.030496,11.557432,156.0608,1.1379672,0.10560054,4.5163627,134.90202,0.3761118,4.4883013,0.43709305,6.83992,0.043468833,14.628378,11.557432,156.0608,1.1379672,0.10560054,134.90202,0.43709305,6.83992,0.043468833,,Crenated
Data/images/Crenated_5.png,56,0.7964743,54.182175,55.946404,43.154705,171.29646,0.09368141,1829.0,0.88492,2288.0,1885.0,0.7993881,0.60467243,48.257175,0.9702918,74.0,134.0,20102704.0,1.9514172,30.0,2.8021204,169.0,17.94984,102.41936,100.0,52.0,117.0,12.866532,104.8384,0.4254987,20102704.0,0.29484063,501.36652,0.2864378,0.84363496,7.5160384,0.28531232,0.8677082,0.20503469,0.8575314,0.8574564,-0.44611734,0.907758,0.2843275,2.5967925,0.1705216,3.0258105,0.8468065,3.2431097,787.02295,0.39641926,539.26355,0.9182555,0.24717909,7.725533,18.284946,129.92114,4.293708,0.23471376,4.7386374,101.70609,0.30508474,7.541119,0.3547325,3.3265712,0.066133626,8.444445,18.284946,129.92114,4.293708,0.23471376,101.70609,0.3547325,3.3265712,0.066133626,,Crenated
Data/images/Crenated_6.png,1,0.9119742,50.096024,52.0,45.68628,164.46803,0.09175344,1793.0,0.9125423,2160.0,1842.0,0.8300926,0.41024753,47.779896,0.9733985,75.0,114.0,16731006.0,1.3545672,12.0,5.1728563,159.0,10.846396,95.15672,96.0,59.0,100.0,5.900478,96.59861,1.141843,16731006.0,0.52893835,276.4902,0.20778477,0.7721727,4.970807,0.20091586,0.74184984,0.16741759,0.9006869,0.900229,-0.39331827,0.79898405,0.19490555,2.1491127,0.43076003,2.0774963,0.79481256,2.363184,899.4874,0.42774016,948.3865,0.5154954,0.28869632,5.305075,78.50384,331.02814,20.666721,0.28589585,4.611028,93.767265,0.21807027,57.475395,0.4901551,4.4793797,0.10982253,7.503836,78.50384,331.02814,20.666721,0.28589585,93.767265,0.4901551,4.4793797,0.10982253,,Healthy
Data/images/Crenated_6.png,2,0.9437917,44.677883,47.507893,42.16662,151.05382,0.1024441,1475.0,0.9011469,1806.0,1520.0,0.81672204,0.33054084,43.336224,0.97039473,56.0,141.0,15334701.0,2.104345,63.0,1.5741652,159.0,29.12979,96.66238,98.0,47.0,112.0,25.135307,101.962776,0.1164568,15334701.0,0.25601885,1052.7931,0.22431865,0.9319316,13.426275,0.22431865,0.7679752,0.1739998,0.8878407,0.8878407,-0.57692873,0.9549942,0.22431865,3.448288,0.17715861,2.9976707,0.9430968,3.2221136,682.18646,0.3787877,377.6278,1.637113,0.13833334,13.317288,33.70137,444.2822,4.7144976,0.14613546,4.9998207,59.536987,0.24745762,17.370914,0.34572032,4.519203,0.057821564,13.2109585,33.70137,444.2822,4.7144976,0.14613546,59.536987,0.34572032,4.519203,0.057821564,,Crenated
Data/images/Crenated_6.png,3,0.95273244,46.273422,48.30114,44.08619,158.71068,0.09928726,1599.0,0.8930075,1978.0,1648.0,0.8083923,0.30381066,45.12106,0.970267,69.0,98.0,12837359.0,1.213757,12.0,7.5619683,160.0,10.509517,88.02564,89.0,52.0,108.0,5.758967,89.60116,1.4958868,12837359.0,0.57276064,279.85364,0.16559279,0.8151665,4.1578608,0.15528351,0.64254326,0.14147982,0.92407644,0.9233892,-0.44392928,0.7995188,0.14626288,1.9474871,0.48969966,1.7868145,0.87657773,2.0702662,921.4891,0.39016724,915.8443,0.5003432,0.36872786,4.403377,122.98929,492.125,34.904488,0.4005238,4.3570595,72.25714,0.17510945,90.37703,0.5212067,4.043776,0.1308253,6.196429,122.98929,492.125,34.904488,0.4005238,72.25714,0.5212067,4.043776,0.1308253,,Healthy
Data/images/Crenated_6.png,4,0.91587037,47.062523,50.219517,43.103172,155.39697,0.09788785,1588.0,0.9089066,1892.0,1630.0,0.83932346,0.40147412,44.96559,0.97423315,73.0,112.0,15336017.0,1.4293075,18.0,2.7580087,137.0,11.896454,97.1442,102.0,59.0,78.0,8.361424,98.272285,-0.6311101,15336017.0,0.42579502,220.44456,0.18340895,0.8168538,6.5236554,0.18340895,0.687478,0.1497701,0.9082955,0.9082955,-0.47058383,0.85635674,0.18340895,2.4727802,0.32839105,2.1479619,0.82488614,2.4772875,806.6184,0.36209545,676.1625,0.5097916,0.25818202,6.609572,57.158535,452.18292,10.034913,0.35069445,4.6640096,54.121952,0.20654912,33.71877,0.37028697,2.0097392,0.12716728,5.3231707,57.158535,452.18292,10.034913,0.35069445,54.121952,0.37028697,2.0097392,0.12716728,,Healthy
Data/images/Crenated_6.png,5,0.8007814,51.621754,54.405884,41.33774,156.2254,0.09352014,1671.0,0.92742014,2024.0,1703.0,0.8255929,0.59895664,46.125732,0.98120964,69.0,102.0,13192931.0,1.2095354,13.0,4.4901614,142.0,9.707061,87.82705,88.0,50.0,92.0,6.132872,88.85511,0.34182966,13192931.0,0.54936624,181.64035,0.16687192,0.72300214,4.038793,0.16687192,0.6504988,0.13902569,0.91656405,0.91656405,-0.39400697,0.77376866,0.16687192,1.9547414,0.44465426,1.8609028,0.72607857,2.198033,898.0018,0.37338826,917.991,0.32930395,0.3522716,4.2459607,91.04088,361.88364,26.038631,0.3775332,4.42025,65.78616,0.1903052,63.42883,0.43719676,2.7695844,0.122186504,5.2578616,91.04088,361.88364,26.038631,0.3775332,65.78616,0.43719676,2.7695844,0.122186504,,Healthy
Data/images/Crenated_6.png,7,0.9808891,49.758236,52.63079,48.80731,168.81119,0.088824615,1901.0,0.91545635,2256.0,1948.0,0.84264183,0.19456784,49.19785,0.9758727,71.0,108.0,17217728.0,1.5980657,16.0,4.60784,154.0,11.826532,93.73225,96.0,51.0,103.0,7.302172,95.169304,0.2975117,17217728.0,0.39084914,271.4617,0.22665948,0.7835404,5.3610363,0.2245008,0.7762232,0.17625886,0.8881094,0.88796544,-0.41966322,0.85477436,0.22261198,2.2250404,0.26561877,2.469758,0.79946125,2.8325024,885.9679,0.42339852,743.0042,0.5514116,0.30151922,5.584955,35.313854,183.61688,10.262313,0.3112945,4.797396,85.44156,0.24302998,18.382944,0.42404103,3.0813024,0.12215328,6.307359,35.313854,183.61688,10.262313,0.3112945,85.44156,0.42404103,3.0813024,0.12215328,,Healthy
Data/images/Crenated_6.png,8,0.92958015,46.779938,48.332184,43.485703,153.63962,0.09629559,1596.0,0.92161626,1980.0,1637.0,0.8060606,0.36862,45.078712,0.9749542,71.0,105.0,13848833.0,1.3387617,12.0,4.6298018,145.0,10.467031,91.85401,93.0,57.0,88.0,5.8617845,93.151566,0.652334,13848833.0,0.519093,240.0545,0.2018053,0.75592786,4.499033,0.19535783,0.72953725,0.1636406,0.90339565,0.90296584,-0.3881344,0.7941036,0.18971631,2.0460992,0.41457126,2.0678656,0.79206526,2.3643408,809.8509,0.42928594,828.4724,0.45900583,0.3282599,4.788847,73.79592,308.8484,20.42922,0.34750566,4.3168106,84.207,0.21491228,52.14494,0.49776924,3.7314441,0.119418114,6.1399417,73.79592,308.8484,20.42922,0.34750566,84.207,0.49776924,3.7314441,0.119418114,,Healthy
Data/images/Crenated_6.png,10,0.97255427,44.965378,47.010635,43.73127,151.39697,0.09815039,1543.0,0.91960293,1892.0,1581.0,0.8155391,0.23267628,44.323906,0.9759646,67.0,100.0,12622475.0,1.2926848,18.0,4.4819345,148.0,11.450651,89.11536,93.0,54.0,94.0,7.501568,90.445984,0.317442,12622475.0,0.51614237,238.92902,0.23431242,0.661047,3.8291054,0.2036048,0.7745395,0.1928575,0.90331554,0.90126836,-0.344308,0.75257605,0.17673565,1.8975301,0.41394222,2.0090137,0.6878933,2.2446966,796.0499,0.43992373,796.40765,0.40442464,0.38654408,4.1594296,72.070335,280.01834,21.866058,0.37485135,4.186142,83.11621,0.21192482,49.804638,0.5108122,4.2084737,0.09875868,5.9296637,72.070335,280.01834,21.866058,0.37485135,83.11621,0.5108122,4.2084737,0.09875868,,Healthy
Data/images/Crenated_6.png,14,0.9372587,47.413265,48.76474,44.438496,160.2254,0.0970181,1652.0,0.8991101,2070.0,1699.0,0.7980676,0.34863466,45.862747,0.97233665,71.0,131.0,16454726.0,1.8052515,20.0,3.1635299,155.0,15.210686,97.65617,96.0,51.0,104.0,9.638093,99.802246,0.5273569,16454726.0,0.32662296,423.75952,0.2744244,0.8067347,6.060361,0.2632234,0.8620641,0.20513783,0.8702551,0.8695084,-0.4154854,0.8765649,0.25342253,2.3425639,0.20822716,2.7889142,0.81292605,3.085901,714.99396,0.4466565,539.5811,0.76786083,0.29011148,6.473366,27.154684,154.17429,7.4115233,0.2803504,4.649334,91.88453,0.27784503,14.200958,0.43452138,3.7584984,0.093051545,7.522876,27.154684,154.17429,7.4115233,0.2803504,91.88453,0.43452138,3.7584984,0.093051545,,Healthy
Data/images/Crenated_6.png,15,0.92668736,46.055115,47.41308,42.67869,155.88225,0.10125512,1540.0,0.8922737,1932.0,1583.0,0.79710144,0.37583306,44.280796,0.9728364,73.0,107.0,13526058.0,1.4138447,14.0,3.304466,138.0,10.031988,92.78442,95.0,55.0,83.0,6.61253,93.71848,-0.40919745,13526058.0,0.43088463,174.20677,0.22468142,0.7160953,5.012743,0.22334003,0.771595,0.17480065,0.88855356,0.8884641,-0.36091733,0.79294914,0.22216633,2.174715,0.2964858,2.25012,0.7198201,2.614357,709.9649,0.40451846,663.5623,0.41834837,0.3013077,5.1928573,36.089237,173.81364,9.463801,0.34580052,4.548429,66.65879,0.2474026,19.751516,0.39102155,2.3795085,0.12408469,5.4409447,36.089237,173.81364,9.463801,0.34580052,66.65879,0.39102155,2.3795085,0.12408469,,Healthy
Data/images/Crenated_6.png,16,0.95117784,47.51788,49.396355,45.197952,160.46803,0.09531811,1684.0,0.9064064,2024.0,1726.0,0.8320158,0.3086434,46.30481,0.9756663,75.0,121.0,16356673.0,1.6845047,17.0,3.905476,170.0,12.976228,96.95309,96.0,50.0,120.0,7.891052,98.5545,0.6080631,16356673.0,0.36917037,313.08746,0.24420024,0.79093677,5.9749694,0.24175824,0.80699617,0.1857532,0.87952787,0.8793651,-0.41759634,0.86284137,0.23962149,2.3479853,0.24707384,2.5852861,0.7960623,2.8883736,760.91095,0.3836951,621.6829,0.63417715,0.2661078,6.3129454,28.5,148.16591,8.026375,0.24764141,4.810593,74.93636,0.26128265,13.851983,0.3489033,3.0289283,0.07513254,7.5886364,28.5,148.16591,8.026375,0.24764141,74.93636,0.3489033,3.0289283,0.07513254,,Crenated
Data/images/Crenated_6.png,19,0.9488515,45.671143,47.169907,43.335136,151.98276,0.09802177,1551.0,0.9184309,1892.0,1587.0,0.8197674,0.31572258,44.43866,0.97731566,75.0,118.0,14743488.0,1.6041464,17.0,3.8852534,152.0,12.398858,96.068344,96.0,57.0,95.0,7.973981,97.497665,0.6292341,14743488.0,0.39183512,276.66846,0.22495024,0.7802132,5.767087,0.2236231,0.7720596,0.17494294,0.8884096,0.88832116,-0.41990563,0.8531838,0.22246185,2.3168547,0.2738479,2.4490736,0.7853739,2.7770052,718.7112,0.404639,607.7363,0.55897385,0.26888046,6.0245004,39.792107,219.2,9.538393,0.2856696,4.77628,71.41579,0.24500322,23.132818,0.40018716,3.583952,0.1017323,7.1710525,39.792107,219.2,9.538393,0.2856696,71.41579,0.40018716,3.583952,0.1017323,,Healthy
Data/images/Crenated_6.png,20,0.96956825,46.463043,48.02083,45.04909,156.81119,0.09558743,1641.0,0.9156216,1980.0,1679.0,0.82878786,0.24482118,45.709805,0.97736746,75.0,116.0,16186887.0,1.6108866,21.0,3.2719924,152.0,13.135289,97.88483,99.0,53.0,99.0,8.903146,99.31786,-0.025998717,16186887.0,0.3742085,282.59915,0.24388714,0.76752186,6.260815,0.23887147,0.8089869,0.18682757,0.8814002,0.88106585,-0.3984759,0.8437214,0.23448277,2.420376,0.2509537,2.5005565,0.7804161,2.8034465,740.2395,0.44841787,614.0762,0.5568527,0.2533433,6.5490556,35.108746,245.90308,6.69763,0.2879078,4.5395823,89.06619,0.25776964,20.05875,0.45544392,3.750154,0.09954357,6.893617,35.108746,245.90308,6.69763,0.2879078,89.06619,0.45544392,3.750154,0.09954357,,Healthy
Data/images/Crenated_6.png,21,0.9597664,48.861797,50.447994,46.895912,168.95332,0.094045825,1797.0,0.8893072,2254.0,1839.0,0.7972493,0.28079963,47.833164,0.9771615,68.0,126.0,18319700.0,1.8523967,31.0,2.3278806,151.0,17.221779,98.74791,101.0,49.0,102.0,12.767922,100.96832,-0.20465544,18319700.0,0.3029358,443.45175,0.22394043,0.8617369,12.635166,0.22279496,0.7699552,0.17430285,0.8887934,0.88871706,-0.5055963,0.919245,0.22179267,3.45504,0.19854382,2.7553327,0.86726326,3.0624945,834.60046,0.39010358,544.3756,0.81739706,0.1071743,12.813579,35.692482,506.28702,3.1935751,0.11542205,4.875058,69.28246,0.24429604,18.936607,0.36289805,4.6877627,0.03782666,12.136674,35.692482,506.28702,3.1935751,0.11542205,69.28246,0.36289805,4.6877627,0.03782666,,Crenated
Data/images/Crenated_6.png,22,0.9737402,47.9721,49.658836,46.71236,160.81119,0.0916042,1756.0,0.923611,2115.0,1795.0,0.83026004,0.22766204,47.28434,0.978273,80.0,100.0,15567660.0,0.7658212,7.0,4.938323,134.0,6.260724,93.76424,96.0,70.0,64.0,3.8275774,94.1563,-0.28997955,15567660.0,0.72771454,73.6779,0.13290398,0.53119785,4.408665,0.13290398,0.5653489,0.115240514,0.93354803,0.93354803,-0.24771163,0.5450641,0.13290398,2.0816746,0.63984317,1.2468934,0.5496208,1.5821403,1060.5148,0.34722865,1277.8667,0.1601097,0.25594786,4.5615034,136.63272,559.4109,34.10283,0.28272727,4.3966956,61.334545,0.15660593,95.858696,0.48096213,3.2855592,0.14637145,5.941818,136.63272,559.4109,34.10283,0.28272727,61.334545,0.48096213,3.2855592,0.14637145,,Healthy
Data/images/Crenated_6.png,23,0.93322784,51.355072,52.49762,47.925983,174.71068,0.09064108,1928.0,0.89080507,2300.0,1978.0,0.8382609,0.35928518,49.545998,0.97472197,75.0,124.0,19429268.0,1.712311,24.0,3.0485315,157.0,14.746218,98.608406,97.0,55.0,102.0,10.160342,100.38636,0.39480552,19429268.0,0.352936,353.80463,0.22896698,0.8121903,6.4089456,0.22790202,0.7788178,0.17702766,0.8862265,0.8861555,-0.44729826,0.8816362,0.22697018,2.4318423,0.23542608,2.6066792,0.8244552,2.9254405,889.4564,0.39520133,680.4606,0.64047945,0.25108632,6.689834,35.80713,219.05661,8.01125,0.27128175,4.8959923,80.65199,0.24740663,19.46994,0.3738999,2.777213,0.093199484,7.253669,35.80713,219.05661,8.01125,0.27128175,80.65199,0.3738999,2.777213,0.093199484,,Healthy
Data/images/Crenated_6.png,24,0.88624686,46.288353,48.466484,41.022907,149.15433,0.10033927,1487.0,0.9163292,1845.0,1516.0,0.8059621,0.46321326,43.51215,0.9808707,73.0,117.0,14064156.0,1.6038451,20.0,3.0918946,151.0,13.003148,95.835915,96.0,54.0,97.0,8.9758835,97.25263,0.051411804,14064156.0,0.3738796,273.5521,0.18948825,0.8241616,5.9792533,0.18948825,0.7003997,0.15358245,0.90525585,0.90525585,-0.48651335,0.8876632,0.18948825,2.3526971,0.2611358,2.4123569,0.8258919,2.7450392,743.1883,0.35042822,555.959,0.545629,0.27135527,6.1237392,46.77778,284.7492,11.540008,0.27078396,4.9321184,44.85397,0.2118359,24.493383,0.32753435,2.5894766,0.06472098,6.5968256,46.77778,284.7492,11.540008,0.27078396,44.85397,0.32753435,2.5894766,0.06472098,,Crenated
Data/images/Crenated_6.png,25,0.9381025,48.85353,50.47772,45.829617,166.46803,0.094934724,1754.0,0.89171684,2115.0,1800.0,0.8293144,0.34635788,47.257404,0.97444445,72.0,121.0,16828796.0,1.7470013,24.0,3.4866905,162.0,14.81267,96.01368,95.0,53.0,109.0,9.874845,97.951645,0.58788127,16828796.0,0.35169262,375.8972,0.2584994,0.7960707,5.8722157,0.25615475,0.8298704,0.19288416,0.8723134,0.8721571,-0.41483054,0.86881506,0.25410315,2.316823,0.2301492,2.6860354,0.7988999,2.9860764,763.2805,0.44012773,616.8689,0.68965936,0.2870697,6.2177877,27.10559,147.08075,6.980043,0.27673396,4.74476,91.57557,0.27537057,13.9180155,0.4209939,4.0743175,0.08202325,7.6273293,27.10559,147.08075,6.980043,0.27673396,91.57557,0.4209939,4.0743175,0.08202325,,Crenated
Data/images/Crenated_6.png,26,0.92803663,47.64957,49.0408,44.22055,158.2254,0.09580708,1652.0,0.910475,2021.0,1696.0,0.81741714,0.37248892,45.862747,0.9740566,69.0,101.0,13736419.0,1.3052919,15.0,5.088873,156.0,10.0407,90.15194,93.0,53.0,103.0,6.3565946,91.18675,0.03610608,13736419.0,0.51059765,187.65186,0.22498447,0.6721011,4.233064,0.20509633,0.7688064,0.18291995,0.9007665,0.89944065,-0.3419348,0.7590769,0.18769422,2.0006216,0.39027324,2.081434,0.6792863,2.3796735,835.44434,0.43063363,843.50726,0.3770776,0.3432415,4.4794188,70.84594,289.4958,20.133307,0.36589715,4.4928203,81.98039,0.21610169,49.432636,0.48759496,3.460737,0.12864947,5.5686274,70.84594,289.4958,20.133307,0.36589715,81.98039,0.48759496,3.460737,0.12864947,,Healthy
Data/images/Crenated_6.png,32,0.9458061,48.62213,51.312767,45.987106,163.39697,0.093503274,1748.0,0.90692115,2116.0,1790.0,0.82608694,0.3247319,47.176506,0.97653633,73.0,116.0,16272482.0,1.6149524,25.0,2.6121004,152.0,14.075234,94.97025,96.0,44.0,108.0,10.486371,96.4842,-0.12315958,16272482.0,0.3706786,289.85153,0.21693122,0.7995942,11.471487,0.21575543,0.7570982,0.1703808,0.89231825,0.89223987,-0.44131324,0.8678752,0.21472663,3.3224573,0.2507537,2.4709494,0.8063249,2.7742012,828.6464,0.3556533,647.9462,0.5615021,0.10989544,11.708238,33.60775,419.73364,3.231859,0.11532015,4.907957,59.527843,0.23627003,15.694153,0.31081495,4.3343844,0.031915013,11.927361,33.60775,419.73364,3.231859,0.11532015,59.527843,0.31081495,4.3343844,0.031915013,,Crenated
Data/images/Crenated_6.png,34,0.9682099,44.95135,47.010635,43.522343,152.3259,0.099396996,1533.0,0.9110274,1848.0,1573.0,0.82954544,0.250139,44.180042,0.9745709,68.0,104.0,12533692.0,1.4663888,19.0,3.30918,133.0,11.609939,89.22636,93.0,45.0,88.0,8.027211,90.420815,-0.70800745,12533692.0,0.42425075,214.58217,0.16397849,0.82038945,9.634409,0.16397849,0.643743,0.13708955,0.9180108,0.9180108,-0.49915865,0.87633747,0.16397849,3.0430107,0.3171099,2.1962407,0.82349914,2.54779,814.5708,0.33011857,650.3764,0.4572627,0.1347746,9.725375,59.276817,585.97577,6.9788966,0.15068147,4.9708657,37.33218,0.18851924,31.139114,0.3186635,3.3569756,0.042574648,9.602077,59.276817,585.97577,6.9788966,0.15068147,37.33218,0.3186635,3.3569756,0.042574648,,Healthy
Data/images/Crenated_6.png,36,0.91868633,43.794025,45.221676,40.232975,146.2254,0.10592206,1381.0,0.9007418,1763.0,1421.0,0.7833239,0.39498788,41.93261,0.9718508,68.0,129.0,14458879.0,1.9697407,34.0,2.4820738,156.0,18.918076,99.66908,101.0,39.0,117.0,13.961251,102.32234,-0.14477502,14458879.0,0.28512904,535.9361,0.30493274,0.8364714,13.008968,0.30493274,0.8872373,0.21194877,0.84753364,0.84753364,-0.4367369,0.90686524,0.30493274,3.4970105,0.15460406,3.0930579,0.84231734,3.289177,584.14264,0.40612513,393.7632,0.9204593,0.1129391,13.22882,15.736142,220.46785,1.5286844,0.1257009,4.621763,90.4235,0.32657495,6.3597817,0.37572,4.5239086,0.04845017,12.485587,15.736142,220.46785,1.5286844,0.1257009,90.4235,0.37572,4.5239086,0.04845017,,Crenated
Data/images/Crenated_6.png,38,0.9657637,46.383377,48.02083,44.795383,158.46803,0.09736899,1628.0,0.9024513,1980.0,1682.0,0.82222223,0.25942332,45.528385,0.9678954,69.0,117.0,15147562.0,1.6285775,25.0,2.7384748,156.0,14.646432,94.73341,96.0,50.0,106.0,10.697712,96.45931,-0.109357044,15147562.0,0.35864842,329.9793,0.18256475,0.8438818,5.721415,0.1800379,0.6882317,0.1501511,0.9104022,0.91023374,-0.513259,0.90052325,0.17782691,2.2864814,0.2553918,2.412493,0.84781545,2.7560797,842.5455,0.37325913,583.8796,0.58670443,0.30862597,5.8304667,53.890244,345.82318,13.32952,0.34282944,4.9273405,50.682926,0.2014742,29.254759,0.3825097,2.3878605,0.10710836,5.621951,53.890244,345.82318,13.32952,0.34282944,50.682926,0.3825097,2.3878605,0.10710836,,Healthy
Data/images/Crenated_6.png,39,0.81864303,46.95352,49.0408,38.43817,151.63962,0.10766035,1409.0,0.87734556,1794.0,1465.0,0.78539574,0.5743027,42.35557,0.96177477,70.0,134.2,16385397.0,2.0057914,38.0,2.1668947,156.0,20.406578,105.045425,109.0,51.0,105.0,15.474415,107.83829,-0.2438558,16385397.0,0.275084,594.5558,0.18640351,0.91009325,8.556287,0.18640351,0.69388694,0.15165724,0.90679824,0.90679824,-0.5927155,0.95183814,0.18640351,2.7591374,0.19781059,2.8069165,0.9185174,3.0844169,706.6948,0.32169452,387.59332,1.0562484,0.2690616,8.48758,44.212837,408.43582,9.113765,0.33562782,5.093448,39.58108,0.21007808,21.553951,0.27339175,1.4583155,0.10792044,7.1216216,44.212837,408.43582,9.113765,0.33562782,39.58108,0.27339175,1.4583155,0.10792044,,Crenated
Data/images/Crenated_6.png,40,0.8756303,51.644527,53.14132,45.22151,169.53911,0.09277105,1828.0,0.8938481,2300.0,1885.0,0.7947826,0.48298192,48.243984,0.96976125,76.0,112.0,16881464.0,1.4207349,19.0,3.0138874,136.0,11.190864,95.06181,96.0,47.0,89.0,7.880726,96.09858,-0.18863235,16881464.0,0.42175627,198.18819,0.20901409,0.74999094,11.322817,0.20901409,0.739594,0.16532719,0.895493,0.895493,-0.39978918,0.8224736,0.20901409,3.3180282,0.28706765,2.2583702,0.75090885,2.593487,873.25165,0.35810563,770.97046,0.42273933,0.10373177,11.518052,32.193398,380.3137,3.0964427,0.11201847,4.796837,56.622643,0.23194748,13.605909,0.30999115,3.866963,0.03578962,11.549528,32.193398,380.3137,3.0964427,0.11201847,56.622643,0.30999115,3.866963,0.03578962,,Crenated
Data/images/Crenated_6.png,42,0.9422345,50.935463,53.338543,47.993153,170.2254,0.08905331,1912.0,0.91047436,2256.0,1951.0,0.8475177,0.3349539,49.339985,0.9800103,79.0,125.0,20197498.0,1.687287,23.0,2.9226902,153.0,14.193652,101.20293,100.0,50.0,103.0,9.76846,102.779106,0.050909396,20197498.0,0.35249513,321.51218,0.24396783,0.7986035,6.9855227,0.24396783,0.8015766,0.18444753,0.8780161,0.8780161,-0.4249891,0.87158614,0.24396783,2.549866,0.22289084,2.641844,0.7998634,2.9220293,865.12866,0.3759388,673.9707,0.6142528,0.22686498,7.136506,25.131474,171.11354,5.132799,0.24220507,4.796252,76.948204,0.2625523,10.6247835,0.32675672,2.6422853,0.07246858,7.5358567,25.131474,171.11354,5.132799,0.24220507,76.948204,0.32675672,2.6422853,0.07246858,,Crenated
Data/images/Crenated_6.png,43,0.8492469,47.20518,48.30114,40.088856,154.81119,0.10442576,1483.0,0.8816576,1892.0,1530.0,0.78382665,0.52799594,43.453587,0.969281,78.0,122.0,14962764.0,1.628031,22.0,3.171863,152.0,13.566756,98.93999,98.0,45.0,107.0,9.401025,100.446625,0.3287914,14962764.0,0.37562275,300.403,0.2698192,0.7576877,12.420028,0.2684284,0.8451674,0.1977654,0.86601764,0.8659249,-0.37128314,0.83570135,0.2672114,3.4638386,0.23273201,2.6290581,0.7606387,2.8821309,647.24817,0.39061442,557.0485,0.5680436,0.09669551,12.71207,19.997675,244.52094,1.8873669,0.09732816,4.646665,73.57209,0.28995278,8.103196,0.34573087,5.069426,0.032112192,13.513953,19.997675,244.52094,1.8873669,0.09732816,73.57209,0.34573087,5.069426,0.032112192,,Crenated
Data/images/Crenated_6.png,44,0.78914624,56.750626,60.207973,44.784546,179.05382,0.09049978,1979.0,0.8806217,2448.0,2044.0,0.80841506,0.61420536,50.19702,0.9681996,76.0,124.0,20206840.0,1.7476217,25.0,3.280891,163.0,15.220084,99.19202,98.0,52.0,111.0,10.565501,101.047676,0.50677043,20206840.0,0.34939504,371.57608,0.23599584,0.82812494,6.75,0.23599584,0.78831786,0.18030182,0.88200206,0.88200206,-0.45820838,0.89373535,0.23599584,2.4862552,0.22284813,2.697365,0.84606653,2.9380965,919.4871,0.33880454,691.45276,0.68254113,0.24441469,6.928752,25.405138,166.88933,5.943339,0.24525307,4.8668203,77.05929,0.2556847,10.108692,0.2720664,2.245153,0.059712883,7.458498,25.405138,166.88933,5.943339,0.24525307,77.05929,0.2720664,2.245153,0.059712883,,Crenated
Data/images/Crenated_6.png,46,0.9402379,44.13748,45.607018,41.499733,151.29646,0.105617076,1433.0,0.88679546,1848.0,1479.0,0.7754329,0.34051833,42.71478,0.9688979,73.0,123.0,14426473.0,1.7829515,26.0,2.9434254,155.0,15.559822,98.42498,99.0,43.0,112.0,11.014187,100.336044,0.01426187,14426473.0,0.3372168,379.8452,0.2582734,0.81424344,12.483453,0.2582734,0.8241297,0.19156824,0.8708633,0.8708633,-0.4343018,0.88750863,0.2582734,3.4521582,0.20456783,2.7932634,0.8193903,3.0905404,620.3189,0.42770913,483.2317,0.69407433,0.104974605,12.708304,25.266169,312.8433,2.540476,0.10360489,4.696828,74.547264,0.28053036,12.55925,0.40328616,5.633881,0.03713222,13.231343,25.266169,312.8433,2.540476,0.10360489,74.547264,0.40328616,5.633881,0.03713222,,Crenated
Data/images/Crenated_6.png,49,0.8195031,48.337307,49.979996,39.612576,156.1249,0.10453625,1494.0,0.8774763,1880.0,1538.0,0.79468083,0.5730747,43.614445,0.97139144,66.3,129.0,15447846.0,2.038399,33.0,2.775978,183.0,19.479273,98.8166,99.0,42.0,141.0,14.16785,101.68542,0.103018895,15447846.0,0.27530113,575.2033,0.24104683,0.88203555,13.02135,0.24104683,0.7967768,0.18294325,0.8794766,0.8794766,-0.5181754,0.9383187,0.24104683,3.481405,0.16955857,3.0369325,0.88473624,3.2431457,684.20215,0.35246563,411.29987,1.0045896,0.11516806,13.109773,24.617348,311.33163,2.672521,0.12339069,5.0540752,60.734695,0.26238286,10.091915,0.29095116,3.9936087,0.04014645,13.466837,24.617348,311.33163,2.672521,0.12339069,60.734695,0.29095116,3.9936087,0.04014645,,Crenated
Data/images/Crenated_6.png,52,0.98040795,49.12325,51.47815,48.160824,174.71068,0.094463736,1850.0,0.87259483,2209.0,1901.0,0.83748305,0.19697776,48.533424,0.973172,72.0,121.0,18814796.0,1.6712056,28.0,2.6082437,161.0,15.497586,99.072975,101.0,52.0,109.0,11.4517,100.84721,-0.27196681,18814796.0,0.3598954,354.70657,0.1936737,0.8445574,6.6148725,0.1936737,0.7090936,0.1561642,0.90316314,0.90316314,-0.50203896,0.9018565,0.1936737,2.467536,0.24909383,2.504107,0.8520122,2.773127,920.3611,0.31201285,665.80646,0.62232757,0.26356247,6.745946,40.120907,277.6423,9.61573,0.25471452,4.971954,54.60705,0.21459459,18.405777,0.25109935,2.072998,0.053137537,7.0528965,40.120907,277.6423,9.61573,0.25471452,54.60705,0.25109935,2.072998,0.053137537,,Crenated
Data/images/Crenated_6.png,53,0.8636836,49.928173,53.075417,43.122147,178.02438,0.105966896,1681.0,0.81616896,2209.0,1768.0,0.7609778,0.50403434,46.263546,0.95079184,66.0,129.0,17014802.0,2.1037276,32.0,4.021949,203.0,19.830017,97.28852,95.0,34.0,169.0,13.544391,100.60732,0.6335751,17014802.0,0.28018612,656.7775,0.2808093,0.8790474,12.620479,0.27958307,0.8603408,0.20264262,0.86041284,0.86033106,-0.4907207,0.93491244,0.27851012,3.405886,0.16629876,3.1862998,0.88273805,3.3891125,721.16656,0.40402073,470.99286,1.1456447,0.12388208,12.801309,19.051485,221.38416,2.2867997,0.118796326,5.048134,91.78812,0.3004164,7.9711556,0.3655813,6.1690006,0.037924528,14.588119,19.051485,221.38416,2.2867997,0.118796326,91.78812,0.3655813,6.1690006,0.037924528,,Crenated
Data/images/Crenated_6.png,55,0.82586914,47.16866,48.8774,38.95514,162.1249,0.114333495,1419.0,0.8233668,1980.0,1513.0,0.71666664,0.5638618,42.50561,0.93787175,86.8,142.0,18674720.0,1.7819891,26.0,2.5894513,165.0,16.148298,112.95772,112.0,67.0,98.0,11.472012,114.71913,0.16475919,18674720.0,0.33834335,401.03415,0.20975965,0.84547013,10.0968685,0.20975965,0.74102306,0.16576053,0.8951202,0.8951202,-0.49937698,0.90985656,0.20975965,3.0859432,0.23639709,2.643377,0.85668576,2.8782797,677.6779,0.33371127,480.10922,0.6985515,0.14518166,10.009866,35.146706,359.97006,4.1572437,0.19767548,4.8298125,49.287426,0.23537703,17.09693,0.27155203,1.8209221,0.08450045,9.008982,35.146706,359.97006,4.1572437,0.19767548,49.287426,0.27155203,1.8209221,0.08450045,,Crenated
Data/images/Crenated_6.png,56,0.9198839,54.194263,56.63921,49.852432,184.71068,0.08731301,2116.0,0.88271284,2550.0,2182.0,0.82980394,0.3921908,51.90544,0.96975255,67.0,126.0,20358136.0,1.9454988,34.0,2.6720545,176.0,18.565308,95.47874,94.0,40.0,136.0,13.91202,98.08694,0.30410284,20358136.0,0.2921918,504.8592,0.24842615,0.85719967,11.731719,0.24552058,0.8145688,0.1881458,0.877724,0.8775303,-0.4840709,0.9196883,0.24297822,3.3145278,0.18153194,2.927565,0.8584701,3.146708,973.58887,0.3448592,618.2779,0.88804716,0.12007896,12.007562,24.24865,268.47928,2.8895583,0.117335066,4.983829,83.962166,0.26228735,9.712634,0.2774269,3.9241586,0.029212745,12.936937,24.24865,268.47928,2.8895583,0.117335066,83.962166,0.2774269,3.9241586,0.029212745,,Crenated
Data/images/Crenated_6.png,57,0.8826339,46.19104,48.373547,40.76978,155.88225,0.105934255,1473.0,0.87234527,1845.0,1531.0,0.798374,0.470061,43.306835,0.96211624,73.0,131.0,16169046.0,1.9763427,32.0,2.917056,177.0,18.48342,102.24304,102.0,48.0,129.0,13.517672,104.770935,0.22383055,16169046.0,0.28882915,523.3096,0.24982505,0.8664985,13.927921,0.24982505,0.8110007,0.1874125,0.8750875,0.8750875,-0.4949321,0.9271132,0.24982505,3.6217635,0.17528664,2.9844334,0.8741974,3.2374346,655.93005,0.38515776,425.44534,0.92658573,0.09748131,14.034623,25.962593,375.21945,2.2577846,0.10268976,4.930474,69.294266,0.27223355,12.469337,0.34579003,4.896536,0.034395386,13.850374,25.962593,375.21945,2.2577846,0.10268976,69.294266,0.34579003,4.896536,0.034395386,,Crenated
Data/images/Crenated_6.png,62,0.95739156,45.64202,49.09175,43.69729,156.81119,0.101070695,1552.0,0.8904382,1890.0,1605.0,0.821164,0.28879303,44.452984,0.9669782,74.0,144.0,17445176.0,2.0555239,35.0,2.6521864,173.0,20.987268,102.80992,98.0,48.0,125.0,15.006476,106.02098,0.60833484,17445176.0,0.28117028,670.5676,0.2511597,0.89309365,14.2829685,0.24983433,0.8165864,0.18874252,0.87530375,0.87521535,-0.516393,0.9387946,0.24867462,3.6378396,0.1756938,3.0618534,0.9053466,3.2802882,703.5116,0.3579402,436.37628,1.1579804,0.099383056,14.345361,22.754177,308.47256,2.254514,0.09850968,5.061862,67.023865,0.26997423,9.034136,0.29974452,4.7019677,0.02772474,14.899761,22.754177,308.47256,2.254514,0.09850968,67.023865,0.29974452,4.7019677,0.02772474,,Crenated
Data/images/Crenated_6.png,63,0.94732493,42.817364,46.09772,40.561954,156.61017,0.115964584,1352.0,0.83182555,1892.0,1425.0,0.71458775,0.3202741,41.489998,0.94877195,75.0,131.0,14417779.0,1.8959148,29.25,3.0304396,173.0,17.487154,100.92529,98.0,48.0,125.0,12.381861,103.26683,0.44218224,14417779.0,0.315789,478.12238,0.29601228,0.82462764,13.183282,0.29447854,0.8811533,0.20929466,0.8530164,0.8529141,-0.42108417,0.8922868,0.2931365,3.5337424,0.1861818,2.9818983,0.82751,3.1760414,575.9423,0.40119174,426.94675,0.84767634,0.09909167,13.47855,16.73782,203.2181,1.6936872,0.095792085,4.6513367,83.092804,0.31878698,6.897734,0.36567828,5.8708034,0.032756265,14.735498,16.73782,203.2181,1.6936872,0.095792085,83.092804,0.36567828,5.8708034,0.032756265,,Crenated
Data/images/Crenated_6.png,67,0.7811297,55.415215,58.898216,43.286472,176.2254,0.09421299,1871.0,0.8699921,2200.0,1920.0,0.85045457,0.6243688,48.808105,0.97447914,67.0,135.0,19523724.0,2.1173463,37.0,2.519927,174.0,21.018335,98.8434,97.0,37.0,137.0,15.177086,102.15143,0.27625388,19523724.0,0.26142383,664.89636,0.29983526,0.8692903,12.981329,0.29763865,0.887473,0.21124649,0.85154676,0.8514003,-0.47295123,0.9301692,0.29571664,3.4618342,0.14710765,3.2353413,0.87100023,3.4154012,794.5425,0.4060925,489.124,1.1398672,0.11908753,13.223945,17.744068,206.01695,2.1954577,0.10757768,4.846142,114.18983,0.3153394,7.6876445,0.37255788,6.03578,0.0323133,14.754237,17.744068,206.01695,2.1954577,0.10757768,114.18983,0.37255788,6.03578,0.0323133,,Crenated
Data/images/Crenated_6.png,69,0.8809587,50.477203,52.0,44.468327,165.29646,0.09410559,1757.0,0.8988049,2107.0,1797.0,0.83388704,0.47319326,47.2978,0.9777407,69.0,133.0,18294048.0,2.063689,33.0,2.7796752,176.0,19.553125,99.10131,98.0,41.0,135.0,14.1190195,102.039665,0.32105336,18294048.0,0.27413592,591.0245,0.34422404,0.83336204,12.810385,0.3430572,0.9333732,0.22653581,0.8286659,0.82858807,-0.41417405,0.90462255,0.34203616,3.4568262,0.14081696,3.2653317,0.8344281,3.402644,739.24243,0.40888694,481.6568,1.0382316,0.11544361,13.115538,11.865079,146.05714,1.3451384,0.112829335,4.6457705,133.90794,0.35856575,4.087178,0.38987657,6.0490274,0.03985364,14.085714,11.865079,146.05714,1.3451384,0.112829335,133.90794,0.38987657,6.0490274,0.03985364,,Crenated
Data/images/Crenated_6.png,70,0.9630125,53.187622,57.45433,51.22035,183.29646,0.08619632,2127.0,0.891833,2450.0,2174.0,0.8681633,0.26945674,52.04018,0.97838086,73.0,132.0,22862884.0,1.9527098,31.0,3.1454887,187.0,18.285364,101.12553,99.0,53.0,134.0,13.02112,103.67684,0.5611778,22862884.0,0.30001864,522.515,0.28247222,0.8470448,7.290681,0.2805408,0.8641591,0.20376909,0.8600515,0.85992277,-0.45503503,0.91138405,0.2788508,2.551183,0.17982003,3.0143437,0.8474775,3.1911805,927.50586,0.38443908,638.13965,0.92070365,0.25714386,7.507757,19.532284,120.78268,5.353673,0.22317411,4.7726903,118.00472,0.29854256,8.312421,0.34274185,3.7127407,0.0580597,9.0236225,19.532284,120.78268,5.353673,0.22317411,118.00472,0.34274185,3.7127407,0.0580597,,Crenated
Data/images/Crenated_7.png,2,0.96604747,47.04609,49.24429,45.448753,161.53911,0.09635497,1677.0,0.8985227,2208.0,1744.0,0.7595109,0.2583647,46.20847,0.96158254,69.0,110.0,14541441.0,1.4559065,14.0,5.4757442,158.0,11.812832,91.37448,91.0,55.0,103.0,6.6085396,93.11876,1.1338642,14541441.0,0.48943314,321.80847,0.19926426,0.8094551,4.6155734,0.18945432,0.7225811,0.16337131,0.90690786,0.9062538,-0.44746053,0.8439961,0.18087064,2.0475168,0.3998711,2.1614978,0.83747613,2.4174318,874.49316,0.42742938,820.77936,0.5962887,0.34544888,4.9421587,85.489914,356.69165,23.667915,0.34707093,4.411252,88.33717,0.2069171,62.133446,0.5079564,5.023453,0.0967469,7.368876,85.489914,356.69165,23.667915,0.34707093,88.33717,0.5079564,5.023453,0.0967469,,Healthy
Data/images/Crenated_7.png,4,0.9202083,49.199734,51.088158,45.274002,163.78175,0.09377712,1747.0,0.9045316,2209.0,1797.0,0.7908556,0.39142907,47.16301,0.97217584,72.0,110.4,15653317.0,1.4398912,13.0,4.6785064,158.0,11.118969,93.25415,94.0,54.0,104.0,6.2946506,94.657875,0.7698718,15653317.0,0.48387635,263.77628,0.21672556,0.7681975,4.7720847,0.2073027,0.7593634,0.17375115,0.8979191,0.89729095,-0.3952313,0.8148426,0.19905771,2.1007068,0.37683183,2.2139957,0.79200697,2.5125985,858.6726,0.43180737,845.332,0.5231374,0.31691647,5.1013165,58.282444,253.46565,16.160872,0.32575345,4.614047,88.95929,0.22495706,38.521816,0.47773218,3.9181538,0.110195026,6.6234097,58.282444,253.46565,16.160872,0.32575345,88.95929,0.47773218,3.9181538,0.110195026,,Healthy
Data/images/Crenated_7.png,6,0.93864924,49.951244,50.77401,46.886696,170.36754,0.092970006,1833.0,0.89071774,2350.0,1890.0,0.78,0.34487334,48.309917,0.96984124,71.0,121.8,17502032.0,1.7657878,15.0,4.208653,159.0,12.893726,95.892525,96.0,58.0,101.0,7.3600082,97.71539,0.78570765,17502032.0,0.35734603,352.9219,0.26640493,0.8056076,5.684801,0.24733596,0.8490853,0.20522986,0.87951016,0.8782389,-0.42130336,0.8741985,0.23065059,2.2655637,0.24390258,2.7070875,0.8215487,2.9631732,825.33386,0.44937736,655.01526,0.74350554,0.30320483,6.0714674,35.85443,195.35654,9.540009,0.3066309,4.584414,103.6076,0.25859246,20.900057,0.46105218,4.032876,0.09396882,7.3248944,35.85443,195.35654,9.540009,0.3066309,103.6076,0.46105218,4.032876,0.09396882,,Healthy
Data/images/Crenated_7.png,7,0.97453725,44.470703,46.09772,43.338356,150.46803,0.099614725,1511.0,0.9156322,1848.0,1549.0,0.8176407,0.22422576,43.861885,0.97546804,68.0,105.0,13071020.0,1.5359334,16.0,5.2125726,156.0,11.88902,91.41893,92.0,54.0,102.0,7.3652806,93.00847,0.8656753,13071020.0,0.44393662,293.1554,0.21813224,0.7872636,4.6612134,0.20313565,0.75900733,0.17686816,0.9009316,0.89993185,-0.4292041,0.8463775,0.19001363,2.0633948,0.34554404,2.3057237,0.7967222,2.6068635,754.1238,0.4235369,670.7882,0.5807436,0.34678873,4.982131,76.154076,324.02417,21.667313,0.3475554,4.604401,76.728096,0.21906023,55.315266,0.4789841,4.24224,0.112095006,6.8549848,76.154076,324.02417,21.667313,0.3475554,76.728096,0.4789841,4.24224,0.112095006,,Healthy
Data/images/Crenated_7.png,11,0.95739585,46.212196,47.92703,44.243366,155.88225,0.09739597,1601.0,0.9097794,1980.0,1643.0,0.8085859,0.2887788,45.14927,0.974437,71.0,103.0,14156459.0,1.5005475,15.0,4.0642443,159.0,10.236857,93.08869,98.0,59.0,100.0,6.862233,94.033295,-0.39547226,14156459.0,0.39630798,176.7554,0.23536977,0.7446964,5.334405,0.23408361,0.79035604,0.18057464,0.8831726,0.8830868,-0.3792504,0.8198535,0.2329582,2.2340837,0.25763816,2.382999,0.75269866,2.7258635,726.81635,0.40103605,634.4891,0.47878182,0.2970692,5.5209246,32.559902,178.73105,8.522091,0.33326134,4.5175877,77.48411,0.25546533,17.237175,0.3866749,2.4835167,0.1106712,5.5574574,32.559902,178.73105,8.522091,0.33326134,77.48411,0.3866749,2.4835167,0.1106712,,Healthy
Data/images/Crenated_7.png,15,0.9211227,49.504597,51.1957,45.599808,165.78175,0.093688466,1770.0,0.89948416,2250.0,1820.0,0.7866667,0.38927227,47.472454,0.97252744,73.0,107.0,16447715.0,1.5765858,14.0,4.008523,148.0,10.66582,95.320335,99.0,60.0,88.0,7.043904,96.39758,-0.07546294,16447715.0,0.37515083,206.52733,0.21885914,0.7897987,5.902794,0.21420257,0.7635426,0.1729764,0.8936748,0.89336437,-0.44003588,0.8632103,0.21012805,2.3434227,0.25442857,2.4230819,0.81097245,2.7669272,838.7096,0.39373615,664.01697,0.5338453,0.27605933,6.0949154,40.245193,267.4279,8.913929,0.3326656,4.681938,73.46635,0.23502825,22.141804,0.3891034,2.4493816,0.115867466,5.6538463,40.245193,267.4279,8.913929,0.3326656,73.46635,0.3891034,2.4493816,0.115867466,,Healthy
Data/images/Crenated_7.png,16,0.9316005,49.15633,50.695168,45.794064,162.1249,0.09188149,1765.0,0.9184723,2205.0,1815.0,0.80045354,0.36348376,47.405357,0.9724518,73.0,131.6,17277412.0,1.5560851,12.0,3.9021583,156.0,13.301781,96.97224,95.0,61.0,95.0,7.489718,98.93888,0.99812984,17277412.0,0.4615413,385.28705,0.23965015,0.8298449,5.5055394,0.2303207,0.8031259,0.18660252,0.88639456,0.8857726,-0.4254301,0.8497507,0.22215743,2.2183673,0.36179873,2.3694756,0.86679476,2.6026845,823.953,0.47547257,814.6204,0.7634813,0.2995458,5.8815866,56.22197,258.7437,15.038874,0.29724002,4.423721,120.84897,0.24759206,39.90924,0.5298627,5.109377,0.10681434,8.128146,56.22197,258.7437,15.038874,0.29724002,120.84897,0.5298627,5.109377,0.10681434,,Healthy
Data/images/Crenated_7.png,23,0.89990973,46.913452,48.332184,42.217873,150.95332,0.09723241,1553.0,0.9252904,2021.0,1591.0,0.7684315,0.43607622,44.467304,0.97611564,73.0,124.0,15769674.0,1.7549915,23.0,3.1182616,155.0,14.810099,98.90148,99.0,48.0,107.0,9.892858,100.76869,0.1736615,15769674.0,0.33798322,372.82675,0.27622843,0.7840796,12.272908,0.2616202,0.86584234,0.2077833,0.8716246,0.8706507,-0.39949048,0.8641928,0.24883798,3.430943,0.21343951,2.7517614,0.7884234,3.019209,673.70575,0.4428593,524.88794,0.6725964,0.10128872,12.691565,29.495348,367.03256,2.7492204,0.10284496,4.639257,86.15814,0.27688345,16.451492,0.43094867,6.6081634,0.038107738,13.551163,29.495348,367.03256,2.7492204,0.10284496,86.15814,0.43094867,6.6081634,0.038107738,,Crenated
Data/images/Crenated_7.png,24,0.9406348,52.404434,54.08327,49.293434,180.61017,0.08930045,2023.0,0.8826875,2499.0,2080.0,0.8095238,0.33942044,50.75198,0.97259617,73.0,127.0,20689104.0,1.814927,22.0,3.1386192,156.0,14.940493,99.17993,99.0,53.0,103.0,9.753693,101.12835,0.35681617,20689104.0,0.32367542,390.284,0.23174442,0.8366083,6.6658216,0.22971602,0.7851293,0.17897497,0.88548005,0.8853448,-0.47498834,0.90384036,0.22794117,2.4642496,0.21273296,2.7256205,0.85126567,3.0368047,932.02423,0.39432636,654.79535,0.7373436,0.26219544,6.951557,33.280876,236.94223,6.9715366,0.28766656,4.945042,83.86852,0.24814631,17.04094,0.37179148,2.9928095,0.08667559,7.25498,33.280876,236.94223,6.9715366,0.28766656,83.86852,0.37179148,2.9928095,0.08667559,,Healthy
Data/images/Crenated_7.png,25,0.93900466,48.86431,51.224995,45.883816,168.2254,0.09604647,1752.0,0.88189816,2024.0,1798.0,0.8656126,0.34390435,47.230453,0.974416,65.0,113.0,15680586.0,1.6970117,21.0,3.3139484,160.0,13.925769,92.85046,96.0,43.0,117.0,9.218128,94.605,-0.30898038,15680586.0,0.35199824,328.89886,0.22593896,0.806222,10.746479,0.20833333,0.77303827,0.18253618,0.8987676,0.8975939,-0.46488512,0.8850903,0.1929284,3.2056925,0.25031787,2.5255294,0.8282986,2.8238275,871.2272,0.4328152,616.7009,0.6224276,0.123225205,11.02968,55.36598,650.6185,5.6041493,0.14441724,4.801396,85.24742,0.22146119,34.976566,0.47668636,6.3586473,0.062822334,11.417526,55.36598,650.6185,5.6041493,0.14441724,85.24742,0.47668636,6.3586473,0.062822334,,Crenated
Data/images/Crenated_7.png,26,0.94239557,47.06581,48.466484,44.354614,157.88225,0.09647556,1637.0,0.90830064,2021.0,1687.0,0.80999506,0.3345005,45.65406,0.9703616,71.0,115.4,16047232.0,1.6194669,22.0,2.71538,143.0,13.113189,97.596825,100.0,59.0,84.0,9.191638,99.00924,-0.31565267,16047232.0,0.3716503,277.6896,0.24055415,0.7991134,6.4452143,0.23803526,0.8009641,0.18389337,0.8814022,0.8812342,-0.42741683,0.8634825,0.23583123,2.4426951,0.25219887,2.5181963,0.8062321,2.796945,735.8027,0.41578734,608.39154,0.6104407,0.2750331,6.6169825,38.345882,291.66116,7.428905,0.3306209,4.439034,89.414116,0.25962126,23.50979,0.413768,2.7379224,0.106512256,5.9788237,38.345882,291.66116,7.428905,0.3306209,89.414116,0.413768,2.7379224,0.106512256,,Healthy
Data/images/Crenated_7.png,27,0.8562867,48.138176,50.566788,41.220078,156.56854,0.10071955,1555.0,0.89268,1886.0,1599.0,0.82449627,0.51650083,44.495926,0.9724828,71.0,112.0,14866689.0,1.4361907,19.0,2.654072,136.0,12.189642,96.60129,101.0,59.0,77.0,8.7388115,97.778175,-0.6793694,14866689.0,0.4355749,228.76321,0.17670417,0.84101963,6.6975513,0.17670417,0.67281365,0.14547981,0.9116479,0.9116479,-0.49036264,0.8648309,0.17670417,2.4960291,0.35242525,2.121255,0.84693027,2.3973567,799.80255,0.3326045,677.319,0.57732904,0.27692926,6.7009645,69.86174,563.00323,12.666041,0.38567346,4.5835156,55.01929,0.2,44.861736,0.33173063,1.6462896,0.1225766,5.106109,69.86174,563.00323,12.666041,0.38567346,55.01929,0.33173063,1.6462896,0.1225766,,Healthy
Data/images/Crenated_7.png,29,0.76679575,48.812824,50.119858,37.429466,149.39697,0.10429108,1433.0,0.8980706,1848.0,1479.0,0.7754329,0.6418912,42.71478,0.9688979,75.0,116.0,13910487.0,1.5303996,21.0,2.6723173,134.0,12.4035425,97.298676,99.0,55.0,79.0,8.750193,98.52537,-0.24636702,13910487.0,0.3907579,240.21645,0.20560747,0.78904796,6.1811647,0.20560747,0.73300225,0.16333304,0.89719623,0.89719623,-0.43560472,0.8542929,0.20560747,2.4076204,0.26980832,2.349896,0.7953487,2.7061145,689.50525,0.39615893,559.95605,0.50357026,0.25145382,6.418004,42.314026,281.77744,9.331851,0.2666836,4.745161,54.640244,0.22889043,23.226715,0.39223272,3.1887345,0.09130305,6.765244,42.314026,281.77744,9.331851,0.2666836,54.640244,0.39223272,3.1887345,0.09130305,,Crenated
Data/images/Crenated_7.png,31,0.8389338,48.883003,51.264023,41.009605,157.05382,0.10006615,1570.0,0.894205,1968.0,1620.0,0.79776424,0.5442334,44.710022,0.9691358,74.0,111.0,14689422.0,1.5621347,19.0,3.6013136,150.0,11.424613,95.56815,97.0,56.0,94.0,7.8336844,96.72807,0.074541144,14689422.0,0.3851937,223.0479,0.24018325,0.7550623,5.7755237,0.23625654,0.80178607,0.18436609,0.88252616,0.8822644,-0.38703573,0.8325225,0.23282067,2.3249345,0.2532491,2.4613411,0.7600152,2.7860956,712.1758,0.42315713,604.75415,0.51433486,0.26989898,6.020382,30.215,187.35,6.849145,0.298225,4.6782017,71.06,0.25477707,14.809375,0.40844142,3.179839,0.1000075,6.37,30.215,187.35,6.849145,0.298225,71.06,0.40844142,3.179839,0.1000075,,Healthy
Data/images/Crenated_7.png,32,0.9330737,45.78892,48.270073,42.724438,157.68124,0.10289151,1533.0,0.88008606,2021.0,1589.0,0.7585354,0.35968518,44.180042,0.9647577,69.0,125.0,15117487.0,1.8256638,24.0,2.922979,151.0,15.701395,97.19961,99.0,52.0,99.0,10.48949,99.30445,0.21097714,15117487.0,0.30999634,413.6105,0.25771812,0.8251009,6.3872485,0.24026845,0.83430815,0.19998918,0.88277406,0.88161075,-0.45684162,0.89804167,0.225,2.4040267,0.20027904,2.7738655,0.82906604,3.0647378,698.61774,0.4404378,475.2244,0.7666671,0.29280153,6.7090673,33.492268,233.38402,8.1800995,0.3027191,4.69749,75.96392,0.2530985,17.881622,0.44045445,3.3759317,0.09556501,6.9149485,33.492268,233.38402,8.1800995,0.3027191,75.96392,0.44045445,3.3759317,0.09556501,,Healthy
Data/images/Crenated_7.png,33,0.8408512,53.001812,54.42426,44.566635,168.46803,0.09123641,1847.0,0.90419495,2244.0,1895.0,0.82308376,0.5412664,48.494057,0.9746702,78.0,112.0,17755800.0,1.4621328,16.0,3.6486776,155.0,10.523459,97.050896,98.0,55.0,100.0,6.850152,98.04754,-0.11187191,17755800.0,0.41276756,194.44354,0.19498608,0.774075,6.0061283,0.19275767,0.71477395,0.15783055,0.9039926,0.903844,-0.4331192,0.8436742,0.1908078,2.3816156,0.29180625,2.2502837,0.7778598,2.6004212,917.6876,0.35646325,762.3817,0.4468435,0.24091816,6.207363,42.290405,259.29544,9.357121,0.25270975,4.933165,54.22222,0.21440174,20.536188,0.33122757,2.7256548,0.07283564,6.7449493,42.290405,259.29544,9.357121,0.25270975,54.22222,0.33122757,2.7256548,0.07283564,,Crenated
Data/images/Crenated_7.png,34,0.9502292,47.698566,50.119858,45.32457,157.98276,0.09328772,1694.0,0.9233957,2024.0,1734.0,0.8369565,0.31155157,46.44209,0.9769319,61.0,142.0,18739084.0,2.2672555,56.0,1.8602579,181.0,27.494276,100.397285,99.0,44.0,137.0,22.39859,105.1762,0.16246444,18739084.0,0.22399636,982.4189,0.22451456,0.93265665,14.146845,0.22451456,0.7683257,0.17410778,0.8877427,0.8877427,-0.5895381,0.9650351,0.22451456,3.5485437,0.14516897,3.2034194,0.93763417,3.3964946,796.59265,0.33728877,379.44983,1.6458576,0.12955396,14.099174,31.096153,469.0096,3.8843026,0.13255805,5.0929203,67.77885,0.24557261,14.51403,0.2811194,3.8485518,0.033079877,13.259615,31.096153,469.0096,3.8843026,0.13255805,67.77885,0.2811194,3.8485518,0.033079877,,Crenated
Data/images/Crenated_7.png,35,0.82883847,48.34507,50.47772,40.070255,156.56854,0.10331148,1516.0,0.88141084,1845.0,1557.0,0.8216802,0.559488,43.934395,0.9736673,74.0,113.5,14250875.0,1.4497721,21.0,2.6612415,138.0,12.034761,95.810684,97.0,56.0,82.0,8.803004,96.955215,-0.33409065,14250875.0,0.40418908,220.62576,0.1622539,0.8175458,5.863544,0.1622539,0.6396744,0.13592757,0.9188731,0.9188731,-0.49670315,0.87096983,0.1622539,2.345214,0.29845363,2.1507454,0.8179973,2.5036366,805.93665,0.29958716,612.7507,0.45434234,0.26354992,5.9967017,53.276596,344.25177,12.150955,0.29752758,4.950629,33.120567,0.18601583,24.37644,0.25764832,1.7597581,0.076822564,5.8794327,53.276596,344.25177,12.150955,0.29752758,33.120567,0.25764832,1.7597581,0.076822564,,Crenated
Data/images/Crenated_7.png,37,0.9369609,47.15149,49.396355,44.1791,162.95332,0.10006344,1629.0,0.87788093,2070.0,1689.0,0.78695655,0.34943423,45.542366,0.96447605,59.0,110.0,12959068.0,1.7428998,31.0,2.4480584,148.0,16.111221,87.05709,90.0,45.0,103.0,12.290523,89.19209,-0.073479645,12959068.0,0.32554704,376.29202,0.1801517,0.86356944,9.587232,0.17509481,0.68256813,0.14949352,0.9132954,0.91295826,-0.53836244,0.9178109,0.17067003,3.0028446,0.23506647,2.5080187,0.8723025,2.826504,852.6145,0.36007208,530.31616,0.68121725,0.1471731,9.762431,59.196877,579.8844,8.258765,0.15774132,4.943291,50.51875,0.19643953,33.282413,0.3765555,4.72882,0.045936584,10.275,59.196877,579.8844,8.258765,0.15774132,50.51875,0.3765555,4.72882,0.045936584,,Crenated
Data/images/Crenated_7.png,38,0.9277539,48.59225,51.312767,45.081654,157.74011,0.09205726,1714.0,0.930261,2024.0,1750.0,0.84683794,0.3731925,46.715443,0.9794286,72.0,121.0,16533831.0,1.6930286,22.75,3.2435114,163.0,14.478301,96.43349,96.0,50.0,113.0,9.863386,98.2158,0.26969132,16533831.0,0.36148325,346.92468,0.22062351,0.8137244,5.979616,0.21702638,0.7663565,0.17352305,0.8920863,0.89184654,-0.45715776,0.8832003,0.2138789,2.3447242,0.248464,2.5553107,0.81776214,2.8447888,812.1552,0.35776615,619.5823,0.62701327,0.27490667,6.2351227,31.185184,173.3358,8.51201,0.25291222,5.0110116,54.79259,0.23628938,13.274526,0.30812696,3.0449605,0.057414487,7.560494,31.185184,173.3358,8.51201,0.25291222,54.79259,0.30812696,3.0449605,0.057414487,,Crenated
Data/images/Crenated_7.png,44,0.9745551,44.606586,46.872166,43.471573,162.61017,0.107121326,1519.0,0.84936255,2024.0,1590.0,0.75049406,0.22414806,43.977844,0.9553459,73.0,116.0,14486033.0,1.6064041,24.0,2.7152333,145.0,13.881023,96.146805,97.0,51.0,94.0,10.120059,97.655304,-0.046132527,14486033.0,0.37004396,292.3504,0.16824967,0.84591806,6.2557664,0.16824967,0.65368503,0.1399417,0.9158752,0.9158752,-0.5289091,0.90320045,0.16824967,2.4070556,0.27057278,2.3524477,0.853343,2.6841464,794.318,0.3146365,562.0968,0.55261314,0.26670507,6.294931,46.65188,323.48807,9.684253,0.33631968,5.070041,32.665527,0.19289006,19.774906,0.27218065,1.4721197,0.098226674,5.648464,46.65188,323.48807,9.684253,0.33631968,32.665527,0.27218065,1.4721197,0.098226674,,Healthy
Data/images/Crenated_7.png,45,0.85800993,50.263794,52.773098,43.126835,160.81119,0.09490185,1695.0,0.90742236,2016.0,1733.0,0.8407738,0.5136331,46.455795,0.9780727,66.0,130.0,16578666.0,2.0573616,36.0,3.2236745,186.0,20.294176,95.64366,92.0,43.0,143.0,14.524717,98.89855,0.66605836,16578666.0,0.274747,633.2146,0.328476,0.85086817,11.953248,0.32240438,0.9284439,0.22453144,0.8398098,0.839405,-0.43723226,0.9133692,0.31709167,3.3190649,0.15100555,3.2118616,0.85157967,3.3826413,689.0153,0.44393834,465.69617,1.0977385,0.123006605,12.20885,15.099303,156.45296,2.048433,0.107500166,4.6823945,121.39024,0.33864307,6.3793206,0.42333725,7.160817,0.03612472,14.308362,15.099303,156.45296,2.048433,0.107500166,121.39024,0.42333725,7.160817,0.03612472,,Crenated
Data/images/Crenated_7.png,46,0.8386845,57.403976,59.5399,48.143826,183.05382,0.08480603,2159.0,0.89970917,2538.0,2210.0,0.8506698,0.5446176,52.430183,0.97692305,67.0,130.0,22230256.0,2.016783,34.0,2.5692773,174.0,19.489439,98.629456,98.0,46.0,128.0,14.312683,101.471924,0.19813773,22230256.0,0.27501604,568.7816,0.29895437,0.84862155,12.7690115,0.2980038,0.8833493,0.21014811,0.85115653,0.8510932,-0.4480654,0.91405386,0.29717204,3.454135,0.15075937,3.125602,0.85029346,3.2499273,972.62854,0.3495996,593.7596,0.9896104,0.11075923,13.076425,14.753304,179.51248,1.6911793,0.10718796,4.673565,129.66373,0.31542382,4.7022624,0.29724738,4.4454703,0.031142378,13.850221,14.753304,179.51248,1.6911793,0.10718796,129.66373,0.29724738,4.4454703,0.031142378,,Crenated
Data/images/Crenated_7.png,51,0.981558,56.62762,62.241467,55.583294,195.98276,0.08033726,2440.0,0.8933826,2808.0,2510.0,0.8689459,0.19116457,55.73782,0.9721116,69.0,129.0,25381020.0,1.9447654,32.0,2.7007768,179.0,18.272854,99.4832,99.0,54.0,125.0,13.474683,101.99048,0.25158492,25381020.0,0.2910948,505.15137,0.2839765,0.8416893,6.8682885,0.27978188,0.87007445,0.20569861,0.8608082,0.8605285,-0.4499074,0.9085182,0.27611157,2.4725251,0.16897535,3.006572,0.8438681,3.1839862,1076.2098,0.37331092,710.2713,0.90239185,0.29122314,7.1114755,18.428968,119.052925,5.6411924,0.24511065,4.803153,122.295265,0.2942623,6.8803315,0.3208467,3.3413596,0.053602003,8.272981,18.428968,119.052925,5.6411924,0.24511065,122.295265,0.3208467,3.3413596,0.053602003,,Crenated
Data/images/Crenated_7.png,56,0.8231342,51.194283,52.801514,42.139763,170.02438,0.10069552,1689.0,0.8567305,2112.0,1750.0,0.79971594,0.5678469,46.3735,0.96514285,64.0,134.2,17407332.0,2.2028964,40.0,2.5333388,184.0,22.364075,97.815865,97.0,43.0,141.0,16.44555,101.51992,0.26082224,17407332.0,0.24568649,738.35034,0.3740876,0.8531705,12.804136,0.36192214,0.9835832,0.24309996,0.8210665,0.82025546,-0.4216168,0.91888905,0.35127738,3.4230535,0.121133365,3.4819467,0.8554967,3.5939028,677.0568,0.4488073,414.96448,1.2665192,0.13169296,13.066903,11.94127,145.82222,1.4962618,0.13406788,4.659955,147.66985,0.37300178,4.753764,0.44387484,6.32579,0.055994783,13.798412,11.94127,145.82222,1.4962618,0.13406788,147.66985,0.44387484,6.32579,0.055994783,,Crenated
Data/images/Crenated_7.png,58,0.8039665,47.726807,49.76947,38.370754,154.71068,0.10822713,1430.0,0.8663168,1880.0,1494.0,0.7606383,0.5946746,42.670044,0.95716196,61.0,151.0,16929552.0,2.4490945,42.0,3.2766593,219.0,26.8708,103.29161,101.0,38.0,181.0,18.521955,108.806465,0.6494832,16929552.0,0.21792655,1169.6904,0.32610267,0.9169354,15.300073,0.318872,0.9276396,0.22442332,0.8417691,0.8412871,-0.5176651,0.960129,0.31254518,3.674259,0.117298216,3.6496708,0.92866945,3.8009565,584.93146,0.43737298,311.63498,1.932715,0.13013414,15.313986,14.968945,232.17184,1.6315527,0.14396751,5.05207,100.51139,0.33776224,6.2034216,0.41436416,6.8282804,0.05551281,15.304348,14.968945,232.17184,1.6315527,0.14396751,100.51139,0.41436416,6.8282804,0.05551281,,Crenated
Data/images/Crenated_7.png,59,0.82773805,69.1737,76.2168,57.2577,218.46803,0.07131322,3064.0,0.89810264,3480.0,3115.0,0.8804598,0.5611147,62.459633,0.9836276,82.0,119.0,32451316.0,1.3423346,19.0,3.0461006,151.0,11.53807,101.89328,104.0,66.0,85.0,8.283654,102.91337,0.020553686,32451316.0,0.45322692,208.92105,0.056962024,0.9240752,7.1592274,0.056962024,0.31526533,0.053717352,0.971519,0.971519,-0.74265176,0.92801017,0.056962024,2.6100934,0.41398433,1.6716709,0.9260418,1.9562569,2305.731,0.14723454,1388.6874,0.38107142,0.18653458,7.203329,403.03003,3084.7168,62.717785,0.22432403,5.7125254,15.351932,0.07604439,230.1019,0.16790263,1.295884,0.032709785,7.1030045,403.03003,3084.7168,62.717785,0.22432403,15.351932,0.16790263,1.295884,0.032709785,,Crenated
Data/images/Crenated_7.png,62,0.9522808,45.194107,47.41308,43.037483,159.88225,0.10528959,1519.0,0.8639967,1892.0,1580.0,0.8028541,0.30522323,43.977844,0.9613924,63.0,149.2,17486494.0,-3.2034265e-16,44.0,5.492139,255.0,28.468227,100.33838,92.0,43.0,212.0,18.403816,107.293274,1.453252,17486494.0,1.0,1444.0553,0.0,1.0,4.0,0.0,-3.2034265e-16,0.0,1.0,1.0,0.0,0.0,0.0,2.0,1.0,-3.2034265e-16,1.0,0.33356765,1349.4332,0.05953121,1519.0,0.0,0.25,4.0,1213.8478,4855.391,303.46194,0.25,4.0458627,3.826087,0.03028308,123.41257,0.0451204,0.1804816,0.0112801,4.0,1213.8478,4855.391,303.46194,0.25,3.826087,0.0451204,0.1804816,0.0112801,,Crenated
Data/images/Crenated_7.png,63,0.9491838,30.5484,33.286633,28.996048,104.08326,0.15161437,687.0,0.8923687,870.0,718.0,0.78965515,0.31472227,29.57559,0.95682454,83.0,215.0,16800824.0,-3.2034265e-16,76.5,2.1212742,255.0,41.101986,148.60408,152.0,49.0,206.0,31.381563,156.38206,0.014441624,16800824.0,1.0,2372.178,0.0,1.0,4.0,0.0,-3.2034265e-16,0.0,1.0,1.0,0.0,0.0,0.0,2.0,1.0,-3.2034265e-16,1.0,0.42751548,577.48035,0.07970863,687.0,0.0,0.25,4.0,563.3,2253.2,140.825,0.25,3.6695766,2.7333333,0.04366812,38.89,0.0061740885,0.024696354,0.0015435221,4.0,563.3,2253.2,140.825,0.25,2.7333333,0.0061740885,0.024696354,0.0015435221,,Crenated
Data/images/Crenated_7.png,64,0.9353636,51.828117,54.644306,48.47813,185.33809,0.09497212,1952.0,0.8449374,2499.0,2032.0,0.78111243,0.35368773,49.85342,0.96062994,61.0,127.0,18587408.0,2.0941389,38.0,2.8014212,178.0,20.814222,94.21004,94.0,42.0,136.0,15.456178,97.581955,0.34743285,18587408.0,0.2645411,646.7059,0.31121644,0.861464,11.673512,0.3059505,0.90712106,0.21761072,0.8479024,0.84755135,-0.46034268,0.92412484,0.30134282,3.2719853,0.14758162,3.2178202,0.863713,3.393895,811.0041,0.42789972,516.3842,1.1257968,0.13447025,11.963115,16.505564,173.17966,2.378213,0.11615634,4.758669,123.43879,0.32223362,6.8748536,0.39872855,6.3781857,0.03714913,13.861685,16.505564,173.17966,2.378213,0.11615634,123.43879,0.39872855,6.3781857,0.03714913,,Crenated
Data/images/Crenated_8.png,2,0.90455544,51.299408,53.009434,46.403156,170.95332,0.09163941,1866.0,0.89562255,2300.0,1919.0,0.81130433,0.42635605,48.742844,0.9723815,80.0,115.0,19069624.0,1.2802136,13.0,3.1582072,137.0,9.76542,100.271706,102.0,60.0,77.0,6.4539604,101.09164,-0.44767752,19069624.0,0.47797215,165.10463,0.15435502,0.7848863,7.1527014,0.15435502,0.6206323,0.13052955,0.9228225,0.9228225,-0.46682978,0.8323865,0.15435502,2.621279,0.37853873,1.9384686,0.7879911,2.2387726,1013.07825,0.28923973,891.89606,0.36712956,0.19352521,7.164523,68.885544,566.84033,9.64188,0.27719212,4.86498,38.253014,0.17792068,37.295727,0.24718928,1.3650599,0.08829002,5.9578314,68.885544,566.84033,9.64188,0.27719212,38.253014,0.24718928,1.3650599,0.08829002,,Healthy
Data/images/Crenated_8.png,3,0.8674274,53.80744,54.42426,46.67405,175.88225,0.08939377,1968.0,0.8940057,2340.0,2019.0,0.84102565,0.49756372,50.05732,0.97473997,77.0,112.0,19010484.0,1.3439461,13.0,3.049859,139.0,9.758741,97.47154,100.0,59.0,80.0,6.650497,98.28428,-0.6081135,19010484.0,0.436413,159.09676,0.184238,0.7685828,6.3836117,0.184238,0.68926096,0.15029436,0.907881,0.907881,-0.42908707,0.82306945,0.184238,2.4652922,0.3223665,2.0712006,0.7798373,2.4285736,1002.86584,0.3661666,858.8608,0.41024688,0.23156969,6.4786587,58.22716,441.4963,9.573543,0.32513717,4.7402725,63.335804,0.20579268,34.61476,0.37270218,2.0688927,0.14087054,5.5135803,58.22716,441.4963,9.573543,0.32513717,63.335804,0.37270218,2.0688927,0.14087054,,Healthy
Data/images/Crenated_8.png,5,0.91814727,45.54675,47.169907,41.818623,154.71068,0.1039024,1490.0,0.8841623,1936.0,1541.0,0.7696281,0.39623937,43.55602,0.9669046,77.0,128.0,15493965.0,1.704962,18.0,3.089444,149.0,12.969085,100.47047,100.0,58.0,91.0,8.270461,101.973694,0.28885666,15493965.0,0.34467188,304.31894,0.24775086,0.7937622,6.801384,0.2449827,0.8132892,0.18773434,0.87797004,0.87778544,-0.42218632,0.86937845,0.24256055,2.514879,0.22251171,2.6344686,0.8020452,2.982725,659.2443,0.45160308,513.5611,0.63383675,0.2337295,7.148322,29.04786,215.83124,5.712024,0.26334664,4.629023,81.03526,0.26644295,14.961735,0.44845775,3.655198,0.10728533,7.3677583,29.04786,215.83124,5.712024,0.26334664,81.03526,0.44845775,3.655198,0.10728533,,Healthy
Data/images/Crenated_8.png,11,0.8737206,49.979733,51.47815,43.668324,162.95332,0.09521082,1712.0,0.89997447,2162.0,1758.0,0.7918594,0.48642814,46.68818,0.9738339,78.0,119.0,17245680.0,1.5466058,14.0,3.8803475,169.0,10.808412,99.25,100.0,61.0,108.0,6.7246966,100.36639,0.19528866,17245680.0,0.39758247,222.84871,0.24084084,0.747156,6.744745,0.23003003,0.80529094,0.18792702,0.88678676,0.8860661,-0.38837218,0.8294815,0.22057056,2.5276277,0.2731243,2.4169486,0.75441533,2.7316148,791.80023,0.40297052,680.6612,0.50600183,0.21659528,7.0484815,36.64608,272.28265,6.6305885,0.24681315,4.7209687,77.57482,0.24591121,20.10959,0.39396077,3.4924815,0.0979724,7.448931,36.64608,272.28265,6.6305885,0.24681315,77.57482,0.39396077,3.4924815,0.0979724,,Crenated
Data/images/Crenated_8.png,13,0.9139382,49.525078,51.894123,45.26286,162.2254,0.09251519,1754.0,0.9150377,2068.0,1793.0,0.8481625,0.40585336,47.257404,0.9782487,69.0,120.0,17297240.0,1.7067926,25.0,2.6242266,148.0,15.2515335,97.5057,100.0,47.0,101.0,10.991598,99.30557,-0.31067765,17297240.0,0.34589127,354.23514,0.21461989,0.83481807,12.112281,0.20877193,0.75560516,0.17103416,0.8965887,0.8961988,-0.48206255,0.89752144,0.20365497,3.401462,0.2354239,2.5781958,0.8358072,2.8745706,848.5507,0.3605364,606.6933,0.65630865,0.10643149,12.350057,45.969696,618.0808,4.1941967,0.11204686,4.873288,61.90404,0.22576967,26.35106,0.3351636,4.4450665,0.03211392,12.078282,45.969696,618.0808,4.1941967,0.11204686,61.90404,0.3351636,4.4450665,0.03211392,,Crenated
Data/images/Crenated_8.png,16,0.9542193,43.478874,45.221676,41.48838,149.88225,0.10603626,1414.0,0.8892065,1806.0,1467.0,0.78294575,0.2991079,42.430656,0.96387184,77.0,114.0,14052147.0,1.5500373,17.0,3.6676013,152.0,11.123309,98.55233,100.0,60.0,92.0,7.235174,99.68886,0.09204523,14052147.0,0.39251655,225.30667,0.2436178,0.7436396,6.3595915,0.23924144,0.8080384,0.18638134,0.8811087,0.88081694,-0.37428278,0.8214847,0.2354121,2.4507658,0.2597472,2.4398367,0.74566495,2.7646499,634.6351,0.4178962,555.0184,0.50716114,0.23219216,6.676096,30.342392,205.58696,6.2372065,0.24877416,4.6298647,66.402176,0.2602546,15.578421,0.40050787,3.5253148,0.090722956,7.2961955,30.342392,205.58696,6.2372065,0.24877416,66.402176,0.40050787,3.5253148,0.090722956,,Healthy
Data/images/Crenated_8.png,17,0.91795254,47.484787,49.67897,43.588783,160.1249,0.09887304,1620.0,0.8909156,2025.0,1677.0,0.8,0.39669025,45.416386,0.96601075,71.0,111.0,14875625.0,1.6410886,16.0,3.6248004,148.0,11.9640875,94.42531,96.0,55.0,93.0,7.50252,95.82528,0.15137273,14875625.0,0.36805442,266.34564,0.24920534,0.77008736,5.416402,0.24411951,0.8180081,0.189611,0.8787879,0.87844884,-0.39617798,0.84698856,0.23966943,2.235855,0.24227215,2.5578501,0.7753706,2.8669772,721.93085,0.42457095,596.24817,0.581504,0.30235338,5.7388887,29.61124,151.05153,8.731314,0.30357143,4.581785,82.98126,0.26358023,15.217481,0.41444686,3.129849,0.10365106,6.613583,29.61124,151.05153,8.731314,0.30357143,82.98126,0.41444686,3.129849,0.10365106,,Healthy
Data/images/Crenated_8.png,18,0.8168453,47.8381,50.119858,39.07633,150.3259,0.10264657,1465.0,0.9024347,1804.0,1505.0,0.81208426,0.5768568,43.18907,0.97342193,71.0,115.0,13503470.0,1.5388219,22.0,2.6316414,134.0,13.136133,94.62935,96.0,48.0,86.0,9.446047,96.00722,-0.27576151,13503470.0,0.38358372,262.67148,0.20575842,0.79588985,11.371489,0.20575842,0.7332965,0.1634219,0.8971208,0.8971208,-0.44371104,0.86211425,0.20575842,3.3121488,0.2587887,2.3843865,0.7974537,2.717392,705.44775,0.3586418,561.9502,0.50669247,0.10794843,11.498294,34.248505,395.3443,3.537046,0.11563124,4.813143,44.443115,0.22798635,15.009511,0.3129147,3.4836366,0.037974533,11.257485,34.248505,395.3443,3.537046,0.11563124,44.443115,0.3129147,3.4836366,0.037974533,,Crenated
Data/images/Crenated_8.png,19,0.63445145,63.19648,64.327286,40.095097,193.92389,0.09801561,1979.0,0.8130957,2520.0,2066.0,0.7853175,0.77296275,50.19702,0.9578896,83.0,112.0,19502736.0,1.3364424,12.0,4.066893,142.0,8.545624,98.55887,99.0,66.0,76.0,5.2398596,99.27157,0.30459958,19502736.0,0.44363108,140.99338,0.14677003,0.79883355,6.3198967,0.14677003,0.6016979,0.12522858,0.926615,0.926615,-0.49186856,0.85184604,0.14677003,2.4552972,0.34159085,1.9827422,0.8029027,2.31341,1110.3552,0.27314237,877.9459,0.3763713,0.20562083,6.4719553,66.814026,421.2622,12.995236,0.22076134,5.0959353,31.865854,0.16574027,30.410461,0.22408871,1.997129,0.047993407,7.0213413,66.814026,421.2622,12.995236,0.22076134,31.865854,0.22408871,1.997129,0.047993407,,Crenated
Data/images/Crenated_8.png,20,0.9199264,46.25715,47.707443,42.553173,157.98276,0.10268623,1539.0,0.8801243,1890.0,1599.0,0.8142857,0.392091,44.26642,0.96247655,73.0,123.0,16613195.0,1.560331,27.0,2.3694024,141.0,15.303935,102.24757,108.0,54.0,87.0,11.333008,103.89802,-0.58116245,16613195.0,0.418763,340.23434,0.19356999,0.8405257,7.4655056,0.19356999,0.7088801,0.15610065,0.903215,0.903215,-0.49779457,0.88656425,0.19356999,2.6373074,0.3279948,2.3263032,0.8636447,2.6083229,759.5354,0.3705764,644.47626,0.6115462,0.2406144,7.4957767,69.525375,595.34326,10.6086235,0.3294569,4.53683,70.32537,0.21767381,48.42026,0.38809308,2.2994642,0.13625918,6.3044777,69.525375,595.34326,10.6086235,0.3294569,70.32537,0.38809308,2.2994642,0.13625918,,Healthy
Data/images/Crenated_8.png,22,0.90990347,48.483112,50.08992,44.114952,160.46803,0.09565904,1678.0,0.9047897,2070.0,1717.0,0.810628,0.41482005,46.222244,0.977286,73.0,117.0,16522441.0,1.5978254,23.0,2.514264,140.0,13.398816,97.83373,101.0,53.0,87.0,9.7079,99.229576,-0.33438444,16522441.0,0.37524524,275.0695,0.20600858,0.822458,6.497854,0.20600858,0.7337837,0.16356905,0.8969957,0.8969957,-0.47282562,0.8826409,0.20600858,2.4537094,0.26519334,2.4383104,0.8331181,2.7061884,808.7986,0.34584278,629.6615,0.57814157,0.26855713,6.5482717,43.958225,337.00784,8.151944,0.33839208,4.7161603,61.036552,0.22824791,24.763302,0.30967045,1.6186467,0.10037879,5.6449084,43.958225,337.00784,8.151944,0.33839208,61.036552,0.30967045,1.6186467,0.10037879,,Healthy
Data/images/Crenated_8.png,23,0.89178866,47.97941,49.73932,42.78749,152.56854,0.0950879,1605.0,0.9307002,1936.0,1643.0,0.8290289,0.4524522,45.205635,0.97687155,77.0,128.0,17821840.0,1.8359692,28.0,2.8378758,162.0,16.321041,103.4162,104.0,47.0,115.0,11.708988,105.37528,-0.02510733,17821840.0,0.32804844,409.0405,0.2607303,0.82703394,14.015375,0.2568866,0.835367,0.19473957,0.87219733,0.8719411,-0.44500843,0.89749366,0.25352338,3.6595132,0.2026502,2.8606002,0.8297589,3.1110396,705.7377,0.40443087,526.51776,0.7499166,0.09257996,14.153271,24.332579,354.37558,1.9849278,0.10244469,4.84264,73.556564,0.2753894,11.146808,0.36395156,4.9974256,0.03924328,13.911765,24.332579,354.37558,1.9849278,0.10244469,73.556564,0.36395156,4.9974256,0.03924328,,Crenated
Data/images/Crenated_8.png,24,0.96093184,42.402576,43.462627,40.745983,144.2254,0.10655737,1354.0,0.9042579,1680.0,1393.0,0.80595237,0.27678514,41.52067,0.97200286,73.0,119.0,13404706.0,1.7223526,22.0,3.009154,149.0,13.78136,97.88774,99.0,44.0,105.0,9.383052,99.49914,-0.1934115,13404706.0,0.3461258,318.06863,0.23762377,0.8121058,12.1035795,0.23610054,0.7945994,0.1818803,0.8822036,0.8821021,-0.44213524,0.8825261,0.2347677,3.4044173,0.22256635,2.6583495,0.81227344,2.9562433,614.5022,0.38265088,468.65436,0.6459857,0.10692434,12.369276,30.16,397.95428,2.764973,0.11383174,4.792612,57.405716,0.25849336,15.194155,0.34383005,4.6275244,0.0346725,12.388572,30.16,397.95428,2.764973,0.11383174,57.405716,0.34383005,4.6275244,0.0346725,,Crenated
Data/images/Crenated_8.png,26,0.73154235,57.01826,57.974133,41.711273,178.95332,0.09621146,1861.0,0.85432214,2352.0,1934.0,0.79124147,0.681796,48.677498,0.9622544,75.0,115.0,17810756.0,1.5305549,19.0,3.019487,148.0,11.721586,96.68243,98.0,56.0,92.0,8.13365,97.82909,-0.07936216,17810756.0,0.39174393,223.03778,0.24390244,0.7399389,5.9101996,0.24168514,0.80619824,0.18549073,0.879527,0.87937915,-0.37196022,0.8188134,0.239745,2.3586473,0.2563019,2.4292848,0.750803,2.7646003,829.18915,0.42225945,729.03546,0.49298233,0.25566825,6.1902204,30.37271,184.0448,7.011753,0.27279928,4.5804667,95.43992,0.26383665,16.00691,0.41148156,3.2528656,0.104205966,6.7657843,30.37271,184.0448,7.011753,0.27279928,95.43992,0.41148156,3.2528656,0.104205966,,Crenated
Data/images/Crenated_8.png,27,0.84650713,47.763832,49.648766,40.432423,149.98276,0.099227756,1512.0,0.91889876,1845.0,1547.0,0.8195122,0.5323774,43.876396,0.97737557,73.0,118.0,14338709.0,1.6547585,26.0,2.5848136,157.0,14.48514,95.789024,96.0,53.0,104.0,10.850322,97.382095,0.18329954,14338709.0,0.3591095,307.73657,0.27062032,0.7654842,5.919564,0.26653033,0.85072404,0.19958189,0.8674165,0.8671438,-0.3821679,0.8453811,0.2629516,2.3404908,0.21772055,2.6545043,0.7689188,2.9561005,650.7672,0.4219559,542.9736,0.5878527,0.27999505,6.1626983,23.842957,151.75058,5.659526,0.28749293,4.632422,78.51039,0.28637567,11.649473,0.39176655,2.9407787,0.09481464,6.547344,23.842957,151.75058,5.659526,0.28749293,78.51039,0.39176655,2.9407787,0.09481464,,Crenated
Data/images/Crenated_8.png,28,0.9026219,55.811523,58.821766,50.376705,182.2254,0.08296171,2197.0,0.91172034,2548.0,2233.0,0.8622449,0.43043423,52.889576,0.9838782,86.0,111.0,22474936.0,1.0441144,8.0,4.049824,125.0,6.8085423,100.69777,101.0,69.0,56.0,4.2028785,101.14262,-0.76471066,22474936.0,0.5276623,89.78849,0.10307836,0.7983714,7.181903,0.10307836,0.4786785,0.09245321,0.9484608,0.9484608,-0.5201906,0.8091715,0.10307836,2.641558,0.44918382,1.5127087,0.8008963,1.853107,1400.3373,0.22544916,1159.274,0.26441735,0.17120568,7.1738734,147.76277,1196.865,20.277372,0.23514801,5.065138,23.218979,0.12471552,83.47047,0.21715252,1.2498473,0.06329388,5.9744525,147.76277,1196.865,20.277372,0.23514801,23.218979,0.21715252,1.2498473,0.06329388,,Healthy
Data/images/Crenated_8.png,33,0.87187546,47.99709,50.566788,41.847485,158.3259,0.10074827,1572.0,0.8875854,1886.0,1618.0,0.8335101,0.48972765,44.73849,0.97156984,72.0,132.0,17596388.0,1.987501,32.0,2.5502388,165.0,18.420141,103.338425,104.0,46.0,119.0,13.33358,105.79996,-0.020231714,17596388.0,0.28645298,514.8015,0.2254902,0.8799065,14.335294,0.22418301,0.77300334,0.17523217,0.8881264,0.88803923,-0.52442145,0.9358842,0.22303921,3.6754901,0.18396343,2.9354198,0.8809861,3.1660848,741.5725,0.33383834,450.30408,0.9359044,0.09839324,14.324428,31.125,443.55728,2.854283,0.10236979,5.0193787,58.401043,0.24427481,14.366211,0.27008206,3.7360744,0.025985794,14.109375,31.125,443.55728,2.854283,0.10236979,58.401043,0.27008206,3.7360744,0.025985794,,Crenated
Data/images/Crenated_8.png,36,0.7964593,54.329662,58.30952,43.271366,168.91168,0.092125274,1834.0,0.89863986,2150.0,1878.0,0.85302323,0.6046921,48.323093,0.97657084,78.0,127.0,20232366.0,1.7541416,25.0,3.0724242,170.0,15.547257,103.20065,102.0,47.0,123.0,10.824614,105.03249,0.23786639,20232366.0,0.34614974,381.44937,0.25139666,0.8146858,13.649721,0.25139666,0.81348425,0.18819638,0.8743017,0.8743017,-0.43642104,0.8857037,0.25139666,3.6189945,0.21540807,2.749136,0.8174271,2.9654624,834.95636,0.35209998,634.8386,0.6739965,0.09105204,13.778081,23.251013,316.28137,2.0041711,0.09412899,4.85268,81.31579,0.2693566,9.46798,0.29347774,4.4763308,0.027695248,14.2469635,23.251013,316.28137,2.0041711,0.09412899,81.31579,0.29347774,4.4763308,0.027695248,,Crenated
Data/images/Crenated_8.png,37,0.84603095,51.286053,53.90733,43.389587,164.46803,0.094332114,1744.0,0.89998317,2115.0,1792.0,0.8245863,0.5331338,47.122498,0.97321427,70.0,127.0,18356296.0,1.9089338,31.25,2.6870313,164.0,18.12455,100.17087,101.0,44.0,120.0,13.248211,102.59337,0.005928992,18356296.0,0.30808842,491.1956,0.2532391,0.8495602,13.163722,0.24852768,0.8243371,0.1914731,0.8765214,0.8762073,-0.47352228,0.91478026,0.24440518,3.5282686,0.19148281,2.922123,0.8535163,3.1662986,780.2695,0.39231756,537.3062,0.8347042,0.10360092,13.338876,27.25,339.98492,2.8356705,0.10737308,4.948508,77.715515,0.26605505,13.12277,0.35522452,4.9376655,0.038733345,13.851294,27.25,339.98492,2.8356705,0.10737308,77.715515,0.35522452,4.9376655,0.038733345,,Crenated
Data/images/Crenated_8.png,45,0.6774872,50.405663,50.803543,34.149193,147.29646,0.10988174,1341.0,0.88114226,1833.0,1392.0,0.7315876,0.73553455,41.32087,0.9633621,89.0,127.0,16662525.0,1.3466254,20.0,2.3728445,143.0,11.628399,110.57494,113.0,77.0,66.0,8.6131315,111.46949,-0.35314333,16662525.0,0.45063314,198.62917,0.15003867,0.80499375,4.0092807,0.15003867,0.6099371,0.12752707,0.92498064,0.92498064,-0.49711028,0.8587099,0.15003867,1.9234339,0.34388572,2.0211306,0.8106365,2.351802,721.09546,0.26943508,604.299,0.3855226,0.39611816,4.144668,59.929752,233.7934,21.670454,0.36455464,4.8227906,28.14876,0.18046235,29.2235,0.19612035,1.180781,0.04961404,4.735537,59.929752,233.7934,21.670454,0.36455464,28.14876,0.19612035,1.180781,0.04961404,,Crenated
Data/images/Crenated_8.png,46,0.473672,72.80527,69.12308,34.485817,193.53911,0.09994274,1937.0,0.8060184,2479.0,2055.0,0.7813634,0.88070136,49.661503,0.9425791,64.0,157.0,22817656.0,-3.2034265e-16,51.0,3.478119,241.0,30.900114,101.542076,91.0,35.0,206.0,21.803568,108.53522,0.9666389,22817656.0,1.0,1469.1011,0.0,1.0,4.0,0.0,-3.2034265e-16,0.0,1.0,1.0,0.0,0.0,0.0,2.0,1.0,-3.2034265e-16,1.0,0.36285287,1687.54,0.064393386,1937.0,0.0,0.25,4.0,859.86566,3439.4626,214.96642,0.25,3.4559207,7.1791043,0.03458957,24.051682,0.00141555,0.0056622,0.0003538875,4.0,859.86566,3439.4626,214.96642,0.25,7.1791043,0.00141555,0.0056622,0.0003538875,,Crenated
Data/images/Crenated_8.png,49,0.96731985,34.116764,37.64306,33.001823,111.69849,0.12816808,872.0,0.9368959,961.0,884.0,0.90738815,0.2535593,33.320637,0.98642534,76.0,162.0,12816506.0,2.4298196,49.0,2.3582244,196.0,26.870539,116.73853,115.0,45.0,151.0,19.80095,121.2346,0.18388472,12816506.0,0.2067245,1069.9431,0.3234245,0.90863985,19.386444,0.3115339,0.9303,0.22637112,0.84621483,0.8454221,-0.5164305,0.9582762,0.3011296,4.216409,0.11560822,3.5975573,0.9117522,3.771162,355.88992,0.44440705,180.26376,1.7855701,0.08642354,19.354359,16.625,289.8021,1.3708903,0.08991278,4.9876013,63.243057,0.33027524,7.4575615,0.42750326,8.647283,0.037257418,20.427084,16.625,289.8021,1.3708903,0.08991278,63.243057,0.42750326,8.647283,0.037257418,,Crenated
Data/images/Crenated_8.png,51,0.8959947,50.62408,52.478565,45.35891,166.2254,0.09257889,1796.0,0.90365,2254.0,1854.0,0.7968057,0.44406474,47.81985,0.96871626,70.0,129.0,18587652.0,1.9872857,31.0,2.7727995,169.0,18.64515,99.080734,97.0,43.0,126.0,13.30878,101.73235,0.30338877,18587652.0,0.28791028,532.47955,0.2736119,0.85720146,13.029193,0.26903263,0.85575765,0.20123336,0.8662469,0.86594164,-0.47032598,0.9203417,0.26502576,3.4939897,0.17034091,3.053171,0.85863376,3.2550197,792.5924,0.37822855,517.08685,0.9459015,0.1078101,13.129733,19.9767,248.28543,2.1242056,0.10610248,4.9312487,85.5398,0.28674832,7.8148894,0.32660592,4.815153,0.03319678,14.005825,19.9767,248.28543,2.1242056,0.10610248,85.5398,0.32660592,4.815153,0.03319678,,Crenated
Data/images/Crenated_8.png,58,0.9067343,50.68864,52.63079,45.96113,171.09546,0.093879536,1823.0,0.88450485,2346.0,1893.0,0.77706736,0.42170244,48.17796,0.96302164,73.0,134.0,19891428.0,2.003417,31.5,3.2424226,188.0,19.079214,101.64509,99.0,50.0,138.0,13.265365,104.457504,0.6034404,19891428.0,0.2916031,579.64636,0.31884876,0.84236306,7.481377,0.31207675,0.9185588,0.22145686,0.84509027,0.8446388,-0.42925233,0.9060449,0.30615124,2.5747743,0.16323347,3.146799,0.8478015,3.3149693,767.0549,0.4110535,531.5924,1.0088643,0.26083562,7.6812944,14.847826,98.47324,3.932799,0.23630667,4.7213154,116.44816,0.3280307,5.5545044,0.37865514,3.831463,0.071072765,8.832776,14.847826,98.47324,3.932799,0.23630667,116.44816,0.37865514,3.831463,0.071072765,,Crenated
Data/images/Crenated_8.png,59,0.87075096,42.180817,44.38468,36.72899,141.19595,0.116594516,1212.0,0.8736847,1638.0,1260.0,0.73992676,0.4917243,39.283157,0.96190476,100.0,110.0,13382580.0,0.36948523,5.0,2.7610292,115.0,3.0061758,105.014854,105.0,94.0,21.0,2.457191,105.07965,-0.1991366,13382580.0,0.8681556,13.613641,0.036020584,0.7363695,3.7607205,0.036020584,0.22373928,0.0347231,0.9819897,0.9819897,-0.50694543,0.5653253,0.036020584,1.9262435,0.82864404,0.5670443,0.7363695,0.9591593,922.8977,0.14062892,1052.2046,0.065922186,0.30321783,3.7871287,361.06818,1428.0454,94.32386,0.42897728,4.954972,5.5,0.072607264,171.38017,0.16832599,0.46333766,0.094573066,3.284091,361.06818,1428.0454,94.32386,0.42897728,5.5,0.16832599,0.46333766,0.094573066,,Dead
Data/images/Crenated_8.png,62,0.93726444,47.37305,50.596443,44.401073,167.68124,0.10233826,1639.0,0.85574365,2304.0,1718.0,0.71137154,0.3486192,45.68194,0.95401627,69.0,146.0,18664386.0,2.210727,35.0,3.9067519,212.0,23.224989,102.442955,96.0,46.0,166.0,15.455563,106.71301,1.0087198,18664386.0,0.26569834,893.1083,0.29408062,0.90580726,14.399874,0.29156172,0.88080937,0.20907237,0.85463893,0.854471,-0.50752413,0.9465339,0.2893577,3.6035895,0.15589033,3.3268971,0.9157797,3.492788,696.7547,0.40648827,435.47955,1.5228999,0.10768055,14.467968,16.40039,210.73633,1.8692322,0.09767045,5.012371,93.19531,0.3123856,6.1528893,0.36709398,7.431601,0.02998499,16.710938,16.40039,210.73633,1.8692322,0.09767045,93.19531,0.36709398,7.431601,0.02998499,,Crenated
Data/images/Crenated_9.png,2,0.868035,53.97878,55.569775,46.855473,174.02438,0.08778027,1983.0,0.9069877,2448.0,2028.0,0.810049,0.49650294,50.247726,0.9778106,74.0,121.0,20420574.0,1.624067,21.0,2.6444342,137.0,13.280462,100.05749,103.0,56.0,81.0,9.212357,101.478165,-0.36551303,20420574.0,0.38093156,286.3174,0.21139896,0.8249613,7.031088,0.21139896,0.7441483,0.16670944,0.8943005,0.8943005,-0.47176424,0.8849112,0.21139896,2.5559585,0.27024752,2.4751823,0.8316711,2.7660513,945.76953,0.36274037,755.38727,0.6054809,0.24519527,7.1578417,50.11063,403.81345,8.350536,0.304486,4.764494,80.639915,0.23247604,31.607569,0.34140792,2.1426222,0.10033117,6.4034705,50.11063,403.81345,8.350536,0.304486,80.639915,0.34140792,2.1426222,0.10033117,,Crenated
Data/images/Crenated_9.png,3,0.9684178,46.303986,48.8467,44.841606,159.29646,0.09793819,1627.0,0.89748216,2025.0,1677.0,0.8034568,0.24933292,45.5144,0.97018486,73.0,125.0,18016052.0,1.6515989,29.0,2.1719253,134.0,15.73241,103.5925,110.0,62.0,72.0,12.329959,105.22915,-0.60755634,18016052.0,0.38341275,341.76694,0.2232764,0.8313784,7.5724225,0.2232764,0.7661052,0.17342405,0.8883618,0.8883618,-0.4843463,0.8932327,0.2232764,2.6499052,0.2806671,2.501572,0.8585328,2.7070365,759.681,0.35685453,623.81256,0.6573416,0.23773731,7.6650276,49.030075,418.1278,7.2352233,0.3252576,4.211444,97.130325,0.24523664,32.402485,0.343016,2.1161497,0.10128901,6.4335837,49.030075,418.1278,7.2352233,0.3252576,97.130325,0.343016,2.1161497,0.10128901,,Healthy
Data/images/Crenated_9.png,4,0.91525835,44.45909,46.518814,40.691555,143.98276,0.101575136,1418.0,0.9269493,1720.0,1446.0,0.8244186,0.40286744,42.49063,0.98063624,79.0,111.0,14024992.0,1.3584338,14.0,3.216702,135.0,9.863067,98.62059,102.0,67.0,68.0,6.4858932,99.45193,-0.12777273,14024992.0,0.45054218,164.66423,0.18181819,0.7635748,6.9556365,0.18181819,0.68403846,0.14876033,0.90909094,0.90909094,-0.43654332,0.82906735,0.18181819,2.581091,0.3396586,2.0820377,0.7824376,2.4149203,720.6446,0.3651839,638.86884,0.39581364,0.19581081,7.1382227,65.06485,527.55634,9.293017,0.2703356,4.5534835,52.31058,0.20662905,41.64321,0.3808144,2.8739066,0.11572016,6.6006827,65.06485,527.55634,9.293017,0.2703356,52.31058,0.3808144,2.8739066,0.11572016,,Healthy
Data/images/Crenated_9.png,5,0.9286726,47.53745,49.76947,44.14673,157.05382,0.09544444,1646.0,0.9155991,2024.0,1684.0,0.8132411,0.3709005,45.77939,0.9774347,75.0,122.0,17255856.0,1.6262468,25.0,2.4285712,143.0,14.170257,100.92163,104.0,56.0,87.0,10.514699,102.389015,-0.1967069,17255856.0,0.3758742,298.3347,0.2053683,0.82233995,7.0237203,0.2053683,0.7325356,0.16319215,0.89731586,0.89731586,-0.47289804,0.8851922,0.2053683,2.5589888,0.26364264,2.4711225,0.8269239,2.7638586,795.13245,0.35473752,618.68896,0.5826493,0.23299329,7.1962333,49.849865,401.79358,8.027461,0.27526438,4.8304276,57.214478,0.22660996,30.376457,0.32370016,2.3964145,0.07591486,6.8766756,49.849865,401.79358,8.027461,0.27526438,57.214478,0.32370016,2.3964145,0.07591486,,Healthy
Data/images/Crenated_9.png,7,0.9533704,45.528324,47.010635,43.405354,155.29646,0.1002236,1550.0,0.8985436,1936.0,1603.0,0.80061984,0.30180278,44.42433,0.966937,71.0,122.0,16510814.0,1.5891519,30.75,2.0188594,132.0,16.232708,101.45806,108.0,62.0,70.0,12.641373,103.2092,-0.57711,16510814.0,0.40670884,358.3992,0.20053121,0.85146815,7.2363877,0.20053121,0.72298926,0.16031845,0.8997344,0.8997344,-0.509842,0.8931706,0.20053121,2.5810094,0.32598996,2.3356977,0.8905826,2.5357459,755.2142,0.33874547,630.3987,0.68389636,0.27202958,7.2341933,64.12717,539.1532,10.342465,0.37114644,4.2589025,82.43931,0.2232258,44.058838,0.33011588,1.8119487,0.1062074,5.933526,64.12717,539.1532,10.342465,0.37114644,82.43931,0.33011588,1.8119487,0.1062074,,Healthy
Data/images/Crenated_9.png,12,0.91781986,45.531807,47.169907,41.789997,152.36754,0.10250086,1487.0,0.8970052,1935.0,1537.0,0.7684755,0.39699706,43.51215,0.9674691,75.0,120.0,15896303.0,1.4972013,26.0,2.345587,142.0,14.002814,102.01412,107.0,63.0,79.0,10.511524,103.39334,-0.50947994,15896303.0,0.4307174,283.30243,0.20541291,0.80442417,7.201943,0.20541291,0.7326227,0.16321844,0.89729357,0.89729357,-0.47111988,0.867172,0.20541291,2.6037474,0.33474037,2.2623537,0.83254755,2.5395958,713.04706,0.39096785,640.4768,0.53255177,0.2284895,7.3093476,64.31871,551.0088,8.747157,0.34795323,4.3588395,74.309944,0.22999327,45.414017,0.40914246,2.3636858,0.15021615,5.8157897,64.31871,551.0088,8.747157,0.34795323,74.309944,0.40914246,2.3636858,0.15021615,,Healthy
Data/images/Crenated_9.png,15,0.9136529,49.354527,50.803543,45.092907,168.46803,0.09657096,1745.0,0.8788665,2162.0,1799.0,0.807123,0.40649518,47.136005,0.96998334,69.0,126.0,18279238.0,1.8422956,34.0,2.2594483,141.0,17.696436,100.12722,103.0,45.0,96.0,13.641806,102.348465,-0.4008054,18279238.0,0.31415406,449.7477,0.21954091,0.8637441,12.937611,0.21836375,0.7619536,0.17185818,0.89101434,0.89093584,-0.5100074,0.9199529,0.21733372,3.498823,0.21248035,2.7357621,0.8693463,3.0307627,820.8006,0.3824126,548.19885,0.813745,0.10635848,13.150144,40.060097,578.613,3.4474893,0.122901306,4.939395,70.17308,0.23839542,22.46449,0.36434147,4.5742903,0.04506881,12.254807,40.060097,578.613,3.4474893,0.122901306,70.17308,0.36434147,4.5742903,0.04506881,,Crenated
Data/images/Crenated_9.png,17,0.8997514,47.492104,49.40648,42.731087,153.63962,0.09671993,1589.0,0.9195923,1935.0,1622.0,0.8211886,0.43640283,44.979748,0.9796547,70.0,123.0,16306506.0,1.7227004,28.0,2.4284523,145.0,15.984548,99.41473,103.0,53.0,92.0,11.797937,101.30212,-0.35244864,16306506.0,0.34468603,378.8305,0.24336569,0.8245034,6.8135924,0.2420712,0.8038623,0.18476723,0.87918013,0.8790938,-0.45367652,0.8893543,0.24093851,2.4983819,0.22400834,2.6674125,0.8301686,2.9654713,709.5035,0.42685217,547.7061,0.68924135,0.27076778,6.9660163,34.568344,272.78897,6.388256,0.3114009,4.5329857,78.884895,0.2624292,20.048042,0.41404104,2.689909,0.10373852,6.3093524,34.568344,272.78897,6.388256,0.3114009,78.884895,0.41404104,2.689909,0.10373852,,Healthy
Data/images/Crenated_9.png,18,0.9140149,47.89001,50.08992,43.772182,156.81119,0.0955292,1642.0,0.9159006,1980.0,1685.0,0.82929295,0.4056807,45.72373,0.9744807,83.0,102.0,15510183.0,1.1273952,7.0,5.4616694,134.0,5.992492,96.8106,99.0,72.0,62.0,3.632707,97.19007,-0.13137478,15510183.0,0.48845842,73.6176,0.17021276,0.69275963,6.0963707,0.17021276,0.65819126,0.14124037,0.9148936,0.9148936,-0.3683815,0.7463718,0.17021276,2.4299123,0.35910305,1.8034307,0.7016597,2.2044113,864.00366,0.3378474,802.0487,0.28519332,0.19593315,6.2314253,52.069622,326.28482,9.808676,0.20466332,4.744154,40.253166,0.19244823,25.0691,0.32783267,2.5149314,0.070070535,6.683544,52.069622,326.28482,9.808676,0.20466332,40.253166,0.32783267,2.5149314,0.070070535,,Healthy
Data/images/Crenated_9.png,19,0.95643264,46.392746,47.759815,44.371536,161.88225,0.10045439,1612.0,0.87906474,1980.0,1668.0,0.8141414,0.29195306,45.304108,0.96642685,66.0,123.0,16294552.0,1.7090415,30.0,2.2259505,141.0,16.854784,98.47022,104.0,54.0,87.0,12.829982,100.539955,-0.4165016,16294552.0,0.35978147,411.898,0.21675192,0.8614892,6.98977,0.21675192,0.7541921,0.16977052,0.89162403,0.89162403,-0.49779186,0.9020376,0.21675192,2.5131073,0.26539904,2.5352762,0.872653,2.8277152,755.15137,0.39600793,579.9677,0.80077,0.30258736,7.1004963,47.379845,375.90698,10.365687,0.3361506,4.4500294,75.89922,0.24007444,30.0295,0.3959799,2.8053968,0.098943874,6.5167956,47.379845,375.90698,10.365687,0.3361506,75.89922,0.3959799,2.8053968,0.098943874,,Healthy
Data/images/Crenated_9.png,21,0.92370874,45.156036,46.647614,41.711025,155.15433,0.105296455,1474.0,0.87703335,1806.0,1524.0,0.8161683,0.38309556,43.321533,0.9671916,75.0,121.0,15483179.0,1.5580198,24.0,2.559595,141.0,13.856112,101.07395,104.0,56.0,85.0,10.109439,102.48996,-0.42422202,15483179.0,0.39861718,288.24893,0.20979021,0.8090499,6.923776,0.20979021,0.74108154,0.16577828,0.8951049,0.8951049,-0.4490788,0.86814153,0.20979021,2.5454545,0.27554354,2.4193614,0.81433314,2.6949291,707.1954,0.32894918,587.5617,0.5473439,0.2369403,7.050882,38.261627,297.0436,7.029877,0.2594275,4.772443,53.84884,0.23337856,19.9014,0.27143973,1.9478523,0.064021476,6.7848835,38.261627,297.0436,7.029877,0.2594275,53.84884,0.27143973,1.9478523,0.064021476,,Healthy
Data/images/Crenated_9.png,23,0.9353644,45.964355,48.02083,42.993423,153.88225,0.099503554,1547.0,0.9059232,1980.0,1592.0,0.7813131,0.3536854,44.38132,0.9717337,74.6,118.0,15941341.0,1.4646583,22.0,2.6850955,143.0,13.2452135,100.17518,105.0,62.0,81.0,9.3587055,101.51197,-0.3174003,15941341.0,0.44440874,269.61444,0.17976032,0.8254691,7.1671104,0.17976032,0.67955244,0.14744654,0.91011983,0.91011983,-0.49598256,0.8705646,0.17976032,2.596538,0.36382204,2.1504765,0.8525648,2.4430335,799.1086,0.38619193,687.5003,0.5297473,0.23203063,7.285714,86.06032,723.0,12.683752,0.34481922,4.391386,71.57143,0.20361991,61.941303,0.44466466,2.611652,0.1635157,6.0126987,86.06032,723.0,12.683752,0.34481922,71.57143,0.44466466,2.611652,0.1635157,,Healthy
Data/images/Crenated_9.png,25,0.9711733,47.794395,49.396355,46.416637,165.29646,0.095216855,1737.0,0.8935446,2115.0,1785.0,0.8212766,0.23837468,47.027832,0.97310925,70.6,131.0,18660832.0,1.9315462,36.0,2.095657,153.0,19.111898,101.17156,102.0,48.0,105.0,14.823524,103.64911,-0.09462043,18660832.0,0.2824353,507.45358,0.24644549,0.86044925,13.280806,0.242891,0.812032,0.18744946,0.87914693,0.87890995,-0.48633754,0.91958475,0.2397808,3.5385072,0.17504889,2.907642,0.8630161,3.1800983,783.3834,0.38408786,490.5901,0.9021835,0.102375425,13.605642,27.046053,366.2829,2.5948281,0.102745496,4.970454,72.33772,0.2625216,12.535968,0.3414922,5.0502706,0.033556495,14.0438595,27.046053,366.2829,2.5948281,0.102745496,72.33772,0.3414922,5.0502706,0.033556495,,Crenated
Data/images/Crenated_9.png,26,0.9132448,47.253654,48.332184,43.154152,153.63962,0.09605477,1600.0,0.92277086,1978.0,1634.0,0.80889785,0.40741125,45.135166,0.97919214,79.0,122.0,16578094.0,1.5782278,19.25,2.97345,146.0,12.763644,100.47875,100.0,60.0,86.0,8.745547,101.79051,0.24419883,16578094.0,0.38021952,265.32956,0.19305019,0.8122245,6.83269,0.19176319,0.7100206,0.15627708,0.9043329,0.9042471,-0.47466063,0.879144,0.19063707,2.5328186,0.26936942,2.3817759,0.8259812,2.718953,794.9963,0.35617343,608.35126,0.52690583,0.21313801,7.058125,61.387756,423.9096,11.224469,0.25178167,4.7227745,58.329445,0.214375,39.628113,0.3504429,2.4699848,0.09498196,7.198251,61.387756,423.9096,11.224469,0.25178167,58.329445,0.3504429,2.4699848,0.09498196,,Healthy
Data/images/Crenated_9.png,27,0.90812206,44.225624,46.173584,40.162266,148.71068,0.107024595,1390.0,0.88857085,1804.0,1445.0,0.77050996,0.41870552,42.069027,0.9619377,73.0,114.0,13624528.0,1.4503591,24.0,2.4129307,128.0,13.365829,97.697845,102.0,57.0,71.0,9.881619,99.004135,-0.60861504,13624528.0,0.42181873,256.95044,0.1921365,0.8186945,6.5675073,0.1921365,0.7059195,0.15522006,0.90393174,0.90393174,-0.4642477,0.85982895,0.1921365,2.476632,0.31807068,2.22368,0.83119696,2.5062182,686.7885,0.35199833,586.32806,0.52538896,0.26119605,6.628777,56.990032,441.30234,11.043582,0.33058786,4.502602,57.890366,0.21654676,35.66466,0.3478876,1.9412897,0.11101089,5.551495,56.990032,441.30234,11.043582,0.33058786,57.890366,0.3478876,1.9412897,0.11101089,,Healthy
Data/images/Crenated_9.png,28,0.93995565,45.333515,46.872166,42.611492,153.88225,0.10174033,1513.0,0.8959094,1936.0,1561.0,0.78150827,0.3412966,43.890903,0.9692505,69.0,109.0,13510049.0,1.5610615,19.0,2.7554972,137.0,12.1162,93.28685,97.0,58.0,79.0,8.602516,94.49503,-0.43895435,13510049.0,0.36581004,226.87608,0.21443158,0.795673,5.4227366,0.21443158,0.7498686,0.16845068,0.8927842,0.8927842,-0.43856353,0.8589791,0.21443158,2.2372363,0.2461159,2.3833287,0.8049891,2.7026367,713.2009,0.38947147,553.4706,0.5432775,0.31997687,5.572373,40.064068,247.4067,10.068593,0.36200094,4.5372195,59.740948,0.23727693,22.302185,0.37383825,2.5158288,0.09734053,5.37883,40.064068,247.4067,10.068593,0.36200094,59.740948,0.37383825,2.5158288,0.09734053,,Healthy
Data/images/Crenated_9.png,30,0.85113466,47.68342,49.0408,40.585007,155.53911,0.10293786,1512.0,0.88592625,1927.0,1561.0,0.78463936,0.52494746,43.876396,0.96860987,65.0,130.0,15797450.0,1.9655741,39.25,2.018042,149.0,20.392752,99.3545,102.0,48.0,101.0,15.962127,102.2157,-0.18445653,15797450.0,0.2685124,576.7328,0.26980874,0.8691753,13.254098,0.26980874,0.84119004,0.19701199,0.8650956,0.8650956,-0.48634094,0.9234478,0.26980874,3.515369,0.15676206,2.9810982,0.8738363,3.2242975,650.3545,0.4092743,405.99075,1.0171744,0.111300156,13.299603,21.869074,324.76523,2.0543084,0.12061826,4.572684,81.51919,0.29298943,10.219873,0.37584525,4.1990547,0.04502548,11.911963,21.869074,324.76523,2.0543084,0.12061826,81.51919,0.37584525,4.1990547,0.04502548,,Crenated
Data/images/Crenated_9.png,31,0.93603563,48.135437,50.990196,45.056484,161.05382,0.09476542,1700.0,0.907391,2070.0,1741.0,0.82125604,0.35190523,46.524265,0.9764503,79.0,122.0,18112644.0,1.5113289,22.0,2.553093,138.0,12.696478,102.01235,103.0,58.0,80.0,9.347965,103.22063,-0.2462254,18112644.0,0.40785468,247.97691,0.2223565,0.76802385,7.1123867,0.2223565,0.7644471,0.17291409,0.8888218,0.8888218,-0.4081955,0.84091514,0.2223565,2.596979,0.27467,2.3944693,0.76964504,2.7013412,795.10236,0.36391833,693.35297,0.484036,0.20373775,7.317647,35.786926,275.7046,5.960267,0.23769169,4.7479796,66.757866,0.24294117,18.843636,0.32714033,2.5626812,0.0814384,7.2615013,35.786926,275.7046,5.960267,0.23769169,66.757866,0.32714033,2.5626812,0.0814384,,Healthy
Data/images/Crenated_9.png,32,0.9407417,45.709156,47.434166,43.00051,152.71068,0.09932402,1538.0,0.9102131,1936.0,1579.0,0.7944215,0.33912382,44.252033,0.9740342,70.0,126.0,16502415.0,1.8799368,35.0,2.2518406,150.0,18.776293,101.210014,106.0,39.0,111.0,14.564763,103.584694,-0.3665693,16502415.0,0.30926204,486.32196,0.24564926,0.85945463,13.309906,0.24564926,0.80430925,0.1853057,0.8771754,0.8771754,-0.48888013,0.91752476,0.24564926,3.543842,0.19741416,2.8502293,0.8652456,3.0933862,689.74384,0.38275266,475.645,0.86606026,0.10724372,13.39987,30.272507,445.00485,2.5823107,0.11706272,4.770851,70.27007,0.26723018,16.26925,0.34357777,4.2285132,0.036244564,12.442822,30.272507,445.00485,2.5823107,0.11706272,70.27007,0.34357777,4.2285132,0.036244564,,Crenated
Data/images/Crenated_9.png,35,0.9310079,45.818314,47.539455,42.657215,154.71068,0.101019055,1532.0,0.8966917,1932.0,1576.0,0.79296064,0.36499897,44.16563,0.97208124,75.0,122.0,15503135.0,1.6763966,23.0,2.624193,146.0,13.648024,99.12467,100.0,60.0,86.0,9.567529,100.595924,-0.061939105,15503135.0,0.35414806,293.8389,0.21208054,0.82492864,6.7630873,0.21208054,0.74544084,0.16710238,0.89395976,0.89395976,-0.47214946,0.8908939,0.21208054,2.5026846,0.23513806,2.553784,0.82556933,2.8386016,734.782,0.3285693,542.5548,0.6102788,0.2469992,6.8896866,34.59218,251.68994,7.3865223,0.2703096,4.7950263,52.12849,0.23368146,16.279516,0.264819,1.7928499,0.068908736,6.7318435,34.59218,251.68994,7.3865223,0.2703096,52.12849,0.264819,1.7928499,0.068908736,,Healthy
Data/images/Crenated_9.png,38,0.9007968,47.5018,49.67897,42.78947,153.88225,0.096811734,1590.0,0.9184313,1935.0,1632.0,0.8217054,0.43424094,44.993896,0.9742647,66.0,137.1,17613566.0,2.1603744,37.0,2.702736,181.0,21.579514,101.76226,102.0,45.0,136.0,15.516176,105.250725,0.29351947,17613566.0,0.25127646,722.15607,0.27231565,0.89155316,14.055628,0.26972833,0.8510286,0.19956228,0.865567,0.8653946,-0.51222503,0.94399154,0.26746443,3.5967011,0.14926744,3.2204156,0.8983065,3.4243934,691.0302,0.39873263,399.52957,1.2503734,0.10911955,14.151572,24.357298,347.5839,2.353547,0.11581571,4.9766355,86.81699,0.28867924,12.35764,0.3658649,5.4948354,0.044549853,14.43573,24.357298,347.5839,2.353547,0.11581571,86.81699,0.3658649,5.4948354,0.044549853,,Crenated
Data/images/Crenated_9.png,39,0.9371738,46.248737,48.104053,43.343105,153.39697,0.09798593,1566.0,0.9143547,1890.0,1607.0,0.82857144,0.3488629,44.65303,0.97448665,65.0,133.0,16656939.0,2.1752274,36.0,3.017619,184.0,21.56075,99.54726,99.0,40.0,144.0,15.370839,103.133965,0.40732569,16656939.0,0.25475338,726.9591,0.28215224,0.88894534,13.402231,0.27690288,0.8689099,0.20547703,0.8624234,0.8620735,-0.50199723,0.9425605,0.27230972,3.5032809,0.14872883,3.2720745,0.8910313,3.4576857,678.553,0.3968804,398.94382,1.2563168,0.12018086,13.448276,21.465218,290.25653,2.2635365,0.12052404,5.017781,82.45652,0.29374203,9.875633,0.35715973,5.4478965,0.03705867,14.197826,21.465218,290.25653,2.2635365,0.12052404,82.45652,0.35715973,5.4478965,0.03705867,,Crenated
Data/images/Crenated_9.png,40,0.90724444,44.57198,46.615448,40.43768,151.29646,0.10734052,1410.0,0.87964755,1848.0,1468.0,0.762987,0.42060378,42.3706,0.96049047,66.0,134.0,15840577.0,2.0294075,43.0,2.019564,159.0,21.716755,102.89149,107.0,51.0,108.0,16.973381,105.9927,-0.14775406,15840577.0,0.2651768,647.7932,0.23206443,0.89465284,8.060761,0.23206443,0.7815927,0.17821053,0.8839678,0.8839678,-0.5399717,0.9421667,0.23206443,2.659956,0.17301239,2.955882,0.9034225,3.2210765,643.06525,0.37893265,373.8993,1.1095665,0.29985717,8.0290785,30.930748,270.65652,6.5716414,0.33568174,4.78146,59.160664,0.25602835,15.67534,0.34120563,2.1804786,0.092986956,7.0803323,30.930748,270.65652,6.5716414,0.33568174,59.160664,0.34120563,2.1804786,0.092986956,,Healthy
Data/images/Crenated_9.png,41,0.8442935,50.79328,51.24451,42.884438,165.19595,0.09720268,1700.0,0.884639,2150.0,1752.0,0.7906977,0.53588104,46.524265,0.9703196,80.0,126.0,18597108.0,1.6580466,26.0,2.5249803,151.0,14.343944,103.10647,103.0,61.0,90.0,10.526671,104.59194,0.032109674,18597108.0,0.36104152,308.53043,0.23044269,0.8007922,7.310491,0.23044269,0.7787822,0.17733885,0.8847787,0.8847787,-0.43597963,0.87318724,0.23044269,2.6167374,0.23633634,2.5782466,0.80438554,2.8301783,788.89526,0.3452443,613.77057,0.58679724,0.20844477,7.4882355,28.051044,209.07193,5.0482936,0.22714102,4.7831044,67.937355,0.2535294,12.493419,0.28579003,2.6448123,0.060120214,7.8538284,28.051044,209.07193,5.0482936,0.22714102,67.937355,0.28579003,2.6448123,0.060120214,,Crenated
Data/images/Crenated_9.png,42,0.94087905,46.07483,47.434166,43.35084,158.36754,0.10119331,1566.0,0.88551503,1980.0,1621.0,0.7909091,0.33874264,44.65303,0.96607035,67.0,138.0,17692398.0,2.156782,42.0,2.340537,173.0,22.85536,102.73946,101.0,51.0,122.0,17.32657,106.29124,0.28690267,17692398.0,0.24024163,742.4302,0.24013157,0.9074602,8.135527,0.24013157,0.795259,0.1824684,0.8799342,0.8799342,-0.55338097,0.95330745,0.24013157,2.637829,0.14242448,3.1299782,0.92484653,3.3599033,716.977,0.35282806,376.21838,1.2802044,0.29552647,8.225415,26.720194,245.42822,6.891691,0.28951812,4.8168654,69.9927,0.2624521,12.202426,0.3004689,2.2173014,0.0661502,7.4136252,26.720194,245.42822,6.891691,0.28951812,69.9927,0.3004689,2.2173014,0.0661502,,Crenated
Data/images/Crenated_9.png,44,0.80110043,55.14983,59.464275,44.18055,173.53911,0.09109664,1906.0,0.8915692,2303.0,1947.0,0.82761616,0.59853,49.26251,0.978942,80.0,123.0,19993930.0,1.6138605,20.0,3.5792792,171.0,13.123942,101.0021,100.0,53.0,118.0,8.831492,102.42068,0.353358,19993930.0,0.378343,288.57083,0.18157327,0.83290714,6.9240303,0.1804957,0.685276,0.14899458,0.9099318,0.9098599,-0.50075144,0.89351153,0.17955281,2.5439117,0.27228996,2.3971226,0.8397249,2.719194,975.49005,0.32242578,721.1217,0.5541194,0.21388641,7.0960126,45.489582,310.8151,8.993507,0.22452402,5.1667824,44.854168,0.20146905,20.852837,0.2755119,2.3632524,0.060213253,7.6354165,45.489582,310.8151,8.993507,0.22452402,44.854168,0.2755119,2.3632524,0.060213253,,Crenated
Data/images/Crenated_9.png,46,0.949055,48.099796,50.537113,45.649353,155.98276,0.0907668,1719.0,0.9421132,2025.0,1751.0,0.8488889,0.3151104,46.78353,0.98172474,76.0,121.2,17057534.0,1.6397144,21.0,2.9807255,151.0,13.553266,98.10471,97.0,51.0,100.0,9.282079,99.61395,0.18288116,17057534.0,0.36844987,298.40555,0.21983273,0.8054006,6.3864994,0.21983273,0.75986195,0.1715063,0.8900836,0.8900836,-0.4467667,0.8754438,0.21983273,2.435484,0.2454826,2.5277607,0.8061764,2.7977023,815.70276,0.3322264,633.36536,0.5750756,0.24685912,6.553229,31.440678,188.65134,7.2879424,0.25068134,4.9022665,58.525425,0.24025597,14.116539,0.26187137,2.2206087,0.057418894,7.1622276,31.440678,188.65134,7.2879424,0.25068134,58.525425,0.26187137,2.2206087,0.057418894,,Crenated
Data/images/Crenated_9.png,47,0.7713378,60.099163,60.926186,46.35676,190.95332,0.08797665,2172.0,0.8648835,2520.0,2244.0,0.86190474,0.6364259,52.587795,0.96791446,105.0,116.0,26285848.0,0.08467511,6.0,3.1614978,124.0,3.5420296,109.92219,109.0,96.0,28.0,2.7393193,110.00973,0.17030427,26285848.0,0.9790456,19.252234,0.0066225166,0.6466571,3.9683065,0.0066225166,0.05745902,0.0065786587,0.9966887,0.9966887,-0.47095868,0.26482478,0.0066225166,1.9905393,0.9746789,0.11803679,0.6466571,0.41373637,1914.4447,0.06834854,2126.487,0.010477185,0.257942,3.9682322,1168.1111,4670.0693,292.62152,0.35416666,4.1541934,4.9444447,0.03314917,258.08334,0.121350214,0.37313235,0.058404684,3.5833333,1168.1111,4670.0693,292.62152,0.35416666,4.9444447,0.121350214,0.37313235,0.058404684,,Dead
Data/images/Crenated_9.png,48,0.8909526,48.378197,50.0,43.10268,162.61017,0.09954709,1634.0,0.88108295,2064.0,1684.0,0.7916667,0.45409632,45.612206,0.9703088,83.0,127.0,18378564.0,1.6134702,24.0,2.670029,152.0,13.614758,104.69523,104.0,60.0,92.0,9.65376,106.054665,0.01564405,18378564.0,0.376771,286.50076,0.23028392,0.79375446,7.7911673,0.23028392,0.7785059,0.17725323,0.8848581,0.8848581,-0.428574,0.8668469,0.23028392,2.7107255,0.24177153,2.55199,0.79459685,2.8099446,758.3378,0.3454259,615.6438,0.54992855,0.1888134,7.876989,26.555555,210.58696,4.3922195,0.2066774,4.708362,61.101448,0.25336596,10.977853,0.27985296,2.1598332,0.057944145,7.8164253,26.555555,210.58696,4.3922195,0.2066774,61.101448,0.27985296,2.1598332,0.057944145,,Crenated
Data/images/Crenated_9.png,50,0.85851,50.174408,52.0,43.075233,168.36754,0.0994786,1693.0,0.86618555,2112.0,1751.0,0.8016099,0.51279676,46.42838,0.9668761,74.0,133.0,18460304.0,1.9701573,32.0,2.9514744,177.0,18.583437,101.86414,99.0,45.0,132.0,13.441756,104.421745,0.48284155,18460304.0,0.29826823,527.59644,0.27504554,0.854433,13.681238,0.27504554,0.84861183,0.1993955,0.86247724,0.86247724,-0.46446344,0.91676664,0.27504554,3.588039,0.17644508,3.0340674,0.8584972,3.216617,749.7395,0.36839506,504.9681,0.93543583,0.09940555,13.819846,18.867735,246.9439,1.8477093,0.09740589,4.839128,88.64729,0.29474306,7.3567414,0.31753573,5.23322,0.026745437,14.6733465,18.867735,246.9439,1.8477093,0.09740589,88.64729,0.31753573,5.23322,0.026745437,,Crenated
Data/images/Crenated_9.png,53,0.7659076,55.552387,58.18075,42.547997,169.39697,0.09173949,1847.0,0.89923656,2193.0,1885.0,0.84222525,0.64295065,48.494057,0.9798409,62.0,143.0,20852888.0,2.3098161,43.0,3.0950212,199.0,25.074932,101.54413,99.0,40.0,159.0,17.807865,106.255066,0.5835781,20852888.0,0.22962388,978.93024,0.2980022,0.90858835,14.314651,0.29689234,0.8825956,0.20985715,0.8517388,0.85166484,-0.5181695,0.95371866,0.2959212,3.5824084,0.12750939,3.4363825,0.914654,3.5734675,803.52844,0.3811463,424.11533,1.6044866,0.118765615,14.431511,16.633852,220.5924,1.9871851,0.11217542,4.9873533,111.97409,0.31348133,6.4578614,0.34090412,5.616621,0.035106122,15.701209,16.633852,220.5924,1.9871851,0.11217542,111.97409,0.34090412,5.616621,0.035106122,,Crenated
Data/images/Crenated_9.png,54,0.9410689,45.445835,47.539455,42.767662,161.19595,0.106224686,1518.0,0.8566731,1978.0,1580.0,0.76744187,0.33821493,43.963367,0.9607595,63.0,140.0,16381389.0,2.2670512,41.0,2.5920184,186.0,23.47395,99.830696,98.0,42.0,144.0,17.27122,103.881805,0.33709857,16381389.0,0.23484978,825.26056,0.33514246,0.87993395,13.578019,0.32700136,0.9390602,0.22821258,0.8378562,0.8373134,-0.46905404,0.9385256,0.3198779,3.514247,0.12298014,3.471496,0.88096684,3.573312,654.3649,0.38832906,356.50198,1.3962238,0.13023621,13.613966,12.707692,165.16154,1.5562268,0.12824672,4.829683,104.68846,0.342556,4.185784,0.3566407,5.5062346,0.038433105,14.413462,12.707692,165.16154,1.5562268,0.12824672,104.68846,0.3566407,5.5062346,0.038433105,,Crenated
Data/images/Crenated_9.png,56,0.88807565,46.36047,49.0408,41.171604,156.95332,0.10555032,1488.0,0.87094337,2068.0,1559.0,0.71953577,0.45969737,43.52678,0.954458,71.0,147.0,19375990.0,2.2344205,41.0,2.7495847,214.0,22.923359,110.60215,111.0,49.0,165.0,16.98594,114.11178,0.14469,19375990.0,0.23733957,788.66296,0.2867084,0.8933221,16.995129,0.28392485,0.87155086,0.2060951,0.8585015,0.85831594,-0.50898856,0.94688356,0.28148922,3.974252,0.13645919,3.323417,0.8964969,3.471368,660.03766,0.36329165,353.1613,1.3590806,0.08927012,16.86828,16.919037,289.2604,1.3925952,0.09132659,4.9893446,85.69584,0.30712366,6.317387,0.31423172,5.9555206,0.02897553,17.409191,16.919037,289.2604,1.3925952,0.09132659,85.69584,0.31423172,5.9555206,0.02897553,,Crenated
Data/images/Dead_cells_1.png,1,0.9720043,58.433304,62.482,56.79742,200.81119,0.07803038,2574.0,0.8955279,2915.0,2625.0,0.88301885,0.23496313,57.24787,0.98057145,91.0,101.0,23997572.0,0.7022348,4.0,6.3524227,118.0,3.2881804,96.43085,96.0,80.0,38.0,1.8857564,96.55602,0.2779953,23997572.0,0.6917474,24.157417,0.08700834,0.71234775,1.5137068,0.08700834,0.42640442,0.07943789,0.9564958,0.9564958,-0.43567616,0.673084,0.08700834,1.185737,0.6180846,1.0832441,0.71234775,1.4375958,1755.9674,0.21352851,1780.5579,0.15412629,0.85722613,1.5710956,248.81885,290.9058,238.2971,0.6413044,4.8163285,26.355072,0.1072261,161.84294,0.26898298,0.81621546,0.13217486,2.4347825,248.81885,290.9058,238.2971,0.6413044,26.355072,0.26898298,0.81621546,0.13217486,,Dead
Data/images/Dead_cells_1.png,2,0.9690693,54.8989,60.1415,53.200836,186.56854,0.08220689,2270.0,0.905173,2600.0,2325.0,0.8730769,0.24678876,53.76108,0.9763441,99.0,106.0,23689168.0,0.6288011,4.0,3.468005,115.0,2.3008919,102.114975,101.0,96.0,19.0,1.6638271,102.15555,0.83834594,23689168.0,0.7343259,8.287662,0.10193956,0.609324,3.4862428,0.10193956,0.47511387,0.091547884,0.9490302,0.9490302,-0.32458627,0.5757785,0.10193956,1.8457375,0.64752096,1.0394355,0.609324,1.4092942,1478.9365,0.24794504,1666.9198,0.13283704,0.36828193,3.5268722,155.62724,599.0681,44.767025,0.5967742,4.582304,30.326164,0.12290749,89.42948,0.30877522,0.55760646,0.24656741,2.612903,155.62724,599.0681,44.767025,0.5967742,30.326164,0.30877522,0.55760646,0.24656741,,Dead
Data/images/Dead_cells_1.png,4,0.902084,50.2411,53.25411,45.321693,167.05382,0.09382411,1781.0,0.895405,2115.0,1827.0,0.84208035,0.43156046,47.61974,0.9748221,99.0,106.0,18634320.0,0.5409975,3.0,3.2577527,110.0,2.2214699,102.24818,102.0,93.0,17.0,1.5233377,102.28803,0.2982637,18634320.0,0.78262025,8.1517725,0.06912442,0.6814825,3.593894,0.06912442,0.36264765,0.06434624,0.96543777,0.96543777,-0.4154411,0.60141313,0.06912442,1.876152,0.71863455,0.8561711,0.6814825,1.212441,1286.5406,0.1981216,1393.8467,0.10868986,0.34306568,3.6277373,300.41818,1170.2727,82.954544,0.55,4.712423,17.121212,0.09264458,183.90906,0.3042191,0.61801326,0.22577055,2.8,300.41818,1170.2727,82.954544,0.55,17.121212,0.3042191,0.61801326,0.22577055,,Dead
Data/images/Dead_cells_1.png,6,0.94784117,53.348644,55.758408,50.56604,181.05382,0.08595007,2107.0,0.8986239,2450.0,2160.0,0.86,0.318743,51.79494,0.975463,99.0,105.0,21808128.0,0.64873517,3.0,3.944334,111.0,1.8837315,101.706215,102.0,93.0,18.0,1.3530104,101.73653,0.30019334,21808128.0,0.7229611,6.166658,0.09537713,0.6335192,3.4909976,0.09537713,0.45416775,0.08628033,0.95231146,0.95231146,-0.3506656,0.5935133,0.09537713,1.8462287,0.6534683,1.0212647,0.6335192,1.3478822,1375.7689,0.21700937,1523.279,0.13851944,0.3745847,3.501661,168.41533,657.379,46.174397,0.6491935,4.4573946,22.524193,0.117702894,96.23386,0.22355135,0.32033938,0.19935435,2.403226,168.41533,657.379,46.174397,0.6491935,22.524193,0.22355135,0.32033938,0.19935435,,Dead
Data/images/Dead_cells_1.png,8,0.9908576,54.567898,58.728188,54.069016,191.05382,0.08312109,2299.0,0.88955224,2652.0,2357.0,0.86689293,0.13491198,54.103397,0.97539246,98.0,107.0,23904812.0,0.71645916,4.0,17.183493,112.0,2.826531,101.874725,102.0,70.0,42.0,2.027198,101.97018,-2.5858872,23904812.0,0.69680935,19.45712,0.08544727,0.7328657,8.023142,0.08544727,0.42108798,0.078146026,0.95727634,0.95727634,-0.45380008,0.69114584,0.08544727,2.811749,0.62154436,1.1064626,0.7350755,1.4421905,1557.8865,0.19678734,1601.9647,0.16010025,0.13945676,8.063071,188.58606,1639.5042,22.618853,0.18294626,4.937661,17.450819,0.1061331,99.80951,0.17808196,0.8647509,0.041576743,6.7090163,188.58606,1639.5042,22.618853,0.18294626,17.450819,0.17808196,0.8647509,0.041576743,,Dead
Data/images/Dead_cells_1.png,9,0.9852222,52.23697,55.226807,51.465023,176.81119,0.08437661,2096.0,0.91778094,2400.0,2139.0,0.87333333,0.17128098,51.65956,0.97989714,98.0,105.0,21554252.0,0.81875277,4.0,2.7718341,110.0,2.330779,101.36641,101.0,92.0,18.0,1.6786184,101.40768,0.28592083,21554252.0,0.62027454,8.36765,0.10714286,0.71986467,3.173679,0.10714286,0.49123734,0.095663264,0.9464286,0.9464286,-0.43188557,0.7133182,0.10714286,1.7424169,0.5218686,1.2906796,0.71986467,1.69081,1327.9504,0.24706365,1300.0955,0.18986273,0.44107825,3.235687,118.243546,411.3358,44.970478,0.57380074,4.8413234,23.516605,0.12929389,58.423878,0.25402573,0.53441,0.18392965,2.704797,118.243546,411.3358,44.970478,0.57380074,23.516605,0.25402573,0.53441,0.18392965,,Dead
Data/images/Dead_cells_1.png,10,0.95396465,43.776623,45.221676,41.76135,153.29646,0.107162856,1431.0,0.8746146,1763.0,1481.0,0.8116846,0.29991907,42.68496,0.96623904,61.0,160.0,15596459.0,2.0372174,68.5,1.9122696,175.0,33.754963,97.18728,78.0,55.0,120.0,28.67123,104.39824,0.7287145,15596459.0,0.2867937,1453.6252,0.18673396,0.9633251,8.312184,0.18673396,0.69458896,0.15186438,0.906633,0.906633,-0.63937664,0.96227556,0.18673396,2.4206922,0.22439623,2.7700164,0.9698446,2.9625604,715.1174,0.32241166,410.40182,2.4873235,0.5125295,8.245982,47.20462,441.8614,27.808558,0.36138523,4.5263953,51.013203,0.21174005,24.900042,0.28621057,2.15144,0.05915271,7.369637,47.20462,441.8614,27.808558,0.36138523,51.013203,0.28621057,2.15144,0.05915271,,Crenated
Data/images/Dead_cells_1.png,13,0.9855122,54.27038,59.20304,53.48412,190.71068,0.08462866,2254.0,0.8823862,2601.0,2310.0,0.8665898,0.16960448,53.571278,0.9757576,96.0,104.0,22462514.0,0.9863121,4.0,9.105143,108.0,2.313406,99.77285,100.0,79.0,29.0,1.6242584,99.827965,-1.3261521,22462514.0,0.5094577,11.00164,0.162199,0.66894984,2.6315312,0.162199,0.6395444,0.13589048,0.9189005,0.9189005,-0.35389963,0.70864254,0.162199,1.5708768,0.37415656,1.6221598,0.66894984,2.0576003,1214.5963,0.3077577,1148.3176,0.24527115,0.573425,2.7063,54.331707,147.00975,31.162195,0.62682927,4.5471478,42.834145,0.18189885,24.10853,0.26580957,0.54336643,0.19642034,2.492683,54.331707,147.00975,31.162195,0.62682927,42.834145,0.26580957,0.54336643,0.19642034,,Dead
Data/images/Dead_cells_1.png,14,0.6816277,61.979748,61.351448,42.247112,182.66905,0.09103865,2007.0,0.86927974,2320.0,2057.0,0.8650862,0.73169917,50.550884,0.97569275,97.0,103.0,20131572.0,0.97807646,4.0,3.1794999,107.0,2.0859563,100.11958,100.0,90.0,17.0,1.5533565,100.153275,-0.30703768,20131572.0,0.51511914,6.748032,0.1201849,0.7510725,2.7180278,0.1201849,0.52989215,0.10574049,0.93990755,0.93990755,-0.46009716,0.76961523,0.1201849,1.5927067,0.4114486,1.5014936,0.7510725,1.925778,1195.6637,0.2579626,1033.844,0.24244045,0.55979073,2.760837,85.87415,267.36395,40.5017,0.6403061,4.866513,24.197279,0.1464873,39.27263,0.2243447,0.4878534,0.15846753,2.4387755,85.87415,267.36395,40.5017,0.6403061,24.197279,0.2243447,0.4878534,0.15846753,,Dead
Data/images/Dead_cells_1.png,18,0.9842442,51.687824,54.378304,50.873444,177.88225,0.08653965,2056.0,0.90350604,2450.0,2101.0,0.8391837,0.17681427,51.16425,0.9785816,98.0,104.0,20646032.0,0.89396936,2.0,29.65111,111.0,2.5409725,100.04426,100.0,55.0,56.0,1.0883733,100.209,-4.490297,20646032.0,0.6195055,32.989773,0.14513716,0.6813446,7.6349125,0.14513716,0.597536,0.124072365,0.9274314,0.9274314,-0.3622752,0.69117826,0.14513716,2.7349126,0.5001985,1.4682341,0.82321715,1.8666238,1165.5399,0.30663598,1273.7032,0.22645475,0.15760106,7.711576,86.22222,728.98535,11.262427,0.19046459,4.5961967,44.175438,0.16634241,50.081734,0.32427064,1.8845961,0.065254085,6.5643277,86.22222,728.98535,11.262427,0.19046459,44.175438,0.32427064,1.8845961,0.065254085,,Dead
Data/images/Dead_cells_1.png,20,0.9644421,53.441372,56.727417,51.541107,191.68124,0.08917481,2150.0,0.85742086,2500.0,2213.0,0.86,0.26429427,52.32079,0.97153187,96.0,107.0,22260144.0,0.906966,5.0,8.448293,129.0,3.8411283,101.58744,102.0,75.0,54.0,2.3180037,101.752426,-0.28190795,22260144.0,0.58601755,33.54747,0.10129002,0.7632257,3.1151457,0.10129002,0.47307155,0.091030344,0.949355,0.949355,-0.48699367,0.7676851,0.10129002,1.7181079,0.49217206,1.3825247,0.76347363,1.7486738,1358.1005,0.21180227,1259.9376,0.21173413,0.46166667,3.1781394,126.89963,440.91077,48.5538,0.5518381,5.030989,20.20446,0.12511627,63.01853,0.15233964,0.3860714,0.09611537,2.858736,126.89963,440.91077,48.5538,0.5518381,20.20446,0.15233964,0.3860714,0.09611537,,Dead
Data/images/Dead_cells_1.png,21,0.8554007,57.230408,61.400326,48.95493,184.1249,0.08467459,2175.0,0.8977846,2548.0,2222.0,0.8536107,0.51796687,52.6241,0.97884786,99.0,106.0,22616094.0,0.57513636,4.0,11.454198,119.0,2.683212,101.889656,102.0,77.0,42.0,1.9061096,101.97159,-1.8290877,22616094.0,0.7641893,16.702307,0.09052334,0.6187452,3.5417256,0.09052334,0.43821424,0.08232886,0.9547383,0.9547383,-0.33959228,0.56984985,0.09052334,1.8623291,0.68023586,0.95989245,0.6187452,1.3301619,1460.1476,0.22837067,1662.1117,0.11790535,0.3524138,3.590345,172.63821,671.3455,47.961384,0.55792683,4.6906724,22.943089,0.11310345,94.466736,0.280765,0.5358866,0.21698458,2.7682927,172.63821,671.3455,47.961384,0.55792683,22.943089,0.280765,0.5358866,0.21698458,,Dead
Data/images/Dead_cells_1.png,22,0.9400341,53.36163,56.603886,50.161755,180.1249,0.085999,2095.0,0.9006818,2500.0,2141.0,0.838,0.34108043,51.647236,0.97851473,99.0,106.0,21938540.0,0.5634941,4.0,3.3044212,113.0,2.2024345,102.29451,102.0,95.0,18.0,1.6333083,102.332085,0.47329512,21938540.0,0.77052486,7.689397,0.086722195,0.6155894,3.567859,0.086722195,0.42543325,0.07920145,0.95663893,0.95663893,-0.33892113,0.56049216,0.086722195,1.8704066,0.69520074,0.9240945,0.6155894,1.2907472,1422.6506,0.22630903,1614.2496,0.114737555,0.34916466,3.6033413,199.69264,782.342,54.030304,0.5779221,4.7850595,22.515152,0.11026253,117.44109,0.2930527,0.52064764,0.23615396,2.6883116,199.69264,782.342,54.030304,0.5779221,22.515152,0.2930527,0.52064764,0.23615396,,Dead
Data/images/Dead_cells_1.png,23,0.94560075,58.392014,65.11528,55.21553,202.36754,0.08115803,2494.0,0.87471944,2808.0,2545.0,0.8881766,0.32532948,56.351215,0.9799607,93.0,107.0,24726456.0,1.0512061,7.0,5.891895,127.0,4.673417,99.36528,100.0,68.0,59.0,3.1009793,99.57096,-0.39903903,24726456.0,0.4941267,40.918297,0.12679525,0.758295,6.4694295,0.12679525,0.54858315,0.110718206,0.93660235,0.93660235,-0.4645438,0.7897707,0.12679525,2.5041034,0.3856714,1.6154138,0.7594904,1.9733878,1469.0249,0.23141731,1232.352,0.2620263,0.18338178,6.520048,76.14754,492.46176,13.88944,0.19152246,4.978965,29.431694,0.14675221,29.714115,0.13727294,0.8318254,0.027936582,6.396175,76.14754,492.46176,13.88944,0.19152246,29.431694,0.13727294,0.8318254,0.027936582,,Dead
Data/images/Dead_cells_1.png,24,0.97541934,52.28841,54.56189,51.003128,175.88225,0.08425497,2088.0,0.9208654,2500.0,2127.0,0.8352,0.22035673,51.56088,0.9816643,99.0,105.0,21604002.0,0.6717937,3.0,3.5388443,112.0,1.9844679,101.68678,101.0,95.0,17.0,1.4022713,101.71895,0.52956796,21604002.0,0.7096343,6.542699,0.082474224,0.7108617,3.441826,0.082474224,0.41083783,0.07567223,0.9587629,0.9587629,-0.4370456,0.66318774,0.082474224,1.8276877,0.6390863,1.036187,0.7108617,1.4009839,1447.3534,0.22036432,1481.7164,0.14518283,0.3821839,3.4712644,233.79909,900.89496,67.025116,0.5958904,4.6563864,26.022831,0.10488506,142.89723,0.3214483,0.7119366,0.22382623,2.6164384,233.79909,900.89496,67.025116,0.5958904,26.022831,0.3214483,0.7119366,0.22382623,,Dead
Data/images/Dead_cells_1.png,25,0.91639787,54.619175,59.03389,50.052895,182.46803,0.08564564,2131.0,0.8967242,2450.0,2176.0,0.8697959,0.4002686,52.089092,0.9793199,97.0,109.0,22159660.0,0.90391135,5.0,4.1793556,119.0,3.4531746,101.86813,101.0,89.0,30.0,2.331167,101.97409,0.94147193,22159660.0,0.5651112,21.597347,0.11308951,0.7406663,2.9797883,0.11308951,0.5091651,0.100300275,0.9434552,0.9434552,-0.45185122,0.7475976,0.11308951,1.6787777,0.46362263,1.4021672,0.7406663,1.7991209,1312.4735,0.23853107,1204.252,0.21744439,0.4896762,3.041295,95.31597,324.37848,38.050346,0.5911458,4.851618,21.95139,0.13514782,40.56625,0.19592322,0.45759952,0.13050416,2.6354167,95.31597,324.37848,38.050346,0.5911458,21.95139,0.19592322,0.45759952,0.13050416,,Dead
Data/images/Dead_cells_1.png,26,0.9360685,42.2892,45.486263,39.585587,150.1249,0.115480684,1300.0,0.8513809,1764.0,1371.0,0.7369614,0.35181782,40.684288,0.948213,99.0,109.0,14064418.0,0.5658167,6.0,3.66774,115.0,3.3654437,103.924614,104.0,88.0,27.0,2.417991,104.01338,-0.62830144,14064418.0,0.7692651,18.457394,0.043824703,0.79356116,3.6159363,0.043824703,0.2595615,0.041904096,0.97808766,0.97808766,-0.5663899,0.6725133,0.043824703,1.8792828,0.7458069,0.76184726,0.79356116,1.1122911,975.12616,0.14863905,1000.0446,0.11536746,0.34980768,3.6007693,354.4,1386.19,96.4525,0.6175,4.468815,8.6,0.07692308,185.4,0.18906137,0.40241256,0.13572356,2.53,354.4,1386.19,96.4525,0.6175,8.6,0.18906137,0.40241256,0.13572356,,Dead
Data/images/Dead_cells_1.png,28,0.92385626,53.514584,56.82429,49.439785,184.71068,0.08927534,2069.0,0.87295765,2450.0,2123.0,0.8444898,0.38273963,51.32575,0.9745643,94.0,104.0,20382916.0,0.99769205,5.0,2.619324,108.0,2.9723673,99.18656,99.0,89.0,19.0,2.334927,99.25512,-0.30380598,20382916.0,0.5015989,13.603666,0.079940416,0.8396143,2.375869,0.079940416,0.40196922,0.07354995,0.9600298,0.9600298,-0.5973135,0.83448195,0.079940416,1.4719464,0.42802405,1.3994995,0.8396143,1.7914954,1434.2064,0.21739966,1037.8081,0.24920055,0.6462059,2.4151764,205.63426,453.02316,143.78703,0.6319444,4.8808556,21.907408,0.10439826,113.8827,0.29961443,0.74972296,0.18708728,2.4722223,205.63426,453.02316,143.78703,0.6319444,21.907408,0.29961443,0.74972296,0.18708728,,Dead
Data/images/Dead_cells_1.png,30,0.86949176,56.975616,61.073727,49.53983,191.53911,0.08845029,2166.0,0.86124474,2499.0,2247.0,0.8667467,0.4939475,52.51511,0.96395195,100.0,105.0,22750642.0,0.31268048,3.0,5.223951,115.0,1.8210641,102.460754,102.0,95.0,20.0,1.3958932,102.486725,0.8899191,22750642.0,0.893695,5.3214054,0.058349147,0.41265044,3.8135674,0.058349147,0.32085648,0.054944523,0.97082543,0.97082543,-0.1912351,0.32747254,0.058349147,1.9475807,0.84571236,0.5364555,0.41265044,0.86907625,1642.2502,0.20106165,1935.7433,0.053152516,0.29224378,3.831025,356.77347,1422.1879,90.41989,0.5524862,4.4320006,28.790054,0.08356418,213.56796,0.40558043,0.7927339,0.30879205,2.7900553,356.77347,1422.1879,90.41989,0.5524862,28.790054,0.40558043,0.7927339,0.30879205,,Dead
Data/images/Dead_cells_10.png,2,0.96811014,56.156258,60.1415,54.36544,190.81119,0.08056203,2369.0,0.9041444,2703.0,2420.0,0.8764336,0.25052494,54.920895,0.97892565,99.0,108.0,25309452.0,0.49404398,4.0,4.1002192,118.0,2.6469312,103.303925,103.0,95.0,23.0,1.9345449,103.3615,0.60197175,25309452.0,0.80723006,11.900031,0.056587473,0.6756179,3.6820734,0.056587473,0.3137468,0.053385332,0.9717063,0.9717063,-0.41957298,0.5648547,0.056587473,1.9034557,0.7721677,0.72374785,0.6756179,1.0175291,1787.3706,0.16302739,1912.328,0.09638497,0.33104685,3.6758125,395.46487,1565.9675,102.83919,0.6472973,4.5625763,16.72973,0.078092024,231.48645,0.25391665,0.35664868,0.22823364,2.4108107,395.46487,1565.9675,102.83919,0.6472973,16.72973,0.25391665,0.35664868,0.22823364,,Dead
Data/images/Dead_cells_10.png,3,0.95403504,56.05108,58.694122,53.474693,184.91168,0.07903898,2340.0,0.92726123,2650.0,2383.0,0.88301885,0.29969507,54.583702,0.9819555,98.0,106.0,24287464.0,0.72107255,4.0,6.7453823,120.0,2.4210904,101.824356,102.0,89.0,31.0,1.7436262,101.87864,0.6600272,24287464.0,0.6805132,11.057611,0.10013118,0.6780589,3.3721032,0.10013118,0.46941128,0.09010492,0.9499344,0.9499344,-0.39171898,0.65210867,0.10013118,1.8073896,0.5988718,1.1368945,0.6780589,1.5022826,1528.9462,0.23677844,1592.4009,0.15974341,0.39967948,3.401282,156.50354,598.8759,45.91046,0.625,4.7579784,25.702127,0.12051282,87.64886,0.2713283,0.47737285,0.21981715,2.5,156.50354,598.8759,45.91046,0.625,25.702127,0.2713283,0.47737285,0.21981715,,Dead
Data/images/Dead_cells_10.png,4,0.96706676,57.937954,61.05735,56.02987,192.56854,0.076310106,2524.0,0.9247434,2808.0,2559.0,0.8988604,0.2545229,56.68912,0.98632276,98.0,104.0,25488758.0,0.93603396,3.0,3.1940615,108.0,1.8617488,100.46355,100.0,94.0,14.0,1.3670857,100.49158,0.3770828,25488758.0,0.54367864,5.6321898,0.14945322,0.66888934,2.893074,0.14945322,0.6084703,0.12711695,0.9252734,0.9252734,-0.35889047,0.6975202,0.14945322,1.6559336,0.42151362,1.5240277,0.66888934,1.9501268,1427.9619,0.31501326,1372.2449,0.2281607,0.51416403,2.9433439,87.92453,306.5637,33.26474,0.6462264,4.5349855,54.117924,0.16798732,52.488342,0.33050543,0.76340795,0.2222798,2.4150944,87.92453,306.5637,33.26474,0.6462264,54.117924,0.33050543,0.76340795,0.2222798,,Dead
Data/images/Dead_cells_10.png,5,0.89073104,53.861153,55.470715,47.975803,169.98276,0.084170714,2020.0,0.9371778,2346.0,2051.0,0.86104006,0.45453078,50.714336,0.9848854,96.0,106.0,20700096.0,0.8543693,5.0,2.8113842,110.0,2.847072,101.165344,101.0,90.0,20.0,2.2939286,101.23029,-0.3006594,20700096.0,0.5974983,13.1449375,0.06856272,0.8280608,3.1406806,0.06856272,0.36053696,0.06386188,0.9657186,0.9657186,-0.58941174,0.7951317,0.06856272,1.7249873,0.5373767,1.1969771,0.8280608,1.5617274,1465.1921,0.19974904,1206.9465,0.20125085,0.45940593,3.1623762,247.10753,839.4301,99.02688,0.61290324,4.676082,19.182796,0.09207921,129.16325,0.30279872,0.53524065,0.24468824,2.548387,247.10753,839.4301,99.02688,0.61290324,19.182796,0.30279872,0.53524065,0.24468824,,Dead
Data/images/Dead_cells_10.png,6,0.98844343,56.30093,59.07622,55.65028,193.63962,0.07908499,2449.0,0.9058594,2809.0,2501.0,0.87184054,0.15159029,55.84052,0.9792083,100.0,105.0,25695882.0,0.39360383,2.0,4.521769,113.0,1.6108054,102.409966,102.0,96.0,17.0,1.1183361,102.4324,0.5429652,25695882.0,0.8568728,4.5971403,0.05177453,0.6385997,3.7411273,0.05177453,0.29388773,0.04909393,0.97411275,0.97411275,-0.38666767,0.51243174,0.05177453,1.9223382,0.8076452,0.63546956,0.6385997,0.94153124,1875.2671,0.14791748,2098.4814,0.07156362,0.308187,3.767252,442.72473,1756.7416,114.220505,0.5280899,4.8967624,12.011236,0.07268273,253.4304,0.20745753,0.3634818,0.16845146,2.8876405,442.72473,1756.7416,114.220505,0.5280899,12.011236,0.20745753,0.3634818,0.16845146,,Dead
Data/images/Dead_cells_10.png,7,0.8274231,56.44755,59.5399,46.70601,180.56854,0.0890158,2029.0,0.8841997,2392.0,2087.0,0.84824413,0.561579,50.827187,0.9722089,93.0,110.0,21087176.0,0.92722225,10.0,3.1340306,117.0,5.324443,101.73041,103.0,79.0,38.0,4.087959,101.94553,-0.6034994,21087176.0,0.54959154,43.81544,0.06969697,0.8431818,2.9651515,0.06969697,0.36479178,0.0648393,0.9651515,0.9651515,-0.6097159,0.82076466,0.06969697,1.6666666,0.49071625,1.2766922,0.8431818,1.6213851,1437.9403,0.17006487,1115.1212,0.22520423,0.50689995,2.9724002,250.16577,854.1123,99.179146,0.6671123,5.1147246,11.802139,0.09216363,132.43747,0.16227075,0.3121295,0.12480607,2.3315508,250.16577,854.1123,99.179146,0.6671123,11.802139,0.16227075,0.3121295,0.12480607,,Dead
Data/images/Dead_cells_10.png,8,0.92864406,53.49601,54.81788,49.678753,178.81119,0.08598758,2080.0,0.90404433,2448.0,2128.0,0.8496732,0.37097195,51.46201,0.97744364,97.0,103.0,20712916.0,0.9987084,3.0,2.6377296,107.0,1.7357656,99.76827,100.0,94.0,13.0,1.4982328,99.79044,0.18606584,20712916.0,0.50089496,4.425147,0.12475345,0.75007445,2.499014,0.12475345,0.5428719,0.109190024,0.93762326,0.93762326,-0.4566438,0.77353334,0.12475345,1.5204635,0.3916475,1.5414909,0.75007445,1.9759939,1262.7885,0.29380086,1041.8616,0.24955252,0.6091346,2.5634615,106.485245,276.9836,63.860657,0.61885244,4.7430515,38.337704,0.14663461,59.977318,0.34067684,0.842779,0.21515131,2.5245903,106.485245,276.9836,63.860657,0.61885244,38.337704,0.34067684,0.842779,0.21515131,,Dead
Data/images/Dead_cells_10.png,9,0.9839117,53.37752,57.306194,52.51877,183.05382,0.08368175,2188.0,0.9057329,2550.0,2235.0,0.8580392,0.17865533,52.781136,0.97897094,96.0,106.0,22403828.0,0.9102992,5.0,12.651642,141.0,3.5249374,101.03565,101.0,72.0,69.0,2.0552099,101.189964,-0.04275507,22403828.0,0.5962868,31.207138,0.09746954,0.76912856,7.649016,0.09746954,0.4609225,0.08796923,0.9512652,0.9512652,-0.49363405,0.7690594,0.09746954,2.7361763,0.51419336,1.365808,0.77009976,1.7125611,1414.808,0.21504033,1304.6755,0.21233548,0.15041642,7.679616,143.03816,1186.8588,18.738285,0.18522052,5.1283207,19.076336,0.119744055,73.29655,0.19108683,1.0299329,0.042990763,6.6870227,143.03816,1186.8588,18.738285,0.18522052,19.076336,0.19108683,1.0299329,0.042990763,,Dead
Data/images/Dead_cells_10.png,10,0.90656835,56.88387,60.80296,51.569115,187.98276,0.082142346,2289.0,0.902116,2597.0,2335.0,0.8814016,0.422059,53.985603,0.9802998,96.0,107.0,23866684.0,0.9148065,5.0,7.158903,133.0,3.6660843,101.98383,102.0,84.0,49.0,2.4924142,102.111145,1.0477006,23866684.0,0.5784767,25.983574,0.10031348,0.7661776,3.0985222,0.10031348,0.46998852,0.090250686,0.9498433,0.9498433,-0.49031106,0.76927364,0.10031348,1.7129422,0.4903665,1.3793403,0.7668831,1.7424884,1463.4203,0.21362907,1324.1333,0.21499409,0.46951604,3.143294,120.375,416.425,46.50139,0.590873,5.0590677,20.62143,0.12232416,53.544376,0.16118951,0.36054963,0.1164476,2.7,120.375,416.425,46.50139,0.590873,20.62143,0.16118951,0.36054963,0.1164476,,Dead
Data/images/Dead_cells_10.png,12,0.91641945,54.862446,56.0803,50.27701,176.46803,0.08190672,2155.0,0.93242115,2496.0,2188.0,0.8633814,0.40021917,52.38159,0.98491776,98.0,102.0,21593080.0,0.93561256,2.0,6.039516,112.0,1.5054708,100.07749,100.0,92.0,20.0,0.93868005,100.0999,0.184686,21593080.0,0.543962,4.4854097,0.16983825,0.6252572,2.8739295,0.16983825,0.6573346,0.14099322,0.9150809,0.9150809,-0.3099986,0.6623314,0.16983825,1.6529496,0.40579394,1.5740778,0.6252572,2.0257983,1142.6028,0.34059465,1172.238,0.22801901,0.5138051,2.9447796,58.656097,191.62927,25.412806,0.62865853,4.439659,55.990242,0.19025522,31.029535,0.34326738,0.7267821,0.24738872,2.4853659,58.656097,191.62927,25.412806,0.62865853,55.990242,0.34326738,0.7267821,0.24738872,,Dead
Data/images/Dead_cells_10.png,13,0.9432914,50.23995,51.47815,47.390915,173.29646,0.09299515,1864.0,0.8830391,2256.0,1925.0,0.82624114,0.3319658,48.716717,0.96831167,101.0,108.0,20381712.0,0.27674723,3.0,2.8990614,112.0,2.242266,104.5295,105.0,96.0,16.0,1.6116716,104.56766,-0.111601576,20381712.0,0.90906596,7.9765973,0.023678415,0.6738281,3.875,0.023678415,0.16162322,0.023117747,0.9881608,0.9881608,-0.45650485,0.43668792,0.023678415,1.9622797,0.90428734,0.35768992,0.6738281,0.64019656,1563.5719,0.108492285,1694.4989,0.045467027,0.28581008,3.8567595,809.9341,3231.5276,204.53572,0.59615386,4.04155,9.461538,0.048819743,390.35962,0.25764155,0.3582311,0.23249418,2.6153846,809.9341,3231.5276,204.53572,0.59615386,9.461538,0.25764155,0.3582311,0.23249418,,Dead
Data/images/Dead_cells_10.png,14,0.97523004,56.438004,63.007935,55.040035,196.71068,0.081792384,2406.0,0.8837604,2756.0,2458.0,0.8730044,0.22119312,55.348118,0.9788446,100.0,108.0,25986896.0,0.45194474,4.0,9.204611,120.0,2.8193555,103.84497,104.0,74.0,46.0,1.649439,103.92724,-1.1658837,25986896.0,0.83038074,17.093588,0.03875639,0.7617619,8.537053,0.03875639,0.23656093,0.03725433,0.9806218,0.9806218,-0.532396,0.6082604,0.03875639,2.911201,0.8016028,0.6367817,0.7627874,0.9364995,1908.5994,0.12431031,1997.8961,0.0859399,0.124411196,8.531172,518.255,4620.0806,58.816555,0.17486951,4.931712,8.798657,0.06192851,257.5084,0.17451899,0.8494101,0.043900296,6.865772,518.255,4620.0806,58.816555,0.17486951,8.798657,0.17451899,0.8494101,0.043900296,,Dead
Data/images/Dead_cells_10.png,15,0.9380929,51.702297,53.851646,48.501556,171.88225,0.08767266,1961.0,0.91318196,2300.0,2000.0,0.8526087,0.34638378,49.968216,0.9805,99.0,104.0,20237308.0,0.65021974,3.0,6.1073546,117.0,1.8770763,101.5538,101.0,90.0,27.0,1.1835862,101.58687,0.5896275,20237308.0,0.7221089,6.7172737,0.09481404,0.655484,3.4583552,0.09481404,0.45233753,0.08582433,0.95259297,0.95259297,-0.37219846,0.61769813,0.09481404,1.8352541,0.6389662,1.0508165,0.655484,1.4274057,1284.2208,0.22909874,1416.0555,0.13894553,0.37506375,3.4997451,159.7382,618.6223,45.017166,0.58154505,4.6944876,21.403433,0.11881693,88.90394,0.2567963,0.50747925,0.19412558,2.6738198,159.7382,618.6223,45.017166,0.58154505,21.403433,0.2567963,0.50747925,0.19412558,,Dead
Data/images/Dead_cells_10.png,17,0.5454233,70.77306,69.12308,38.601276,192.81119,0.09183671,2100.0,0.84242386,2613.0,2198.0,0.8036739,0.83816075,51.708828,0.955414,99.0,104.0,21683356.0,0.65002245,3.0,3.6865895,110.0,1.7919048,101.5881,101.5,93.0,17.0,1.2604349,101.61401,0.22934015,21683356.0,0.7222222,5.267001,0.092519686,0.66640353,3.4547243,0.092519686,0.44482476,0.083959796,0.9537402,0.9537402,-0.38438532,0.6268514,0.092519686,1.8336614,0.63870007,1.0489541,0.66640353,1.4571683,1367.2981,0.24055691,1516.6666,0.1388889,0.375,3.5,144.01562,553.8906,41.546875,0.5605469,4.8083434,23.9375,0.12190476,76.724365,0.27628008,0.613084,0.19207908,2.7578125,144.01562,553.8906,41.546875,0.5605469,23.9375,0.27628008,0.613084,0.19207908,,Dead
Data/images/Dead_cells_11.png,2,0.9840747,58.96363,62.76942,58.02462,205.78175,0.0772599,2664.0,0.88904643,3024.0,2718.0,0.88095236,0.17775543,58.24011,0.98013246,100.0,105.0,27656468.0,0.31565002,2.0,3.938952,109.0,1.4062719,101.87275,102.0,96.0,13.0,1.0870459,101.88993,0.75401616,27656468.0,0.8923969,3.5006988,0.04880861,0.49862045,3.8216755,0.04880861,0.28131428,0.04642633,0.9755957,0.9755957,-0.26404044,0.37797323,0.04880861,1.9486933,0.8562251,0.5067647,0.49862045,0.8064868,2083.8647,0.16229913,2377.3455,0.053801548,0.2927928,3.8288288,516.8889,2060.5715,130.96825,0.57539684,4.6861825,21.095238,0.07094595,318.21317,0.33018816,0.4786409,0.29307497,2.6984127,516.8889,2060.5715,130.96825,0.57539684,21.095238,0.33018816,0.4786409,0.29307497,,Dead
Data/images/Dead_cells_11.png,3,0.9410061,58.86844,61.741398,55.39556,200.85281,0.07884311,2548.0,0.890808,3024.0,2617.0,0.8425926,0.33838952,56.958004,0.97363394,98.0,109.0,27005870.0,0.74292064,5.25,3.0182214,117.0,3.362726,102.86342,102.0,94.0,23.0,2.4455178,102.950714,0.6089115,27005870.0,0.66732705,17.966433,0.08226324,0.74894434,3.3394864,0.08226324,0.4101041,0.075496,0.9588684,0.9588684,-0.47985023,0.71128,0.08226324,1.7935393,0.59683466,1.1167974,0.74894434,1.4488531,1738.6224,0.18251948,1700.3492,0.16633648,0.40806514,3.3677394,180.52873,684.08044,54.640804,0.6091954,4.9459968,15.314177,0.10243328,85.22327,0.13863148,0.21225634,0.12022527,2.5632184,180.52873,684.08044,54.640804,0.6091954,15.314177,0.13863148,0.21225634,0.12022527,,Dead
Data/images/Dead_cells_11.png,6,0.96026814,50.005726,52.801514,48.018906,168.81119,0.08986488,1879.0,0.91014236,2208.0,1927.0,0.8509964,0.2790791,48.912342,0.9750908,99.0,105.0,19445014.0,0.7378148,3.0,2.4682906,109.0,2.035733,101.69771,101.0,96.0,13.0,1.5332406,101.72806,0.4333065,19445014.0,0.67042357,6.1725917,0.12786885,0.6121681,3.3114755,0.12786885,0.5515644,0.111518405,0.93606555,0.93606555,-0.3146927,0.60954964,0.12786885,1.7918032,0.5587799,1.2437932,0.6121681,1.6282153,1103.6046,0.25945035,1259.726,0.1647882,0.40606704,3.3757317,89.26148,338.92932,26.844522,0.5865724,4.5873966,26.40636,0.15061203,45.177513,0.22745392,0.4581496,0.16978,2.6537104,89.26148,338.92932,26.844522,0.5865724,26.40636,0.22745392,0.4581496,0.16978,,Dead
Data/images/Dead_cells_11.png,7,0.9245874,55.564793,57.801384,51.374508,181.98276,0.08180839,2225.0,0.91873634,2496.0,2258.0,0.89142627,0.38097,53.22554,0.9853853,99.0,106.0,23335068.0,0.4988984,2.0,8.80487,121.0,2.0802574,102.36719,102.0,93.0,28.0,1.3831755,102.40933,1.470772,23335068.0,0.80472606,8.629665,0.07731247,0.6093918,3.6272435,0.07731247,0.392638,0.071335256,0.96134377,0.96134377,-0.33910665,0.53808504,0.07731247,1.8886333,0.7307363,0.8371315,0.6093918,1.1748177,1553.8287,0.19280393,1790.5155,0.09763697,0.3322472,3.6710112,237.89546,934.2091,63.817047,0.54318184,4.838441,16.481817,0.0988764,135.60982,0.2224402,0.3295153,0.19567141,2.8272727,237.89546,934.2091,63.817047,0.54318184,16.481817,0.2224402,0.3295153,0.19567141,,Dead
Data/images/Dead_cells_11.png,8,0.9276885,58.277554,61.326992,54.063416,200.2254,0.08241424,2430.0,0.8726583,2907.0,2494.0,0.8359133,0.3733551,55.623486,0.9743384,99.0,104.0,24875964.0,0.65761065,3.0,14.174707,112.0,2.13678,101.11152,101.0,78.0,34.0,1.1242203,101.17817,-2.471145,24875964.0,0.7178543,13.481801,0.0994941,0.63102204,3.4683812,0.0994941,0.46738988,0.08959502,0.95025295,0.95025295,-0.34600246,0.5966143,0.0994941,1.8393761,0.6407572,1.0516119,0.63102204,1.4129397,1592.647,0.2443286,1744.386,0.14107284,0.37746912,3.4901235,196.4966,764.67004,54.45323,0.63265306,4.511218,32.836735,0.120987654,128.18132,0.3077473,0.47125298,0.2668709,2.4693878,196.4966,764.67004,54.45323,0.63265306,32.836735,0.3077473,0.47125298,0.2668709,,Dead
Data/images/Dead_cells_11.png,10,0.98351866,55.299362,59.5399,54.387955,190.95332,0.08134326,2348.0,0.8994572,2756.0,2400.0,0.85195935,0.18080655,54.67693,0.97833335,99.0,105.0,24498076.0,0.72483414,3.0,16.705149,130.0,2.345275,102.07623,102.0,92.0,38.0,1.3605543,102.14496,2.515415,24498076.0,0.6953466,14.0355,0.098996945,0.6744382,3.44396,0.098996945,0.4658079,0.089196555,0.9505015,0.9505015,-0.3938422,0.65642613,0.098996945,1.8279546,0.61238855,1.1494154,0.6746846,1.4973774,1526.0946,0.22594748,1632.6737,0.15487663,0.3854226,3.4791312,166.57446,643.8901,47.36771,0.5937746,4.850354,24.184397,0.12010221,97.24818,0.22893076,0.4025125,0.18783371,2.6879432,166.57446,643.8901,47.36771,0.5937746,24.184397,0.22893076,0.4025125,0.18783371,,Dead
Data/images/Dead_cells_11.png,12,0.94940364,57.447384,61.7171,54.540752,190.91168,0.07887283,2421.0,0.9135345,2650.0,2453.0,0.9135849,0.31405854,55.520382,0.98695475,99.0,106.0,25165550.0,0.6999719,4.0,20.993526,113.0,2.7342422,101.85791,102.0,67.0,46.0,1.6788535,101.95436,-3.0076222,25165550.0,0.7104716,19.658455,0.09843684,0.6876765,8.062104,0.09843684,0.46402082,0.08874703,0.9507816,0.9507816,-0.3941724,0.6517354,0.09843684,2.8202367,0.6239708,1.1263708,0.7123645,1.4756534,1585.2908,0.22714132,1720.0516,0.15704218,0.13903804,8.113589,161.79442,1417.3066,19.13976,0.18399148,4.942415,23.627178,0.118546054,90.636086,0.24461569,1.3339877,0.05231062,6.7108016,161.79442,1417.3066,19.13976,0.18399148,23.627178,0.24461569,1.3339877,0.05231062,,Dead
Data/images/Dead_cells_11.png,14,0.8922848,57.714798,62.482,51.49804,196.46803,0.0848674,2316.0,0.86813754,2652.0,2384.0,0.8733032,0.45147294,54.303062,0.9714765,97.0,104.0,23374218.0,0.9817104,4.0,7.771496,121.0,2.5772548,100.398964,100.0,90.0,31.0,1.6911229,100.46141,1.3012111,23374218.0,0.5126237,12.5429,0.13064659,0.73079914,2.6917627,0.13064659,0.5592088,0.11357806,0.9346767,0.9346767,-0.43193436,0.755411,0.13064659,1.5856953,0.4011093,1.5346746,0.73079914,1.9446881,1352.1278,0.26027024,1187.2366,0.24368812,0.5654145,2.738342,84.87252,257.58075,41.69547,0.64518416,4.777613,30.184135,0.15241796,41.827026,0.2187822,0.48069176,0.1533048,2.4192634,84.87252,257.58075,41.69547,0.64518416,30.184135,0.2187822,0.48069176,0.1533048,,Dead
Data/images/Dead_cells_11.png,15,0.9787519,54.5634,60.464867,53.40403,190.66905,0.084760636,2250.0,0.8817952,2550.0,2297.0,0.88235295,0.20504822,53.523724,0.9795385,97.0,107.0,22988844.0,0.96635896,5.0,5.390897,121.0,3.3920317,100.96889,100.0,83.0,38.0,2.147549,101.08048,0.5341935,22988844.0,0.5231364,22.547476,0.13057324,0.726285,2.756142,0.13057324,0.55900824,0.11352388,0.93471336,0.93471336,-0.4269751,0.74963963,0.13057324,1.6071428,0.4094353,1.5205152,0.726285,1.9400295,1330.256,0.27453154,1177.0569,0.2384318,0.54433334,2.8226666,84.737465,261.84366,40.460915,0.6106195,4.8039093,32.728615,0.15066667,40.685463,0.27069905,0.66858274,0.17122814,2.557522,84.737465,261.84366,40.460915,0.6106195,32.728615,0.27069905,0.66858274,0.17122814,,Dead
Data/images/Dead_cells_11.png,16,0.88909787,56.725773,60.216278,50.434765,177.98276,0.07972352,2233.0,0.94107175,2550.0,2257.0,0.8756863,0.45771718,53.32114,0.9893664,99.0,107.0,23548976.0,0.6542389,4.0,10.535058,126.0,2.817205,102.61487,102.0,93.0,33.0,1.8983284,102.69319,1.9861237,23548976.0,0.7288344,16.080065,0.08295142,0.69135934,3.5032082,0.08295142,0.41249427,0.07607048,0.9585243,0.9585243,-0.41861436,0.6465198,0.08295142,1.8467003,0.657553,1.0223573,0.69172406,1.3691717,1547.3878,0.2138757,1627.4872,0.13665073,0.36892322,3.5342588,199.43535,760.431,59.248684,0.5850096,4.8889523,20.853449,0.103896104,106.79472,0.28043708,0.4763975,0.23317643,2.6982758,199.43535,760.431,59.248684,0.5850096,20.853449,0.28043708,0.4763975,0.23317643,,Dead
Data/images/Dead_cells_11.png,20,0.93401414,52.11037,53.851646,48.67182,176.61017,0.08890519,1987.0,0.8946095,2450.0,2049.0,0.81102043,0.35723603,50.298378,0.96974134,98.0,102.0,19762846.0,0.9946509,2.0,4.8470135,105.0,1.3451846,99.71414,100.0,92.0,13.0,1.0062516,99.729996,-0.4686595,19762846.0,0.5037031,3.1623716,0.18087855,0.63559324,2.5374677,0.18087855,0.6819952,0.1481615,0.90956074,0.90956074,-0.31557402,0.6828273,0.18087855,1.5426357,0.35547408,1.6755804,0.63559324,2.154072,1023.3543,0.3667224,1000.8581,0.24814844,0.5927277,2.629089,50.967663,141.36319,28.368782,0.619403,4.3795443,60.79602,0.20231505,26.536528,0.37307456,0.9538413,0.22788286,2.522388,50.967663,141.36319,28.368782,0.619403,60.79602,0.37307456,0.9538413,0.22788286,,Dead
Data/images/Dead_cells_11.png,21,0.96320546,41.07216,43.185646,39.56093,142.81119,0.112228826,1273.0,0.88546544,1560.0,1320.0,0.8160256,0.26876616,40.259583,0.9643939,87.0,104.0,12209945.0,0.9997645,9.0,2.5285482,107.0,5.2858987,97.72899,100.0,83.0,24.0,3.975215,97.936066,-0.8178085,12209945.0,0.5001632,40.518066,0.048701297,0.9025766,2.4537337,0.048701297,0.28085434,0.046329483,0.97564936,0.97564936,-0.7191103,0.8732684,0.048701297,1.4926949,0.45377725,1.2806925,0.9025766,1.6277515,938.46423,0.1413563,636.70776,0.24991839,0.6182247,2.5271013,252.46535,550.802,177.8812,0.47277227,4.685039,6.7029705,0.079340145,93.60553,0.07966428,0.27754804,0.03019334,3.1089108,252.46535,550.802,177.8812,0.47277227,6.7029705,0.07966428,0.27754804,0.03019334,,Dead
Data/images/Dead_cells_11.png,22,0.9323915,32.86217,35.22783,30.640411,110.08326,0.14068149,783.0,0.9007947,900.0,809.0,0.87,0.3614499,31.574461,0.96786153,85.2,101.0,7024667.0,0.79308087,9.0,1.9837122,104.0,4.9596877,94.542786,96.0,83.0,21.0,3.8980966,94.71789,-0.39834332,7024667.0,0.6364247,33.139614,0.07304117,0.78224695,1.6029216,0.07304117,0.37717155,0.06770615,0.9634794,0.9634794,-0.52633154,0.7380443,0.07304117,1.2131474,0.5968627,1.1015023,0.78224695,1.487288,532.834,0.2185066,498.32056,0.18178764,0.82088125,1.7164751,179.58824,223.38823,168.63823,0.5235294,4.140252,8.6,0.10855683,94.73163,0.28016472,1.0389973,0.090456605,2.9058824,179.58824,223.38823,168.63823,0.5235294,8.6,0.28016472,1.0389973,0.090456605,,Dead
Data/images/Dead_cells_12.png,1,0.9786921,53.299202,56.0803,52.16351,183.63962,0.08468509,2169.0,0.8989143,2499.0,2212.0,0.86794716,0.20533313,52.551464,0.9805606,99.0,106.0,22752604.0,0.4850111,3.0,3.1097126,110.0,1.8384496,102.39327,102.0,96.0,14.0,1.4938325,102.42024,0.20586246,22752604.0,0.81186426,5.5239935,0.053875238,0.70244163,3.6710775,0.053875238,0.302636,0.050972696,0.9730624,0.9730624,-0.4502828,0.58799464,0.053875238,1.8993384,0.7679696,0.73005533,0.70244163,1.0520027,1638.6357,0.15793823,1760.9336,0.094067864,0.32883817,3.6846473,390.9042,1537.1018,104.35479,0.5733533,4.8891373,11.718563,0.07699401,222.21542,0.22390853,0.32718483,0.19808945,2.7065868,390.9042,1537.1018,104.35479,0.5733533,11.718563,0.22390853,0.32718483,0.19808945,,Dead
Data/images/Dead_cells_12.png,2,0.9479033,54.866543,58.258045,52.008175,183.05382,0.08221596,2227.0,0.9137712,2548.0,2270.0,0.87401885,0.3185582,53.249454,0.9810573,99.0,106.0,23114052.0,0.69567764,4.0,3.3233654,113.0,2.259865,101.83925,101.0,96.0,17.0,1.834438,101.87742,0.77695817,23114052.0,0.69562835,7.7765827,0.11177553,0.6281206,3.3914444,0.11177553,0.50524837,0.09928176,0.94411224,0.94411224,-0.3368561,0.6094678,0.11177553,1.8157774,0.6001489,1.1462853,0.6281206,1.5230775,1393.2092,0.25084397,1549.1643,0.15218583,0.39043558,3.4382577,122.74662,469.7534,35.994934,0.5996622,4.690221,27.871622,0.13291423,66.141335,0.26564315,0.4814753,0.2116851,2.6013513,122.74662,469.7534,35.994934,0.5996622,27.871622,0.26564315,0.4814753,0.2116851,,Dead
Data/images/Dead_cells_12.png,5,0.9304061,56.18161,59.07622,52.271713,189.15433,0.08251007,2293.0,0.8973117,2597.0,2338.0,0.88294184,0.36653033,54.032753,0.98075277,98.0,105.0,23522214.0,0.797699,3.0,3.6187644,111.0,2.2888348,101.23768,101.0,91.0,20.0,1.5687679,101.28312,-0.18914917,23522214.0,0.6335361,9.202558,0.09606792,0.7319509,3.2502234,0.09606792,0.4564058,0.08683887,0.95196605,0.95196605,-0.45164448,0.712603,0.09606792,1.7660857,0.55476445,1.2151068,0.7319509,1.5884576,1508.4174,0.22888371,1452.6982,0.18323196,0.43120366,3.2751853,151.55185,557.98517,49.94352,0.6333333,4.7818475,22.355556,0.117749676,79.42772,0.24705537,0.39472687,0.21013749,2.4666667,151.55185,557.98517,49.94352,0.6333333,22.355556,0.24705537,0.39472687,0.21013749,,Dead
Data/images/Dead_cells_12.png,8,0.87539387,64.6502,70.178345,56.594387,209.49748,0.07417153,2825.0,0.8992841,3068.0,2861.0,0.9207953,0.48341036,59.974174,0.987417,92.0,110.0,28924304.0,1.0417612,10.0,3.8525121,135.0,5.783193,100.92142,100.0,81.0,54.0,4.2232304,101.186424,0.5098334,28924304.0,0.49884978,53.55984,0.12545192,0.7569468,2.626175,0.12545192,0.5448318,0.10971373,0.93727404,0.93727404,-0.46440017,0.7865888,0.12545192,1.5591106,0.39148936,1.5941703,0.7570512,1.9625337,1682.6538,0.23384209,1409.2506,0.25910076,0.5836283,2.6938052,87.41626,255.17241,45.625,0.6019431,5.0302615,32.197044,0.14371681,39.00071,0.15868093,0.46789366,0.093274914,2.679803,87.41626,255.17241,45.625,0.6019431,32.197044,0.15868093,0.46789366,0.093274914,,Dead
Data/images/Dead_cells_12.png,9,0.9672893,57.06483,60.60528,55.198204,197.29646,0.08089236,2440.0,0.887343,2808.0,2490.0,0.8689459,0.2536757,55.73782,0.9799197,98.0,106.0,25328040.0,0.746082,4.0,13.274435,137.0,2.7758243,101.8041,102.0,86.0,51.0,1.8056028,101.88397,0.9382895,25328040.0,0.6773895,16.26982,0.088581026,0.7263109,3.381612,0.088581026,0.43171564,0.080734424,0.9557095,0.9557095,-0.4515863,0.6989718,0.088581026,1.8066751,0.5994926,1.149564,0.7275493,1.5103962,1646.8754,0.2177768,1652.8303,0.16301246,0.39837205,3.4192624,182.02231,687.60223,55.705803,0.5802354,4.951799,23.02974,0.1102459,99.74594,0.25734103,0.5557985,0.1877751,2.7286246,182.02231,687.60223,55.705803,0.5802354,23.02974,0.25734103,0.5557985,0.1877751,,Dead
Data/images/Dead_cells_12.png,11,0.97809196,54.184383,57.201397,52.99731,185.98276,0.08297245,2242.0,0.90240526,2550.0,2286.0,0.87921566,0.20817344,53.428486,0.9807524,93.0,106.0,22682496.0,0.9163509,5.0,4.0464306,122.0,3.7699387,100.4554,101.0,83.0,39.0,2.4664526,100.5837,-0.48467204,22682496.0,0.55685157,25.794844,0.08721461,0.8031567,2.962557,0.08721461,0.42710358,0.079608224,0.9563927,0.9563927,-0.54299635,0.79390335,0.08721461,1.6687214,0.47732565,1.3349465,0.8031567,1.7102714,1514.7958,0.20724773,1248.4612,0.22157422,0.49855042,3.0057983,175.41563,574.8601,75.55453,0.59876543,5.162219,17.93004,0.10838537,90.29034,0.21894725,0.44659206,0.16203603,2.6049383,175.41563,574.8601,75.55453,0.59876543,17.93004,0.21894725,0.44659206,0.16203603,,Dead
Data/images/Dead_cells_12.png,12,0.94052017,58.901062,61.854668,55.397636,195.74011,0.07723027,2535.0,0.9117405,2805.0,2576.0,0.9037433,0.33973795,56.81252,0.98408383,94.0,108.0,26019696.0,1.0102794,6.0,5.9267297,134.0,4.519393,101.11992,101.0,82.0,52.0,2.9508114,101.312294,0.7142347,26019696.0,0.52137154,38.941833,0.11985472,0.7569582,2.8466506,0.11985472,0.5289431,0.10548957,0.94007266,0.94007266,-0.46826896,0.781998,0.11985472,1.6309524,0.41861317,1.5464144,0.7570613,1.9014713,1526.3325,0.22495571,1321.6769,0.24692506,0.5327964,2.8986194,83.23447,263.08475,38.438244,0.60781544,5.0408487,26.079096,0.13964497,31.9543,0.13982534,0.30179715,0.102427535,2.6440678,83.23447,263.08475,38.438244,0.60781544,26.079096,0.13982534,0.30179715,0.102427535,,Dead
Data/images/Dead_cells_12.png,13,0.97486645,53.561165,57.45433,52.21498,183.15433,0.084073596,2179.0,0.9033718,2500.0,2222.0,0.8716,0.22279012,52.67247,0.98064804,99.0,106.0,23003368.0,0.5058534,3.0,3.3381,113.0,2.2326093,102.70812,102.0,97.0,16.0,1.6936129,102.74651,0.68898547,23003368.0,0.8011222,7.8881903,0.067669176,0.6606294,3.6292293,0.067669176,0.35716462,0.063090056,0.9661654,0.9661654,-0.39528397,0.57458586,0.067669176,1.8876879,0.73751384,0.8133513,0.6606294,1.153893,1585.8563,0.18825027,1745.6453,0.099438906,0.33398348,3.664066,288.0564,1132.7179,76.89103,0.54615384,4.925627,17.071795,0.08949059,163.19011,0.27568558,0.589613,0.19720373,2.8153846,288.0564,1132.7179,76.89103,0.54615384,17.071795,0.27568558,0.589613,0.19720373,,Dead
Data/images/Dead_cells_12.png,14,0.9479953,58.357723,62.76942,55.322845,196.3259,0.07826426,2509.0,0.9043455,2754.0,2547.0,0.9110385,0.3182844,56.52042,0.9850805,96.0,106.0,25441582.0,1.0170262,5.0,10.868803,131.0,3.5644853,100.54125,101.0,71.0,60.0,2.1510599,100.698204,-0.67732793,25441582.0,0.52879685,31.585087,0.13651182,0.7266284,7.125102,0.13651182,0.57503015,0.11787634,0.9317441,0.9317441,-0.42317504,0.75990075,0.13651182,2.6350856,0.41455886,1.6049492,0.7277522,1.9775056,1452.8342,0.26604742,1326.7513,0.24944238,0.16536303,7.1901155,79.21282,601.5231,11.963337,0.18789174,4.940673,34.59487,0.15544042,37.825043,0.22602792,1.2682205,0.04813934,6.597436,79.21282,601.5231,11.963337,0.18789174,34.59487,0.22602792,1.2682205,0.04813934,,Dead
Data/images/Dead_cells_12.png,16,0.8861836,52.83924,56.727417,46.825268,176.71068,0.091678694,1928.0,0.880723,2300.0,1982.0,0.8382609,0.4633342,49.545998,0.9727548,97.0,106.0,19759968.0,0.9430786,6.0,2.8447714,112.0,2.9672267,101.16909,101.0,93.0,19.0,2.1317353,101.237076,0.47355536,19759968.0,0.5389332,13.761866,0.10933334,0.7617152,2.8757334,0.10933334,0.4979018,0.09737956,0.94533336,0.94533336,-0.47832817,0.77008945,0.10933334,1.6434667,0.44378582,1.4300183,0.7617152,1.8395753,1196.917,0.24372429,1039.0632,0.23053338,0.5203579,2.9185684,85.17829,264.00388,40.4719,0.625,4.6947575,21.372093,0.13381743,29.334536,0.22193304,0.4527035,0.16424042,2.5,85.17829,264.00388,40.4719,0.625,21.372093,0.22193304,0.4527035,0.16424042,,Dead
Data/images/Dead_cells_12.png,19,0.96078587,51.336155,53.535034,49.323055,183.68124,0.09272148,1982.0,0.8589786,2448.0,2074.0,0.8096405,0.2772914,50.235054,0.95564127,99.0,107.0,21275516.0,0.47186783,5.0,3.1386638,112.0,2.5577743,103.558525,104.0,92.0,20.0,1.9685977,103.6068,-0.4400841,21275516.0,0.81854856,9.99935,0.039958484,0.7586456,3.706798,0.039958484,0.2421018,0.038361803,0.98002076,0.98002076,-0.5280723,0.6096792,0.039958484,1.9089258,0.7960788,0.6477148,0.7586456,0.97324896,1565.8547,0.14774749,1622.3633,0.09072571,0.32568112,3.6972754,503.16666,1989.8939,131.48485,0.60795456,4.6700497,12.242424,0.06659939,277.71188,0.28613883,0.53063565,0.22501463,2.5681818,503.16666,1989.8939,131.48485,0.60795456,12.242424,0.28613883,0.53063565,0.22501463,,Dead
Data/images/Dead_cells_12.png,21,0.86062205,59.036964,63.529522,50.808514,193.29646,0.08304896,2328.0,0.8847608,2744.0,2385.0,0.8483965,0.50924426,54.443565,0.9761006,98.0,106.0,24168618.0,0.75337243,3.0,9.856139,125.0,2.6097398,101.818726,101.0,89.0,36.0,1.7527894,101.89067,1.4653116,24168618.0,0.66350293,14.655285,0.09823789,0.7067437,3.3180616,0.09823789,0.4633848,0.0885872,0.95088106,0.95088106,-0.42196596,0.6848401,0.09823789,1.7887665,0.5770831,1.1836294,0.70829636,1.5536416,1506.1683,0.22264956,1544.6349,0.16852364,0.41005632,3.3616838,142.3701,534.6833,44.29577,0.5884737,4.9686832,21.177937,0.120704465,73.733894,0.21193306,0.42766806,0.16195345,2.6619217,142.3701,534.6833,44.29577,0.5884737,21.177937,0.21193306,0.42766806,0.16195345,,Dead
Data/images/Dead_cells_12.png,22,0.8925761,52.52423,54.708317,46.881874,178.02438,0.093133345,1912.0,0.8705878,2346.0,1978.0,0.8150043,0.45089674,49.339985,0.96663296,95.0,107.0,19172796.0,1.0626909,7.0,10.385853,114.0,4.23829,99.96287,100.0,63.0,51.0,3.0334203,100.13797,-1.5814279,19172796.0,0.49551883,35.038895,0.10424503,0.80639285,6.6415906,0.10424503,0.48230937,0.093378,0.94787747,0.94787747,-0.5353007,0.8247008,0.10424503,2.5346587,0.40470374,1.559432,0.8069684,1.9294505,1195.4446,0.21465726,947.432,0.26853412,0.18154347,6.702929,96.17959,661.40405,16.57415,0.19557823,5.1115203,17.130611,0.12813808,35.2759,0.1429159,0.88156444,0.02849099,6.4489794,96.17959,661.40405,16.57415,0.19557823,17.130611,0.1429159,0.88156444,0.02849099,,Dead
Data/images/Dead_cells_12.png,24,0.87819993,53.389973,54.589375,46.88707,180.61017,0.092549406,1952.0,0.8670557,2550.0,2023.0,0.7654902,0.47829375,49.85342,0.9649036,96.0,104.0,19537644.0,0.98028105,4.0,4.0265603,118.0,2.3171053,99.996925,100.0,91.0,27.0,1.6407316,100.04518,0.13854675,19537644.0,0.5136057,9.653679,0.12848867,0.7365793,2.670353,0.12848867,0.55327874,0.111979336,0.93575567,0.93575567,-0.43942836,0.7604118,0.12848867,1.578199,0.40025085,1.5329229,0.7365793,1.9704309,1153.374,0.28444868,1002.5584,0.24319713,0.5631404,2.7474384,85.29966,243.51178,45.74663,0.59343433,4.7692127,30.83165,0.15215164,42.103344,0.2936182,0.7780864,0.17250116,2.6262627,85.29966,243.51178,45.74663,0.59343433,30.83165,0.2936182,0.7780864,0.17250116,,Dead
Data/images/Dead_cells_12.png,27,0.83431894,44.79271,45.88028,37.371403,143.63962,0.10985821,1308.0,0.8923836,1672.0,1359.0,0.78229666,0.5512821,40.80928,0.9624724,97.0,104.0,13305923.0,0.844563,3.0,5.574311,114.0,2.0556502,100.820335,101.0,92.0,22.0,1.4431181,100.859924,0.2946841,13305923.0,0.60381186,7.983776,0.101346,0.7414617,3.1464767,0.101346,0.47324786,0.09107499,0.949327,0.949327,-0.45928094,0.7327235,0.101346,1.7323833,0.5169289,1.2911596,0.7414617,1.7091601,819.1208,0.24806881,789.78595,0.19809406,0.45412844,3.1834862,123.95376,461.37573,39.598267,0.60549134,4.466112,17.277456,0.13226299,66.789665,0.2515335,0.6750435,0.14565599,2.5780346,123.95376,461.37573,39.598267,0.60549134,17.277456,0.2515335,0.6750435,0.14565599,,Dead
Data/images/Dead_cells_13.png,2,0.91266966,57.052616,58.830265,52.07019,185.63962,0.079999834,2321.0,0.91986704,2646.0,2364.0,0.87717307,0.4086981,54.36165,0.9818105,99.0,106.0,24439400.0,0.51619035,3.0,4.73082,116.0,2.123336,102.57475,102.0,95.0,21.0,1.4651648,102.61426,0.899222,24439400.0,0.79573053,8.105679,0.06484341,0.6712861,3.6347597,0.06484341,0.34637865,0.060638737,0.9675783,0.9675783,-0.40826026,0.5802428,0.06484341,1.8890604,0.7420973,0.8002368,0.6712861,1.1227297,1694.1926,0.17422366,1846.8906,0.102134734,0.3366006,3.6535976,313.6368,1237.8905,82.57338,0.5858209,4.9083557,14.532338,0.0866006,180.29752,0.22574683,0.39463583,0.18352458,2.6567163,313.6368,1237.8905,82.57338,0.5858209,14.532338,0.22574683,0.39463583,0.18352458,,Dead
Data/images/Dead_cells_13.png,6,0.9423612,53.889343,58.30952,50.783226,184.46803,0.08658439,2131.0,0.88700193,2450.0,2179.0,0.8697959,0.33459738,52.089092,0.97797155,99.0,105.0,22111916.0,0.6354758,3.0,3.7640426,110.0,1.9898925,101.8306,102.0,92.0,18.0,1.3626344,101.864174,-0.39456484,22111916.0,0.73053676,6.8399086,0.08417509,0.6713321,3.5055315,0.08417509,0.41672215,0.07708964,0.95791245,0.95791245,-0.39453602,0.6188131,0.08417509,1.8492063,0.6668005,0.9822596,0.6713321,1.3281066,1458.5702,0.21364492,1556.7738,0.13473162,0.37036604,3.5185359,219.97797,857.62994,60.56498,0.6332599,4.6831307,21.378855,0.10652276,131.84972,0.27080363,0.4297694,0.23106219,2.4669604,219.97797,857.62994,60.56498,0.6332599,21.378855,0.27080363,0.4297694,0.23106219,,Dead
Data/images/Dead_cells_13.png,7,0.91795945,52.628513,56.0803,48.31084,172.81119,0.08716831,1983.0,0.9133552,2254.0,2022.0,0.8797693,0.39667425,50.247726,0.9807122,100.0,106.0,20988088.0,0.35489345,4.0,2.9511886,109.0,1.9822937,102.849724,103.0,94.0,15.0,1.5721065,102.87861,-0.06395565,20988088.0,0.8748566,5.9421167,0.056330748,0.5553323,3.7679586,0.056330748,0.3127038,0.053157598,0.9718346,0.9718346,-0.30575323,0.4435547,0.056330748,1.9320413,0.8201618,0.6069794,0.5553323,0.9306838,1493.6364,0.16756397,1734.8407,0.0625717,0.30030257,3.7987897,340.85986,1352.9491,87.83758,0.5175159,4.8371744,12.171974,0.07917297,181.32849,0.25327718,0.37422106,0.22304122,2.9299364,340.85986,1352.9491,87.83758,0.5175159,12.171974,0.25327718,0.37422106,0.22304122,,Dead
Data/images/Dead_cells_13.png,10,0.7779005,53.609615,55.072678,41.70295,173.29646,0.0996816,1739.0,0.8529088,2208.0,1812.0,0.78759056,0.62838745,47.0549,0.95971304,93.0,105.0,17019044.0,0.9805376,5.0,3.0438957,112.0,3.4359617,98.82519,99.0,86.0,26.0,2.3899713,98.92767,0.05243019,17019044.0,0.5134295,20.267313,0.119526625,0.7556856,2.2201183,0.119526625,0.5279986,0.10524001,0.9402367,0.9402367,-0.46580845,0.7748037,0.119526625,1.4266273,0.4055271,1.5102736,0.7556856,1.9471208,1059.0023,0.28354618,892.85394,0.24328524,0.68645775,2.254169,107.780876,204.94025,83.491035,0.6802789,4.6235657,29.103586,0.14433582,59.779716,0.32407644,0.6854204,0.23374045,2.2788844,107.780876,204.94025,83.491035,0.6802789,29.103586,0.32407644,0.6854204,0.23374045,,Dead
Data/images/Dead_cells_13.png,11,0.97657007,53.348385,56.22277,52.098434,181.15433,0.08365473,2166.0,0.91061604,2499.0,2212.0,0.8667467,0.21519955,52.51511,0.97920436,95.0,106.0,21614338.0,0.99937016,6.0,2.6053102,111.0,3.4125805,99.807014,99.0,90.0,21.0,2.5758345,99.89454,0.29322848,21614338.0,0.50043654,17.477993,0.076595746,0.84674513,2.4312057,0.076595746,0.390069,0.07072884,0.9617021,0.9617021,-0.6098394,0.8393852,0.076595746,1.4898345,0.42947784,1.3897461,0.84674513,1.758585,1518.7977,0.19492893,1083.9456,0.24978174,0.6360803,2.4556787,193.75587,513.03754,113.93545,0.6619718,5.029271,15.976526,0.09833795,90.34702,0.23216935,0.5977883,0.14076461,2.3521128,193.75587,513.03754,113.93545,0.6619718,15.976526,0.23216935,0.5977883,0.14076461,,Dead
Data/images/Dead_cells_13.png,12,0.8999273,55.485813,57.706154,49.933197,183.63962,0.08499866,2161.0,0.89725465,2444.0,2207.0,0.88420624,0.43603998,52.454464,0.9791572,97.0,106.0,22454522.0,0.8437989,6.0,2.198795,110.0,2.8610196,101.87784,102.0,93.0,17.0,2.3284132,101.93528,-0.215591,22454522.0,0.6043025,11.708352,0.05173232,0.8706883,3.1447556,0.05173232,0.29371065,0.049056087,0.97413385,0.97413385,-0.66508114,0.82305676,0.05173232,1.7235405,0.55088466,1.1354574,0.8706883,1.4775112,1631.5747,0.14753397,1305.8977,0.19784874,0.45372513,3.1850996,283.42944,964.8896,113.064415,0.5214724,5.372107,8.2515335,0.07542805,107.663666,0.15377901,0.37817213,0.09768073,2.9141104,283.42944,964.8896,113.064415,0.5214724,8.2515335,0.15377901,0.37817213,0.09768073,,Dead
Data/images/Dead_cells_13.png,13,0.92024136,54.013092,55.362442,49.70508,175.88225,0.08369367,2102.0,0.92394817,2496.0,2139.0,0.8421474,0.39135137,51.733448,0.9827022,96.0,105.0,20985380.0,0.99787724,5.0,2.9555092,110.0,2.7618098,99.856804,100.0,91.0,19.0,2.0298104,99.91762,0.3085338,20985380.0,0.5014707,12.149333,0.123474866,0.752778,2.4880428,0.123474866,0.5392675,0.108228825,0.9382626,0.9382626,-0.46041578,0.77557766,0.123474866,1.5165935,0.39232185,1.5383608,0.752778,1.9344964,1248.1085,0.24253826,1054.0913,0.24926467,0.60466224,2.581351,82.47059,198.17647,53.544117,0.5686275,4.8742185,24.784313,0.14557564,35.283566,0.17848836,0.44237748,0.112516075,2.72549,82.47059,198.17647,53.544117,0.5686275,24.784313,0.17848836,0.44237748,0.112516075,,Dead
Data/images/Dead_cells_13.png,15,0.9544084,55.302437,59.07622,52.781113,183.74011,0.080818176,2274.0,0.9199165,2550.0,2309.0,0.8917647,0.29850394,53.808426,0.98484194,99.0,107.0,24235008.0,0.50105566,4.0,2.1581848,109.0,2.2966795,103.19921,104.0,97.0,12.0,2.0284371,103.234856,-0.28274757,24235008.0,0.8036103,7.359173,0.04050405,0.7978861,3.6408641,0.04050405,0.2445985,0.038863473,0.97974795,0.97974795,-0.57554144,0.6657759,0.04050405,1.8870387,0.76073444,0.7247417,0.7978861,1.0359206,1805.7291,0.1286417,1827.4098,0.098194845,0.33278364,3.6688654,462.7465,1800.7253,128.25175,0.48767605,5.3885202,7.1549296,0.06244503,206.29558,0.1815971,0.35843682,0.13738717,3.0492957,462.7465,1800.7253,128.25175,0.48767605,7.1549296,0.1815971,0.35843682,0.13738717,,Dead
Data/images/Dead_cells_13.png,16,0.9236167,54.803013,57.45433,50.616978,182.95332,0.08456358,2164.0,0.9012455,2597.0,2221.0,0.8332692,0.38331735,52.49086,0.9743359,97.0,107.0,22828232.0,0.95091605,4.0,22.717306,157.0,3.8586764,102.486595,102.0,84.0,73.0,2.1412194,102.70876,3.4278584,22828232.0,0.5985668,45.58716,0.11890099,0.73856264,3.312648,0.11890099,0.52619356,0.104763545,0.9405495,0.9405495,-0.45077333,0.76050293,0.11890099,1.7733302,0.49492407,1.4840438,0.81866914,1.8498081,1314.0916,0.25100535,1295.2985,0.22497788,0.43252593,3.3770795,91.25658,325.29605,33.49438,0.5447277,4.975595,24.842106,0.1404806,40.58466,0.22880486,0.53525275,0.16068813,3.055921,91.25658,325.29605,33.49438,0.5447277,24.842106,0.22880486,0.53525275,0.16068813,,Dead
Data/images/Dead_cells_13.png,17,0.9028975,58.29495,61.587337,52.63436,189.74011,0.07953893,2386.0,0.9125055,2646.0,2418.0,0.90173846,0.42985597,55.117596,0.9867659,97.0,109.0,25090476.0,0.8293291,6.0,10.289733,124.0,4.477509,102.31978,103.0,63.0,61.0,2.5700452,102.54612,-1.7241741,25090476.0,0.6491784,46.36924,0.1016295,0.7500099,7.794168,0.1016295,0.4741398,0.09130095,0.94918525,0.94918525,-0.45648545,0.72984946,0.1016295,2.7643654,0.5604336,1.2861481,0.79740727,1.6257604,1527.0729,0.2129241,1548.9397,0.20180376,0.15050758,7.853311,134.7354,1157.6907,16.80107,0.19005345,5.0161915,20.814432,0.121961445,67.50667,0.17161846,0.8971705,0.03812995,6.652921,134.7354,1157.6907,16.80107,0.19005345,20.814432,0.17161846,0.8971705,0.03812995,,Dead
Data/images/Dead_cells_13.png,18,0.90791625,40.355087,42.72002,36.639038,131.15433,0.11321047,1159.0,0.91996294,1443.0,1193.0,0.8031878,0.4191516,38.414642,0.9715004,81.0,112.0,10978442.0,1.2131733,20.0,2.531596,136.0,10.400317,96.52459,96.0,70.0,66.0,7.874588,97.32595,0.24317928,10978442.0,0.4762302,155.34344,0.13101605,0.7950248,6.042781,0.13101605,0.5602181,0.11385084,0.934492,0.934492,-0.5027159,0.8399316,0.13101605,2.4059715,0.37392128,1.8204303,0.812203,2.1510603,659.27954,0.24258365,551.9508,0.31825805,0.20738064,6.13805,64.016304,386.01086,12.9226675,0.2121075,4.631034,17.184782,0.15875755,24.339998,0.1503626,1.10291,0.03686233,6.521739,64.016304,386.01086,12.9226675,0.2121075,17.184782,0.1503626,1.10291,0.03686233,,Healthy
Data/images/Dead_cells_13.png,19,0.9223377,54.066654,57.00877,49.867714,177.53911,0.08432159,2106.0,0.9161963,2400.0,2140.0,0.8775,0.38638473,51.782646,0.98411214,96.0,105.0,21405512.0,0.9257065,4.0,2.9537797,111.0,2.670108,100.759735,101.0,92.0,19.0,1.9315292,100.81696,-0.118630804,21405512.0,0.5506061,11.536764,0.10516066,0.76529884,2.9308667,0.10516066,0.48514423,0.0941019,0.94741964,0.94741964,-0.48492628,0.7692507,0.10516066,1.661149,0.4578361,1.3994963,0.76529884,1.7959993,1336.1007,0.23531915,1159.5764,0.22469695,0.505698,2.977208,119.522385,399.17163,49.610073,0.61380595,4.9139333,22.037313,0.12725545,57.77094,0.22875966,0.4685472,0.16881278,2.5447762,119.522385,399.17163,49.610073,0.61380595,22.037313,0.22875966,0.4685472,0.16881278,,Dead
Data/images/Dead_cells_13.png,21,0.8947283,48.004128,51.47815,42.950653,158.81119,0.09885539,1607.0,0.89467275,1935.0,1654.0,0.83049095,0.4466108,45.23379,0.971584,101.0,107.0,17293684.0,0.27208284,3.0,4.5489583,115.0,2.0298314,103.70068,103.0,93.0,22.0,1.2919177,103.73751,0.38096488,17293684.0,0.9110147,7.638475,0.030108904,0.6083177,3.8648303,0.030108904,0.19493772,0.029202359,0.98494554,0.98494554,-0.3812045,0.41082773,0.030108904,1.9599615,0.8939269,0.39250675,0.6083177,0.71155864,1305.6609,0.12723814,1464.0006,0.04449265,0.28500313,3.8599875,575.4516,2293.9678,145.82259,0.5403226,4.3280463,8.354838,0.05787181,276.86807,0.25265944,0.35614902,0.22678703,2.8387096,575.4516,2293.9678,145.82259,0.5403226,8.354838,0.25265944,0.35614902,0.22678703,,Dead
Data/images/Dead_cells_13.png,23,0.9627002,54.956463,58.728188,52.906597,189.39697,0.08382251,2260.0,0.88968873,2499.0,2303.0,0.9043617,0.2705704,53.642532,0.9813287,100.0,108.0,24389972.0,0.36888888,4.0,3.9391305,116.0,2.4881992,103.83495,104.0,91.0,25.0,1.8343654,103.88466,-0.17125396,24389972.0,0.8684313,10.324531,0.029918404,0.75795317,3.7864914,0.029918404,0.1939825,0.029023293,0.9850408,0.9850408,-0.540124,0.5620942,0.029918404,1.9338169,0.84737086,0.5131692,0.75795317,0.8042244,1852.0133,0.10819171,1962.6549,0.06578432,0.30309734,3.7876105,674.8333,2679.4333,173.68333,0.54375,4.4972706,9.2,0.053097345,320.1389,0.16045736,0.23182933,0.14261436,2.825,674.8333,2679.4333,173.68333,0.54375,9.2,0.16045736,0.23182933,0.14261436,,Dead
Data/images/Dead_cells_13.png,24,0.9604939,59.022003,66.21933,56.690273,204.2254,0.07911114,2582.0,0.88192415,2808.0,2635.0,0.91951567,0.27830103,57.336765,0.9798862,95.0,110.0,27561260.0,0.98288256,8.0,6.0019274,137.0,5.1627846,103.072815,103.0,79.0,58.0,3.4000416,103.31691,0.71364707,27561260.0,0.56329525,50.379673,0.11424038,0.752292,3.1590638,0.11424038,0.5125752,0.10118952,0.9428798,0.9428798,-0.46618262,0.7735607,0.11424038,1.7278857,0.46903008,1.5007907,0.7538786,1.8554015,1589.9465,0.23830655,1454.4283,0.23233736,0.46797273,3.1986833,126.56734,457.68768,44.18521,0.5878701,5.002545,29.005732,0.13516654,71.83278,0.2046788,0.527804,0.13572583,2.8395414,126.56734,457.68768,44.18521,0.5878701,29.005732,0.2046788,0.527804,0.13572583,,Dead
Data/images/Dead_cells_13.png,28,0.98473656,52.541035,55.946404,51.73908,188.95332,0.089276314,2117.0,0.8630969,2500.0,2184.0,0.8468,0.17405158,51.917706,0.9693223,97.0,106.0,21773800.0,0.8789106,5.0,2.7005928,111.0,2.7186568,101.35994,101.0,93.0,18.0,2.0515785,101.416046,0.13119218,21773800.0,0.58155686,11.376346,0.10368217,0.7533196,3.046996,0.10368217,0.4805603,0.09293218,0.9481589,0.9481589,-0.4716163,0.75146204,0.10368217,1.6996124,0.48675805,1.347674,0.7533196,1.7416167,1345.291,0.23018509,1231.1559,0.20922157,0.47354746,3.1058102,124.17603,427.59177,48.322098,0.58146065,5.025663,19.988764,0.12612186,61.309544,0.21262947,0.48739752,0.14393744,2.6741574,124.17603,427.59177,48.322098,0.58146065,19.988764,0.21262947,0.48739752,0.14393744,,Dead
Data/images/Dead_cells_13.png,31,0.6969194,57.269783,61.220913,39.912422,183.68124,0.10316273,1782.0,0.81435,2401.0,1871.0,0.7421908,0.7171495,47.633106,0.95243186,97.0,109.0,18856536.0,0.7981248,6.0,3.158829,119.0,3.857592,102.74804,102.0,91.0,28.0,2.6305854,102.86724,0.4583368,18856536.0,0.63326937,24.510588,0.07874928,0.78287816,3.2466705,0.07874928,0.3977568,0.07254783,0.96062535,0.96062535,-0.52298546,0.7504046,0.07874928,1.7620151,0.564756,1.1693128,0.78287816,1.5587167,1205.3075,0.20096084,1128.486,0.18336533,0.43139732,3.2744107,163.24608,590.7382,56.373035,0.59554976,4.984231,12.13089,0.10718294,76.2001,0.19237156,0.34287664,0.15474528,2.617801,163.24608,590.7382,56.373035,0.59554976,12.13089,0.19237156,0.34287664,0.15474528,,Dead
Data/images/Dead_cells_14.png,6,0.947577,57.39649,62.425957,54.387592,193.98276,0.07977905,2432.0,0.9011124,2703.0,2481.0,0.89974105,0.31952757,55.64637,0.9802499,97.0,107.0,25282304.0,0.7597316,4.0,9.553018,131.0,3.11918,101.85321,102.0,77.0,54.0,2.052374,101.95923,-0.33461696,25282304.0,0.67056334,21.608797,0.080774084,0.75231737,3.3845184,0.080774084,0.40490088,0.07424963,0.95961297,0.95961297,-0.48514313,0.7183456,0.080774084,1.806058,0.6041492,1.1330168,0.75581217,1.4661902,1677.9375,0.19311523,1630.81,0.16672692,0.40219527,3.4058387,222.26721,853.2672,64.60718,0.6060504,5.095374,16.797571,0.1015625,125.32046,0.2002597,0.41733608,0.15598711,2.6477733,222.26721,853.2672,64.60718,0.6060504,16.797571,0.2002597,0.41733608,0.15598711,,Dead
Data/images/Dead_cells_14.png,7,0.9689546,53.350536,57.384666,51.69425,181.39697,0.0844689,2148.0,0.90561056,2450.0,2197.0,0.8767347,0.2472387,52.296448,0.97769684,101.0,106.0,22836520.0,0.08544864,3.0,2.3242671,108.0,1.5348581,103.09264,103.0,98.0,10.0,1.355135,103.10929,0.19552101,22836520.0,0.97881407,3.4332232,0.010973282,0.4833427,3.9623091,0.010973282,0.08717847,0.01085287,0.99451333,0.99451333,-0.30227643,0.22460668,0.010973282,1.9892653,0.96790814,0.14536847,0.4833427,0.42425314,1880.1537,0.07147353,2102.4924,0.010592981,0.2580307,3.9678771,1159.2267,4634.7065,290.35666,0.37,4.53902,4.9466667,0.0349162,338.97708,0.11302746,0.20072095,0.09110409,3.52,1159.2267,4634.7065,290.35666,0.37,4.9466667,0.11302746,0.20072095,0.09110409,,Dead
Data/images/Dead_cells_14.png,8,0.9795468,49.948368,52.63079,48.926765,170.36754,0.089174315,1911.0,0.9094768,2256.0,1949.0,0.84707445,0.20121646,49.32708,0.98050284,98.0,106.0,19738776.0,0.8139625,4.0,4.615347,116.0,2.6794243,101.56619,101.0,90.0,26.0,1.7518989,101.631836,0.68781185,19738776.0,0.6233051,13.33824,0.09257266,0.75574756,3.191604,0.09257266,0.44499922,0.084002964,0.95371366,0.95371366,-0.48108378,0.7380017,0.09257266,1.7459635,0.536993,1.2418864,0.75574756,1.6305698,1244.9341,0.21351886,1191.1361,0.18834744,0.4387755,3.2448978,123.68445,440.53778,44.47111,0.56666666,4.9837055,15.337778,0.1177394,51.547733,0.18640883,0.39061597,0.13535705,2.7333333,123.68445,440.53778,44.47111,0.56666666,15.337778,0.18640883,0.39061597,0.13535705,,Dead
Data/images/Dead_cells_14.png,9,0.9279345,51.625847,54.20332,47.905407,175.63962,0.09107576,1929.0,0.8863236,2250.0,1979.0,0.85733336,0.3727432,49.558846,0.9747347,97.0,110.0,20743832.0,0.77412885,5.0,10.609752,141.0,4.0088444,103.52981,103.0,86.0,55.0,2.635759,103.69991,1.3809689,20743832.0,0.68695104,35.250668,0.06766116,0.7781494,3.5610015,0.06766116,0.3571343,0.06308313,0.9661694,0.9661694,-0.53532,0.7387312,0.06766116,1.8553543,0.64696765,1.0794531,0.78421634,1.372948,1361.8502,0.16877106,1325.1285,0.16392563,0.38024884,3.541213,272.38547,1065.9497,74.77033,0.660149,4.650784,15.826816,0.092794195,156.25174,0.1668259,0.2541462,0.14706667,2.50838,272.38547,1065.9497,74.77033,0.660149,15.826816,0.1668259,0.2541462,0.14706667,,Dead
Data/images/Dead_cells_14.png,10,0.88635164,52.47983,54.42426,46.515587,170.02438,0.089018,1911.0,0.9111931,2346.0,1960.0,0.814578,0.46301267,49.32708,0.975,96.0,108.0,19790266.0,0.911888,5.0,3.0737016,115.0,3.5498867,101.66405,101.0,91.0,24.0,2.5684624,101.764305,0.5490635,19790266.0,0.5598207,20.394726,0.10226049,0.7646988,2.9913886,0.10226049,0.4761205,0.09180329,0.94886976,0.94886976,-0.48586977,0.76443386,0.10226049,1.6808397,0.47360265,1.3679653,0.7646988,1.7691354,1215.4144,0.23882882,1069.8174,0.22008964,0.49529043,3.0188384,151.97119,515.4527,61.100822,0.6419753,4.7395678,24.28395,0.12715855,90.12559,0.2571892,0.53874564,0.18680009,2.4320989,151.97119,515.4527,61.100822,0.6419753,24.28395,0.2571892,0.53874564,0.18680009,,Dead
Data/images/Dead_cells_14.png,11,0.9658047,55.758797,58.60034,53.85211,194.1249,0.082747184,2346.0,0.88447934,2704.0,2396.0,0.86760354,0.25927058,54.653637,0.9791319,96.0,108.0,24189074.0,0.870728,5.0,5.6569986,113.0,3.6096027,101.422,101.0,78.0,35.0,2.4638233,101.54198,-0.816996,24189074.0,0.5868944,24.352184,0.10510249,0.7471159,3.063672,0.10510249,0.4849645,0.09405595,0.94744873,0.94744873,-0.4636144,0.7453576,0.10510249,1.7054077,0.49032876,1.3436916,0.7471159,1.7268448,1492.2583,0.22618246,1376.8542,0.2065528,0.46867007,3.1253197,120.027214,417.63947,45.62415,0.57908165,5.06398,21.517006,0.12531969,56.353325,0.19941467,0.44450882,0.13814114,2.6836734,120.027214,417.63947,45.62415,0.57908165,21.517006,0.19941467,0.44450882,0.13814114,,Dead
Data/images/Dead_cells_14.png,15,0.91290194,50.361393,52.0,45.975014,171.78175,0.09482846,1812.0,0.87830853,2352.0,1878.0,0.77040815,0.40817893,48.032387,0.9648562,100.0,106.0,18987078.0,0.44909024,3.0,2.949898,111.0,2.065577,102.33223,102.0,95.0,16.0,1.4834334,102.36464,0.62046534,18987078.0,0.829966,6.6346564,0.07321226,0.5744738,3.6782067,0.07321226,0.3777984,0.06785222,0.96339387,0.96339387,-0.3102957,0.49511254,0.07321226,1.9049376,0.76009667,0.7656819,0.5744738,1.1249926,1273.1964,0.20047976,1503.8984,0.08501698,0.32036424,3.718543,235.94414,931.67596,62.011173,0.53072625,4.8152137,15.826816,0.09878587,133.47093,0.2656243,0.5192165,0.20222628,2.877095,235.94414,931.67596,62.011173,0.53072625,15.826816,0.2656243,0.5192165,0.20222628,,Dead
Data/images/Dead_cells_14.png,16,0.9691084,48.255215,50.0,46.764534,166.02438,0.09425171,1762.0,0.89613694,2254.0,1818.0,0.7817214,0.24663514,47.36505,0.9691969,96.0,112.0,19160242.0,0.9556245,10.0,4.039714,135.0,5.6692567,104.03973,103.0,89.0,46.0,4.188079,104.27917,0.6928007,19160242.0,0.5758039,49.87924,0.08947369,0.79514533,3.1994152,0.08947369,0.4347106,0.08146814,0.95526314,0.95526314,-0.5333916,0.79559237,0.08947369,1.7394737,0.5051549,1.3779627,0.79709196,1.75752,1165.9683,0.22848868,1014.5664,0.22362404,0.45965758,3.221907,157.2,543.039,61.15217,0.6060976,4.9699583,19.878048,0.11634506,83.323875,0.27343687,0.5944736,0.20894854,2.7707317,157.2,543.039,61.15217,0.6060976,19.878048,0.27343687,0.5944736,0.20894854,,Dead
Data/images/Dead_cells_14.png,17,0.90437996,53.189613,55.569775,48.10362,187.68124,0.09424114,1992.0,0.84289646,2500.0,2077.0,0.7968,0.42672804,50.361626,0.95907557,99.0,110.0,21732492.0,0.57182646,4.0,10.037458,140.0,3.5352445,104.3263,104.0,88.0,52.0,2.2276607,104.4504,1.5672549,21732492.0,0.7870322,25.907581,0.065049045,0.7007915,3.6757872,0.065049045,0.3471699,0.060817666,0.9674755,0.9674755,-0.44400427,0.630461,0.065049045,1.8972638,0.7279327,0.88774335,0.7076122,1.22039,1425.2571,0.17480665,1567.7681,0.109181456,0.33284527,3.7043173,299.93372,1181.9061,79.71071,0.50982195,4.982499,13.895027,0.09086345,178.81212,0.19284065,0.46585366,0.14168209,3.1325967,299.93372,1181.9061,79.71071,0.50982195,13.895027,0.19284065,0.46585366,0.14168209,,Dead
Data/images/Dead_cells_14.png,18,0.9716772,58.32587,62.482,56.67392,196.56854,0.076859646,2558.0,0.91200817,2808.0,2590.0,0.91096866,0.23631215,57.069664,0.9876448,100.0,105.0,27035764.0,0.12313392,3.0,2.1675346,108.0,1.5997826,102.788895,103.0,98.0,10.0,1.3807309,102.80614,0.16873708,27035764.0,0.9669451,3.5449588,0.025169795,0.16903669,3.9412706,0.025169795,0.16955753,0.024536278,0.9874151,0.9874151,-0.06052287,0.11740053,0.025169795,1.9846184,0.9451738,0.22237475,0.16903669,0.4858147,2179.8335,0.10954916,2473.4456,0.016527431,0.2626075,3.94957,821.52545,3284.6018,205.75636,0.47881356,4.406037,12.271187,0.04612979,351.59122,0.29373455,0.3776219,0.27276275,3.0847456,821.52545,3284.6018,205.75636,0.47881356,12.271187,0.29373455,0.3776219,0.27276275,,Dead
Data/images/Dead_cells_14.png,20,0.9274603,34.06988,37.64306,31.598463,111.941124,0.13478763,831.0,0.9126097,930.0,853.0,0.89354837,0.37392166,32.527866,0.97420865,92.0,118.0,9080681.0,0.9194945,13.0,2.1684947,123.0,7.569307,104.13598,103.0,87.0,36.0,5.7988324,104.53427,0.2978814,9080681.0,0.5547562,83.11147,0.05625,0.8692333,3.0325,0.05625,0.31237534,0.053085938,0.971875,0.971875,-0.6589064,0.8326207,0.05625,1.686875,0.5167586,1.2026229,0.8692333,1.5893123,598.8941,0.18796311,461.0024,0.2226219,0.50090253,2.9963899,220.32895,740.4737,90.29276,0.7434211,4.5107,5.868421,0.09145608,100.77199,0.24985677,0.29235062,0.2392333,2.0263157,220.32895,740.4737,90.29276,0.7434211,5.868421,0.24985677,0.29235062,0.2392333,,Healthy
Data/images/Dead_cells_14.png,23,0.9376256,54.530716,58.59181,51.129395,183.63962,0.08445142,2175.0,0.90015703,2600.0,2225.0,0.83653843,0.3476468,52.6241,0.9775281,98.0,105.0,22379512.0,0.83864677,4.0,6.9890046,121.0,2.4571772,101.37977,101.0,90.0,31.0,1.6064802,101.43683,0.999189,22379512.0,0.60760534,11.5725565,0.12205467,0.6891937,3.133836,0.12205467,0.53523827,0.10715733,0.93897265,0.93897265,-0.39158887,0.69404083,0.12205467,1.7316211,0.50013936,1.3496641,0.6891937,1.745108,1306.9945,0.25240302,1321.5416,0.19619733,0.4510345,3.195862,90.11218,324.59296,31.491987,0.59375,4.7791324,25.589743,0.14344828,41.515194,0.21248467,0.43567598,0.15668684,2.625,90.11218,324.59296,31.491987,0.59375,25.589743,0.21248467,0.43567598,0.15668684,,Dead
Data/images/Dead_cells_14.png,25,0.88774896,40.448544,42.48529,35.908154,133.29646,0.11708078,1139.0,0.8973313,1443.0,1180.0,0.7893278,0.4603279,38.081753,0.96525425,93.0,104.0,11412585.0,0.92710215,6.0,2.3633199,106.0,3.273216,100.020195,101.0,91.0,15.0,2.7057984,100.0991,-0.7155567,11412585.0,0.549672,15.789759,0.052823316,0.88468057,2.9080145,0.052823316,0.29827124,0.050033014,0.97358835,0.97358835,-0.6859878,0.85094804,0.052823316,1.6448088,0.49190614,1.233357,0.88468057,1.6259539,827.3793,0.1699564,626.07635,0.22516401,0.5068042,2.972783,187.06061,526.6667,102.15909,0.46969697,4.7360315,6.4949493,0.08691835,54.69442,0.165107,0.4647268,0.090202056,3.121212,187.06061,526.6667,102.15909,0.46969697,6.4949493,0.165107,0.4647268,0.090202056,,Dead
Data/images/Dead_cells_15.png,2,0.9375062,55.8044,57.45433,52.316975,187.05382,0.08209516,2279.0,0.9046131,2597.0,2322.0,0.877551,0.34796852,53.86755,0.9814815,72.8,107.0,20207692.0,1.3316077,12.0,3.3837495,120.0,9.276213,93.35937,96.0,55.0,65.0,5.848879,94.16428,-0.86480653,20207692.0,0.4459114,150.94019,0.09896536,0.8682162,5.1529465,0.09896536,0.46570727,0.089171216,0.9505173,0.9505173,-0.6159786,0.8966338,0.09896536,2.197031,0.37320015,1.8305179,0.8682608,2.1706595,1469.243,0.21952578,1016.2321,0.38025346,0.29465896,5.151382,178.19928,855.971,45.68871,0.36986715,5.214909,24.717392,0.121105745,110.01716,0.2149823,0.906467,0.08165622,4.728261,178.19928,855.971,45.68871,0.36986715,24.717392,0.2149823,0.906467,0.08165622,,Healthy
Data/images/Dead_cells_15.png,3,0.9661541,55.429573,59.36329,53.55351,188.3259,0.08136786,2315.0,0.905573,2600.0,2359.0,0.8903846,0.2579656,54.29134,0.98134804,98.0,106.0,24179938.0,0.7858714,4.0,8.837199,124.0,2.7237704,102.130455,102.0,94.0,30.0,1.8843997,102.20028,1.556567,24179938.0,0.64091974,14.268079,0.081308,0.77421296,3.2527618,0.081308,0.40677133,0.07469701,0.959346,0.959346,-0.51054657,0.7433205,0.081308,1.7644719,0.56519383,1.1729805,0.77421296,1.5340624,1599.6704,0.19773866,1483.7291,0.17954014,0.42591792,3.2963283,194.60593,710.52966,65.625,0.5741525,5.0480304,15.847458,0.10194384,98.38313,0.20689245,0.41162494,0.15570933,2.70339,194.60593,710.52966,65.625,0.5741525,15.847458,0.20689245,0.41162494,0.15570933,,Dead
Data/images/Dead_cells_15.png,5,0.99151,51.80236,56.0803,51.362556,180.1249,0.08707996,2069.0,0.89507407,2401.0,2111.0,0.86172426,0.13003087,51.32575,0.9801042,94.0,111.0,21749714.0,0.9344344,9.0,2.6602473,123.0,5.2868032,102.31996,102.0,86.0,37.0,3.8303192,102.52895,0.20036297,21749714.0,0.54475385,42.812077,0.089241445,0.8024249,2.921666,0.089241445,0.43393278,0.081277415,0.95537925,0.95537925,-0.54073924,0.796174,0.089241445,1.6554289,0.46703884,1.3558371,0.8024249,1.7119181,1359.5848,0.18846883,1127.0957,0.22762308,0.51280814,2.9487674,138.21121,463.375,56.920258,0.63793105,5.09997,14.49138,0.11213146,58.67864,0.11343139,0.1916238,0.09388328,2.4482758,138.21121,463.375,56.920258,0.63793105,14.49138,0.11343139,0.1916238,0.09388328,,Dead
Data/images/Dead_cells_15.png,7,0.91969645,59.54037,65.802734,54.759068,198.81119,0.07881514,2523.0,0.8955291,2860.0,2570.0,0.8821678,0.3926302,56.67789,0.98171204,99.0,106.0,26414384.0,0.5763294,2.0,14.221575,128.0,2.0792131,102.27348,102.0,92.0,36.0,1.3940266,102.32026,1.6036044,26414384.0,0.7698711,9.569281,0.07414911,0.6818708,3.5753646,0.07414911,0.38121995,0.06865102,0.96292543,0.96292543,-0.413332,0.6170025,0.07414911,1.8697326,0.69970787,0.91966784,0.68339896,1.2473842,1789.1339,0.18477836,1942.3849,0.115686536,0.3478773,3.6155372,240.4832,937.4454,66.28,0.54505134,5.0587797,16.243698,0.09433214,128.10538,0.21394971,0.41595048,0.1657838,2.857143,240.4832,937.4454,66.28,0.54505134,16.243698,0.21394971,0.41595048,0.1657838,,Dead
Data/images/Dead_cells_15.png,8,0.95092773,56.04013,60.207973,53.290115,190.71068,0.08211439,2323.0,0.89579326,2650.0,2370.0,0.8766038,0.30941302,54.385067,0.98016876,97.0,108.0,24336852.0,0.89053667,5.0,15.398343,134.0,3.982031,102.11752,102.0,58.0,76.0,2.1924534,102.35466,-1.4542785,24336852.0,0.64524364,48.487694,0.09391534,0.78092855,7.926367,0.09391534,0.44940543,0.08509525,0.9530423,0.9530423,-0.50216734,0.76799095,0.09391534,2.7854939,0.56893075,1.3290104,0.8247883,1.6615229,1531.2806,0.21623996,1498.901,0.21490201,0.15027563,7.9578133,167.47388,1445.8358,20.795528,0.19229373,5.0272245,20.119404,0.11536806,92.34121,0.21449777,1.1172342,0.047341872,6.7126865,167.47388,1445.8358,20.795528,0.19229373,20.119404,0.21449777,1.1172342,0.047341872,,Dead
Data/images/Dead_cells_15.png,9,0.9363964,57.725685,60.90156,54.054127,189.05382,0.077751935,2432.0,0.9246058,2754.0,2472.0,0.8830792,0.350944,55.64637,0.98381877,99.0,106.0,25197268.0,0.63615566,4.0,4.63485,111.0,2.1691182,101.748764,101.0,88.0,23.0,1.6951984,101.78762,-0.23227829,25197268.0,0.73014987,7.9076877,0.0949181,0.6498803,3.4674506,0.0949181,0.45267618,0.08590866,0.95254093,0.95254093,-0.36665568,0.6114053,0.0949181,1.8383032,0.6429895,1.0426508,0.6498803,1.4005241,1624.2047,0.22606948,1775.7245,0.13492507,0.37057978,3.517681,174.02888,665.47656,51.16697,0.57220215,4.8178535,23.895308,0.113898024,96.94428,0.26416054,0.44216642,0.21965908,2.7111914,174.02888,665.47656,51.16697,0.57220215,23.895308,0.26416054,0.44216642,0.21965908,,Dead
Data/images/Dead_cells_15.png,10,0.9859867,54.986984,59.405388,54.216434,189.98276,0.08187147,2321.0,0.8988382,2652.0,2371.0,0.8751885,0.16682406,54.36165,0.9789119,99.0,106.0,24311080.0,0.5274755,3.0,9.854906,115.0,2.21218,102.29987,102.0,82.0,33.0,1.7320083,102.34451,-0.9889012,24311080.0,0.7897963,9.135411,0.0670194,0.6845134,3.6040564,0.0670194,0.35470086,0.0625278,0.9664903,0.9664903,-0.42020115,0.60029054,0.0670194,1.8791887,0.7250404,0.8399607,0.6845134,1.176928,1686.4476,0.17904969,1833.1172,0.10510185,0.33950883,3.6419647,287.03903,1123.5269,77.917076,0.5390244,5.0605135,15.185366,0.088323995,158.85245,0.23438652,0.43061325,0.18532984,2.8439023,287.03903,1123.5269,77.917076,0.5390244,15.185366,0.23438652,0.43061325,0.18532984,,Dead
Data/images/Dead_cells_15.png,11,0.9497694,51.7235,53.712196,49.125397,178.46803,0.08988569,1986.0,0.88507366,2350.0,2033.0,0.84510636,0.31295064,50.28572,0.97688144,90.0,107.0,20183396.0,1.129437,11.0,8.034777,149.0,6.3692317,100.4285,101.0,83.0,66.0,4.5407395,100.8109,1.3625854,20183396.0,0.48388773,76.95385,0.08738366,0.84898174,2.810755,0.08738366,0.427676,0.07974776,0.9563082,0.9563082,-0.60291535,0.86266094,0.08738366,1.6016029,0.41036242,1.5795258,0.85034925,1.9286591,1318.0645,0.19920917,961.001,0.28908908,0.5676401,2.836858,177.8914,496.89594,99.286575,0.5953997,5.1097045,17.39819,0.11127895,97.13556,0.1790408,0.41051704,0.13121866,2.8597286,177.8914,496.89594,99.286575,0.5953997,17.39819,0.1790408,0.41051704,0.13121866,,Healthy
Data/images/Dead_cells_15.png,12,0.95965016,54.16906,57.45433,51.98335,181.98276,0.08281354,2198.0,0.9131437,2499.0,2235.0,0.8795518,0.28119662,52.90161,0.98344517,101.0,107.0,23874732.0,0.03472991,4.0,4.5567307,115.0,1.9170783,104.19245,104.0,98.0,17.0,1.5078157,104.22105,0.76969004,23874732.0,0.9927471,5.9597793,0.006057782,0.13029382,3.9864864,0.006057782,0.053340655,0.006021085,0.99697113,0.99697113,-0.05611601,0.06130801,0.006057782,1.9965051,0.9870136,0.0652237,0.13029382,0.3354685,1963.3467,0.061106093,2182.0583,0.0036264253,0.25272974,3.989081,1416.9539,5667.354,354.35385,0.33076924,3.789644,9.184615,0.029572338,273.4736,0.101095535,0.1159206,0.097389266,3.676923,1416.9539,5667.354,354.35385,0.33076924,9.184615,0.101095535,0.1159206,0.097389266,,Dead
Data/images/Dead_cells_15.png,13,0.704609,65.58732,65.192024,46.213417,196.3259,0.084241964,2331.0,0.8716696,2604.0,2380.0,0.8951613,0.7095958,54.478634,0.9794118,92.0,109.0,23782766.0,1.0565475,8.0,5.4369874,136.0,5.2395897,100.757614,101.0,72.0,64.0,3.5166218,101.008995,0.35655117,23782766.0,0.5018464,50.719887,0.11219081,0.78537047,6.886484,0.11219081,0.506489,0.09960403,0.9439046,0.9439046,-0.5048129,0.8098329,0.11219081,2.5848057,0.40646577,1.579588,0.786905,1.9427366,1411.8958,0.22272907,1169.804,0.2615478,0.17131416,6.920206,91.60436,684.0218,14.121971,0.18788941,5.093478,24.127726,0.13770914,38.872334,0.14261605,0.86900353,0.03074784,6.542056,91.60436,684.0218,14.121971,0.18788941,24.127726,0.14261605,0.86900353,0.03074784,,Dead
Data/images/Dead_cells_15.png,14,0.95188016,57.14111,61.073727,54.391487,190.2254,0.0785893,2421.0,0.91683036,2703.0,2457.0,0.8956715,0.3064705,55.520382,0.985348,98.0,107.0,25532196.0,0.7011049,5.0,12.160873,133.0,3.1148915,102.58116,102.0,75.0,58.0,1.9019176,102.69438,0.1380648,25532196.0,0.71087897,23.24052,0.07773553,0.7338525,3.4892268,0.07773553,0.39414948,0.07169272,0.9611322,0.9611322,-0.47114927,0.6939685,0.07773553,1.8390367,0.6423096,1.0659515,0.733854,1.390524,1683.0157,0.18273945,1721.038,0.1472753,0.37564826,3.5212722,214.06302,828.1891,60.732258,0.5690943,5.054759,15.915966,0.098306485,110.58797,0.16576795,0.31262276,0.13090222,2.7983193,214.06302,828.1891,60.732258,0.5690943,15.915966,0.16576795,0.31262276,0.13090222,,Dead
Data/images/Dead_cells_15.png,15,0.90026885,50.997917,52.43091,45.91184,172.26703,0.09431537,1827.0,0.87945294,2300.0,1880.0,0.7943478,0.43533435,48.230785,0.9718085,96.0,106.0,18636004.0,0.9226125,5.0,2.5428538,110.0,2.9774618,100.92775,101.0,91.0,19.0,2.2222345,100.99668,-0.060913324,18636004.0,0.5526747,13.919247,0.07952622,0.8224699,2.9441624,0.07952622,0.40050763,0.073201805,0.9602369,0.9602369,-0.57379866,0.80839425,0.07952622,1.6613085,0.47883907,1.317184,0.8224699,1.7172623,1246.5468,0.21059045,1009.73676,0.22366263,0.5032841,2.9868636,173.52307,562.53845,76.26923,0.5846154,5.1137567,15.471795,0.106732346,85.74059,0.24384584,0.583758,0.15886779,2.6615384,173.52307,562.53845,76.26923,0.5846154,15.471795,0.24384584,0.583758,0.15886779,,Dead
Data/images/Dead_cells_15.png,17,0.96618646,56.0516,59.464275,54.156296,192.1249,0.081253916,2365.0,0.8972035,2756.0,2416.0,0.8581277,0.25784442,54.874508,0.9788907,96.0,108.0,24841624.0,0.86390173,5.0,10.628794,140.0,3.9465103,102.31501,102.0,77.0,63.0,2.4683027,102.48833,0.8889714,24841624.0,0.62547046,35.496117,0.094887346,0.75357884,3.3015597,0.094887346,0.4525761,0.08588374,0.9525563,0.9525563,-0.4829823,0.75034076,0.094887346,1.7766465,0.5437401,1.3001094,0.7548077,1.6449236,1538.1991,0.20345078,1479.2377,0.19440913,0.4245948,3.346723,149.02536,555.13403,47.8122,0.57477856,5.0951676,20.130434,0.1167019,75.600334,0.16008028,0.32513532,0.12558204,2.8297102,149.02536,555.13403,47.8122,0.57477856,20.130434,0.16008028,0.32513532,0.12558204,,Dead
Data/images/Dead_cells_15.png,18,0.92774755,54.159214,57.68882,50.24608,191.53911,0.090220965,2123.0,0.8527515,2448.0,2188.0,0.8672386,0.3732084,51.991226,0.9702925,96.0,113.0,22913364.0,0.90042806,9.0,2.9798267,126.0,5.4411616,103.665565,103.0,88.0,38.0,3.9029818,103.88897,0.39674523,22913364.0,0.5826274,46.367664,0.101210654,0.7596511,3.1012106,0.101210654,0.47282156,0.09096706,0.9493947,0.9493947,-0.4810964,0.7605283,0.101210654,1.7150121,0.49454203,1.3634341,0.7608966,1.739581,1343.5897,0.22029322,1236.9181,0.21156572,0.46786517,3.1431935,109.074905,379.91385,41.444237,0.5967541,4.993888,18.53558,0.12576543,45.851562,0.17449091,0.34896722,0.13595806,2.6629214,109.074905,379.91385,41.444237,0.5967541,18.53558,0.17449091,0.34896722,0.13595806,,Dead
Data/images/Dead_cells_15.png,19,0.8895242,49.96296,51.894123,44.44326,172.1249,0.099609315,1729.0,0.856117,2068.0,1785.0,0.8360735,0.45688808,46.91941,0.96862745,98.0,106.0,18118780.0,0.73916584,5.0,2.2030947,111.0,2.6236362,102.32157,102.0,95.0,16.0,2.1372027,102.36865,0.07995129,18118780.0,0.66960514,9.636325,0.09421586,0.714151,3.328563,0.09421586,0.45038742,0.08533923,0.95289207,0.95289207,-0.43312842,0.68721926,0.09421586,1.7918903,0.58506066,1.1561224,0.714151,1.5597811,1123.6373,0.23480377,1157.7472,0.16519745,0.4065934,3.3736265,125.309525,462.96667,40.895237,0.575,4.6750894,17.676191,0.12145749,57.521748,0.2505607,0.4921953,0.19015203,2.7,125.309525,462.96667,40.895237,0.575,17.676191,0.2505607,0.4921953,0.19015203,,Dead
Data/images/Dead_cells_15.png,20,0.9388774,55.759705,58.30952,52.35153,195.29646,0.08575037,2278.0,0.866243,2704.0,2340.0,0.8424556,0.34425166,53.855732,0.97350425,93.0,108.0,23412290.0,0.9753351,7.0,6.041978,138.0,4.9399385,101.12818,102.0,71.0,67.0,2.9036674,101.37832,-0.1743232,23412290.0,0.5483843,50.65433,0.11365678,0.75464773,7.342318,0.11365678,0.51084834,0.10073892,0.9431716,0.9431716,-0.46859613,0.7719083,0.11365678,2.6772237,0.4552918,1.4803536,0.7554258,1.8273296,1400.5382,0.22504607,1249.2195,0.23460577,0.15881987,7.358209,103.14098,833.8951,14.117532,0.19132514,4.9534354,23.288525,0.13388938,47.357227,0.16783595,0.84234685,0.040623732,6.4,103.14098,833.8951,14.117532,0.19132514,23.288525,0.16783595,0.84234685,0.040623732,,Dead
Data/images/Dead_cells_15.png,21,0.93126696,55.57307,59.20304,51.75337,192.1249,0.085636236,2244.0,0.8739455,2652.0,2305.0,0.84615386,0.3643375,53.452312,0.9735358,96.0,105.0,23171840.0,0.85880846,3.0,17.523579,139.0,2.9461663,101.507576,102.0,86.0,53.0,1.8047569,101.61758,1.9906561,23171840.0,0.6233918,22.343525,0.073126145,0.8095725,3.2984462,0.073126145,0.37748298,0.06777871,0.9634369,0.9634369,-0.56602204,0.7868903,0.073126145,1.772852,0.5608801,1.2229779,0.8097346,1.5655513,1574.0856,0.18218994,1398.8912,0.19407348,0.42869875,3.3208556,260.8889,977.4167,82.18904,0.591178,5.1285925,15.564815,0.09625668,152.95987,0.19096819,0.47387362,0.121430665,2.7175925,260.8889,977.4167,82.18904,0.591178,15.564815,0.19096819,0.47387362,0.121430665,,Dead
Data/images/Dead_cells_15.png,23,0.84636045,51.669792,54.08327,43.731266,171.78175,0.097714305,1759.0,0.8652415,2162.0,1813.0,0.8135985,0.53261054,47.32471,0.97021514,99.0,106.0,18525748.0,0.59125274,4.0,4.3042927,116.0,2.4758408,102.57135,103.0,89.0,27.0,1.613661,102.62542,-0.21703875,18525748.0,0.75533414,11.095393,0.06491228,0.7395544,3.5298245,0.06491228,0.34664378,0.060698677,0.96754384,0.96754384,-0.48189083,0.6624663,0.06491228,1.8540936,0.69006586,0.9101074,0.7395544,1.2648021,1251.8596,0.16815527,1328.6327,0.12233293,0.35702103,3.5719159,239.89375,930.08124,67.34688,0.5171875,4.9699078,9.4,0.09096077,119.03121,0.14744838,0.3500265,0.09680386,2.93125,239.89375,930.08124,67.34688,0.5171875,9.4,0.14744838,0.3500265,0.09680386,,Dead
Data/images/Dead_cells_16.png,2,0.94321644,57.604034,60.033325,54.333073,193.29646,0.07972632,2425.0,0.90300906,2805.0,2472.0,0.86452764,0.33217877,55.56623,0.9809871,99.0,107.0,25208190.0,0.59546703,4.0,5.5652485,122.0,2.6089964,101.88949,101.0,88.0,34.0,1.7508103,101.95651,0.10144839,25208190.0,0.75300246,13.662838,0.07601351,0.6677641,3.5667229,0.07601351,0.38797438,0.07023546,0.9619932,0.9619932,-0.39640185,0.59970975,0.07601351,1.8682432,0.7009707,0.9016014,0.6677641,1.2236577,1710.9233,0.19931963,1826.0309,0.123498775,0.35824743,3.5670104,247.55696,970.98737,66.69936,0.6550633,4.6976776,21.57384,0.097731955,142.86176,0.27167866,0.3793143,0.24476972,2.379747,247.55696,970.98737,66.69936,0.6550633,21.57384,0.27167866,0.3793143,0.24476972,,Dead
Data/images/Dead_cells_16.png,4,0.93137753,54.630157,58.249462,50.8813,184.2254,0.08538836,2158.0,0.8937804,2500.0,2202.0,0.8632,0.36405474,52.41804,0.98001814,99.0,107.0,23008860.0,0.51047564,4.75,2.8838634,112.0,2.4346454,103.212234,103.0,94.0,18.0,1.8512111,103.25755,-0.20174265,23008860.0,0.7987165,9.357182,0.04748338,0.73327184,3.679962,0.04748338,0.27560878,0.04522871,0.97625834,0.97625834,-0.49052587,0.60526806,0.04748338,1.9012346,0.7767497,0.70201087,0.73327184,0.98131835,1667.5533,0.14512287,1723.6302,0.10064175,0.33514827,3.659407,474.94736,1882.5986,123.03454,0.6792763,4.197172,14.315789,0.07043559,273.3821,0.22747992,0.34931695,0.19702066,2.2828948,474.94736,1882.5986,123.03454,0.6792763,14.315789,0.22747992,0.34931695,0.19702066,,Dead
Data/images/Dead_cells_16.png,5,0.9609886,54.794884,58.728188,52.657257,186.91168,0.08323834,2246.0,0.8987212,2499.0,2288.0,0.8987595,0.276588,53.476124,0.9816434,99.0,107.0,23735862.0,0.4862561,3.0,3.8329992,115.0,2.4058957,102.75334,102.0,94.0,21.0,1.7078025,102.80107,0.81732047,23735862.0,0.8112275,9.81093,0.061559506,0.6650418,3.6621068,0.061559506,0.33360472,0.057769936,0.9692202,0.9692202,-0.40454647,0.5655916,0.061559506,1.8976288,0.7584474,0.7601814,0.6650418,1.0904764,1667.6394,0.17767334,1822.017,0.09438626,0.3291407,3.683437,300.7447,1183.1117,80.15292,0.56914896,4.8599052,15.648936,0.08370436,158.01845,0.2676655,0.45334306,0.22124612,2.7234042,300.7447,1183.1117,80.15292,0.56914896,15.648936,0.2676655,0.45334306,0.22124612,,Dead
Data/images/Dead_cells_16.png,6,0.9573153,50.371445,53.823788,48.221355,172.95332,0.091148,1898.0,0.8928262,2256.0,1954.0,0.84131205,0.28904566,49.159016,0.97134084,96.0,103.0,18815256.0,0.98764914,5.0,2.2996097,107.0,2.2499037,99.5295,99.0,93.0,14.0,1.8469388,99.56506,0.2943795,18815256.0,0.5085365,7.0794773,0.09593496,0.80380297,2.2292683,0.09593496,0.45597565,0.08673144,0.9520325,0.9520325,-0.53836197,0.80832016,0.09593496,1.4257452,0.42429608,1.438298,0.80380297,1.8461423,1245.1022,0.24684627,965.20233,0.24573174,0.67399895,2.3040042,135.43478,269.24783,101.98152,0.5826087,4.8664303,23.26087,0.12118019,67.33641,0.30181158,0.7818169,0.18181024,2.6695652,135.43478,269.24783,101.98152,0.5826087,23.26087,0.30181158,0.7818169,0.18181024,,Dead
Data/images/Dead_cells_16.png,7,0.9420756,58.92054,63.702435,55.507603,199.15433,0.07910798,2518.0,0.89309967,2860.0,2567.0,0.88041955,0.3354006,56.621704,0.98091155,97.0,105.0,25912776.0,0.66127175,3.0,8.859696,112.0,2.2498338,101.38999,102.0,80.0,32.0,1.3971618,101.44464,-1.3624281,25912776.0,0.7157394,11.084602,0.074705645,0.7226012,3.4815266,0.074705645,0.38324374,0.06912471,0.9626472,0.9626472,-0.45531693,0.66274107,0.074705645,1.8396264,0.66156757,0.9811864,0.7226012,1.2924341,1775.5092,0.18080212,1802.2319,0.14213027,0.37867355,3.4853058,282.6025,1100.6862,78.08159,0.65481174,4.7230077,20.757322,0.0949166,171.60439,0.20461206,0.29219928,0.18271527,2.380753,282.6025,1100.6862,78.08159,0.65481174,20.757322,0.20461206,0.29219928,0.18271527,,Dead
Data/images/Dead_cells_16.png,9,0.94928026,55.14137,57.801384,52.344612,190.71068,0.084478706,2258.0,0.883169,2652.0,2313.0,0.85143286,0.31443128,53.618793,0.9762214,97.0,106.0,23461852.0,0.72050864,4.0,3.6661704,112.0,2.5481696,101.87821,102.0,90.0,22.0,1.8610337,101.93402,-0.48343623,23461852.0,0.68085134,11.375336,0.05941043,0.8089134,3.3927438,0.05941043,0.3251001,0.05588083,0.9702948,0.9702948,-0.57118297,0.7442764,0.05941043,1.807483,0.6332108,1.0097554,0.8089134,1.3408637,1675.0062,0.16298707,1537.3623,0.15957434,0.39946857,3.4021258,301.34784,1147.1195,89.90489,0.62092394,5.22789,10.608696,0.08148804,150.75224,0.19286335,0.29479176,0.16738124,2.5163043,301.34784,1147.1195,89.90489,0.62092394,10.608696,0.19286335,0.29479176,0.16738124,,Dead
Data/images/Dead_cells_16.png,11,0.9659461,54.75798,58.898216,52.893253,187.63962,0.08352531,2247.0,0.8954341,2499.0,2283.0,0.89915967,0.2587435,53.48803,0.9842313,100.0,107.0,23973376.0,0.13402979,4.0,2.0118794,110.0,2.0664086,103.263016,103.0,99.0,11.0,1.9175382,103.29114,0.2651952,23973376.0,0.96331555,5.8084364,0.027347311,0.23607242,3.9316318,0.027347311,0.18090911,0.026599435,0.98632634,0.98632634,-0.096674204,0.15838107,0.027347311,1.9817685,0.9376023,0.25008288,0.23607242,0.5314283,1878.5763,0.11360447,2164.57,0.018342214,0.26401868,3.9439251,703.4779,2812.2124,176.29425,0.46238938,4.5724163,9.513274,0.050289273,308.0664,0.25966972,0.37201217,0.2315841,3.1504424,703.4779,2812.2124,176.29425,0.46238938,9.513274,0.25966972,0.37201217,0.2315841,,Dead
Data/images/Dead_cells_16.png,15,0.95368624,55.578007,60.216278,53.00398,193.88225,0.084683225,2290.0,0.87485725,2601.0,2341.0,0.8804306,0.30080318,53.997395,0.97821444,99.0,106.0,24081030.0,0.52835584,4.0,2.7127602,112.0,2.2480495,102.51004,102.0,96.0,16.0,1.7413146,102.54625,0.4705254,24081030.0,0.78933126,7.4245715,0.078782454,0.6316184,3.5953448,0.078782454,0.3978745,0.07257578,0.9606088,0.9606088,-0.3590165,0.56450665,0.078782454,1.8782454,0.71356326,0.8769149,0.6316184,1.2372696,1605.4244,0.21309358,1807.5686,0.10533438,0.33973798,3.641048,219.24138,859.9741,59.05819,0.5409483,4.858607,21.818966,0.101310045,121.81087,0.29058862,0.62704813,0.20647375,2.836207,219.24138,859.9741,59.05819,0.5409483,21.818966,0.29058862,0.62704813,0.20647375,,Dead
Data/images/Dead_cells_16.png,18,0.970357,55.748158,58.66856,54.09561,189.39697,0.080508806,2353.0,0.90781367,2652.0,2395.0,0.8872549,0.24167605,54.735115,0.9824635,98.0,109.0,25349430.0,0.7243542,4.0,12.839785,137.0,3.3419774,103.67531,103.0,94.0,43.0,2.211793,103.79421,2.1621666,25349430.0,0.7083233,24.668905,0.07130435,0.7635676,3.5247827,0.07130435,0.37077248,0.06622004,0.96434784,0.96434784,-0.51318216,0.7243071,0.07130435,1.8465217,0.6434854,1.0772597,0.76525444,1.3934886,1665.986,0.16912483,1666.6847,0.15087105,0.37193653,3.557586,253.65437,983.76495,71.65924,0.5433948,5.2265763,14.576036,0.0922227,136.07683,0.14449172,0.3112713,0.105580285,2.9493089,253.65437,983.76495,71.65924,0.5433948,14.576036,0.14449172,0.3112713,0.105580285,,Dead
Data/images/Dead_cells_16.png,20,0.9782836,54.410275,58.18075,53.228676,185.29646,0.08189899,2263.0,0.90998054,2601.0,2303.0,0.87004995,0.20727104,53.678123,0.9826313,99.0,105.0,23445804.0,0.6115517,3.0,7.652696,113.0,2.1623306,101.74149,102.0,85.0,28.0,1.5068007,101.78652,-0.6957239,23445804.0,0.74404204,9.164725,0.09226594,0.64290035,3.4966078,0.09226594,0.44398835,0.08375294,0.953867,0.953867,-0.36144012,0.5994169,0.09226594,1.8475803,0.6578712,1.0091279,0.64290035,1.3788878,1524.6332,0.23338968,1683.7671,0.12797898,0.36301368,3.5479453,183.6914,704.84766,53.402344,0.5605469,4.764766,27.5,0.11312417,105.54857,0.30920702,0.5868667,0.23979211,2.7578125,183.6914,704.84766,53.402344,0.5605469,27.5,0.30920702,0.5868667,0.23979211,,Dead
Data/images/Dead_cells_16.png,21,0.9039289,49.669357,51.0392,44.897568,165.63962,0.094732404,1749.0,0.894898,2162.0,1799.0,0.8089732,0.42768285,47.19,0.9722068,98.0,107.0,18464588.0,0.69749564,4.0,2.388554,111.0,2.6467307,102.69811,103.0,94.0,17.0,2.1384318,102.74836,-0.33882535,18464588.0,0.69455385,10.322815,0.055229142,0.80570775,3.457697,0.055229142,0.30820775,0.052178886,0.9723854,0.9723854,-0.57069373,0.727927,0.055229142,1.8284371,0.663563,0.9451538,0.80570775,1.2563694,1297.9606,0.15810849,1214.7748,0.15272306,0.39108062,3.4356775,347.15604,1349.5815,96.549644,0.6968085,4.6530514,10.219858,0.080617495,193.29048,0.19368696,0.35142815,0.15425166,2.212766,347.15604,1349.5815,96.549644,0.6968085,10.219858,0.19368696,0.35142815,0.15425166,,Dead
Data/images/Dead_cells_16.png,22,0.8805636,51.67561,54.589375,45.50366,176.02438,0.09637251,1827.0,0.86068046,2160.0,1886.0,0.84583336,0.473928,48.230785,0.96871686,99.0,107.0,19566596.0,0.4832332,4.0,2.422618,110.0,2.3063822,103.44992,104.0,96.0,14.0,1.9443258,103.48761,-0.18535154,19566596.0,0.8127725,7.799763,0.04227734,0.7731556,3.6668546,0.04227734,0.252638,0.040489964,0.97886133,0.97886133,-0.54282826,0.63807845,0.04227734,1.8959978,0.77313846,0.70170915,0.7731556,1.0516129,1417.7761,0.14785396,1484.9354,0.09361374,0.32840723,3.686371,449.46094,1757.0391,122.56641,0.5078125,4.968295,9.734375,0.07006021,245.72992,0.24194127,0.58772457,0.15549545,2.96875,449.46094,1757.0391,122.56641,0.5078125,9.734375,0.24194127,0.58772457,0.15549545,,Dead
Data/images/Dead_cells_16.png,23,0.9345525,50.285614,52.3259,46.994545,171.29646,0.09261771,1850.0,0.88998705,2304.0,1904.0,0.8029514,0.3558253,48.533424,0.9716387,97.0,105.0,18786232.0,0.9206204,4.0,4.220342,112.0,2.4612405,100.717834,101.0,88.0,24.0,1.7418499,100.77063,-0.20312239,18786232.0,0.55400497,10.637141,0.13055556,0.70637226,2.933889,0.13055556,0.55895984,0.1135108,0.93472224,0.93472224,-0.40546674,0.72472006,0.13055556,1.6663889,0.44185972,1.4646958,0.70637226,1.8722649,1073.321,0.25858292,1024.9092,0.22299752,0.5017567,2.992973,64.54737,214.05263,27.171053,0.61315787,4.6863976,22.43158,0.15405406,22.411327,0.19526753,0.41419074,0.14053673,2.5473685,64.54737,214.05263,27.171053,0.61315787,22.43158,0.19526753,0.41419074,0.14053673,,Dead
Data/images/Dead_cells_16.png,24,0.8605592,54.920464,58.249462,47.262314,182.36754,0.09003581,2026.0,0.8748297,2448.0,2092.0,0.82761437,0.50935036,50.7896,0.96845126,98.0,105.0,21045652.0,0.64468676,3.0,14.504329,127.0,2.2899659,101.85933,102.0,92.0,35.0,1.475699,101.92048,1.984606,21045652.0,0.733385,12.461455,0.0764557,0.7164257,3.5017722,0.0764557,0.3895658,0.070610225,0.96177214,0.96177214,-0.44804546,0.6632745,0.0764557,1.8453164,0.66192174,1.0039902,0.7185254,1.353847,1412.9072,0.19616944,1485.8381,0.1342313,0.36670506,3.5419545,200.9505,773.2871,57.91034,0.5456546,4.974644,14.495049,0.09970385,100.35555,0.21964225,0.38950354,0.1799272,2.861386,200.9505,773.2871,57.91034,0.5456546,14.495049,0.21964225,0.38950354,0.1799272,,Dead
Data/images/Dead_cells_16.png,57,0.93563014,34.510372,37.64306,32.288944,113.941124,0.13195266,864.0,0.9142303,960.0,880.0,0.9,0.35298195,33.16744,0.9818182,88.0,102.0,8007274.0,0.92172897,8.0,1.9787223,105.0,4.4325705,96.12963,97.0,86.0,19.0,3.6415448,96.26878,-0.4981433,8007274.0,0.55326486,26.772549,0.07803121,0.8184714,1.8991597,0.07803121,0.39520377,0.071942344,0.9609844,0.9609844,-0.56943744,0.7998009,0.07803121,1.3127251,0.49820143,1.2822047,0.8184714,1.6295257,571.1111,0.19135803,478.02084,0.22336757,0.7473958,2.0104167,153.54167,214.32292,138.34636,0.5078125,4.1650796,8.5625,0.11111111,72.541664,0.1431831,0.40424696,0.077917136,2.96875,153.54167,214.32292,138.34636,0.5078125,8.5625,0.1431831,0.40424696,0.077917136,,Dead
Data/images/Dead_cells_17.png,2,0.98121107,53.7476,58.412327,52.73774,188.56854,0.085888654,2196.0,0.8808509,2499.0,2252.0,0.8787515,0.19293736,52.877537,0.97513324,97.0,103.0,21660818.0,0.95593125,3.25,2.6156032,106.0,1.9712741,99.28689,99.0,92.0,14.0,1.5131254,99.31647,0.5817213,21660818.0,0.5302338,5.8748918,0.124067165,0.7368592,2.0797575,0.124067165,0.54093987,0.108674504,0.9379664,0.9379664,-0.44190454,0.75587225,0.124067165,1.380597,0.41983965,1.4933761,0.7368592,1.9138048,1326.1011,0.2722237,1164.3934,0.2348831,0.7172131,2.1311476,113.22642,202.09435,91.00944,0.6580189,4.6926727,32.761005,0.14480874,65.53827,0.2840615,0.7294849,0.17270565,2.3679245,113.22642,202.09435,91.00944,0.6580189,32.761005,0.2840615,0.7294849,0.17270565,,Dead
Data/images/Dead_cells_17.png,3,0.96807563,49.363815,51.42956,47.787907,170.71068,0.09240091,1848.0,0.89255804,2254.0,1896.0,0.8198758,0.25065824,48.507183,0.9746835,98.0,105.0,19014488.0,0.7495953,3.0,3.0516007,111.0,2.02252,101.40368,101.0,94.0,17.0,1.5770763,101.435814,0.24082185,19014488.0,0.6632653,6.518861,0.108574614,0.6691054,3.325167,0.108574614,0.49560153,0.096786164,0.9457127,0.9457127,-0.3780655,0.6531018,0.108574614,1.7931515,0.5750894,1.1927959,0.6691054,1.5822226,1151.3127,0.24888846,1225.7142,0.16836734,0.4107143,3.357143,114.34008,428.2834,35.85425,0.6204454,4.663527,21.761133,0.133658,58.36303,0.25216827,0.4115819,0.21231484,2.5182185,114.34008,428.2834,35.85425,0.6204454,21.761133,0.25216827,0.4115819,0.21231484,,Dead
Data/images/Dead_cells_17.png,4,0.9395162,52.718353,56.22277,49.529747,181.53911,0.089098945,2038.0,0.8814213,2400.0,2090.0,0.8491667,0.34250447,50.93979,0.9751196,90.0,112.0,21311084.0,0.9943611,12.0,2.6163487,126.0,6.858885,101.91119,103.0,83.0,43.0,5.146711,102.2588,0.060890984,21311084.0,0.52439904,70.971016,0.072040305,0.8497502,2.8901763,0.072040305,0.37349194,0.0668505,0.96397984,0.96397984,-0.6164555,0.8387359,0.072040305,1.6390429,0.46553242,1.3641561,0.85781324,1.6943291,1420.9794,0.17301305,1068.7252,0.24280597,0.5327527,2.8886163,182.14285,589.3929,80.41539,0.6666667,5.1771383,10.612245,0.09617272,74.0253,0.13224597,0.338808,0.10186397,2.4693878,182.14285,589.3929,80.41539,0.6666667,10.612245,0.13224597,0.338808,0.10186397,,Healthy
Data/images/Dead_cells_17.png,5,0.930222,53.661667,56.727417,49.91726,182.2254,0.086960346,2096.0,0.89051217,2448.0,2148.0,0.85620916,0.3669974,51.65956,0.97579145,95.0,106.0,21038388.0,0.99778944,6.0,2.4721742,111.0,3.308597,100.107346,100.0,90.0,21.0,2.6607568,100.18682,0.146155,21038388.0,0.5015315,15.917389,0.078277886,0.84280837,2.5562623,0.078277886,0.39608195,0.07215046,0.960861,0.960861,-0.60300726,0.8363945,0.078277886,1.5318004,0.42987207,1.3929137,0.84280837,1.764477,1444.751,0.18904056,1051.21,0.24923427,0.6042462,2.5830152,169.13208,469.83963,93.955185,0.6497642,5.10236,13.141509,0.10114504,71.38341,0.1794822,0.3603232,0.13427196,2.4009433,169.13208,469.83963,93.955185,0.6497642,13.141509,0.1794822,0.3603232,0.13427196,,Dead
Data/images/Dead_cells_17.png,6,0.98564607,53.44817,57.384666,52.680977,182.91168,0.08340706,2194.0,0.90757555,2450.0,2232.0,0.8955102,0.16882476,52.853455,0.9829749,97.0,102.0,21869410.0,0.9838174,2.0,3.0424669,105.0,1.5210581,99.81951,100.0,94.0,11.0,1.1323894,99.839,-0.017910177,21869410.0,0.5111749,3.8917615,0.2216519,0.5474695,2.6033597,0.2216519,0.7631723,0.17252234,0.88917404,0.88917404,-0.22970499,0.60336274,0.2216519,1.5713953,0.33767223,1.744169,0.5474695,2.2083824,1030.7402,0.3699075,1121.5178,0.24441254,0.568938,2.724248,29.292776,84.906845,15.389258,0.6093156,4.229583,71.456276,0.23974475,11.894678,0.3183411,0.7613294,0.20759404,2.5627377,29.292776,84.906845,15.389258,0.6093156,71.456276,0.3183411,0.7613294,0.20759404,,Dead
Data/images/Dead_cells_17.png,8,0.97718525,53.313946,56.82429,52.097603,185.98276,0.085686594,2171.0,0.88799834,2500.0,2220.0,0.8684,0.21238872,52.575687,0.9779279,99.0,105.0,22337608.0,0.6961514,3.0,2.8281152,108.0,1.8658096,101.408104,101.0,94.0,14.0,1.4569921,101.435135,0.29459375,22337608.0,0.6953485,5.4824586,0.12264151,0.58573276,3.396698,0.12264151,0.5369064,0.10760057,0.9386792,0.9386792,-0.29365212,0.57432896,0.12264151,1.8193396,0.596355,1.1629095,0.58573276,1.532703,1313.994,0.2652209,1509.6016,0.15232575,0.39060342,3.4375863,111.27653,428.73633,31.911575,0.62138265,4.581437,31.22508,0.14325196,62.546253,0.27441892,0.44011647,0.23299454,2.5144694,111.27653,428.73633,31.911575,0.62138265,31.22508,0.27441892,0.44011647,0.23299454,,Dead
Data/images/Dead_cells_17.png,9,0.9767949,54.722515,57.306194,53.452675,186.2254,0.08158834,2283.0,0.9094345,2600.0,2324.0,0.8780769,0.21417686,53.914803,0.982358,96.0,107.0,23645602.0,0.80585325,5.0,5.4880967,117.0,3.5967245,101.65046,102.0,78.0,39.0,2.3105564,101.77058,-0.8017002,23645602.0,0.62841773,24.434107,0.10044843,0.7187416,3.2515695,0.10044843,0.47041547,0.09035854,0.94977576,0.94977576,-0.43443698,0.7024521,0.10044843,1.7672646,0.55250216,1.2254435,0.7187416,1.5770075,1475.2452,0.22495164,1434.6776,0.18579115,0.43495402,3.260184,149.67148,564.25635,46.025272,0.67238265,4.7533064,22.37906,0.12133158,81.74294,0.22018422,0.30746758,0.19836338,2.3104694,149.67148,564.25635,46.025272,0.67238265,22.37906,0.22018422,0.30746758,0.19836338,,Dead
Data/images/Dead_cells_17.png,10,0.99396247,53.38422,57.801384,53.061913,184.2254,0.0832281,2214.0,0.90530556,2550.0,2255.0,0.8682353,0.109720476,53.093807,0.9818182,95.0,101.0,21261830.0,0.7917501,3.0,3.1182058,105.0,1.7845663,97.97019,98.0,90.0,15.0,1.3684523,97.99671,-0.040582806,21261830.0,0.6372558,5.197847,0.11702128,0.68197775,1.6706753,0.11702128,0.5207376,0.1033273,0.94148934,0.94148934,-0.38669515,0.67926586,0.11702128,1.243062,0.52870697,1.2907976,0.68197775,1.6881264,1360.7028,0.253809,1410.8844,0.18137209,0.82147694,1.7140921,121.63279,161.87213,111.57295,0.68524593,4.8106914,29.006557,0.13775972,68.93947,0.2539316,0.68604743,0.14590266,2.2590163,121.63279,161.87213,111.57295,0.68524593,29.006557,0.2539316,0.68604743,0.14590266,,Dead
Data/images/Dead_cells_17.png,11,0.93828577,58.76605,62.1289,55.139347,198.46803,0.07855453,2527.0,0.89778847,2860.0,2581.0,0.88356644,0.34586102,56.7228,0.9790779,93.0,105.0,24750808.0,0.98045665,6.0,3.5170298,118.0,3.8435931,98.84646,99.0,83.0,35.0,2.7722356,98.967384,0.38974062,24750808.0,0.51348513,23.92023,0.101296596,0.7927487,2.2244732,0.101296596,0.4730923,0.0910356,0.9493517,0.9493517,-0.5209626,0.80074483,0.101296596,1.4250405,0.42020226,1.4549675,0.7927487,1.8341966,1614.1294,0.21165915,1297.577,0.24325743,0.6865849,2.2536604,123.44013,256.8576,90.08576,0.6796116,5.0614586,20.792881,0.12227938,56.56055,0.16026513,0.3360152,0.11632761,2.2815535,123.44013,256.8576,90.08576,0.6796116,20.792881,0.16026513,0.3360152,0.11632761,,Dead
Data/images/Dead_cells_17.png,14,0.94644994,54.67236,57.245087,51.74465,193.58073,0.08779172,2206.0,0.8598983,2704.0,2273.0,0.8158284,0.32285056,52.997795,0.97052354,97.0,104.0,22167168.0,0.99771965,4.0,2.5761266,109.0,2.29595,100.204445,100.0,94.0,15.0,1.8221196,100.24261,0.4365881,22167168.0,0.5015798,7.6495,0.12802607,0.74293244,2.5302608,0.12802607,0.5519997,0.111635394,0.93598694,0.93598694,-0.4468424,0.7679914,0.12802607,1.5314245,0.3903396,1.5487292,0.74293244,1.9858592,1316.5059,0.29416683,1106.485,0.2492101,0.6039211,2.5843155,93.24324,218.40541,61.9527,0.6373874,4.542739,39.75075,0.15095195,49.357594,0.32156962,0.66698754,0.23521513,2.4504504,93.24324,218.40541,61.9527,0.6373874,39.75075,0.32156962,0.66698754,0.23521513,,Dead
Data/images/Dead_cells_17.png,16,0.93076956,46.73971,49.0408,43.503902,157.29646,0.099084385,1588.0,0.89793074,1935.0,1639.0,0.82067186,0.3656064,44.96559,0.96888345,99.0,104.0,16266858.0,0.7360555,3.0,2.6916666,107.0,1.6891326,101.18892,101.0,95.0,12.0,1.261956,101.21074,0.24048759,16266858.0,0.67148846,4.4164515,0.11997406,0.6287662,3.3320363,0.11997406,0.5292863,0.105580285,0.940013,0.940013,-0.33348092,0.61993355,0.11997406,1.7973411,0.57124317,1.2119162,0.6287662,1.6290482,964.57935,0.2868951,1066.3237,0.16425577,0.40538412,3.3784635,103.056274,385.69263,32.397186,0.6038961,4.4976935,26.653679,0.145466,55.79809,0.32249323,0.591125,0.25533527,2.5844157,103.056274,385.69263,32.397186,0.6038961,26.653679,0.32249323,0.591125,0.25533527,,Dead
Data/images/Dead_cells_17.png,18,0.99153596,52.245815,56.435802,51.803604,182.1249,0.08617218,2114.0,0.8948222,2450.0,2159.0,0.86285716,0.1298322,51.880905,0.97915703,96.0,104.0,21013026.0,0.99971527,4.0,4.520066,108.0,2.5880318,99.645226,99.0,83.0,25.0,2.002717,99.699234,-0.42484638,21013026.0,0.50019735,10.76628,0.10523763,0.7893523,2.4044616,0.10523763,0.48538196,0.09416267,0.9473812,0.9473812,-0.5144007,0.8014659,0.10523763,1.4856935,0.4062467,1.4847218,0.7893523,1.8714728,1328.5809,0.21810894,1057.4172,0.24990132,0.63245034,2.4701986,118.6171,268.2379,81.2119,0.60130113,5.0555477,20.17472,0.12724693,56.85737,0.17481895,0.45323148,0.10521582,2.5947955,118.6171,268.2379,81.2119,0.60130113,20.17472,0.17481895,0.45323148,0.10521582,,Dead
Data/images/Dead_cells_17.png,19,0.97823006,54.38682,58.249462,53.20282,187.39697,0.08286402,2262.0,0.8995818,2601.0,2311.0,0.8696655,0.20752348,53.666264,0.9787971,95.0,100.0,21362168.0,0.57055444,2.0,3.3461921,104.0,1.6079938,97.15738,97.0,92.0,12.0,1.1474656,97.17988,0.49080008,21362168.0,0.7666889,4.3722243,0.0800905,0.6471831,1.3515837,0.0800905,0.40249798,0.07367601,0.95995474,0.95995474,-0.37318358,0.58402646,0.0800905,1.130543,0.699321,0.9092691,0.6471831,1.2486677,1576.3086,0.20480378,1734.2502,0.116655566,0.8988727,1.4045093,276.42795,292.8428,272.32425,0.65611356,4.7222714,23.200872,0.10123784,178.85841,0.27677098,0.8162856,0.1418923,2.3755457,276.42795,292.8428,272.32425,0.65611356,23.200872,0.27677098,0.8162856,0.1418923,,Dead
Data/images/Dead_cells_17.png,20,0.93240577,54.41336,58.00862,50.735332,181.15433,0.08427743,2150.0,0.90724576,2448.0,2193.0,0.878268,0.3614131,52.32079,0.98039216,93.0,107.0,21689180.0,0.9849511,7.0,2.3389804,114.0,4.0410895,100.31767,100.0,90.0,24.0,3.231504,100.43899,0.0018182233,21689180.0,0.5103948,24.354431,0.08388942,0.8275859,2.7040038,0.08388942,0.4157377,0.07685199,0.9580553,0.9580553,-0.57784075,0.8234005,0.08388942,1.5819829,0.43659037,1.3944541,0.8275859,1.754493,1449.6362,0.18850492,1097.3489,0.2448026,0.57093024,2.716279,150.50877,457.693,73.71272,0.6809211,5.2147207,13.350877,0.10604651,61.58718,0.13519062,0.28296492,0.09824704,2.2763157,150.50877,457.693,73.71272,0.6809211,13.350877,0.13519062,0.28296492,0.09824704,,Dead
Data/images/Dead_cells_17.png,22,0.9855953,58.8261,62.433964,57.978725,198.2254,0.07459093,2658.0,0.92189676,2970.0,2700.0,0.8949495,0.16912107,58.174484,0.98444444,95.0,104.0,26596068.0,1.0440229,5.0,13.795285,136.0,3.368165,99.9082,100.0,84.0,52.0,2.272278,100.03022,1.950296,26596068.0,0.49737692,24.396389,0.10295813,0.80161685,2.640799,0.10295813,0.4783031,0.09235775,0.94852096,0.94852096,-0.5330953,0.81921583,0.10295813,1.5597388,0.40772882,1.5299944,0.8030966,1.898842,1714.283,0.22309867,1322.0278,0.2600173,0.5894052,2.6708052,150.47058,454.34985,74.75189,0.6499828,5.0267634,26.49226,0.12151994,82.752464,0.21749038,0.4802366,0.15258642,2.4551084,150.47058,454.34985,74.75189,0.6499828,26.49226,0.21749038,0.4802366,0.15258642,,Dead
Data/images/Dead_cells_17.png,23,0.87476957,53.23531,56.22277,46.568626,179.78175,0.09303066,1933.0,0.86680037,2352.0,1996.0,0.82185376,0.4845392,49.610203,0.9684369,96.0,102.0,18796844.0,0.8545753,3.0,4.092633,107.0,1.8943655,98.57682,99.0,90.0,17.0,1.1863238,98.61127,0.08309054,18796844.0,0.5973653,6.791434,0.15568544,0.61675906,1.7725824,0.15568544,0.6238871,0.13144748,0.9221573,0.9221573,-0.30751532,0.64094806,0.15568544,1.283475,0.46231863,1.4557784,0.61675906,1.8810313,1052.1764,0.30063355,1154.7072,0.20131734,0.7904811,1.8380755,69.49709,96.61919,62.716568,0.6664244,4.429841,41.534885,0.17796172,37.92184,0.2775647,0.7926975,0.1487815,2.3343024,69.49709,96.61919,62.716568,0.6664244,41.534885,0.2775647,0.7926975,0.1487815,,Dead
Data/images/Dead_cells_17.png,24,0.93842083,51.884033,54.20332,48.689056,172.46803,0.08717111,1979.0,0.91424865,2350.0,2019.0,0.8421277,0.3454943,50.19702,0.9801882,95.0,102.0,19280446.0,0.97337943,4.0,12.520882,107.0,2.2832005,98.64578,99.0,77.0,30.0,1.5458015,98.7042,-2.146406,19280446.0,0.5183382,11.529405,0.15707621,0.67589694,2.1586313,0.15707621,0.6272688,0.13240327,0.9214619,0.9214619,-0.3627498,0.7127661,0.15707621,1.4123899,0.3829478,1.6008023,0.67589694,2.0361528,1075.192,0.29819983,1025.7913,0.2408309,0.69681656,2.2127337,57.447594,120.184135,41.763454,0.66855526,4.6392236,35.322945,0.17837292,26.017752,0.25200242,0.62469685,0.1588288,2.325779,57.447594,120.184135,41.763454,0.66855526,35.322945,0.25200242,0.62469685,0.1588288,,Dead
Data/images/Dead_cells_17.png,25,0.9390109,55.76013,59.405388,52.35937,190.56854,0.08382166,2274.0,0.8869542,2548.0,2314.0,0.8924647,0.34388733,53.808426,0.98271394,95.0,103.0,22352776.0,0.99360216,4.0,7.6518497,121.0,2.4493911,99.088394,99.0,89.0,32.0,1.7688471,99.14493,0.59634894,22352776.0,0.5044281,11.208106,0.15353444,0.69061905,2.2935615,0.15353444,0.61861503,0.12996162,0.9232328,0.9232328,-0.3790154,0.727661,0.15353444,1.4567763,0.37377498,1.6122353,0.69061905,2.029864,1249.1144,0.28009567,1147.0695,0.24778596,0.66029024,2.358839,55.578682,117.13198,40.190357,0.6459391,4.6239986,37.52792,0.17326297,22.267618,0.20802778,0.47828463,0.14046356,2.4162436,55.578682,117.13198,40.190357,0.6459391,37.52792,0.20802778,0.47828463,0.14046356,,Dead
Data/images/Dead_cells_17.png,27,0.9472944,53.624664,56.0803,50.798347,176.81119,0.083068445,2129.0,0.9249793,2450.0,2164.0,0.8689796,0.32036436,52.064644,0.9838262,97.0,102.0,21125672.0,0.9991976,3.0,5.9407053,112.0,1.8677248,99.5829,99.0,94.0,18.0,1.2953271,99.61333,1.0294814,21125672.0,0.50055605,6.0599427,0.15480769,0.68997073,2.3677886,0.15480769,0.6217419,0.13084227,0.92259616,0.92259616,-0.3778353,0.7279852,0.15480769,1.4817308,0.36982527,1.6206021,0.68997073,2.0555344,1173.682,0.3040854,1065.6838,0.24972196,0.6375059,2.4499764,59.19946,134.78168,40.30391,0.61994606,4.665254,37.71698,0.17426021,26.268568,0.27274552,0.61523056,0.18712425,2.5202157,59.19946,134.78168,40.30391,0.61994606,37.71698,0.27274552,0.61523056,0.18712425,,Dead
Data/images/Dead_cells_17.png,28,0.8560583,58.15318,60.53924,49.78251,193.19595,0.08622895,2241.0,0.86851907,2800.0,2322.0,0.80035716,0.51687926,53.41657,0.96511626,95.0,107.0,23164500.0,0.95747226,6.0,7.2316146,135.0,4.0794697,101.51316,102.0,82.0,53.0,2.6567047,101.669464,0.6456577,23164500.0,0.5551629,31.758081,0.098488316,0.7788104,3.0453506,0.098488316,0.46418527,0.08878837,0.95075583,0.95075583,-0.50742924,0.783701,0.098488316,1.6946862,0.47680154,1.4007168,0.77887964,1.7553233,1431.5382,0.20837657,1244.12,0.22844833,0.49043086,3.066042,123.05861,428.8608,46.754578,0.6507937,5.0240083,19.637363,0.121820614,55.674355,0.15701942,0.30290574,0.12800953,2.4945054,123.05861,428.8608,46.754578,0.6507937,19.637363,0.15701942,0.30290574,0.12800953,,Dead
Data/images/Dead_cells_17.png,31,0.9560673,46.734085,51.088158,44.68093,173.63962,0.107750304,1613.0,0.8195421,1892.0,1677.0,0.852537,0.29314718,45.318157,0.96183664,70.0,117.0,15896323.0,1.5049461,14.0,3.1897316,132.0,12.177717,97.913826,100.0,54.0,78.0,7.9711866,99.273,-0.81898135,15896323.0,0.39672047,268.01178,0.1161455,0.8940595,6.2967453,0.1161455,0.51817876,0.10265572,0.94192725,0.94192725,-0.6220803,0.92103803,0.1161455,2.4097002,0.31592852,2.0886776,0.9179214,2.4139686,972.9008,0.24369958,639.9101,0.5409358,0.27408814,6.3899565,94.302635,591.7675,26.368391,0.23559332,5.207025,20.894737,0.14135152,44.253212,0.21550937,1.4310039,0.041549772,6.6666665,94.302635,591.7675,26.368391,0.23559332,20.894737,0.21550937,1.4310039,0.041549772,,Healthy
Data/images/Dead_cells_17.png,33,0.8439625,52.78271,43.185646,44.546627,249.2376,0.5607145,445.0,0.29986602,1560.0,1276.0,0.28525642,0.5364022,23.803185,0.3487461,100.0,105.0,4650390.0,0.20166498,2.0,3.0542562,108.0,1.4229718,102.211235,102.0,98.0,10.0,1.1204673,102.22678,0.5750469,4650390.0,0.9390582,3.1778512,0.026809651,0.43070817,3.9142091,0.026809651,0.17813095,0.026090894,0.98659515,0.98659515,-0.2316211,0.27050275,0.026809651,1.9758713,0.9268161,0.29007244,0.43070817,1.1523516,237.05394,0.26867315,417.8809,0.0304709,0.2735955,3.905618,73.86585,294.65854,18.667683,0.34146342,3.14814,14.219512,0.18426967,44.41538,0.18404448,0.48008037,0.11003551,3.6341465,73.86585,294.65854,18.667683,0.34146342,14.219512,0.18404448,0.48008037,0.11003551,,Dead
Data/images/Dead_cells_17.png,65,0.94783425,32.736446,35.805027,31.028725,109.941124,0.13996324,786.0,0.9036866,870.0,801.0,0.9034483,0.3187636,31.63489,0.9812734,86.0,101.0,7047200.0,0.7807073,9.0,1.9345222,104.0,4.799539,94.52417,96.0,84.0,20.0,3.9192085,94.68845,-0.43032405,7047200.0,0.6441285,31.08402,0.06878307,0.7909892,1.5886244,0.06878307,0.3613658,0.064051956,0.9656085,0.9656085,-0.54049796,0.7410719,0.06878307,1.207672,0.6068594,1.0756663,0.7909892,1.460188,542.3766,0.21091752,506.28497,0.17793576,0.8263359,1.6946565,192.21951,230.63414,182.61586,0.5335366,4.194138,7.804878,0.1043257,100.34027,0.2632136,0.9022271,0.10346024,2.8658535,192.21951,230.63414,182.61586,0.5335366,7.804878,0.2632136,0.9022271,0.10346024,,Dead
Data/images/Dead_cells_18.png,1,0.94815505,57.701653,60.74537,54.710117,193.98276,0.07883876,2461.0,0.9064701,2754.0,2506.0,0.8936093,0.31780806,55.97716,0.9820431,95.0,108.0,25403580.0,0.8078794,4.0,4.479259,123.0,3.403451,101.49167,101.0,85.0,38.0,2.4604104,101.59952,0.03538244,25403580.0,0.62714237,21.902918,0.09929372,0.7241276,3.2442875,0.09929372,0.46675277,0.08943448,0.95035315,0.95035315,-0.4410259,0.7075416,0.09929372,1.7646447,0.5506393,1.2272719,0.7241276,1.584241,1610.2645,0.22936402,1543.3973,0.18642882,0.43590003,3.2563999,153.00682,567.2628,49.442833,0.6672355,4.7707424,24.890785,0.11905729,82.45829,0.24852802,0.38883817,0.21345048,2.331058,153.00682,567.2628,49.442833,0.6672355,24.890785,0.24852802,0.38883817,0.21345048,,Dead
Data/images/Dead_cells_18.png,3,0.9755207,52.52282,56.603886,51.237095,177.74011,0.08465831,2100.0,0.91385525,2401.0,2136.0,0.8746356,0.21990779,51.708828,0.9831461,97.0,104.0,21129350.0,0.9491983,3.0,8.195531,121.0,2.8023157,100.216194,100.0,81.0,40.0,1.6243154,100.3075,-0.9095771,21129350.0,0.5347977,18.310404,0.14968309,0.67651844,2.834715,0.14968309,0.60904664,0.12727806,0.92515844,0.92515844,-0.36635342,0.706984,0.14968309,1.6365187,0.4099967,1.54467,0.67651844,1.9506721,1165.8438,0.27742767,1123.0752,0.23260114,0.5260714,2.8957143,66.74719,210.5028,30.808287,0.63132024,4.5789933,34.764046,0.1695238,31.950449,0.22389361,0.4144837,0.17624609,2.474719,66.74719,210.5028,30.808287,0.63132024,34.764046,0.22389361,0.4144837,0.17624609,,Dead
Data/images/Dead_cells_18.png,4,0.9392343,57.414158,60.827625,53.92535,192.71068,0.07988007,2413.0,0.9035097,2808.0,2463.0,0.8593305,0.34327665,55.428577,0.97969955,97.0,104.0,24392908.0,0.92972046,3.0,2.7160873,107.0,2.1315553,100.50767,100.0,92.0,15.0,1.5870601,100.5433,-0.048763875,24392908.0,0.5479178,7.163327,0.15169491,0.662729,2.8995762,0.15169491,0.61406565,0.12868357,0.92415255,0.92415255,-0.35195553,0.69210094,0.15169491,1.6584746,0.42154482,1.5265357,0.662729,1.9500252,1346.041,0.30086273,1322.1256,0.22604112,0.50891006,2.9643598,67.18978,219.89052,29.014599,0.6259124,4.5673347,42.742092,0.1703274,32.720596,0.27774605,0.55349267,0.2088094,2.4963503,67.18978,219.89052,29.014599,0.6259124,42.742092,0.27774605,0.55349267,0.2088094,,Dead
Data/images/Dead_cells_18.png,6,0.964306,55.292866,59.665737,53.31924,186.56854,0.0814532,2291.0,0.9093512,2550.0,2323.0,0.89843136,0.26479045,54.009182,0.9862247,96.0,107.0,23550792.0,0.93660253,6.0,4.839359,125.0,3.5094771,101.28546,101.0,87.0,38.0,2.5466008,101.388855,0.54588443,23550792.0,0.5462422,20.954739,0.1165699,0.741168,2.9236267,0.1165699,0.5194201,0.10298136,0.94171506,0.94171506,-0.4498634,0.75298524,0.1165699,1.6603395,0.44776148,1.4420424,0.74231344,1.8138973,1398.5828,0.2317546,1251.4408,0.2273333,0.5101969,2.9611523,95.00639,313.11182,40.48358,0.64013135,4.914098,22.846645,0.13662156,41.431473,0.1760922,0.3522214,0.13560978,2.453674,95.00639,313.11182,40.48358,0.64013135,22.846645,0.1760922,0.3522214,0.13560978,,Dead
Data/images/Dead_cells_18.png,9,0.9598792,52.11323,55.605755,50.022408,176.91168,0.087558374,2021.0,0.90069515,2256.0,2055.0,0.8958333,0.28041378,50.726887,0.983455,94.0,108.0,20439948.0,1.0010396,7.0,5.715674,126.0,4.4424,100.37952,100.0,73.0,53.0,3.0833137,100.56729,-0.50152814,20439948.0,0.5088131,37.73276,0.12728195,0.74249065,6.8235292,0.12728195,0.54993653,0.11108125,0.93635905,0.93635905,-0.44488406,0.7673499,0.12728195,2.5768256,0.40065673,1.5533164,0.74558413,1.931973,1189.857,0.24634852,1028.3113,0.24792719,0.17134325,6.857991,74.49,540.4133,11.892615,0.18956019,4.8698816,23.713333,0.14844136,29.107323,0.18027475,0.9570457,0.043445174,6.3533335,74.49,540.4133,11.892615,0.18956019,23.713333,0.18027475,0.9570457,0.043445174,,Dead
Data/images/Dead_cells_18.png,11,0.9785467,54.08964,56.435802,52.92924,182.2254,0.08147793,2237.0,0.91998446,2550.0,2269.0,0.8772549,0.20602518,53.368874,0.9858969,96.0,102.0,21913360.0,0.9514617,2.0,3.937325,108.0,1.9264541,98.93831,99.0,90.0,18.0,1.2244813,98.97409,-0.058272343,21913360.0,0.5332652,7.0806828,0.15423341,0.6703407,2.042563,0.15423341,0.6203338,0.13044547,0.9228833,0.9228833,-0.35838422,0.7035507,0.15423341,1.3732265,0.40169755,1.5646524,0.6703407,2.006123,1238.9812,0.31355456,1192.9142,0.23336741,0.7217255,2.113098,66.18766,124.52185,51.604115,0.6471722,4.568871,46.02828,0.1738936,33.11777,0.30950257,0.7914959,0.18900421,2.4113111,66.18766,124.52185,51.604115,0.6471722,46.02828,0.30950257,0.7914959,0.18900421,,Dead
Data/images/Dead_cells_18.png,14,0.8884,57.401844,59.093147,50.9958,182.56854,0.079916194,2285.0,0.92805684,2592.0,2322.0,0.88155866,0.45907018,53.93841,0.9840655,98.0,105.0,23387500.0,0.87669605,4.0,2.6711838,109.0,2.2608852,101.13042,101.0,93.0,16.0,1.7031378,101.16931,0.28849345,23387500.0,0.5830036,7.869206,0.10712685,0.7392619,3.0797849,0.10712685,0.49118838,0.09565069,0.9464366,0.9464366,-0.45349944,0.73798203,0.10712685,1.7111161,0.49348933,1.3412415,0.7392619,1.7262067,1446.8783,0.23882595,1332.1632,0.2084982,0.47221008,3.1111598,119.88055,425.12286,43.569965,0.6390785,4.8287067,23.341297,0.12822758,59.06184,0.23442565,0.44536707,0.18169029,2.443686,119.88055,425.12286,43.569965,0.6390785,23.341297,0.23442565,0.44536707,0.18169029,,Dead
Data/images/Dead_cells_18.png,15,0.9268043,54.253754,55.470715,50.28261,186.99495,0.08748302,2138.0,0.87645197,2597.0,2200.0,0.8232576,0.3755447,52.174572,0.9718182,94.0,109.0,21701024.0,0.9988862,8.0,2.2728736,113.0,4.513717,100.60337,100.0,88.0,25.0,3.650948,100.74796,0.32842544,21701024.0,0.5007718,29.113964,0.041346155,0.9171526,2.5442307,0.041346155,0.24843058,0.03963665,0.9793269,0.9793269,-0.75129175,0.88147223,0.041346155,1.5216346,0.46129945,1.2470213,0.9171526,1.590423,1663.247,0.13433343,1070.6501,0.24961409,0.6102666,2.5589335,324.04166,890.4375,182.4427,0.640625,5.0677567,8.222222,0.06735267,103.60166,0.16480623,0.380305,0.110931545,2.4375,324.04166,890.4375,182.4427,0.640625,8.222222,0.16480623,0.380305,0.110931545,,Dead
Data/images/Dead_cells_18.png,17,0.883222,58.92105,62.482,52.040367,195.29646,0.08214362,2378.0,0.88505614,2754.0,2429.0,0.8634713,0.46895516,55.02512,0.9790037,97.0,102.0,23346400.0,0.94195473,2.0,4.3674326,108.0,1.5515975,99.06224,99.0,91.0,17.0,1.1134703,99.084114,0.608778,23346400.0,0.5396913,4.335067,0.14550151,0.6840295,2.0055962,0.14550151,0.59846735,0.12433082,0.92724925,0.92724925,-0.37564942,0.712263,0.14550151,1.359449,0.41517836,1.5305035,0.6840295,1.953979,1343.0867,0.2885633,1283.386,0.23015432,0.730656,2.077376,74.96183,123.52672,62.82061,0.64122134,4.6353574,40.7201,0.16526493,38.348557,0.2660936,0.72959274,0.15021884,2.4351146,74.96183,123.52672,62.82061,0.64122134,40.7201,0.2660936,0.72959274,0.15021884,,Dead
Data/images/Dead_cells_18.png,19,0.9655006,52.821384,55.470715,50.99908,177.98276,0.084612675,2104.0,0.9134784,2400.0,2137.0,0.87666667,0.26040077,51.758053,0.9845578,97.0,103.0,20881368.0,1.0135882,3.0,20.755484,109.0,2.3045843,99.55086,100.0,70.0,39.0,1.3856428,99.62231,-3.1614945,20881368.0,0.5071966,14.231254,0.1471018,0.70781505,6.7900634,0.1471018,0.6025398,0.12546286,0.9264491,0.9264491,-0.39906073,0.7444975,0.1471018,2.571359,0.38438064,1.6208676,0.7079062,2.0237303,1173.693,0.275238,1067.1416,0.25209904,0.17321505,6.8441067,57.76204,425.74506,9.068146,0.18988039,4.7570977,31.15864,0.16777566,22.236387,0.2115452,1.2643124,0.04357979,6.368272,57.76204,425.74506,9.068146,0.18988039,31.15864,0.2115452,1.2643124,0.04357979,,Dead
Data/images/Dead_cells_18.png,24,0.9082695,56.262974,58.137768,51.101944,183.53911,0.08159107,2250.0,0.9160503,2704.0,2303.0,0.8321006,0.41838554,53.523724,0.9769865,96.0,104.0,22507866.0,0.99485004,4.0,3.342199,113.0,2.583672,99.96178,100.0,92.0,21.0,1.7949554,100.01748,0.3329462,22507866.0,0.50356543,11.138984,0.13193813,0.7346825,2.544586,0.13193813,0.56272966,0.11453046,0.93403095,0.93403095,-0.43565443,0.7616851,0.13193813,1.5368516,0.38818565,1.5582101,0.7346825,1.9715806,1318.032,0.26491734,1133.0222,0.24821728,0.5933333,2.6266668,84.22222,205.34503,53.94152,0.59429824,4.794381,31.05848,0.152,40.939674,0.2319893,0.531435,0.15712787,2.622807,84.22222,205.34503,53.94152,0.59429824,31.05848,0.2319893,0.531435,0.15712787,,Dead
Data/images/Dead_cells_19.png,1,0.9450969,55.54253,58.728188,52.493076,193.29646,0.08500284,2275.0,0.8745331,2652.0,2342.0,0.85784316,0.3267902,53.820255,0.971392,97.0,105.0,23121818.0,0.9076962,3.0,2.8719614,109.0,2.232994,100.77363,100.0,93.0,16.0,1.7312163,100.81387,0.36804008,23121818.0,0.56260353,8.112711,0.15810812,0.6307993,2.9891891,0.15810812,0.62976426,0.13310993,0.92094594,0.92094594,-0.3193188,0.6595091,0.15810812,1.6894144,0.43864572,1.5022739,0.6307993,1.9191875,1240.2905,0.31128722,1279.9231,0.21869822,0.4923077,3.0307693,65.62808,228.86946,24.817734,0.6582512,4.446858,45.123154,0.17846154,34.229446,0.28740785,0.486308,0.2376828,2.366995,65.62808,228.86946,24.817734,0.6582512,45.123154,0.28740785,0.486308,0.2376828,,Dead
Data/images/Dead_cells_19.png,2,0.9628872,58.552765,61.554855,56.379707,202.36754,0.07872692,2571.0,0.88812256,2968.0,2641.0,0.8662399,0.26990405,57.2145,0.9734949,97.0,103.0,25397706.0,0.95886743,3.0,3.2611976,108.0,1.8571483,99.36289,99.0,93.0,15.0,1.4016949,99.39081,0.6769691,25397706.0,0.52823895,5.5474215,0.109474525,0.7678507,2.0875797,0.109474525,0.49832892,0.09748985,0.94526273,0.94526273,-0.48557788,0.7783415,0.109474525,1.3807724,0.43094063,1.4517033,0.7678507,1.8571441,1630.723,0.25299087,1358.1023,0.23588054,0.714119,2.143524,138.30838,253.90718,109.40868,0.63847303,4.885467,33.413174,0.12991054,79.05527,0.28794447,0.7497797,0.17248568,2.4461079,138.30838,253.90718,109.40868,0.63847303,33.413174,0.28794447,0.7497797,0.17248568,,Dead
Data/images/Dead_cells_19.png,4,0.9006736,56.376633,58.5235,50.776947,182.08327,0.081816785,2226.0,0.9184356,2444.0,2259.0,0.91080195,0.43449628,53.2375,0.9853918,95.0,105.0,22271310.0,0.98839194,4.0,5.855044,120.0,3.2475545,99.918236,100.0,79.0,41.0,1.9863795,100.0254,-0.4469362,22271310.0,0.5080245,21.426378,0.13661453,0.7221955,2.624195,0.13661453,0.57530344,0.117951006,0.9316927,0.9316927,-0.4196812,0.7507814,0.13661453,1.5641674,0.3902839,1.561492,0.7221955,1.9797596,1285.9093,0.27184647,1130.8625,0.24598776,0.57749325,2.690027,71.88538,202.95702,39.117477,0.6217765,4.7966943,30.547277,0.15678346,31.203651,0.2338491,0.5097572,0.16487208,2.512894,71.88538,202.95702,39.117477,0.6217765,30.547277,0.2338491,0.5097572,0.16487208,,Dead
Data/images/Dead_cells_19.png,5,0.9735009,53.170547,56.302753,51.761578,181.98276,0.084781155,2147.0,0.9024853,2450.0,2190.0,0.8763265,0.2286831,52.284275,0.9803653,97.0,102.0,21211758.0,0.98481095,2.0,4.284464,109.0,1.6594027,99.37215,99.0,93.0,16.0,1.1171836,99.39678,0.5349632,21211758.0,0.51049125,4.895973,0.1790831,0.6323105,2.1690545,0.1790831,0.6780671,0.14701234,0.91045845,0.91045845,-0.31318742,0.6776092,0.1790831,1.419532,0.36593786,1.6551601,0.6323105,2.1193354,1111.3168,0.3533844,1096.0247,0.24475439,0.67932,2.28272,51.824768,104.33878,38.696262,0.60221964,4.447101,57.5,0.19934793,26.660948,0.3443703,0.9748698,0.18674542,2.5911214,51.824768,104.33878,38.696262,0.60221964,57.5,0.3443703,0.9748698,0.18674542,,Dead
Data/images/Dead_cells_19.png,7,0.9744779,52.035587,54.56189,50.70753,179.78175,0.08708246,2065.0,0.895915,2450.0,2116.0,0.8428571,0.22448355,51.27611,0.9758979,97.0,103.0,20688936.0,0.9932906,4.0,2.1389256,106.0,2.0539253,100.06441,100.0,95.0,11.0,1.6216657,100.09423,0.04843719,20688936.0,0.5046434,5.9692173,0.10746269,0.7826104,2.6059701,0.10746269,0.4922149,0.09591446,0.9462687,0.9462687,-0.5047185,0.79533,0.10746269,1.5532339,0.40975323,1.4830319,0.7826104,1.8913916,1291.9191,0.23909995,1042.0886,0.2476783,0.588862,2.644552,110.98524,301.41327,63.378227,0.6457565,4.89816,21.560886,0.13123487,52.921963,0.22441128,0.4956033,0.15661328,2.416974,110.98524,301.41327,63.378227,0.6457565,21.560886,0.22441128,0.4956033,0.15661328,,Dead
Data/images/Dead_cells_19.png,8,0.9138071,46.260418,47.759815,42.273098,156.36754,0.10203428,1533.0,0.88748,1978.0,1588.0,0.77502525,0.40614852,44.180042,0.96536523,96.0,103.0,15040722.0,0.9773388,4.0,2.4784572,107.0,2.075751,99.01892,99.0,93.0,14.0,1.731575,99.052,0.11216919,15040722.0,0.5156252,6.553458,0.1391129,0.7151449,2.201613,0.1391129,0.58191085,0.119760506,0.9304435,0.9304435,-0.41091138,0.74447227,0.1391129,1.4237231,0.39187583,1.5623071,0.7151449,1.9560049,858.89435,0.2493812,790.45337,0.24218743,0.6912916,2.2348337,62.551586,139.0873,43.41766,0.6904762,4.4817343,26.968254,0.16438356,25.544643,0.14369962,0.37614614,0.085587986,2.2380953,62.551586,139.0873,43.41766,0.6904762,26.968254,0.14369962,0.37614614,0.085587986,,Dead
Data/images/Dead_cells_19.png,10,0.9497897,52.845016,55.97321,50.191654,178.46803,0.0863207,2068.0,0.9031653,2401.0,2110.0,0.8613078,0.3128889,51.313347,0.9800948,95.0,105.0,20635840.0,0.99211603,4.0,7.04274,112.0,3.1650825,99.79449,100.0,76.0,36.0,2.1124182,99.89317,-1.1555308,20635840.0,0.5054548,19.706797,0.13683689,0.72293955,2.597422,0.13683689,0.5758946,0.11811256,0.93158156,0.93158156,-0.4203922,0.75193846,0.13683689,1.5552801,0.38799924,1.5656512,0.72293955,1.9739261,1184.5067,0.2607225,1045.2805,0.24727261,0.5858317,2.6566732,67.633026,180.75229,39.35321,0.6330275,4.6770473,28.516819,0.15812379,27.63804,0.19509974,0.38183695,0.14841543,2.46789,67.633026,180.75229,39.35321,0.6330275,28.516819,0.19509974,0.38183695,0.14841543,,Dead
Data/images/Dead_cells_19.png,11,0.9274466,56.22096,61.220913,52.141937,187.74011,0.082360215,2280.0,0.901504,2548.0,2316.0,0.89481944,0.37395567,53.879368,0.98445594,97.0,104.0,23068052.0,0.90265614,3.0,2.8651826,108.0,2.0373003,100.55307,101.0,93.0,15.0,1.5689441,100.58611,0.004052057,23068052.0,0.5659418,6.6463065,0.11545373,0.72978514,3.0143754,0.11545373,0.51615,0.10212416,0.94227314,0.94227314,-0.43836907,0.73666716,0.11545373,1.6907008,0.47060943,1.3935415,0.72978514,1.7971256,1422.0535,0.26943597,1290.3474,0.21702908,0.48881578,3.0447369,123.79421,427.30548,47.916397,0.65032154,4.7460513,34.26045,0.13640352,70.04787,0.3120105,0.6241222,0.23398255,2.3987138,123.79421,427.30548,47.916397,0.65032154,34.26045,0.3120105,0.6241222,0.23398255,,Dead
Data/images/Dead_cells_19.png,12,0.91675586,56.308758,59.682495,51.621387,186.2254,0.08194737,2273.0,0.9074401,2652.0,2325.0,0.857089,0.39944792,53.796593,0.97763443,92.0,104.0,21970272.0,0.9711561,6.0,4.282262,109.0,3.6507676,98.200615,99.0,76.0,33.0,2.6478734,98.3146,-0.61285937,21970272.0,0.5198595,22.39882,0.102206215,0.7861744,2.1341739,0.102206215,0.47595036,0.09176011,0.9488969,0.9488969,-0.5121491,0.79308933,0.102206215,1.3950922,0.43025115,1.4402505,0.7861744,1.8196375,1454.0823,0.21778102,1181.6405,0.24007027,0.69973606,2.2010558,117.451614,231.0215,89.05914,0.6075269,5.038529,19.408602,0.12274527,51.078762,0.1791638,0.56589264,0.08248158,2.5698924,117.451614,231.0215,89.05914,0.6075269,19.408602,0.1791638,0.56589264,0.08248158,,Dead
Data/images/Dead_cells_19.png,14,0.9271866,57.275913,61.05735,53.105457,190.08327,0.080288604,2368.0,0.9074152,2652.0,2421.0,0.892911,0.37459975,54.9093,0.9781082,95.0,106.0,23556560.0,0.99318415,5.0,3.6741025,118.0,3.3229733,99.64696,99.0,87.0,31.0,2.4170744,99.73902,0.6808056,23556560.0,0.50471693,18.355093,0.1187392,0.76025885,2.294905,0.1187392,0.52572584,0.10464021,0.9406304,0.9406304,-0.47159326,0.7798093,0.1187392,1.4514248,0.4000789,1.5179846,0.76025885,1.9087881,1440.1183,0.23537867,1195.1698,0.24764152,0.66142315,2.3543074,89.31499,188.37003,64.55122,0.63073397,4.8979077,26.724771,0.13809122,36.874355,0.17437103,0.40561017,0.11656125,2.4770641,89.31499,188.37003,64.55122,0.63073397,26.724771,0.17437103,0.40561017,0.11656125,,Dead
Data/images/Dead_cells_19.png,15,0.90995854,52.737812,54.20332,47.98922,174.46803,0.087959684,1984.0,0.90490955,2397.0,2034.0,0.8277013,0.41469926,50.260395,0.9754179,97.0,103.0,19771668.0,0.99994063,3.0,9.097243,117.0,2.1209362,99.78125,100.0,92.0,25.0,1.3665954,99.827644,1.6692096,19771668.0,0.5000411,9.260616,0.16140714,0.6769608,2.4588723,0.16140714,0.6376653,0.13535488,0.91929644,0.91929644,-0.36211106,0.71772015,0.16140714,1.5131919,0.36499318,1.6370664,0.6769608,2.0542512,1061.3347,0.28444389,992.08167,0.24997942,0.62159777,2.513609,50.45179,131.35262,30.226583,0.65909094,4.573199,35.093662,0.18296371,20.579393,0.20981844,0.4527992,0.14907324,2.3636363,50.45179,131.35262,30.226583,0.65909094,35.093662,0.20981844,0.4527992,0.14907324,,Dead
Data/images/Dead_cells_19.png,17,0.9499129,55.056465,58.821766,52.29885,186.81119,0.08311955,2248.0,0.8996051,2600.0,2299.0,0.8646154,0.31251466,53.49993,0.97781646,96.0,102.0,22074996.0,0.9858801,4.0,7.9599013,119.0,2.1670916,99.05293,99.0,89.0,30.0,1.524758,99.0951,0.9704227,22074996.0,0.5097552,8.354404,0.13211845,0.7314869,2.244647,0.13211845,0.56321955,0.11466317,0.93394077,0.93394077,-0.43200317,0.7578354,0.13211845,1.436902,0.39329955,1.5499359,0.7314869,1.9633307,1312.9867,0.26274917,1145.9297,0.24512239,0.6773799,2.2904804,73.586006,156.37027,52.889942,0.6654519,4.801849,28.953352,0.15258007,30.631931,0.21731333,0.47669968,0.15246674,2.3381925,73.586006,156.37027,52.889942,0.6654519,28.953352,0.21731333,0.47669968,0.15246674,,Dead
Data/images/Dead_cells_19.png,19,0.9102358,57.05771,61.611687,51.93597,187.74011,0.08146675,2305.0,0.90643406,2650.0,2350.0,0.8698113,0.41409028,54.173954,0.98085105,95.0,101.0,22094444.0,0.72881544,2.0,17.161884,124.0,1.9352741,97.85727,98.0,83.0,41.0,1.2488912,97.905266,1.0751646,22094444.0,0.6758592,9.396981,0.11101244,0.6551479,1.5492895,0.11101244,0.50296223,0.09868867,0.9444938,0.9444938,-0.3630158,0.6397695,0.11101244,1.2015985,0.57939816,1.1869998,0.6551479,1.5681725,1450.1072,0.2501859,1557.8556,0.16207038,0.84739697,1.6104121,140.0165,167.78877,133.07343,0.65346533,4.755984,28.610561,0.13145337,82.14609,0.26828724,0.85521936,0.12155421,2.3861387,140.0165,167.78877,133.07343,0.65346533,28.610561,0.26828724,0.85521936,0.12155421,,Dead
Data/images/Dead_cells_19.png,20,0.9345149,52.799145,54.230988,49.341583,174.56854,0.08571988,2037.0,0.91639173,2350.0,2077.0,0.86680853,0.3559241,50.92729,0.98074144,96.0,104.0,20352448.0,0.99644214,4.0,4.558073,111.0,2.5361712,99.90083,100.0,84.0,27.0,1.8384241,99.95691,-0.16397311,20352448.0,0.5024641,11.206661,0.12682436,0.74531084,2.532461,0.12682436,0.5486642,0.11073994,0.9365878,0.9365878,-0.45014337,0.7697184,0.12682436,1.5319577,0.39130265,1.5452863,0.74531084,1.9570199,1205.5989,0.25768545,1023.5194,0.24876794,0.59867454,2.6053019,85.26159,203.29471,55.75331,0.60513246,4.8192697,25.059603,0.14825724,39.766117,0.21742809,0.47735548,0.15244626,2.5794702,85.26159,203.29471,55.75331,0.60513246,25.059603,0.21742809,0.47735548,0.15244626,,Dead
Data/images/Dead_cells_19.png,21,0.93453056,56.734734,61.05735,53.02034,186.81119,0.079850905,2340.0,0.91783285,2600.0,2373.0,0.9,0.35588288,54.583702,0.9860936,92.0,102.0,22505116.0,0.9621009,3.0,4.289887,108.0,2.7704725,97.99658,99.0,84.0,24.0,1.863411,98.069214,-1.0432795,22505116.0,0.52603877,14.241014,0.1464801,0.6897425,2.0725842,0.1464801,0.6009612,0.12502368,0.92675996,0.92675996,-0.38105017,0.7201735,0.1464801,1.3819414,0.40285197,1.5532231,0.6897425,1.9926403,1335.9932,0.317376,1230.9308,0.2369806,0.71057695,2.1576922,92.77835,160.82732,75.766106,0.619201,4.6038146,52.015465,0.16581197,56.40626,0.34984595,0.93569857,0.20338278,2.523196,92.77835,160.82732,75.766106,0.619201,52.015465,0.34984595,0.93569857,0.20338278,,Dead
Data/images/Dead_cells_19.png,22,0.9353821,60.52503,63.631752,56.61403,197.74011,0.07449242,2655.0,0.9236374,2912.0,2680.0,0.91174453,0.35363868,58.141647,0.99067163,94.0,104.0,26305512.0,1.0467697,5.0,20.319742,152.0,3.6690094,99.369865,99.0,84.0,68.0,2.1788306,99.538506,2.7181864,26305512.0,0.49780402,33.5438,0.1439015,0.7284613,2.3409004,0.1439015,0.594366,0.12319386,0.92804927,0.92804927,-0.4253382,0.7680571,0.1439015,1.4655637,0.3774046,1.6500124,0.77765554,2.0443661,1507.1658,0.27172554,1321.6697,0.264579,0.65585375,2.4101696,68.397675,149.63489,48.21773,0.6187016,4.8730526,38.627907,0.16195858,30.27423,0.21249321,0.6352616,0.12472748,2.639535,68.397675,149.63489,48.21773,0.6187016,38.627907,0.21249321,0.6352616,0.12472748,,Dead
Data/images/Dead_cells_19.png,23,0.9600492,53.46407,56.0803,51.328136,178.08327,0.083197035,2141.0,0.9209572,2448.0,2181.0,0.8745915,0.2798313,52.211166,0.98165977,97.0,100.0,20804686.0,0.8088633,1.0,3.189077,103.0,1.1364615,98.56609,99.0,94.0,9.0,0.84610283,98.57624,-0.21909034,20804686.0,0.6265226,2.0008867,0.15885167,0.57171285,1.6583732,0.15885167,0.6315553,0.13361782,0.9205742,0.9205742,-0.2675824,0.59155345,0.15885167,1.245933,0.49548224,1.3941947,0.57171285,1.8222265,1173.5063,0.32972583,1341.3849,0.1867387,0.8136385,1.7454461,72.01828,96.55091,65.88512,0.6396867,4.388033,50.498695,0.17888837,40.769302,0.3407402,1.0493225,0.16359465,2.4412532,72.01828,96.55091,65.88512,0.6396867,50.498695,0.3407402,1.0493225,0.16359465,,Dead
Data/images/Dead_cells_19.png,25,0.987307,54.00312,57.982758,53.317657,189.05382,0.08422982,2245.0,0.8883401,2550.0,2291.0,0.88039213,0.15882339,53.46422,0.97992146,99.0,108.0,24295520.0,0.52884847,4.0,2.5605512,110.0,2.6244652,103.97996,105.0,95.0,15.0,2.1260135,104.02912,-0.63094866,24295520.0,0.7890709,10.227215,0.03607306,0.8084752,3.66621,0.03607306,0.22398807,0.034771793,0.98196346,0.98196346,-0.5943751,0.6621526,0.03607306,1.8947488,0.7768815,0.6823236,0.8084752,0.9576456,1795.5818,0.12027044,1771.4641,0.105464555,0.33986637,3.6405346,634.06714,2508.7986,165.38432,0.6865672,4.42345,10.208955,0.059688196,353.37964,0.18460698,0.2666608,0.16409354,2.2537313,634.06714,2508.7986,165.38432,0.6865672,10.208955,0.18460698,0.2666608,0.16409354,,Dead
Data/images/Dead_cells_19.png,27,0.9221883,54.20417,58.60034,49.98645,184.95332,0.08771796,2109.0,0.8800951,2400.0,2152.0,0.87875,0.38674116,51.819515,0.9800186,98.0,103.0,21440364.0,0.7549561,2.0,3.255904,106.0,1.4501337,100.81033,101.0,95.0,11.0,1.119139,100.82722,-0.5892513,21440364.0,0.6599918,3.4035726,0.08483666,0.7435653,3.330083,0.08483666,0.4189963,0.07763941,0.95758164,0.95758164,-0.4719152,0.708931,0.08483666,1.7908337,0.59152913,1.1306087,0.7435653,1.5169393,1460.0536,0.24936728,1391.9227,0.1700041,0.4128734,3.3485065,200.40086,742.89655,64.77694,0.625,4.470996,35.58621,0.11000474,117.76336,0.3903006,0.7941633,0.28933495,2.5,200.40086,742.89655,64.77694,0.625,35.58621,0.3903006,0.7941633,0.28933495,,Dead
Data/images/Dead_cells_19.png,28,0.9075349,34.75245,36.619667,31.53906,111.84062,0.13088429,855.0,0.92653406,992.0,874.0,0.86189514,0.41997674,32.99424,0.9782609,80.4,100.0,7277079.0,0.6235702,12.0,2.018135,104.0,6.001313,91.98714,94.0,78.0,26.0,4.6930876,92.25619,-0.4611195,7277079.0,0.73728395,49.570595,0.06075334,0.741624,1.3778858,0.06075334,0.33042818,0.057062373,0.9696233,0.9696233,-0.48771292,0.65473264,0.06075334,1.1360875,0.70780224,0.8679013,0.741624,1.253437,614.3357,0.21116105,630.3778,0.13135803,0.8833333,1.4666667,232.81708,260.58536,225.875,0.5792683,3.8997078,10.926829,0.09590644,124.098305,0.3395222,1.1271902,0.14260522,2.682927,232.81708,260.58536,225.875,0.5792683,10.926829,0.3395222,1.1271902,0.14260522,,Healthy
Data/images/Dead_cells_19.png,29,0.91349155,51.947132,53.851646,47.45327,175.53911,0.09097648,1930.0,0.88706094,2350.0,1983.0,0.8212766,0.40685764,49.57169,0.9732728,95.0,104.0,18981088.0,1.0822947,5.0,20.422308,109.0,3.2199178,99.02746,100.0,62.0,47.0,2.0425048,99.170364,-3.3629003,18981088.0,0.49174905,28.32308,0.12393617,0.77619135,6.605319,0.12393617,0.54057044,0.10857599,0.9380319,0.9380319,-0.4870531,0.8076422,0.12393617,2.5279255,0.38657692,1.6407237,0.7915004,2.0320423,1145.5565,0.25078365,949.0756,0.27607077,0.18468624,6.6746116,110.42403,743.5689,19.526894,0.19719277,4.775053,29.416962,0.14663212,63.91452,0.2136654,1.2852349,0.04433126,6.409894,110.42403,743.5689,19.526894,0.19719277,29.416962,0.2136654,1.2852349,0.04433126,,Dead
Data/images/Dead_cells_19.png,30,0.88111293,56.042824,59.405388,49.380054,183.15433,0.08540654,2145.0,0.8962946,2548.0,2203.0,0.84183675,0.4729059,52.259914,0.9736723,93.0,105.0,20817568.0,0.95833784,6.0,4.192192,113.0,3.8487024,98.38788,98.0,77.0,36.0,2.7663908,98.51477,-0.32149455,20817568.0,0.52859896,24.985214,0.10644391,0.77500397,2.0988066,0.10644391,0.48909566,0.095113605,0.94677806,0.94677806,-0.4959272,0.78384745,0.10644391,1.3840096,0.43179396,1.4451503,0.77500397,1.8297079,1349.6097,0.2205213,1133.8447,0.23570052,0.7146853,2.1412587,111.82051,225.51282,83.39744,0.6620879,5.0223546,19.432234,0.12727273,50.08582,0.17014442,0.40069148,0.11250765,2.3516483,111.82051,225.51282,83.39744,0.6620879,19.432234,0.17014442,0.40069148,0.11250765,,Dead
Data/images/Dead_cells_19.png,32,0.7777918,51.90767,54.81788,40.37336,170.95332,0.10549418,1621.0,0.8347413,2112.0,1684.0,0.76751894,0.628522,45.4304,0.9625891,97.0,106.0,16498838.0,0.97662663,5.0,2.902034,111.0,2.9327483,100.82172,100.0,90.0,21.0,2.3101923,100.88699,0.15161088,16498838.0,0.5161135,13.166858,0.0978399,0.795662,2.7598476,0.0978399,0.46211058,0.08826725,0.95108,0.95108,-0.526715,0.7998535,0.0978399,1.6029224,0.43291882,1.4279305,0.795662,1.8394324,1056.6693,0.25558665,836.62,0.24194326,0.5576804,2.7692783,148.39304,468.3632,68.4005,0.6865672,4.661516,22.800995,0.12399753,83.35403,0.3237593,0.6577683,0.24025702,2.2537313,148.39304,468.3632,68.4005,0.6865672,22.800995,0.3237593,0.6577683,0.24025702,,Dead
Data/images/Dead_cells_19.png,33,0.91611415,53.77625,56.938564,49.265182,182.2254,0.088351704,2063.0,0.88347244,2400.0,2120.0,0.8595833,0.40091756,51.251274,0.9731132,96.0,103.0,20611844.0,1.0212942,3.0,16.565695,127.0,2.2428317,99.893845,100.0,91.0,36.0,1.4481276,99.955986,2.4719722,20611844.0,0.4981608,12.418687,0.16351889,0.6783393,2.4741552,0.16351889,0.64266175,0.13678046,0.91824055,0.91824055,-0.3622369,0.72279704,0.16351889,1.5171471,0.3623363,1.6707284,0.67857265,2.1116881,1107.2753,0.31896237,1027.7058,0.2544229,0.61103034,2.5666504,52.80263,135.2342,32.226902,0.6041667,4.640749,41.642105,0.18419777,23.329163,0.29125968,0.81361324,0.16684414,2.618421,52.80263,135.2342,32.226902,0.6041667,41.642105,0.29125968,0.81361324,0.16684414,,Dead
Data/images/Dead_cells_19.png,35,0.88775796,51.92213,57.00877,46.094284,176.71068,0.09567443,1848.0,0.8621356,2254.0,1924.0,0.8198758,0.46031058,48.507183,0.960499,95.0,111.0,19500444.0,0.962773,9.0,2.46004,119.0,5.2891865,102.52651,101.0,90.0,29.0,3.8751225,102.72384,0.4244987,19500444.0,0.52558106,40.50146,0.060100168,0.87171954,2.8464108,0.060100168,0.3278424,0.056488138,0.9699499,0.9699499,-0.6595287,0.8461171,0.060100168,1.625487,0.4750058,1.2789094,0.87171954,1.6340264,1360.4805,0.18142815,971.2738,0.23720947,0.5401786,2.8392856,336.03775,1098.2075,145.49529,0.7028302,4.595529,15.679245,0.08603896,200.95193,0.26897755,0.6456258,0.17481549,2.1886792,336.03775,1098.2075,145.49529,0.7028302,15.679245,0.26897755,0.6456258,0.17481549,,Dead
Data/images/Dead_cells_2.png,3,0.9515175,46.64357,48.373547,44.382175,158.36754,0.09766731,1622.0,0.9013579,1978.0,1664.0,0.8200202,0.30759454,45.444412,0.97475964,99.0,105.0,16825016.0,0.6231019,4.0,2.8998098,109.0,2.025111,101.81751,102.0,94.0,15.0,1.5771836,101.84795,0.16051668,16825016.0,0.7375483,6.200976,0.096692115,0.6184125,3.505089,0.096692115,0.45842126,0.08734275,0.95165396,0.95165396,-0.3357681,0.57858056,0.096692115,1.851145,0.65926296,1.0101346,0.6184125,1.3991154,1046.3354,0.24375685,1196.3033,0.13122585,0.36652282,3.5339088,126.960396,489.78217,36.25495,0.5990099,4.4510684,20.336634,0.12453761,62.484264,0.28122854,0.45489648,0.23781155,2.6039605,126.960396,489.78217,36.25495,0.5990099,20.336634,0.28122854,0.45489648,0.23781155,,Dead
Data/images/Dead_cells_2.png,4,0.9704627,53.733818,56.85068,52.146667,183.15433,0.08376598,2187.0,0.905029,2499.0,2235.0,0.8751501,0.24125122,52.76907,0.9785235,96.0,107.0,22710192.0,0.8378394,6.0,4.7886934,118.0,3.8025897,101.77366,102.0,79.0,39.0,2.4020042,101.90278,-0.6199214,22710192.0,0.60812205,26.297651,0.109550565,0.71178246,3.1797752,0.109550565,0.49855882,0.09754924,0.9452247,0.9452247,-0.4218025,0.7064167,0.109550565,1.7448502,0.522354,1.2930784,0.71178246,1.6531248,1368.6241,0.23294026,1329.963,0.19593896,0.45061728,3.1975307,122.60702,453.6386,39.84912,0.6631579,4.7442536,23.245613,0.1303155,63.72159,0.21401906,0.30274448,0.1918377,2.3473685,122.60702,453.6386,39.84912,0.6631579,23.245613,0.21401906,0.30274448,0.1918377,,Dead
Data/images/Dead_cells_2.png,5,0.9371175,51.36577,54.20332,48.135757,168.2254,0.08709573,1932.0,0.92610604,2304.0,1972.0,0.8385417,0.34901404,49.597366,0.979716,99.0,105.0,20020988.0,0.6654135,3.0,2.910015,109.0,1.9765414,101.76656,102.0,94.0,15.0,1.374818,101.79799,0.12907963,20020988.0,0.71334106,6.397371,0.090812534,0.680878,3.4391928,0.090812534,0.43917614,0.08256562,0.9545937,0.9545937,-0.4000924,0.64120233,0.090812534,1.8281996,0.6328644,1.0588294,0.680878,1.4280543,1284.501,0.21935454,1378.1749,0.14332947,0.38004658,3.4798136,180.20909,689.5682,52.86932,0.5806818,4.835718,18.881819,0.113871634,103.08876,0.24230751,0.3950721,0.20411636,2.6772728,180.20909,689.5682,52.86932,0.5806818,18.881819,0.24230751,0.3950721,0.20411636,,Dead
Data/images/Dead_cells_2.png,6,0.94357723,58.103046,61.6198,54.82471,200.7523,0.08093219,2481.0,0.87945575,3025.0,2553.0,0.8201653,0.33115262,56.20416,0.9717979,97.0,104.0,24711256.0,0.9916294,3.0,9.2911,120.0,2.0456197,99.76099,99.0,93.0,27.0,1.5435724,99.800804,1.6337453,24711256.0,0.5057908,7.946499,0.16343376,0.6696437,2.2641354,0.16343376,0.6424613,0.13672316,0.9182831,0.9182831,-0.3541075,0.71049863,0.16343376,1.4486175,0.36855718,1.633332,0.6696437,2.070638,1332.3213,0.3070088,1254.867,0.2471046,0.6653567,2.3385732,68.42071,139.9912,50.528084,0.63986784,4.530437,52.929516,0.18299073,38.55713,0.27610263,0.6377495,0.18569091,2.4405286,68.42071,139.9912,50.528084,0.63986784,52.929516,0.27610263,0.6377495,0.18569091,,Dead
Data/images/Dead_cells_2.png,7,0.9209501,57.954838,60.464867,53.373516,194.2254,0.08094411,2400.0,0.8940448,2750.0,2455.0,0.8727273,0.38968053,55.279064,0.97759676,99.0,105.0,24727772.0,0.7310006,3.0,10.724245,122.0,2.071074,101.46125,101.0,92.0,30.0,1.3436875,101.50487,1.6465913,24727772.0,0.674542,8.852665,0.11310286,0.6453598,3.3461375,0.11310286,0.50920475,0.1003106,0.94344854,0.94344854,-0.35249016,0.63095874,0.11310286,1.8008963,0.58076656,1.1864244,0.6453598,1.5694808,1502.4658,0.2604972,1618.9009,0.162729,0.4034375,3.38625,126.459625,479.12732,38.2927,0.61568326,4.6211004,34.322983,0.13416667,70.90621,0.2955769,0.5715859,0.22657463,2.537267,126.459625,479.12732,38.2927,0.61568326,34.322983,0.2955769,0.5715859,0.22657463,,Dead
Data/images/Dead_cells_2.png,9,0.9636786,59.849686,64.14047,57.675865,198.3259,0.074098974,2677.0,0.9247176,2915.0,2702.0,0.9183533,0.26706463,58.38204,0.9907476,98.0,105.0,27873424.0,0.6855376,4.0,10.703559,125.0,2.408677,101.97684,102.0,92.0,33.0,1.4608488,102.04012,1.4039795,27873424.0,0.70542353,12.910932,0.07022901,0.7531906,3.4580152,0.07022901,0.3667777,0.065296896,0.9648855,0.9648855,-0.49245936,0.6939594,0.07022901,1.8305343,0.65109026,1.0055726,0.75682014,1.3258265,1938.158,0.18498872,1888.4187,0.14768845,0.3838148,3.4680612,288.05396,1110.4564,82.46254,0.6285154,5.071426,18.253113,0.09002615,164.66885,0.2406272,0.38946855,0.2126377,2.5228217,288.05396,1110.4564,82.46254,0.6285154,18.253113,0.2406272,0.38946855,0.2126377,,Dead
Data/images/Dead_cells_2.png,10,0.9903043,53.801308,57.306194,53.279667,185.98276,0.08308365,2239.0,0.90180117,2550.0,2282.0,0.87803924,0.13891514,53.392727,0.9811569,98.0,102.0,22255350.0,0.93138754,2.0,17.678871,105.0,1.5486624,99.66503,100.0,82.0,23.0,0.8994369,99.69885,-3.2131145,22255350.0,0.54679966,6.7435336,0.18564244,0.58987814,2.8687701,0.18564244,0.6922662,0.15117931,0.90717876,0.90717876,-0.2738905,0.6319441,0.18564244,1.6538638,0.39616877,1.6062657,0.58987814,2.0556176,1139.8093,0.3453569,1224.2845,0.22660016,0.51027244,2.9589102,50.303493,167.14629,21.092794,0.61517465,4.3980947,60.72926,0.2045556,26.40463,0.32370886,0.70154345,0.22925022,2.5393014,50.303493,167.14629,21.092794,0.61517465,60.72926,0.32370886,0.70154345,0.22925022,,Dead
Data/images/Dead_cells_2.png,11,0.9480238,58.490158,62.369865,55.45006,198.56854,0.079095215,2511.0,0.89448816,2805.0,2564.0,0.89518714,0.31819937,56.542942,0.97932917,91.0,110.0,25460292.0,1.0214832,9.0,3.938131,127.0,6.052036,100.37435,101.0,70.0,57.0,4.002317,100.6951,-0.30719712,25460292.0,0.5067156,64.49228,0.12963718,0.74316335,6.8234816,0.12963718,0.5564423,0.112831384,0.93518144,0.93518144,-0.44383982,0.7717335,0.12963718,2.5760293,0.39758185,1.58702,0.7452814,1.9511927,1469.3688,0.24165246,1272.3628,0.252968,0.17254911,6.8614097,70.789894,516.19415,11.24928,0.19233894,4.938547,28.622341,0.14974114,26.191652,0.16145375,0.9268908,0.03614343,6.3590426,70.789894,516.19415,11.24928,0.19233894,28.622341,0.16145375,0.9268908,0.03614343,,Healthy
Data/images/Dead_cells_2.png,12,0.96587795,49.07723,51.47815,47.402615,170.95332,0.0939046,1821.0,0.8847544,2209.0,1875.0,0.8243549,0.25899765,48.151524,0.9712,99.0,104.0,18846900.0,0.5533123,3.0,3.2663095,109.0,1.6304514,101.71279,102.0,96.0,13.0,1.2379705,101.733734,0.29267672,18846900.0,0.77602327,4.259633,0.07635747,0.65161264,3.5859728,0.07635747,0.3892126,0.070527,0.96182126,0.96182126,-0.38004413,0.5821,0.07635747,1.8747172,0.71029896,0.8818357,0.65161264,1.2510365,1257.9534,0.20558129,1413.1384,0.111988366,0.3463756,3.6144974,221.68617,870.2447,59.546543,0.56914896,4.759809,16.627659,0.103239976,127.86427,0.25277442,0.47957626,0.19607395,2.7234042,221.68617,870.2447,59.546543,0.56914896,16.627659,0.25277442,0.47957626,0.19607395,,Dead
Data/images/Dead_cells_2.png,14,0.839608,59.018673,60.90156,49.55255,196.36754,0.08603178,2283.0,0.86246336,2695.0,2341.0,0.8471243,0.54319274,53.914803,0.97522426,97.0,107.0,23605812.0,0.91249603,5.0,4.227214,120.0,3.4373438,101.586945,101.0,87.0,33.0,2.3975642,101.68491,0.37896308,23605812.0,0.5594166,19.913925,0.103324346,0.7634001,2.9820306,0.103324346,0.47944582,0.092648424,0.94833785,0.94833785,-0.48370722,0.7642096,0.103324346,1.6778976,0.47064668,1.3747516,0.7634001,1.7684265,1458.6145,0.23639198,1277.1481,0.2202917,0.4957293,3.0170827,137.85017,467.0871,55.54094,0.6315331,4.953352,24.94425,0.12571178,74.57286,0.2482812,0.5463029,0.17377578,2.4738677,137.85017,467.0871,55.54094,0.6315331,24.94425,0.2482812,0.5463029,0.17377578,,Dead
Data/images/Dead_cells_2.png,15,0.93523306,52.955738,55.17246,49.52596,178.2254,0.08691802,2051.0,0.90066904,2448.0,2103.0,0.8378268,0.35403264,51.101997,0.97527343,97.0,105.0,20828156.0,0.899197,4.0,10.093428,120.0,3.0031848,100.662605,101.0,73.0,47.0,1.6679229,100.77263,-1.1748784,20828156.0,0.57614046,22.163101,0.1155,0.7307516,7.4265,0.1155,0.5162859,0.10215975,0.94225,0.94225,-0.4376771,0.73772174,0.1155,2.69625,0.47637337,1.4024419,0.7315348,1.7849739,1254.253,0.24227542,1181.6641,0.21498497,0.15439624,7.4768405,107.57092,888.5993,14.173562,0.18341213,4.896264,24.16312,0.13749391,54.67367,0.20980982,1.319095,0.042078212,6.5673757,107.57092,888.5993,14.173562,0.18341213,24.16312,0.20980982,1.319095,0.042078212,,Dead
Data/images/Dead_cells_2.png,18,0.9344439,50.739723,53.0,47.41342,166.71068,0.08855813,1883.0,0.92259055,2256.0,1930.0,0.8346631,0.35611045,48.964375,0.9756477,100.0,105.0,19627556.0,0.39533094,2.0,2.8435137,108.0,1.6057392,102.07648,102.0,98.0,10.0,1.284445,102.09582,0.41346493,19627556.0,0.8560551,3.949542,0.06535948,0.55631274,3.7271242,0.06535948,0.34836248,0.061087616,0.96732026,0.96732026,-0.2998171,0.46302578,0.06535948,1.9199346,0.7916026,0.68416965,0.55631274,1.0300303,1385.7445,0.19689657,1611.9517,0.071972474,0.30855018,3.7657993,265.73053,1051.7665,69.22156,0.5194611,4.737341,17.778442,0.08868826,138.59479,0.31911644,0.64353955,0.23801066,2.9221556,265.73053,1051.7665,69.22156,0.5194611,17.778442,0.31911644,0.64353955,0.23801066,,Dead
Data/images/Dead_cells_2.png,19,0.85643655,58.610023,63.51378,50.195766,193.78175,0.084454894,2295.0,0.8762663,2646.0,2342.0,0.86734694,0.5162523,54.056313,0.97993165,97.0,105.0,23370074.0,0.84786177,3.0,3.8819985,111.0,2.1459274,100.86884,101.0,90.0,21.0,1.5235106,100.91104,0.024219638,23370074.0,0.60169166,8.514825,0.13461539,0.6587875,3.1216457,0.13461539,0.56996137,0.11649408,0.9326923,0.9326923,-0.3553251,0.6710275,0.13461539,1.7296512,0.48898524,1.3847582,0.6587875,1.8006905,1333.9908,0.2867615,1380.8823,0.19915417,0.45588234,3.1764705,81.68056,295.0889,28.328472,0.6166667,4.647261,36.594444,0.15686275,41.039932,0.28270957,0.52751696,0.22150774,2.5333333,81.68056,295.0889,28.328472,0.6166667,36.594444,0.28270957,0.52751696,0.22150774,,Dead
Data/images/Dead_cells_2.png,20,0.8781402,49.667976,52.201534,43.615448,166.1249,0.09821158,1692.0,0.8776194,2070.0,1753.0,0.8173913,0.47840333,46.414665,0.9652025,97.0,105.0,17099420.0,0.94213235,4.0,3.4169765,110.0,2.4312186,100.48109,100.0,88.0,22.0,1.8364896,100.5288,-0.23868854,17099420.0,0.5395716,9.591249,0.11442483,0.74810064,2.8965306,0.11442483,0.51312,0.10133179,0.9427876,0.9427876,-0.45965397,0.7588476,0.11442483,1.6512477,0.44441995,1.4370639,0.74810064,1.8459965,1029.234,0.2513078,912.9551,0.23021422,0.51950353,2.9219859,94.18565,314.91983,39.00211,0.65822786,4.844835,19.177216,0.14007092,43.2169,0.22325177,0.3798366,0.18410558,2.3670886,94.18565,314.91983,39.00211,0.65822786,19.177216,0.22325177,0.3798366,0.18410558,,Dead
Data/images/Dead_cells_2.png,22,0.95701826,50.6105,53.90733,48.435173,178.02438,0.093182094,1911.0,0.8703601,2303.0,1973.0,0.82978725,0.2900276,49.32708,0.9685758,93.0,101.0,18253492.0,0.87681156,4.0,9.908754,126.0,2.7032325,97.65306,98.0,83.0,43.0,1.6960126,97.733315,0.22384697,18253492.0,0.5862282,15.680262,0.10268817,0.7535586,1.8295699,0.10268817,0.47745943,0.09214331,0.9486559,0.9486559,-0.47159708,0.7503934,0.10268817,1.2932795,0.49410552,1.3417823,0.754714,1.7405276,1219.2428,0.24040662,1120.2821,0.20799738,0.780932,1.8785976,134.92975,192.3719,120.57381,0.658517,4.9281015,21.396694,0.12663527,72.571976,0.25356826,0.6825892,0.15090439,2.3842976,134.92975,192.3719,120.57381,0.658517,21.396694,0.25356826,0.6825892,0.15090439,,Dead
Data/images/Dead_cells_2.png,24,0.9028286,53.52503,60.1415,48.32392,187.63962,0.093702674,2003.0,0.8454086,2352.0,2067.0,0.85161567,0.43000066,50.500484,0.96903723,96.0,104.0,20024820.0,0.97564596,4.0,5.112812,113.0,2.3160691,99.937096,100.0,86.0,27.0,1.7062546,99.98707,-0.45391983,20024820.0,0.51678574,9.991051,0.14938398,0.6919014,2.6863449,0.14938398,0.6082966,0.12706842,0.925308,0.925308,-0.38204184,0.7255063,0.14938398,1.5870123,0.3880739,1.5824322,0.6919014,2.0104864,1102.4589,0.28204024,1035.1218,0.24160713,0.55629057,2.7748377,60.234104,179.01157,30.53974,0.5946532,4.6591563,33.81503,0.17274089,26.721382,0.23036976,0.56029963,0.14788729,2.6213872,60.234104,179.01157,30.53974,0.5946532,33.81503,0.23036976,0.56029963,0.14788729,,Dead
Data/images/Dead_cells_20.png,1,0.9272918,56.993107,59.665737,52.849243,186.91168,0.080030695,2336.0,0.91655475,2646.0,2372.0,0.882842,0.37433925,54.53703,0.9848229,95.0,105.0,23180356.0,0.9647885,5.0,2.5876746,109.0,2.7825105,99.55437,99.0,92.0,17.0,2.2433774,99.614746,0.51594836,23180356.0,0.52420753,12.026154,0.12182296,0.7441704,2.1117442,0.12182296,0.5345783,0.10698213,0.9390885,0.9390885,-0.45132056,0.7626446,0.12182296,1.3908852,0.41682994,1.4950463,0.7441704,1.8943638,1406.6267,0.24625868,1224.5488,0.23789623,0.70751286,2.1699486,88.72289,182.54518,65.26732,0.6430723,4.887923,26.849398,0.14212328,39.21556,0.20610237,0.60185575,0.107164025,2.4277108,88.72289,182.54518,65.26732,0.6430723,26.849398,0.20610237,0.60185575,0.107164025,,Dead
Data/images/Dead_cells_20.png,2,0.9769594,55.27,59.464275,53.996548,188.08327,0.0809831,2323.0,0.90830696,2600.0,2366.0,0.8934615,0.21342507,54.385067,0.9818259,95.0,106.0,23313082.0,0.9927308,5.0,3.8309822,115.0,3.3587415,100.07921,100.0,83.0,32.0,2.279227,100.178665,0.06567358,23313082.0,0.50503016,19.9171,0.14134742,0.7140037,2.5904887,0.14134742,0.58775675,0.121368326,0.9293263,0.9293263,-0.40869,0.74524575,0.14134742,1.5537208,0.38440353,1.5780334,0.7140037,1.981314,1320.5859,0.26191658,1173.185,0.24748491,0.587387,2.650452,63.085793,169.7185,36.427612,0.636059,4.695803,33.085793,0.16056824,24.299276,0.18956651,0.42766437,0.13004203,2.455764,63.085793,169.7185,36.427612,0.636059,33.085793,0.18956651,0.42766437,0.13004203,,Dead
Data/images/Dead_cells_20.png,3,0.95577997,54.646465,57.982758,52.229996,183.15433,0.08240914,2223.0,0.91244906,2499.0,2258.0,0.8895558,0.29408267,53.20161,0.9844996,96.0,106.0,22410492.0,0.9998597,6.0,2.9498322,116.0,3.4983132,100.31444,99.0,89.0,27.0,2.605849,100.40514,0.5841991,22410492.0,0.5000972,18.20657,0.109116025,0.7816976,2.4185083,0.109116025,0.49724385,0.097209714,0.94544196,0.94544196,-0.502669,0.79623705,0.109116025,1.4910221,0.40295148,1.4969828,0.7816976,1.8925653,1395.6909,0.23335719,1111.7162,0.24995138,0.6302294,2.4790823,100.677086,239.38542,66.0,0.6145833,5.031355,21.11111,0.12955466,41.09798,0.20541848,0.48313203,0.13599008,2.5416667,100.677086,239.38542,66.0,0.6145833,21.11111,0.20541848,0.48313203,0.13599008,,Dead
Data/images/Dead_cells_20.png,5,0.9584128,53.205868,55.86591,50.993187,181.39697,0.08566563,2118.0,0.8992628,2448.0,2170.0,0.86519605,0.2853855,51.929966,0.97603685,95.0,104.0,21091856.0,0.99934125,5.0,2.7913837,110.0,2.846877,99.72946,99.0,92.0,18.0,2.1331587,99.7917,0.3377383,21091856.0,0.5004565,12.41831,0.11622276,0.7675147,2.422276,0.11622276,0.51840496,0.10271503,0.94188863,0.94188863,-0.48154733,0.78628546,0.11622276,1.4934624,0.39737046,1.5182654,0.7675147,1.9144309,1286.7205,0.23506506,1059.9669,0.24977173,0.63633144,2.4546742,86.682594,217.07509,54.084473,0.67235494,4.965314,21.675768,0.13833806,34.42894,0.17468004,0.33711246,0.13407193,2.3105803,86.682594,217.07509,54.084473,0.67235494,21.675768,0.17468004,0.33711246,0.13407193,,Dead
Data/images/Dead_cells_20.png,8,0.97449523,54.458313,57.68882,53.069366,193.29646,0.08579515,2254.0,0.87048566,2704.0,2322.0,0.8335799,0.22440813,53.571278,0.9707149,97.0,104.0,22574244.0,0.99969953,4.0,2.663619,108.0,2.1071475,100.04259,100.0,91.0,17.0,1.7688149,100.075935,0.25477827,22574244.0,0.50020826,6.6725426,0.13960892,0.7205149,2.4765804,0.13960892,0.5832137,0.12011827,0.93019557,0.93019557,-0.41649577,0.751667,0.13960892,1.5154616,0.38035986,1.5824118,0.7205149,2.0223277,1302.6246,0.30321488,1127.4694,0.24989587,0.61734694,2.5306122,79.1326,193.82874,50.458565,0.6477901,4.5915914,42.43094,0.16060337,40.363052,0.3150379,0.6595077,0.22892044,2.4088397,79.1326,193.82874,50.458565,0.6477901,42.43094,0.3150379,0.6595077,0.22892044,,Dead
Data/images/Dead_cells_20.png,9,0.9792022,51.270744,54.20332,50.204426,173.29646,0.08615285,2012.0,0.9174349,2400.0,2059.0,0.8383333,0.20288683,50.61381,0.9771734,95.0,102.0,19496952.0,0.90820944,3.0,3.4561648,107.0,2.1824787,98.398605,98.0,90.0,17.0,1.5639181,98.43949,0.10948792,19496952.0,0.5622631,8.047871,0.14183673,0.6726409,1.8811225,0.14183673,0.5890289,0.12171908,0.9290816,0.9290816,-0.36579058,0.69490325,0.14183673,1.3173469,0.4450052,1.4731957,0.6726409,1.8887539,1145.1322,0.2969677,1131.2733,0.21886845,0.757331,1.970676,94.80606,128.25151,86.444695,0.6181818,4.422873,40.854546,0.1640159,57.633022,0.30182713,0.7174342,0.19792537,2.5272727,94.80606,128.25151,86.444695,0.6181818,40.854546,0.30182713,0.7174342,0.19792537,,Dead
Data/images/Dead_cells_20.png,11,0.97387874,56.100147,60.0,54.634743,192.3259,0.08069054,2384.0,0.89985955,2652.0,2426.0,0.8989442,0.22706863,55.094494,0.98268753,89.0,106.0,22863010.0,0.959898,8.0,4.204355,127.0,5.2520213,97.6896,97.0,79.0,48.0,3.6595068,97.92951,0.6832835,22863010.0,0.54205155,46.931335,0.1137339,0.75816864,2.0158799,0.1137339,0.5110768,0.1007985,0.94313306,0.94313306,-0.46940613,0.77100176,0.1137339,1.3555794,0.4425555,1.471385,0.7593585,1.8299814,1464.1217,0.22200505,1292.2509,0.23468661,0.73595965,2.0692115,98.639496,164.9185,82.11503,0.63854057,5.039719,23.213165,0.13380873,42.788475,0.15055627,0.39909476,0.09451708,2.5015674,98.639496,164.9185,82.11503,0.63854057,23.213165,0.15055627,0.39909476,0.09451708,,Dead
Data/images/Dead_cells_20.png,13,0.86346203,55.492546,57.801384,47.91571,182.71068,0.08786279,2080.0,0.88474977,2499.0,2138.0,0.8323329,0.5044138,51.46201,0.97287184,95.0,104.0,20500142.0,0.9680687,4.0,6.209964,118.0,2.7595248,99.21058,99.0,92.0,26.0,2.096962,99.27657,1.2335435,20500142.0,0.5219693,13.098927,0.10996055,0.7713153,2.1513808,0.10996055,0.49979696,0.09786923,0.9450197,0.9450197,-0.48949063,0.7835385,0.10996055,1.4021204,0.42129165,1.4684831,0.7713153,1.8710469,1294.6423,0.2368112,1085.6962,0.23901534,0.7036058,2.185577,105.97091,209.47636,80.09454,0.6781818,4.920343,21.130909,0.13221154,48.762314,0.20234448,0.48743907,0.13107082,2.2872727,105.97091,209.47636,80.09454,0.6781818,21.130909,0.20234448,0.48743907,0.13107082,,Dead
Data/images/Dead_cells_20.png,14,0.970265,54.62934,58.249462,53.004936,180.3259,0.08023399,2248.0,0.93195873,2499.0,2276.0,0.8995598,0.24204533,53.49993,0.9876977,97.0,105.0,22719698.0,1.0068972,5.0,10.009824,129.0,2.9459448,100.4573,100.0,89.0,40.0,2.2086537,100.53172,1.1708955,22719698.0,0.5052261,14.95903,0.10382514,0.7921898,2.6375227,0.10382514,0.481005,0.09304548,0.94808745,0.94808745,-0.5181706,0.80492026,0.10382514,1.5619308,0.4128553,1.4925381,0.79320943,1.8825084,1446.1094,0.23954546,1135.7482,0.24973543,0.5797128,2.6890569,122.97143,335.35358,69.90764,0.6106151,5.041297,23.307142,0.12455516,58.51347,0.24801561,0.56281954,0.17129876,2.5892856,122.97143,335.35358,69.90764,0.6106151,23.307142,0.24801561,0.56281954,0.17129876,,Dead
Data/images/Dead_cells_20.png,18,0.8997686,52.214348,53.009434,46.98083,171.63962,0.08941892,1920.0,0.90486014,2300.0,1975.0,0.8347826,0.43636736,49.443096,0.9721519,95.0,105.0,19370556.0,0.93818486,5.0,3.6914423,110.0,2.8538103,100.373436,101.0,85.0,25.0,2.0543752,100.44317,-0.37893525,19370556.0,0.54223144,14.003774,0.110160425,0.75831336,2.8909092,0.110160425,0.50039965,0.098025106,0.94491976,0.94491976,-0.47385255,0.7667082,0.110160425,1.648663,0.44617632,1.4273391,0.75831336,1.8321838,1194.0792,0.24347222,1041.0844,0.22888428,0.51601565,2.9359374,111.28125,368.61328,46.948242,0.6220703,4.9356194,20.78125,0.13333334,55.03125,0.23025446,0.45574418,0.17388202,2.5117188,111.28125,368.61328,46.948242,0.6220703,20.78125,0.23025446,0.45574418,0.17388202,,Dead
Data/images/Dead_cells_20.png,19,0.969452,56.128,60.60528,54.413403,190.3259,0.080019295,2379.0,0.90836126,2652.0,2422.0,0.89705884,0.24528101,55.036686,0.9822461,97.0,101.0,23360304.0,0.9469785,2.0,4.1710567,105.0,1.3037314,99.07735,99.0,91.0,14.0,0.92279804,99.09278,-0.014593511,23360304.0,0.5362992,3.0591714,0.18314703,0.60703224,2.0176268,0.18314703,0.6869134,0.1496042,0.90842646,0.90842646,-0.28935495,0.65044296,0.18314703,1.3697335,0.38433456,1.6259121,0.60703224,2.0820858,1222.3829,0.34729835,1275.8558,0.2318504,0.72604036,2.0958385,52.17328,89.4071,42.864822,0.65240085,4.397284,62.670147,0.2013451,27.506191,0.32547963,0.8519349,0.19386579,2.3903966,52.17328,89.4071,42.864822,0.65240085,62.670147,0.32547963,0.8519349,0.19386579,,Dead
Data/images/Dead_cells_20.png,22,0.9593547,53.58038,56.938564,51.402588,184.81119,0.08593871,2151.0,0.8895009,2500.0,2195.0,0.8604,0.28220308,52.332954,0.9799544,96.0,111.0,23589440.0,0.7461574,8.0,2.7213628,117.0,4.6869407,104.570435,106.0,87.0,30.0,3.7656605,104.72217,-0.65546536,23589440.0,0.66535926,31.756895,0.046711154,0.85118437,3.3918018,0.046711154,0.27225837,0.044529222,0.9766444,0.9766444,-0.640903,0.77355593,0.046711154,1.8050524,0.64158475,0.9672794,0.85118437,1.2694697,1667.7178,0.14765191,1431.1879,0.16732036,0.4093445,3.362622,472.93378,1792.9735,142.92384,0.7317881,4.661563,12.86755,0.07019991,270.01282,0.25018027,0.33021024,0.23017278,2.0728476,472.93378,1792.9735,142.92384,0.7317881,12.86755,0.25018027,0.33021024,0.23017278,,Dead
Data/images/Dead_cells_20.png,23,0.96565205,33.80175,36.05551,32.640728,113.84062,0.13291374,857.0,0.911321,992.0,881.0,0.8639113,0.2598386,33.032806,0.97275823,87.0,101.0,7712105.0,0.6585316,7.0,2.1019688,103.0,4.106545,94.738625,96.0,84.0,19.0,3.360755,94.86282,-0.52162933,7712105.0,0.71732277,23.548952,0.06900726,0.7356689,1.4285715,0.06900726,0.36220798,0.06424526,0.96549636,0.96549636,-0.47422764,0.66702604,0.06900726,1.1543584,0.674691,0.94695604,0.7356689,1.3287325,598.6523,0.21686734,614.7456,0.1413386,0.8722287,1.5110852,213.375,242.82954,206.01137,0.5994318,3.8071034,11.840909,0.10268378,118.53396,0.31562957,0.8985451,0.16990067,2.6022727,213.375,242.82954,206.01137,0.5994318,11.840909,0.31562957,0.8985451,0.16990067,,Dead
Data/images/Dead_cells_20.png,30,0.9779278,53.03034,56.63921,51.85984,184.95332,0.08616507,2147.0,0.88799036,2500.0,2204.0,0.8588,0.20894313,52.284275,0.9741379,97.0,105.0,21900232.0,0.89974374,4.0,2.482038,109.0,2.402072,100.95389,101.0,93.0,16.0,1.9322364,100.99697,-0.08558206,21900232.0,0.56786704,8.699783,0.09264565,0.78538734,3.0081184,0.09264565,0.44523954,0.084062435,0.9536772,0.9536772,-0.5169118,0.7779723,0.09264565,1.6848137,0.4842498,1.3333997,0.78538734,1.7124662,1410.62,0.20881988,1219.2106,0.21606648,0.4868421,3.0526316,129.42105,428.8259,54.56984,0.5991903,4.99711,16.68421,0.11504425,53.86484,0.1877411,0.37587914,0.14070658,2.6032388,129.42105,428.8259,54.56984,0.5991903,16.68421,0.1877411,0.37587914,0.14070658,,Dead
Data/images/Dead_cells_20.png,31,0.9467449,54.358677,56.648037,51.463802,201.2376,0.09193129,2189.0,0.8241736,2756.0,2282.0,0.79426706,0.3219845,52.793194,0.9592463,96.0,103.0,21637188.0,0.98703736,4.0,7.8404393,116.0,2.2653685,99.37505,99.0,93.0,23.0,1.7298292,99.42086,1.4483254,21637188.0,0.50895804,9.10602,0.09530517,0.80534595,2.2361503,0.09530517,0.45393413,0.08622209,0.9523474,0.9523474,-0.54075706,0.80954224,0.09530517,1.4279343,0.42416486,1.4372995,0.80534595,1.8429722,1441.9429,0.2432917,1114.1091,0.24552098,0.67519414,2.2992234,148.3626,299.98856,110.45611,0.6049618,4.896828,27.007633,0.11968935,78.557205,0.30249417,0.73499626,0.19436863,2.5801528,148.3626,299.98856,110.45611,0.6049618,27.007633,0.30249417,0.73499626,0.19436863,,Dead
Data/images/Dead_cells_3.png,1,0.9679185,57.790985,61.294373,55.936962,193.39697,0.077281505,2503.0,0.91694295,2860.0,2543.0,0.8751748,0.25126433,56.4528,0.9842706,100.0,106.0,26597252.0,0.4004312,3.0,4.6530585,112.0,1.9186172,103.04954,103.0,92.0,20.0,1.3221166,103.08322,-0.59012485,26597252.0,0.85363275,6.9420123,0.03269309,0.74575436,3.776461,0.03269309,0.2077228,0.031624254,0.9836534,0.9836534,-0.52202916,0.5612808,0.03269309,1.9309359,0.8397871,0.53564847,0.74575436,0.80883545,2059.2236,0.120032705,2136.6428,0.07318361,0.30962846,3.7614863,751.9191,2983.6985,193.97426,0.6360294,4.4986258,11.808824,0.054334797,413.19675,0.26218736,0.3230684,0.24696712,2.4558823,751.9191,2983.6985,193.97426,0.6360294,11.808824,0.26218736,0.3230684,0.24696712,,Dead
Data/images/Dead_cells_3.png,3,0.9525435,56.108284,59.20304,53.445583,189.15433,0.08106035,2334.0,0.9053001,2650.0,2374.0,0.8807547,0.30440244,54.51368,0.9831508,98.0,105.0,23719088.0,0.9108394,3.0,3.6237452,111.0,2.1060557,100.77164,100.0,93.0,18.0,1.5754318,100.80883,0.6290889,23719088.0,0.56051743,7.4975505,0.13809733,0.6863761,2.949145,0.13809733,0.5792341,0.11902645,0.93095136,0.93095136,-0.38124043,0.70792574,0.13809733,1.6727313,0.44064572,1.4764892,0.6863761,1.8968058,1352.8492,0.28702265,1308.2477,0.2197413,0.49453726,3.0218508,86.646736,290.24728,35.746605,0.6005435,4.7119417,38.72826,0.15766923,46.42081,0.28453884,0.6852508,0.18436083,2.597826,86.646736,290.24728,35.746605,0.6005435,38.72826,0.28453884,0.6852508,0.18436083,,Dead
Data/images/Dead_cells_3.png,4,0.9436722,57.70181,60.373837,54.45159,190.81119,0.07786623,2451.0,0.9196625,2754.0,2491.0,0.88997823,0.33088195,55.863316,0.9839422,98.0,104.0,24921440.0,0.83687884,3.0,5.83171,116.0,1.8454287,100.80416,100.0,92.0,24.0,1.2598463,100.83584,0.8163962,24921440.0,0.60873663,6.38678,0.15984975,0.592333,3.1168613,0.15984975,0.63395,0.1342978,0.9200751,0.9200751,-0.2845957,0.61596847,0.15984975,1.7322621,0.47359356,1.4378517,0.592333,1.861082,1337.3696,0.31616202,1492.0134,0.19563168,0.4501224,3.1995103,70.636986,259.50684,23.419521,0.59931505,4.4878616,51.744293,0.17870256,39.322998,0.30334824,0.6512249,0.21637908,2.6027398,70.636986,259.50684,23.419521,0.59931505,51.744293,0.30334824,0.6512249,0.21637908,,Dead
Data/images/Dead_cells_3.png,7,0.95350945,59.049343,62.433964,56.304108,199.05382,0.07719753,2579.0,0.90431136,2860.0,2614.0,0.90174824,0.30136305,57.303444,0.98661053,98.0,104.0,26071544.0,0.9630743,3.0,4.439116,112.0,2.1000614,100.50562,100.0,91.0,21.0,1.3770645,100.54436,0.73436683,26071544.0,0.5253758,7.7877736,0.15781125,0.66751266,2.7589214,0.15781125,0.6290476,0.13290687,0.92109436,0.92109436,-0.3541926,0.7032196,0.15781125,1.612609,0.3924547,1.5850692,0.66751266,2.0346136,1427.7786,0.3330386,1354.9442,0.23731211,0.5405196,2.8379216,67.474724,213.82198,30.887913,0.6142857,4.6143546,59.28132,0.17642497,35.347008,0.34792128,0.82600945,0.22839925,2.5428572,67.474724,213.82198,30.887913,0.6142857,59.28132,0.34792128,0.82600945,0.22839925,,Dead
Data/images/Dead_cells_3.png,9,0.9117189,56.023106,59.16925,51.077324,189.19595,0.08478421,2232.0,0.88509834,2652.0,2286.0,0.84162897,0.41081458,53.3092,0.97637796,97.0,105.0,23060094.0,0.89840937,3.0,34.605324,159.0,3.1422997,101.47043,101.0,85.0,74.0,1.7249844,101.644394,3.9352005,23060094.0,0.6157881,35.335148,0.11014227,0.7445771,3.2937126,0.11014227,0.50034493,0.09801095,0.9449289,0.9449289,-0.4598625,0.75274855,0.11014227,1.7700781,0.5159014,1.40021,0.81807935,1.757676,1390.9364,0.23214549,1374.4391,0.21196012,0.42854875,3.362903,110.02048,398.20477,38.35374,0.5305034,5.019792,22.41297,0.1312724,51.990402,0.19924891,0.55653137,0.12574883,3.1296928,110.02048,398.20477,38.35374,0.5305034,22.41297,0.19924891,0.55653137,0.12574883,,Dead
Data/images/Dead_cells_3.png,10,0.85871637,63.67477,67.62396,54.678566,207.05382,0.07708631,2687.0,0.8873086,3009.0,2741.0,0.8929877,0.51245123,58.49098,0.9802992,96.0,106.0,27376172.0,1.0416754,5.0,12.170847,135.0,3.3959062,100.81243,100.0,91.0,44.0,2.1881714,100.93749,2.2147894,27376172.0,0.50237846,25.231657,0.124857254,0.7567494,2.6886182,0.124857254,0.54316354,0.10926792,0.93757135,0.93757135,-0.46945342,0.7885772,0.124857254,1.5793681,0.39537778,1.585267,0.8243808,1.9803921,1606.2244,0.2485645,1349.891,0.25833434,0.56883967,2.7577224,85.198456,238.10309,47.172752,0.60545534,4.9978237,31.27835,0.14439896,37.239258,0.19682671,0.4402317,0.13786471,2.6469073,85.198456,238.10309,47.172752,0.60545534,31.27835,0.19682671,0.4402317,0.13786471,,Dead
Data/images/Dead_cells_3.png,12,0.9574717,57.967197,63.03174,55.501953,196.56854,0.078423515,2507.0,0.90286905,2808.0,2560.0,0.8928063,0.28852704,56.49789,0.97929686,96.0,108.0,26333244.0,0.9462834,6.0,5.570215,132.0,4.4041967,102.31352,102.0,84.0,48.0,2.814154,102.48847,0.8746038,26333244.0,0.5616979,35.829906,0.10975112,0.7536566,3.0534475,0.10975112,0.49916482,0.09770581,0.94512445,0.94512445,-0.46967998,0.765989,0.10975112,1.6986945,0.4694387,1.439605,0.7548078,1.7924973,1565.6598,0.22396167,1408.1768,0.22477151,0.48401144,3.0905464,110.95077,376.36307,44.731026,0.6166667,5.012855,24.28,0.12963702,51.447346,0.17852509,0.33771077,0.14243238,2.6153846,110.95077,376.36307,44.731026,0.6166667,24.28,0.17852509,0.33771077,0.14243238,,Dead
Data/images/Dead_cells_3.png,14,0.92528754,52.970093,55.86591,49.01257,181.78175,0.08968019,2027.0,0.87797374,2350.0,2080.0,0.8625532,0.37926635,50.80213,0.97451925,88.0,104.0,19848842.0,0.9419766,6.0,4.1785994,106.0,4.664192,98.76468,101.0,80.0,26.0,2.8435376,98.95567,-1.4576128,19848842.0,0.5396766,37.764553,0.05783866,0.87577564,2.8645358,0.05783866,0.31880477,0.05449335,0.97108066,0.97108066,-0.66767085,0.8477538,0.05783866,1.6311517,0.4799082,1.2654245,0.87577564,1.6266354,1490.0449,0.1662407,1093.9246,0.23016168,0.5193636,2.9225457,249.93529,700.6588,137.25441,0.5058824,5.150138,10.047059,0.08386779,107.76474,0.18740943,0.48263827,0.11360221,2.9764705,249.93529,700.6588,137.25441,0.5058824,10.047059,0.18740943,0.48263827,0.11360221,,Dead
Data/images/Dead_cells_3.png,16,0.9125543,58.849655,62.968246,53.703506,191.74011,0.07814963,2454.0,0.91576695,2700.0,2496.0,0.9088889,0.4089555,55.897495,0.9831731,98.0,105.0,25293260.0,0.71220624,3.0,8.4116955,120.0,2.107414,101.4784,101.0,90.0,30.0,1.4578182,101.52316,0.91201127,25293260.0,0.6858164,9.085719,0.09166667,0.71309304,3.3554168,0.09166667,0.4420086,0.08326389,0.95416665,0.95416665,-0.43354276,0.68181556,0.09166667,1.8004167,0.59723645,1.1295629,0.71309304,1.490395,1638.2869,0.21093184,1682.9935,0.1570918,0.39639366,3.4144254,159.06569,591.4051,50.98084,0.5510949,5.0504737,18.79562,0.11165444,78.8521,0.20951095,0.34975386,0.17445023,2.7956204,159.06569,591.4051,50.98084,0.5510949,18.79562,0.20951095,0.34975386,0.17445023,,Dead
Data/images/Dead_cells_3.png,18,0.9159742,54.843937,57.982758,50.23563,180.2254,0.0835731,2157.0,0.9134056,2548.0,2209.0,0.8465463,0.40123722,52.405895,0.9764599,96.0,103.0,21423748.0,0.9966471,3.0,5.260335,116.0,2.3258402,99.61335,100.0,89.0,27.0,1.6927161,99.66041,0.5178009,21423748.0,0.5023222,9.376697,0.12903225,0.7405867,2.5436432,0.12903225,0.55477816,0.11238293,0.9354839,0.9354839,-0.4436909,0.76609,0.12903225,1.5360532,0.3902167,1.5504671,0.7405867,1.958977,1273.8234,0.25726378,1083.509,0.24883889,0.5994437,2.6022253,89.423676,253.77881,48.334892,0.63084114,4.8464994,28.844236,0.1488178,44.2703,0.22758259,0.53247285,0.15136002,2.4766355,89.423676,253.77881,48.334892,0.63084114,28.844236,0.22758259,0.53247285,0.15136002,,Dead
Data/images/Dead_cells_3.png,20,0.83750266,56.76293,57.706154,47.539104,186.02438,0.08881565,2095.0,0.87211794,2438.0,2179.0,0.8593109,0.54643327,51.647236,0.9614502,99.0,104.0,21440826.0,0.5237597,2.0,36.18174,108.0,1.7643832,101.10167,101.0,69.0,39.0,1.0881463,101.16464,-4.8155165,21440826.0,0.80644494,12.73668,0.07692308,0.6509844,8.412543,0.07692308,0.39124358,0.07100592,0.96153843,0.96153843,-0.35958812,0.5586827,0.07692308,2.888045,0.74095124,0.85342115,0.69179493,1.1944083,1475.4238,0.21527241,1689.5022,0.11083008,0.13003182,8.444869,248.30806,2213.4788,28.279226,0.18522906,4.835641,22.753555,0.10071599,149.72481,0.31602785,1.7352716,0.067762256,6.78673,248.30806,2213.4788,28.279226,0.18522906,22.753555,0.31602785,1.7352716,0.067762256,,Dead
Data/images/Dead_cells_3.png,23,0.8657182,54.99994,43.416588,47.61445,251.2376,0.7389341,341.0,0.26017153,1600.0,1263.0,0.213125,0.50053173,20.836859,0.26999208,99.0,105.0,3601754.0,0.49538824,2.0,3.728061,107.0,1.8467678,102.744865,103.0,96.0,11.0,1.1876163,102.773186,-1.010375,3601754.0,0.8065376,5.820538,0.011278195,0.9325643,3.718045,0.011278195,0.089152426,0.011150998,0.9943609,0.9943609,-0.819475,0.7187136,0.011278195,1.9078947,0.8216052,0.52351344,0.9325643,1.5491378,168.44868,0.27751738,275.02933,0.09673119,0.3313783,3.6744869,36.371796,141.29488,10.141026,0.3846154,3.1365256,18.666666,0.22873901,17.259205,0.16365574,0.5366315,0.0704118,3.4615386,36.371796,141.29488,10.141026,0.3846154,18.666666,0.16365574,0.5366315,0.0704118,,Dead
Data/images/Dead_cells_3.png,25,0.96473676,47.45778,49.193497,45.784264,168.26703,0.098893344,1702.0,0.86900425,2162.0,1768.0,0.78723407,0.26321664,46.551624,0.9626697,97.0,104.0,17069448.0,0.9998795,4.0,3.5364606,111.0,2.6116347,100.0899,99.0,91.0,20.0,1.7896543,100.14516,0.60670245,17069448.0,0.50008357,11.065362,0.08004852,0.8395711,2.3917525,0.08004852,0.4023501,0.07364075,0.9599757,0.9599757,-0.5971786,0.83460224,0.08004852,1.4772589,0.42739356,1.4007274,0.8395711,1.7949463,1152.4818,0.2124355,851.1422,0.24995823,0.6298472,2.480611,171.14595,371.77298,120.98919,0.5175676,5.0057755,14.654054,0.10869565,86.50594,0.24034263,0.7180245,0.12092217,2.9297297,171.14595,371.77298,120.98919,0.5175676,14.654054,0.24034263,0.7180245,0.12092217,,Dead
Data/images/Dead_cells_3.png,26,0.9035411,55.205048,56.648037,49.88003,184.95332,0.08584512,2155.0,0.8896436,2544.0,2205.0,0.8470912,0.42850146,52.38159,0.97732425,97.0,104.0,21790766.0,0.8300197,3.0,13.443987,112.0,2.3960292,100.487236,101.0,76.0,36.0,1.4832373,100.55707,-2.410701,21790766.0,0.6131158,14.039165,0.11809524,0.69125664,3.1680954,0.11809524,0.5238608,0.10414875,0.94095236,0.94095236,-0.39568216,0.6918694,0.11809524,1.742381,0.5133483,1.3205657,0.69125664,1.7091935,1305.8325,0.24760504,1321.2645,0.1934421,0.44663572,3.213457,105.9835,393.29044,34.156765,0.61633664,4.7107797,25.712872,0.14060324,55.39995,0.21149608,0.41067532,0.16170128,2.5346534,105.9835,393.29044,34.156765,0.61633664,25.712872,0.21149608,0.41067532,0.16170128,,Dead
Data/images/Dead_cells_3.png,27,0.9792202,56.62213,62.425957,55.445534,201.05382,0.08272118,2431.0,0.8692414,2703.0,2484.0,0.8993711,0.20279998,55.63493,0.97866344,90.0,106.0,24345804.0,1.0470423,8.0,9.337297,149.0,4.9929147,99.8297,101.0,83.0,66.0,3.3475356,100.073616,0.89615244,24345804.0,0.50114393,48.75915,0.10122311,0.80618924,2.6933782,0.10122311,0.4728608,0.09097699,0.94938844,0.94938844,-0.53761923,0.82262486,0.10122311,1.5757065,0.41116092,1.535786,0.8073509,1.905372,1551.1744,0.2179814,1218.281,0.25998682,0.569713,2.7577128,130.91,343.88,77.91194,0.56425923,5.1307325,22.393333,0.12340601,65.24599,0.18379453,0.5517382,0.09847014,2.8466666,130.91,343.88,77.91194,0.56425923,22.393333,0.18379453,0.5517382,0.09847014,,Dead
Data/images/Dead_cells_3.png,29,0.94103515,55.4973,58.59181,52.224907,195.19595,0.0861412,2267.0,0.86449814,2650.0,2328.0,0.8554717,0.3383088,53.725544,0.97379726,97.0,103.0,22591976.0,0.9996349,3.0,5.9534535,111.0,1.7720692,99.79841,100.0,89.0,22.0,1.3369737,99.82777,0.7486419,22591976.0,0.500253,5.85923,0.1572526,0.6854161,2.4450972,0.1572526,0.6276962,0.13252422,0.9213737,0.9213737,-0.3722242,0.7245274,0.1572526,1.5079079,0.36760086,1.627482,0.6854161,2.06548,1237.532,0.30386344,1134.0736,0.24987347,0.61656374,2.533745,50.629353,128.12935,31.254353,0.61007464,4.6520643,39.0199,0.17732686,18.82761,0.26176625,0.7271929,0.1454096,2.5597014,50.629353,128.12935,31.254353,0.61007464,39.0199,0.26176625,0.7271929,0.1454096,,Dead
Data/images/Dead_cells_3.png,45,0.9244224,34.770325,37.802116,32.142467,112.18377,0.12931846,868.0,0.9306999,961.0,879.0,0.9032258,0.3813702,33.244125,0.98748577,83.0,103.0,7802614.0,0.8750059,11.0,2.0537279,106.0,5.971681,94.548386,96.0,80.0,26.0,4.8543234,94.81132,-0.47045207,7802614.0,0.5841067,49.789135,0.05376344,0.8656484,1.8028674,0.05376344,0.3021736,0.050872933,0.9731183,0.9731183,-0.6556215,0.8199165,0.05376344,1.2765831,0.54895735,1.1437341,0.8656484,1.5120113,626.3387,0.1651872,507.0046,0.20794666,0.77880186,1.8847927,220.63158,321.5263,195.4079,0.5361842,4.331893,5.736842,0.08755761,90.19114,0.14976332,0.59078896,0.039506912,2.8552632,220.63158,321.5263,195.4079,0.5361842,5.736842,0.14976332,0.59078896,0.039506912,,Healthy
Data/images/Dead_cells_4.png,2,0.92700696,58.82545,62.625874,54.531605,199.98276,0.080589466,2482.0,0.88301796,2750.0,2529.0,0.90254545,0.3750441,56.215485,0.98141557,98.0,105.0,25262182.0,0.8516017,3.0,3.1891835,109.0,1.9158784,100.85576,100.0,94.0,15.0,1.468972,100.88685,0.5491186,25262182.0,0.5992834,6.2708955,0.17656766,0.55273974,3.099835,0.17656766,0.6725105,0.14539152,0.91171616,0.91171616,-0.24637721,0.5828476,0.17656766,1.729373,0.45983237,1.4771869,0.55273974,1.9158933,1299.4254,0.35509497,1487.4214,0.20035829,0.45789686,3.1684127,63.11111,230.80247,21.188272,0.6296296,4.2882967,72.2428,0.19580983,37.029705,0.3655991,0.736815,0.27279514,2.4814816,63.11111,230.80247,21.188272,0.6296296,72.2428,0.3655991,0.736815,0.27279514,,Dead
Data/images/Dead_cells_4.png,3,0.97763187,56.233315,59.16925,54.975483,190.46803,0.07898322,2412.0,0.9139585,2808.0,2459.0,0.85897434,0.21032327,55.417088,0.9808865,99.0,105.0,24811234.0,0.69247,3.0,3.142993,109.0,1.9401301,101.392204,101.0,93.0,16.0,1.4434937,101.42278,0.16040216,24811234.0,0.6975212,6.201896,0.11035654,0.62191576,3.4125636,0.11035654,0.50099045,0.09817797,0.9448217,0.9448217,-0.33180615,0.6006671,0.11035654,1.8225807,0.60993856,1.125028,0.62191576,1.489246,1522.1152,0.25223935,1682.4213,0.15123938,0.38930348,3.442786,132.41772,510.32278,37.941456,0.62974685,4.608885,31.829113,0.1310116,74.15639,0.28056893,0.40388644,0.24973954,2.4810126,132.41772,510.32278,37.941456,0.62974685,31.829113,0.28056893,0.40388644,0.24973954,,Dead
Data/images/Dead_cells_4.png,4,0.93562317,52.142323,54.378304,48.78557,170.71068,0.085719645,1992.0,0.92668986,2352.0,2023.0,0.8469388,0.35300034,50.361626,0.98467624,98.0,108.0,21121786.0,0.7265226,6.0,2.7203727,114.0,3.2063718,102.895584,103.0,91.0,23.0,2.396363,102.97236,0.026530689,21121786.0,0.6772396,15.805362,0.07621009,0.74874467,3.4026775,0.07621009,0.38868237,0.070402116,0.9618949,0.9618949,-0.48385227,0.6993206,0.07621009,1.8135942,0.62628055,1.0520424,0.74874467,1.3731148,1381.4368,0.1863841,1349.0613,0.16138022,0.40173194,3.3930724,248.07071,962.601,69.43813,0.68560606,4.671281,15.616161,0.09939759,146.85492,0.19524336,0.3004467,0.16894253,2.2575758,248.07071,962.601,69.43813,0.68560606,15.616161,0.19524336,0.3004467,0.16894253,,Dead
Data/images/Dead_cells_4.png,7,0.9221727,55.633923,57.384666,51.304085,184.2254,0.082705006,2228.0,0.908164,2544.0,2267.0,0.8757862,0.38677827,53.26141,0.98279667,98.0,104.0,22570172.0,0.86980873,3.0,3.5407844,108.0,1.8476305,100.61939,100.0,93.0,15.0,1.2562578,100.649086,0.27817312,22570172.0,0.58749264,5.977218,0.14351426,0.65199727,3.0561178,0.14351426,0.5933689,0.12291792,0.92824286,0.92824286,-0.34495756,0.67169493,0.14351426,1.7092916,0.46468806,1.4392821,0.65199727,1.8729587,1275.939,0.31216538,1308.9336,0.20625369,0.46813285,3.1274686,92.28416,311.03824,37.595627,0.602459,4.4773407,49.6612,0.16427289,55.22733,0.34322914,0.7162262,0.24997988,2.590164,92.28416,311.03824,37.595627,0.602459,49.6612,0.34322914,0.7162262,0.24997988,,Dead
Data/images/Dead_cells_4.png,10,0.9464974,51.75505,54.56189,48.98602,173.88225,0.08770858,1983.0,0.90772915,2401.0,2034.0,0.82590586,0.32271147,50.247726,0.97492623,98.0,104.0,20369380.0,0.74106807,3.0,3.227182,109.0,1.9700688,101.31871,102.0,94.0,15.0,1.3335376,101.35088,-0.23675586,20369380.0,0.6684516,6.520714,0.083850935,0.7357001,3.3649068,0.083850935,0.41560492,0.07681996,0.9580745,0.9580745,-0.46360883,0.6969922,0.083850935,1.8022774,0.60592335,1.1021298,0.7357001,1.4601959,1351.1755,0.213053,1325.5396,0.16577418,0.40733737,3.3706505,218.69014,839.43665,63.50352,0.6549296,4.645371,18.286385,0.10741301,132.01666,0.24990845,0.3880166,0.2153814,2.3802817,218.69014,839.43665,63.50352,0.6549296,18.286385,0.24990845,0.3880166,0.2153814,,Dead
Data/images/Dead_cells_4.png,12,0.965455,49.05567,51.10773,47.361046,169.05382,0.093116954,1816.0,0.89346606,2162.0,1865.0,0.839963,0.26056978,48.085373,0.9737266,99.0,106.0,18880660.0,0.6667936,4.0,4.1561117,114.0,2.34087,101.91905,101.0,94.0,20.0,1.634616,101.96489,0.8925306,18880660.0,0.7125405,9.34532,0.11029412,0.5880509,3.4671946,0.11029412,0.50080246,0.098129325,0.94485295,0.94485295,-0.30137438,0.562992,0.11029412,1.8407805,0.63413346,1.074277,0.5880509,1.4490174,1151.3965,0.27749786,1293.9735,0.14372975,0.3805066,3.4779735,137.48148,531.82715,38.89506,0.6574074,4.3712454,33.633743,0.13381058,81.632,0.361581,0.5329147,0.31874758,2.3703704,137.48148,531.82715,38.89506,0.6574074,33.633743,0.361581,0.5329147,0.31874758,,Dead
Data/images/Dead_cells_4.png,13,0.94574106,52.93297,54.781384,50.06088,180.26703,0.08689661,2075.0,0.8956645,2496.0,2127.0,0.8313301,0.3249213,51.400116,0.97555244,99.0,105.0,21602130.0,0.5304596,2.0,17.054249,126.0,1.8631948,101.988434,102.0,91.0,35.0,1.2226471,102.03267,2.0293484,21602130.0,0.79224944,9.024445,0.060951438,0.68948466,3.6481664,0.060951438,0.33121026,0.05723636,0.96952426,0.96952426,-0.43113825,0.5952622,0.060951438,1.89222,0.74719733,0.7959652,0.69079494,1.1334212,1520.5344,0.18002032,1643.9176,0.104212515,0.337336,3.6549397,297.7611,1170.4889,79.60386,0.5950617,4.8313985,15.1,0.08674699,164.87144,0.2603822,0.4423447,0.21643479,2.6444445,297.7611,1170.4889,79.60386,0.5950617,15.1,0.2603822,0.4423447,0.21643479,,Dead
Data/images/Dead_cells_4.png,14,0.97316587,57.65674,61.400326,56.10957,192.46803,0.07633077,2522.0,0.9248596,2862.0,2568.0,0.881202,0.23010476,56.666656,0.98208725,98.0,104.0,25692344.0,0.8437652,4.0,3.2002945,109.0,1.9784359,100.900475,101.0,92.0,17.0,1.4170612,100.932106,-0.20491043,25692344.0,0.60432416,6.38383,0.09323064,0.76188695,3.1520064,0.09323064,0.44716233,0.08453869,0.9533847,0.9533847,-0.4879271,0.74718547,0.09323064,1.7328739,0.52392185,1.2660744,0.76188695,1.642971,1703.341,0.23599273,1524.1055,0.19783793,0.45370737,3.1851704,215.71228,773.386,76.29386,0.6210526,4.819883,32.045612,0.11300555,137.4053,0.32088953,0.6491877,0.238815,2.5157895,215.71228,773.386,76.29386,0.6210526,32.045612,0.32088953,0.6491877,0.238815,,Dead
Data/images/Dead_cells_4.png,15,0.99091125,54.93132,59.665737,54.432064,187.59798,0.08101834,2316.0,0.9092832,2550.0,2356.0,0.9082353,0.13451734,54.303062,0.9830221,96.0,103.0,22925618.0,0.99905086,3.0,6.0716324,115.0,2.2567854,99.44387,100.0,87.0,28.0,1.5235288,99.49271,0.07944411,22925618.0,0.50065774,9.715761,0.16335541,0.67298573,2.4640176,0.16335541,0.64227664,0.13667043,0.9183223,0.9183223,-0.35742387,0.71449226,0.16335541,1.5152317,0.36379358,1.6414764,0.67298573,2.072658,1246.5397,0.30133173,1159.5233,0.24967113,0.61139894,2.5544043,50.760094,125.738716,32.015438,0.61163896,4.640882,41.855106,0.18177892,20.49703,0.24807797,0.5955368,0.16121325,2.5534441,50.760094,125.738716,32.015438,0.61163896,41.855106,0.24807797,0.5955368,0.16121325,,Dead
Data/images/Dead_cells_4.png,17,0.93970245,57.48499,60.440052,54.018787,191.63962,0.07904294,2425.0,0.9108162,2754.0,2470.0,0.8805374,0.34199306,55.56623,0.98178136,96.0,103.0,24185906.0,0.9677282,3.0,8.95321,122.0,2.161816,99.815254,100.0,87.0,35.0,1.3864828,99.86776,0.40826884,24185906.0,0.52220184,10.4838085,0.13586497,0.7137372,2.7700422,0.13586497,0.57330626,0.11740568,0.9320675,0.9320675,-0.410868,0.7394475,0.13586497,1.6126583,0.40797806,1.5304337,0.7137372,1.9539325,1421.5872,0.29342696,1266.3394,0.2388991,0.5459794,2.8160825,87.91777,268.34747,42.810345,0.647878,4.7225637,42.724136,0.15546392,46.542507,0.31316295,0.5963383,0.2423691,2.408488,87.91777,268.34747,42.810345,0.647878,42.724136,0.31316295,0.5963383,0.2423691,,Dead
Data/images/Dead_cells_4.png,18,0.91771126,54.92859,57.801384,50.408585,179.88225,0.083221026,2162.0,0.9162083,2496.0,2202.0,0.8661859,0.39724812,52.4666,0.9818347,97.0,102.0,21343048.0,0.99542964,3.0,10.768158,107.0,1.9370093,99.31869,99.0,81.0,26.0,1.2614884,99.35744,-1.488997,21343048.0,0.5031646,7.6981616,0.15402843,0.68971,2.2957346,0.15402843,0.6198303,0.13030368,0.9229858,0.9229858,-0.37788543,0.7269822,0.15402843,1.457583,0.37329474,1.6136833,0.68971,2.0539618,1191.728,0.30482963,1087.8418,0.2484177,0.6548335,2.380666,64.03713,138.8939,45.322945,0.61803716,4.606461,40.41114,0.17437558,31.149801,0.27453983,0.690195,0.17062606,2.5278513,64.03713,138.8939,45.322945,0.61803716,40.41114,0.27453983,0.690195,0.17062606,,Dead
Data/images/Dead_cells_4.png,22,0.9577123,48.47956,51.088158,46.42947,172.95332,0.098576985,1755.0,0.85852456,2208.0,1828.0,0.79483694,0.28772756,47.270874,0.96006566,96.0,105.0,17570774.0,1.0547824,4.0,17.097874,118.0,3.1175597,99.923645,100.0,64.0,54.0,1.9378154,100.059166,-2.4389307,17570774.0,0.50182354,27.101862,0.14260563,0.73345584,6.750587,0.14260563,0.59102225,0.122269265,0.92869717,0.92869717,-0.42849222,0.7718846,0.14260563,2.5601525,0.38247603,1.6611342,0.7499074,2.0684102,979.77264,0.27521077,880.70026,0.2666907,0.17823678,6.8296294,61.19388,438.59183,10.087018,0.19283825,4.7441773,27.714285,0.16752137,25.560287,0.22324747,1.4444737,0.043335523,6.4659863,61.19388,438.59183,10.087018,0.19283825,27.714285,0.22324747,1.4444737,0.043335523,,Dead
Data/images/Dead_cells_4.png,25,0.90445435,52.640884,54.708317,47.611275,175.19595,0.08931734,1962.0,0.89613825,2400.0,2008.0,0.8175,0.42657048,49.980957,0.9770916,96.0,104.0,19534192.0,0.99980813,4.0,2.9432738,113.0,2.372766,99.73853,100.0,92.0,21.0,1.9268714,99.78109,0.21361549,19534192.0,0.500133,8.490758,0.094714805,0.8105685,2.4573522,0.094714805,0.45201445,0.08574391,0.9526426,0.9526426,-0.5479831,0.81595397,0.094714805,1.5015699,0.414261,1.4520066,0.8105685,1.8403478,1273.6493,0.2111453,981.261,0.2499335,0.6188838,2.5244648,120.52586,285.43533,79.29849,0.58297414,4.973211,15.594828,0.11824669,49.006763,0.17116433,0.43564513,0.105044134,2.6681035,120.52586,285.43533,79.29849,0.58297414,15.594828,0.17116433,0.43564513,0.105044134,,Dead
Data/images/Dead_cells_5.png,2,0.9916253,55.46983,59.5399,55.005287,195.05382,0.08214522,2375.0,0.8855978,2756.0,2423.0,0.86175615,0.12914824,54.9904,0.98018986,93.0,103.0,23270046.0,0.96970576,4.0,5.8816123,107.0,3.0395124,98.905266,100.0,77.0,30.0,2.1642,98.98441,-1.3538631,23270046.0,0.52085096,15.663025,0.12241379,0.74374115,2.7556036,0.12241379,0.53625965,0.107428655,0.9387931,0.9387931,-0.45053297,0.7627736,0.12241379,1.6056035,0.4148755,1.4992306,0.74374115,1.9146665,1444.5546,0.27050477,1237.021,0.23957452,0.548421,2.806316,108.19174,343.413,49.38643,0.63053095,4.7738047,34.032448,0.14273684,59.109108,0.2827297,0.68889815,0.18118756,2.4778762,108.19174,343.413,49.38643,0.63053095,34.032448,0.2827297,0.68889815,0.18118756,,Dead
Data/images/Dead_cells_5.png,3,0.9867689,50.66839,54.120235,49.997993,178.2254,0.08994468,1982.0,0.88538545,2400.0,2038.0,0.8258333,0.16213301,50.235054,0.9725221,88.0,98.0,17550364.0,0.39939976,5.0,6.365436,117.0,3.5454307,93.961655,94.0,81.0,36.0,2.2840466,94.10035,1.13833,17550364.0,0.85412353,26.083292,0.03419689,0.71980256,1.1787565,0.03419689,0.2150209,0.033027463,0.9829016,0.9829016,-0.4906176,0.5378926,0.03419689,1.065285,0.84492683,0.5253805,0.71980256,0.820664,1610.44,0.1371842,1692.8728,0.07293823,0.9405903,1.2376387,626.0678,650.29663,620.0106,0.59322035,4.194119,13.355932,0.059535824,343.94168,0.31966928,1.2184548,0.09497288,2.6271186,626.0678,650.29663,620.0106,0.59322035,13.355932,0.31966928,1.2184548,0.09497288,,Dead
Data/images/Dead_cells_5.png,4,0.9547068,53.040787,55.9017,50.6384,179.15433,0.08557647,2094.0,0.905345,2448.0,2139.0,0.85539216,0.29754826,51.634907,0.9789621,90.0,101.0,19397032.0,0.60371166,5.0,4.165345,116.0,3.7132425,96.11318,97.0,81.0,35.0,2.4052906,96.245255,0.3308494,19397032.0,0.7484216,25.40505,0.06950563,0.6998137,1.3661282,0.06950563,0.36407605,0.06467459,0.9652472,0.9652472,-0.4344204,0.62381464,0.06950563,1.133627,0.70378375,0.88815653,0.6998137,1.2022319,1502.4164,0.18665054,1567.1948,0.1257892,0.88932663,1.4426934,283.44043,306.0259,277.79404,0.58419687,4.541205,17.735752,0.0921681,165.72354,0.25746775,0.87532246,0.10300406,2.6632125,283.44043,306.0259,277.79404,0.58419687,17.735752,0.25746775,0.87532246,0.10300406,,Dead
Data/images/Dead_cells_5.png,5,0.90991485,54.64762,55.803226,49.72468,178.56854,0.084012486,2126.0,0.9152306,2444.0,2164.0,0.86988544,0.41479507,52.027946,0.98243994,95.0,104.0,21560848.0,0.9522408,6.0,6.564082,122.0,3.1971483,100.61665,101.0,91.0,31.0,2.4994292,100.705055,0.97009826,21560848.0,0.5327372,17.79801,0.08437801,0.81719285,2.8736742,0.08437801,0.4174206,0.07725836,0.957811,0.957811,-0.5633888,0.8091643,0.08437801,1.638621,0.4611732,1.355905,0.81719285,1.7039621,1426.5748,0.18581837,1132.5992,0.2336314,0.52904516,2.8838193,183.78854,627.7225,72.80507,0.6762115,4.958708,17.863436,0.10677328,96.07336,0.1346741,0.33765718,0.08392834,2.295154,183.78854,627.7225,72.80507,0.6762115,17.863436,0.1346741,0.33765718,0.08392834,,Dead
Data/images/Dead_cells_5.png,6,0.9425777,53.337517,56.0803,50.274754,178.81119,0.08520905,2099.0,0.908165,2448.0,2133.0,0.85743463,0.33398685,51.696518,0.98406,93.0,102.0,20248274.0,0.9627372,4.0,5.264543,111.0,2.8820252,98.14007,99.0,79.0,32.0,2.0245273,98.217255,-0.63802445,20248274.0,0.52560544,15.156179,0.13678554,0.7100156,2.0747435,0.13678554,0.5757581,0.11807526,0.93160725,0.93160725,-0.40646812,0.7357514,0.13678554,1.3810455,0.41022512,1.5278418,0.7100156,1.9590625,1218.1139,0.293449,1103.2458,0.23719728,0.7098618,2.1605527,80.18976,162.52711,59.605423,0.6114458,4.650721,35.31325,0.15817055,40.21842,0.29459786,0.86367303,0.15232907,2.5542169,80.18976,162.52711,59.605423,0.6114458,35.31325,0.29459786,0.86367303,0.15232907,,Dead
Data/images/Dead_cells_5.png,7,0.97198904,54.011917,58.796257,52.498993,186.2254,0.08466715,2200.0,0.8927462,2500.0,2247.0,0.88,0.23502609,52.925674,0.97908324,101.0,108.0,24199284.0,0.26476502,4.0,3.0602193,115.0,2.3329294,104.83773,105.0,95.0,20.0,1.684802,104.87933,-0.27836773,24199284.0,0.91405,8.725031,0.018630648,0.74032414,3.8789008,0.018630648,0.13368142,0.018283546,0.9906847,0.9906847,-0.5385899,0.46808356,0.018630648,1.9627388,0.9099707,0.33552697,0.74032414,0.61186785,1885.6155,0.09285206,2010.91,0.042975,0.28375,3.865,981.4839,3913.5806,248.45967,0.5645161,4.2509995,7.7311826,0.042272728,421.8816,0.21405879,0.25179145,0.2046256,2.7419355,981.4839,3913.5806,248.45967,0.5645161,7.7311826,0.21405879,0.25179145,0.2046256,,Dead
Data/images/Dead_cells_5.png,8,0.92410994,54.88533,56.859474,50.72008,179.98276,0.08273167,2176.0,0.9186574,2496.0,2219.0,0.8717949,0.3821267,52.636196,0.9806219,96.0,102.0,21427684.0,0.9984144,3.0,3.4361691,107.0,1.8326991,99.206345,100.0,91.0,16.0,1.4033883,99.23347,-0.5033817,21427684.0,0.50109863,5.382515,0.14924671,0.7008301,2.4967043,0.14924671,0.60795194,0.12697212,0.92537665,0.92537665,-0.39134142,0.73636806,0.14924671,1.5237759,0.37415847,1.6060337,0.7008301,2.0535243,1223.6508,0.31420222,1090.3906,0.24945068,0.6074219,2.5703125,76.89431,215.11382,42.33943,0.62398374,4.597021,46.01355,0.16957721,42.119476,0.3287616,0.8279563,0.20396294,2.504065,76.89431,215.11382,42.33943,0.62398374,46.01355,0.3287616,0.8279563,0.20396294,,Dead
Data/images/Dead_cells_5.png,9,0.9270365,55.31068,57.306194,51.27502,184.71068,0.08371207,2207.0,0.90149826,2646.0,2257.0,0.8340892,0.3749711,53.009808,0.9778467,92.0,104.0,21539064.0,0.9989795,7.0,3.1469853,115.0,3.7931252,98.67739,99.0,86.0,29.0,2.890906,98.78983,-0.13426611,21539064.0,0.50070715,22.203127,0.0919647,0.8155804,2.3766837,0.0919647,0.44299394,0.083507195,0.95401764,0.95401764,-0.5563495,0.8189182,0.0919647,1.4742221,0.41782182,1.4408813,0.8155804,1.8284286,1462.1663,0.21608718,1105.0607,0.24964641,0.6391029,2.4435885,155.25,378.2262,99.50595,0.5833333,4.986322,20.52381,0.114182144,78.548546,0.22876424,0.6630033,0.120204456,2.6666667,155.25,378.2262,99.50595,0.5833333,20.52381,0.22876424,0.6630033,0.120204456,,Dead
Data/images/Dead_cells_5.png,12,0.9853201,52.301525,56.727417,51.533745,181.29646,0.086229,2103.0,0.8965688,2450.0,2156.0,0.8583673,0.170717,51.74575,0.97541744,97.0,102.0,20913020.0,0.9438297,2.0,4.052727,105.0,1.5441623,99.700905,100.0,92.0,13.0,1.0406468,99.72148,-0.9600503,20913020.0,0.5384263,4.1040745,0.14619882,0.6812513,2.8581872,0.14619882,0.60024554,0.12482473,0.92690057,0.92690057,-0.3725488,0.7095281,0.14619882,1.6437622,0.4165104,1.5290164,0.6812513,1.9671714,1197.642,0.3203358,1132.3105,0.23078685,0.5210414,2.9158344,91.59259,318.67807,34.821224,0.63247865,4.507951,47.33618,0.16690442,55.695084,0.35040006,0.87525,0.21918759,2.4700854,91.59259,318.67807,34.821224,0.63247865,47.33618,0.35040006,0.87525,0.21918759,,Dead
Data/images/Dead_cells_5.png,13,0.9704077,52.88061,55.9017,51.315754,177.15433,0.08354366,2121.0,0.9214511,2450.0,2161.0,0.8657143,0.2414722,51.966732,0.9814901,95.0,103.0,21243324.0,0.89720786,3.0,3.451699,108.0,2.4153805,100.02782,101.0,90.0,18.0,1.690801,100.07852,-0.80682164,21243324.0,0.5695411,10.146798,0.09270883,0.7792037,3.0540802,0.09270883,0.4454475,0.08411391,0.9536456,0.9536456,-0.50920355,0.76963913,0.09270883,1.7001449,0.49600202,1.3135613,0.7792037,1.678371,1408.008,0.21855445,1207.9967,0.21522944,0.48514852,3.059406,171.66528,610.7314,61.89876,0.6838843,4.8784833,20.082645,0.114097126,94.84948,0.23708794,0.43249035,0.18823732,2.2644627,171.66528,610.7314,61.89876,0.6838843,20.082645,0.23708794,0.43249035,0.18823732,,Dead
Data/images/Dead_cells_5.png,15,0.97498024,52.410686,57.14018,51.09938,182.81119,0.087784484,2083.0,0.884901,2352.0,2127.0,0.88562924,0.22229156,51.499107,0.9793136,100.0,107.0,22475792.0,0.32365996,4.0,4.1816483,117.0,2.4679632,103.829094,104.0,96.0,21.0,1.8796937,103.875435,0.6240907,22475792.0,0.88887477,9.626096,0.035978314,0.6565104,3.8156726,0.035978314,0.2235388,0.034683876,0.98201084,0.98201084,-0.42117998,0.4787833,0.035978314,1.944554,0.8605726,0.4880063,0.6565104,0.79769504,1664.8512,0.12723349,1851.5261,0.05556261,0.2942871,3.8228517,524.5591,2086.4016,134.09842,0.52755904,4.914893,8.086615,0.060969755,255.5474,0.20838133,0.3428531,0.17476337,2.8897638,524.5591,2086.4016,134.09842,0.52755904,8.086615,0.20838133,0.3428531,0.17476337,,Dead
Data/images/Dead_cells_5.png,16,0.66735405,74.55662,462.0184,49.75566,176.02438,0.093555346,1883.0,0.87354285,79550.0,12511.0,0.023670647,0.7447406,48.964375,0.15050755,95.0,104.0,18836952.0,0.9696309,4.0,2.7352905,110.0,2.8303566,99.956985,101.0,90.0,20.0,2.1400075,100.01846,-0.36794332,18836952.0,0.52090216,12.293954,0.09190372,0.8048885,2.8150985,0.09190372,0.44279248,0.083457425,0.95404816,0.95404816,-0.54225934,0.8038046,0.09190372,1.6203501,0.44551086,1.3962158,0.8048885,1.7667564,1221.7424,0.2115572,980.85876,0.23954892,0.54832715,2.8066914,130.47983,429.4843,55.7287,0.71748877,4.7451906,15.690583,0.118428044,59.179592,0.18622677,0.39300603,0.13453196,2.130045,130.47983,429.4843,55.7287,0.71748877,15.690583,0.18622677,0.39300603,0.13453196,,Dead
Data/images/Dead_cells_5.png,17,0.96152484,54.508327,57.48913,52.411114,186.81119,0.08397895,2225.0,0.89499015,2548.0,2268.0,0.8732339,0.27471796,53.22554,0.98104054,100.0,106.0,23429282.0,0.45821846,3.0,3.566745,113.0,2.042472,102.58247,102.0,95.0,18.0,1.4469057,102.61586,0.46098733,23429282.0,0.82541597,6.8508387,0.07179015,0.58530533,3.6769443,0.07179015,0.3725689,0.066636324,0.96410495,0.96410495,-0.32087767,0.50335354,0.07179015,1.9042798,0.760248,0.76447123,0.58530533,1.0950236,1590.1973,0.18976271,1836.5505,0.08729201,0.32247192,3.7101123,272.0529,1071.4663,72.19952,0.55649036,4.79395,17.634615,0.09348314,157.6246,0.25284517,0.36781806,0.22410193,2.7740386,272.0529,1071.4663,72.19952,0.55649036,17.634615,0.25284517,0.36781806,0.22410193,,Dead
Data/images/Dead_cells_5.png,18,0.9701444,50.22611,52.83938,48.726578,166.91168,0.08736545,1911.0,0.9283072,2162.0,1938.0,0.8839038,0.24252811,49.32708,0.9860681,97.0,105.0,19471860.0,0.803091,3.0,5.278193,109.0,2.4650693,100.88383,101.0,86.0,23.0,1.5527405,100.942345,-1.0538166,19471860.0,0.6301541,11.809634,0.073497854,0.8038654,3.2140558,0.073497854,0.37884343,0.06809592,0.96325105,0.96325105,-0.55340683,0.76967365,0.073497854,1.7502682,0.5571725,1.172974,0.8038654,1.5245394,1330.1062,0.17118497,1204.2245,0.18492295,0.43367347,3.2653062,226.46196,833.587,74.68071,0.5394022,5.0040116,12.75,0.096284665,118.59567,0.12597084,0.34624004,0.07090355,2.8423913,226.46196,833.587,74.68071,0.5394022,12.75,0.12597084,0.34624004,0.07090355,,Dead
Data/images/Dead_cells_5.png,19,0.98824763,56.881947,61.611687,56.21345,192.56854,0.077383384,2489.0,0.9183081,2756.0,2522.0,0.90312046,0.15286131,56.2947,0.9869152,99.0,109.0,27014608.0,0.6569087,5.0,8.795958,135.0,3.4646604,104.05303,104.0,91.0,44.0,2.1174796,104.18061,1.6157614,27014608.0,0.7432741,26.565287,0.06488706,0.7420703,3.6172485,0.06488706,0.34654674,0.06067673,0.9675565,0.9675565,-0.48900875,0.6801206,0.06488706,1.8772074,0.6957572,0.9593319,0.7493552,1.2462969,1813.6171,0.16302603,1850.0093,0.13209169,0.35423642,3.6223383,302.65567,1187.1038,81.8581,0.5943396,5.089959,13.396227,0.08517477,164.81477,0.17919353,0.3567543,0.15008985,2.8113208,302.65567,1187.1038,81.8581,0.5943396,13.396227,0.17919353,0.3567543,0.15008985,,Dead
Data/images/Dead_cells_5.png,20,0.93552905,53.46486,55.9017,50.017925,177.74011,0.085349396,2083.0,0.9101479,2397.0,2124.0,0.86900294,0.35324985,51.499107,0.9806968,90.0,97.0,18376520.0,0.24593548,4.0,8.906125,111.0,2.5474522,93.851654,94.0,73.0,38.0,1.6362468,93.926254,-1.0739124,18376520.0,0.9259977,14.008239,0.02214567,0.647738,4.1343503,0.02214567,0.15332405,0.02165524,0.9889272,0.9889272,-0.43631002,0.41461843,0.02214567,2.0282972,0.9158749,0.33801797,0.6563094,0.6161819,1764.4863,0.10288163,1928.8531,0.03721137,0.24637276,4.176668,835.96875,3362.1042,208.55527,0.21498843,4.285079,9.541667,0.046087373,365.16916,0.23820075,2.0401347,0.03706258,5.7604165,835.96875,3362.1042,208.55527,0.21498843,9.541667,0.23820075,2.0401347,0.03706258,,Dead
Data/images/Dead_cells_5.png,22,0.9518132,56.85192,60.80296,54.11241,193.39697,0.08059886,2400.0,0.89787453,2703.0,2454.0,0.8879023,0.30667824,55.279064,0.9779951,93.0,105.0,23725200.0,1.0119635,6.0,7.8923507,113.0,4.4867287,99.21792,101.0,65.0,48.0,2.5173602,99.42585,-1.7766122,23725200.0,0.52763474,41.304596,0.083120205,0.83558923,7.109122,0.083120205,0.4130791,0.07621124,0.9584399,0.9584399,-0.58622235,0.8328524,0.083120205,2.6263855,0.45694172,1.4265115,0.8364423,1.7658818,1633.77,0.18777709,1266.3234,0.25353056,0.16925927,7.1266665,215.46988,1746.6989,29.556894,0.20091477,5.127433,17.096386,0.10375,122.56815,0.1643338,1.0863993,0.029951112,6.248996,215.46988,1746.6989,29.556894,0.20091477,17.096386,0.1643338,1.0863993,0.029951112,,Dead
Data/images/Dead_cells_5.png,23,0.982711,55.10629,61.073727,54.15356,195.63962,0.084894605,2305.0,0.86983424,2550.0,2353.0,0.90392154,0.18514593,54.173954,0.9796005,101.0,106.0,24740078.0,-3.2034265e-16,3.0,2.1816702,108.0,1.4157904,103.58785,104.0,100.0,8.0,1.3295951,103.601265,-0.0051878034,24740078.0,1.0,2.7793753,0.0,1.0,1.0,0.0,-3.2034265e-16,0.0,1.0,1.0,0.0,0.0,0.0,1.0,1.0,-3.2034265e-16,1.0,0.28359056,2098.7598,0.049699746,2305.0,0.0,1.0,1.0,1944.7678,1944.7678,1944.7678,1.0,2.6739373,17.178572,0.024295012,250.56346,0.08028845,0.08028845,0.08028845,1.0,1944.7678,1944.7678,1944.7678,1.0,17.178572,0.08028845,0.08028845,0.08028845,,Dead
Data/images/Dead_cells_5.png,26,0.96458423,57.16486,61.073727,55.14032,194.81119,0.079857014,2440.0,0.8987553,2754.0,2479.0,0.885984,0.26377502,55.73782,0.98426783,94.0,108.0,25031760.0,0.94950867,6.0,12.024601,113.0,4.8069935,101.00738,102.0,58.0,55.0,2.6740108,101.286316,-2.4389896,25031760.0,0.5919756,56.427814,0.09151973,0.8134956,7.554576,0.09151973,0.44152224,0.08314387,0.95424014,0.95424014,-0.5379308,0.7980287,0.09151973,2.7120068,0.5204405,1.3765588,0.84935886,1.7086535,1620.5214,0.21275464,1444.4205,0.24684745,0.16394581,7.570082,188.93478,1624.808,23.827194,0.20732689,4.8859525,22.60145,0.11311475,110.77893,0.21719864,1.4475515,0.03893118,6.231884,188.93478,1624.808,23.827194,0.20732689,22.60145,0.21719864,1.4475515,0.03893118,,Dead
Data/images/Dead_cells_5.png,32,0.93719226,52.25668,54.378304,48.974552,177.05382,0.08881556,1994.0,0.8939387,2352.0,2049.0,0.8477891,0.34881324,50.386898,0.97315764,95.0,101.0,19300948.0,0.8755776,3.0,2.8250263,105.0,1.7832328,98.35958,98.0,92.0,13.0,1.4294147,98.384514,0.044729073,19300948.0,0.5837337,4.905307,0.11013896,0.7343492,1.8250129,0.11013896,0.500335,0.09800837,0.9449305,0.9449305,-0.44630003,0.73570025,0.11013896,1.2933608,0.48739117,1.356416,0.7343492,1.7646481,1251.66,0.2563327,1163.9648,0.20813318,0.7784604,1.8861585,127.66792,194.49434,110.96132,0.6433962,4.7301416,27.74717,0.1328987,71.0494,0.2908385,0.8373572,0.15420881,2.4264152,127.66792,194.49434,110.96132,0.6433962,27.74717,0.2908385,0.8373572,0.15420881,,Dead
Data/images/Dead_cells_5.png,34,0.90206766,47.83213,49.979996,43.147816,174.16652,0.108043745,1613.0,0.8171895,2112.0,1695.0,0.76373106,0.43159467,45.318157,0.9516224,99.0,107.0,17107668.0,0.5780028,4.0,4.3116436,117.0,2.638777,102.930565,103.0,96.0,21.0,1.9798273,102.98601,0.81022733,17107668.0,0.7626215,11.416134,0.07225064,0.6873348,3.5639386,0.07225064,0.374267,0.06703048,0.9638747,0.9638747,-0.41920018,0.6148668,0.07225064,1.866688,0.7018897,0.89544713,0.6873348,1.2665601,1121.3397,0.19647786,1230.1085,0.11868925,0.3532238,3.5871048,187.7716,730.49384,52.09105,0.5740741,4.840232,11.333333,0.100433975,88.633934,0.22463998,0.3752216,0.18699457,2.7037036,187.7716,730.49384,52.09105,0.5740741,11.333333,0.22463998,0.3752216,0.18699457,,Dead
Data/images/Dead_cells_6.png,1,0.97086847,51.80247,54.120235,50.293385,176.81119,0.0866934,2040.0,0.90543455,2448.0,2083.0,0.8333333,0.23961316,50.96478,0.9793567,90.0,99.0,18511188.0,0.368115,5.0,3.7619154,109.0,2.9673362,95.182846,95.0,84.0,25.0,2.1730218,95.25813,0.22783592,18511188.0,0.8687889,14.338627,0.03569633,0.6736922,1.15636,0.03569633,0.22219944,0.034422103,0.9821518,0.9821518,-0.43917334,0.49482128,0.03569633,1.0580693,0.85618323,0.49904767,0.6736922,0.7848233,1654.4156,0.13667436,1772.3295,0.065605536,0.9470588,1.2117647,612.39343,629.31146,608.16394,0.60655737,4.2335353,12.967213,0.05980392,332.7912,0.30921948,1.2245779,0.08037989,2.5737705,612.39343,629.31146,608.16394,0.60655737,12.967213,0.30921948,1.2245779,0.08037989,,Dead
Data/images/Dead_cells_6.png,2,0.936737,55.190342,57.982758,51.698833,179.49748,0.08087293,2220.0,0.93040955,2496.0,2257.0,0.8894231,0.35003406,53.165703,0.9836066,93.0,103.0,21924698.0,0.9484328,5.25,4.072539,106.0,3.3988192,99.28919,101.0,83.0,23.0,2.602496,99.37801,-1.1723642,21924698.0,0.5353157,17.647,0.068726934,0.8499125,2.9008303,0.068726934,0.36115476,0.06400354,0.96563655,0.96563655,-0.6201426,0.8292939,0.068726934,1.6450646,0.4780839,1.2948564,0.8499125,1.6365304,1591.427,0.17531775,1188.4009,0.23234214,0.5253378,2.8986487,240.91542,804.1841,100.09826,0.6977612,5.202645,12.20398,0.09054054,118.928345,0.19234541,0.40303576,0.13967282,2.2089553,240.91542,804.1841,100.09826,0.6977612,12.20398,0.19234541,0.40303576,0.13967282,,Dead
Data/images/Dead_cells_6.png,3,0.9331397,53.457954,55.226807,49.88374,173.98276,0.08346498,2085.0,0.93025,2397.0,2115.0,0.8698373,0.359514,51.523823,0.9858156,95.0,101.0,20288478.0,0.98813826,4.0,2.63685,104.0,2.0848992,98.61199,99.0,90.0,14.0,1.6055932,98.64423,-0.54966456,20288478.0,0.5081994,6.36024,0.10521141,0.78689957,2.2792528,0.10521141,0.48530096,0.09414197,0.9473943,0.9473943,-0.5113339,0.79812884,0.10521141,1.4439528,0.4121406,1.4751447,0.78689957,1.8821733,1339.1793,0.2538493,1059.5957,0.24590032,0.67302155,2.3079138,149.88303,379.4566,92.489624,0.68018866,4.7285275,28.479246,0.12709832,87.97878,0.30566055,0.8025719,0.18143272,2.2792454,149.88303,379.4566,92.489624,0.68018866,28.479246,0.30566055,0.8025719,0.18143272,,Dead
Data/images/Dead_cells_6.png,4,0.97184277,53.160515,55.758408,51.663662,184.81119,0.086018704,2149.0,0.8890872,2499.0,2195.0,0.859944,0.23563036,52.30862,0.9790433,89.0,100.0,19583252.0,0.5063528,6.0,4.634697,118.0,3.8417275,95.32945,96.0,81.0,37.0,2.7162242,95.46061,0.34802908,19583252.0,0.8008627,25.022217,0.07398568,0.5991368,1.271599,0.07398568,0.3806244,0.0685118,0.96300715,0.96300715,-0.3319008,0.5214307,0.07398568,1.1028639,0.74692225,0.7973663,0.5991368,1.1390918,1541.5472,0.21716854,1721.054,0.09956864,0.9158911,1.3364356,248.46411,266.04785,244.06818,0.6303828,4.541455,27.411484,0.09725454,142.7385,0.3596591,1.2295206,0.14219373,2.478469,248.46411,266.04785,244.06818,0.6303828,27.411484,0.3596591,1.2295206,0.14219373,,Dead
Data/images/Dead_cells_6.png,5,0.91076714,53.708813,54.781384,48.91622,176.46803,0.08589342,2055.0,0.91052514,2444.0,2092.0,0.8408347,0.4129203,51.151806,0.9823136,92.0,101.0,19411508.0,0.7229003,4.0,7.0580187,111.0,2.9035215,97.10268,98.0,76.0,35.0,1.9343404,97.19048,-0.9525128,19411508.0,0.67941654,17.05953,0.10184723,0.66534644,1.5107338,0.10184723,0.47482398,0.09147437,0.9490764,0.9490764,-0.37795848,0.63948023,0.10184723,1.1872191,0.60418934,1.1283209,0.66534644,1.5000002,1336.709,0.25617325,1396.2009,0.16029173,0.84963506,1.6014599,157.45703,191.0664,149.05469,0.59277344,4.5133157,31.632812,0.12457421,93.01878,0.33530462,1.2063327,0.11754761,2.6289062,157.45703,191.0664,149.05469,0.59277344,31.632812,0.33530462,1.2063327,0.11754761,,Dead
Data/images/Dead_cells_6.png,6,0.9670421,53.164677,56.63921,51.41248,179.98276,0.08424187,2137.0,0.9103858,2450.0,2185.0,0.8722449,0.25461656,52.16237,0.97803205,96.0,104.0,21751682.0,0.874259,4.0,4.914164,120.0,2.5321586,100.83388,101.0,91.0,29.0,1.8558965,100.88908,0.1622271,21751682.0,0.58459383,11.135249,0.09971237,0.7601941,3.065676,0.09971237,0.46808317,0.08976981,0.9501438,0.9501438,-0.48200083,0.75481415,0.09971237,1.7051774,0.49442568,1.3280516,0.7601941,1.7058164,1385.599,0.2294988,1249.277,0.20770308,0.4707534,3.1169865,180.11969,650.87646,62.4305,0.5916988,4.7628,24.814672,0.12119794,112.04126,0.24952394,0.75040454,0.124303795,2.6332047,180.11969,650.87646,62.4305,0.5916988,24.814672,0.24952394,0.75040454,0.124303795,,Dead
Data/images/Dead_cells_6.png,7,0.9334815,48.411877,50.0,45.191593,166.1249,0.09689408,1715.0,0.88356596,2112.0,1769.0,0.8120265,0.35862547,46.72907,0.96947426,93.0,102.0,16342146.0,0.94723177,6.0,2.4204166,105.0,3.3118744,97.53819,98.0,85.0,20.0,2.5705252,97.61633,-0.3375395,16342146.0,0.536128,15.249125,0.06434155,0.86290216,2.0962117,0.06434155,0.34444344,0.060201716,0.9678292,0.9678292,-0.6427215,0.84089404,0.06434155,1.3761275,0.4704871,1.2965553,0.86290216,1.6752014,1220.2432,0.17902948,919.4595,0.23193601,0.72580177,2.096793,222.78616,509.1069,151.20598,0.740566,5.1032968,9.767296,0.09271137,106.44484,0.18815404,0.47816774,0.115650624,2.037736,222.78616,509.1069,151.20598,0.740566,9.767296,0.18815404,0.47816774,0.115650624,,Dead
Data/images/Dead_cells_6.png,9,0.9659388,54.834637,58.412327,52.966904,186.2254,0.08234596,2262.0,0.9052412,2652.0,2307.0,0.85294116,0.2587706,53.666264,0.98049414,98.0,103.0,23000652.0,0.7189117,2.0,7.405894,106.0,1.5277854,100.814766,101.0,87.0,19.0,1.0205015,100.83789,-1.2976962,23000652.0,0.68180823,4.663743,0.09457014,0.70320696,3.3561087,0.09457014,0.45154312,0.085626625,0.9527149,0.9527149,-0.42114818,0.67421246,0.09457014,1.8011312,0.5957334,1.1362363,0.70320696,1.5100514,1503.5385,0.22879684,1542.2502,0.15909588,0.39887267,3.4045093,198.85057,765.9655,57.07184,0.57758623,4.784617,25.505747,0.115384616,123.73946,0.26758295,0.62196326,0.17898786,2.689655,198.85057,765.9655,57.07184,0.57758623,25.505747,0.26758295,0.62196326,0.17898786,,Dead
Data/images/Dead_cells_6.png,10,0.9213494,56.88644,59.665737,52.41229,189.74011,0.081661336,2324.0,0.90056926,2597.0,2364.0,0.8948787,0.38873544,54.39677,0.98307955,91.0,109.0,23585176.0,0.95202357,8.0,3.1107714,120.0,5.1479397,100.520226,101.0,82.0,38.0,3.5303516,100.73989,-0.16387837,23585176.0,0.5328844,44.210865,0.07448215,0.8385924,2.879242,0.07448215,0.3824318,0.06893456,0.9627589,0.9627589,-0.5996844,0.82313025,0.07448215,1.6388277,0.46961167,1.3214107,0.8385924,1.673179,1628.3477,0.18142796,1238.4235,0.23355779,0.5288296,2.8846817,206.5625,687.2857,86.3817,0.68191963,5.2852893,13.017858,0.09638554,98.921875,0.17739321,0.32052514,0.14161023,2.2723215,206.5625,687.2857,86.3817,0.68191963,13.017858,0.17739321,0.32052514,0.14161023,,Dead
Data/images/Dead_cells_6.png,11,0.96882814,51.31766,54.708317,49.717995,178.46803,0.08948009,1995.0,0.8870774,2350.0,2047.0,0.84893614,0.2477337,50.399532,0.974597,96.0,104.0,20179392.0,0.8858379,4.0,3.9930437,109.0,2.6338296,100.51679,101.0,86.0,23.0,1.7967229,100.57327,-0.98964113,20179392.0,0.57702076,11.357488,0.06999485,0.831348,3.0833762,0.06999485,0.36590445,0.06509557,0.9650026,0.9650026,-0.59285396,0.80318207,0.06999485,1.7061245,0.5198791,1.2293882,0.831348,1.5759835,1415.6235,0.18503,1151.1564,0.21148963,0.47781956,3.0887218,260.4415,940.2766,90.48271,0.6609042,4.8695602,14.297873,0.09423559,147.83327,0.22065179,0.60843897,0.12370499,2.356383,260.4415,940.2766,90.48271,0.6609042,14.297873,0.22065179,0.60843897,0.12370499,,Dead
Data/images/Dead_cells_6.png,12,0.8863767,54.263596,55.803226,48.097984,187.88225,0.09198642,2042.0,0.85270774,2392.0,2099.0,0.85367894,0.46296483,50.989754,0.9728442,91.0,103.0,19356374.0,0.85700196,4.0,7.2613544,118.0,3.917296,97.17434,98.0,67.0,51.0,2.235777,97.3608,-0.49639356,19356374.0,0.6214179,36.27323,0.11776548,0.6895665,5.103674,0.11776548,0.5229035,0.10389677,0.9411173,0.9411173,-0.39654553,0.69779134,0.11776548,2.229995,0.5267459,1.3491517,0.6904459,1.7344918,1242.5475,0.26268056,1268.9353,0.19429709,0.22133802,5.1963763,114.096886,521.79584,26.785755,0.20136486,4.7535205,30.280277,0.14152792,64.17215,0.27290553,1.9751482,0.051950045,6.33218,114.096886,521.79584,26.785755,0.20136486,30.280277,0.27290553,1.9751482,0.051950045,,Dead
Data/images/Dead_cells_6.png,13,0.93672884,46.624454,47.539455,43.674473,161.78175,0.10139877,1596.0,0.8752333,2070.0,1659.0,0.7710145,0.35005584,45.078712,0.96202534,94.0,104.0,15797574.0,0.99506,5.0,2.4162536,108.0,3.2238398,99.41479,100.0,89.0,19.0,2.5248454,99.489845,-0.4050554,15797574.0,0.50342023,14.929456,0.09883721,0.80118984,2.5639534,0.09883721,0.46529877,0.08906841,0.9505814,0.9505814,-0.53322935,0.8088616,0.09883721,1.5377907,0.41378787,1.4607207,0.80118984,1.8647506,1016.2218,0.23229596,803.4586,0.2482899,0.59398496,2.6240602,135.16418,409.01492,66.70149,0.5970149,4.6085944,17.149254,0.12593985,72.11584,0.2337173,0.8166715,0.08797876,2.6119404,135.16418,409.01492,66.70149,0.5970149,17.149254,0.2337173,0.8166715,0.08797876,,Dead
Data/images/Dead_cells_6.png,14,0.96729636,57.8721,61.400326,55.979473,193.74011,0.076957345,2518.0,0.918058,2808.0,2552.0,0.8967236,0.25364882,56.621704,0.9866771,95.0,102.0,24608744.0,0.99966824,4.0,4.796991,109.0,2.2544708,98.81295,100.0,85.0,24.0,1.5000356,98.859146,-0.85904616,24608744.0,0.50022995,9.132207,0.16071428,0.6783264,2.461039,0.16071428,0.6360156,0.1348852,0.91964287,0.91964287,-0.36374003,0.7188059,0.16071428,1.5137987,0.3654956,1.635361,0.6783264,2.076423,1372.8181,0.31386662,1259.579,0.24988502,0.6169579,2.5321684,63.38222,165.11555,37.94889,0.63666666,4.591055,50.906666,0.17871326,32.07198,0.2954312,0.68689746,0.19756463,2.4533334,63.38222,165.11555,37.94889,0.63666666,50.906666,0.2954312,0.68689746,0.19756463,,Dead
Data/images/Dead_cells_6.png,16,0.9119514,56.01149,57.77543,51.079758,181.15433,0.081107825,2234.0,0.9248029,2544.0,2267.0,0.8781447,0.41029823,53.333076,0.9854433,94.0,103.0,21811324.0,0.9999792,4.0,7.762834,110.0,2.95995,98.722916,99.0,76.0,34.0,1.9665157,98.80966,-1.6222707,21811324.0,0.5000144,17.134954,0.12477064,0.7504232,2.4197247,0.12477064,0.54292023,0.10920293,0.9376147,0.9376147,-0.4570387,0.77400005,0.12477064,1.4940367,0.3908682,1.5428029,0.7504232,1.9627035,1338.7019,0.26576173,1117.0322,0.24999279,0.62701434,2.4919426,105.25153,274.67792,62.89494,0.6088957,4.831574,31.04908,0.1459266,58.291203,0.26122007,0.71735805,0.14718558,2.5644171,105.25153,274.67792,62.89494,0.6088957,31.04908,0.26122007,0.71735805,0.14718558,,Dead
Data/images/Dead_cells_6.png,18,0.9497627,55.791805,58.137768,52.988976,189.98276,0.082190245,2312.0,0.8970935,2650.0,2356.0,0.87245286,0.31297094,54.25615,0.98132426,90.0,106.0,22906942.0,1.0217341,7.0,6.76421,116.0,5.101968,99.289795,101.0,62.0,54.0,3.086898,99.53817,-1.6027116,22906942.0,0.52792525,49.384014,0.097874224,0.81091595,7.08946,0.097874224,0.4622206,0.08829486,0.95106286,0.95106286,-0.5401094,0.81776834,0.097874224,2.6228964,0.44513464,1.493202,0.8119811,1.8313359,1493.1937,0.20724952,1220.5631,0.25826737,0.17063148,7.137543,155.18546,1265.8763,21.072323,0.20959596,5.0541697,20.207273,0.11894464,84.50322,0.1679634,1.1814337,0.033458743,6.327273,155.18546,1265.8763,21.072323,0.20959596,20.207273,0.1679634,1.1814337,0.033458743,,Dead
Data/images/Dead_cells_6.png,19,0.9226591,50.24205,53.235325,46.356285,168.46803,0.09253943,1821.0,0.8978065,2209.0,1879.0,0.8243549,0.38561663,48.151524,0.96913254,100.0,107.0,19424350.0,0.13703957,4.0,2.4209962,111.0,2.1275122,103.24986,103.0,98.0,13.0,1.8482792,103.28049,0.5131508,19424350.0,0.9622984,6.3247185,0.026553672,0.24045086,3.9333334,0.026553672,0.17680268,0.025848575,0.9867232,0.9867232,-0.099888824,0.15943469,0.026553672,1.9822034,0.93919164,0.24489328,0.24045086,0.556126,1505.591,0.122407414,1752.3455,0.018850792,0.26441514,3.9423394,636.45917,2544.2754,159.5051,0.45663264,4.511154,9.408163,0.053816583,291.1821,0.27428982,0.4543021,0.22928675,3.1734693,636.45917,2544.2754,159.5051,0.45663264,9.408163,0.27428982,0.4543021,0.22928675,,Dead
Data/images/Dead_cells_6.png,21,0.9471768,52.79482,54.91812,50.006027,171.98276,0.083466515,2061.0,0.93563473,2350.0,2093.0,0.87702125,0.3207118,51.226425,0.98471093,95.0,103.0,20314190.0,0.994793,5.0,4.272038,109.0,2.8266494,99.213005,100.0,85.0,24.0,1.9547032,99.27977,-0.87943906,20314190.0,0.5036049,13.252543,0.09050224,0.81720555,2.6031826,0.09050224,0.438144,0.082311586,0.95474887,0.95474887,-0.5594457,0.8190007,0.09050224,1.5494778,0.42258453,1.4303621,0.81720555,1.8078811,1369.9297,0.21035327,1037.9297,0.24819756,0.59315866,2.6273654,161.70259,494.39224,78.530174,0.6637931,5.0368094,17.086206,0.11256672,82.78387,0.21165313,0.57226765,0.1214995,2.3448277,161.70259,494.39224,78.530174,0.6637931,17.086206,0.21165313,0.57226765,0.1214995,,Dead
Data/images/Dead_cells_6.png,22,0.96794885,53.48471,55.569775,51.770466,181.05382,0.083569735,2167.0,0.9113319,2548.0,2212.0,0.85047096,0.2511474,52.527233,0.9796564,95.0,105.0,21862510.0,0.9482358,5.0,3.2717738,112.0,2.932841,100.37102,101.0,89.0,23.0,2.1337962,100.44321,-0.05496758,21862510.0,0.53544897,14.495478,0.113528855,0.75459695,2.8533585,0.113528855,0.51046914,0.10064005,0.9432356,0.9432356,-0.46767277,0.7661461,0.113528855,1.6367077,0.43673792,1.4486349,0.75459695,1.8435516,1336.4305,0.24159387,1160.318,0.2322755,0.52515,2.8994,99.13652,322.61093,43.267918,0.6262799,4.763395,23.784983,0.13520996,44.437115,0.22240594,0.5839875,0.13201056,2.4948804,99.13652,322.61093,43.267918,0.6262799,23.784983,0.22240594,0.5839875,0.13201056,,Dead
Data/images/Dead_cells_6.png,24,0.9309898,49.297318,50.695168,45.895298,165.05382,0.093066715,1774.0,0.90447164,2205.0,1829.0,0.80453515,0.3650452,47.526066,0.9699289,95.0,101.0,17175520.0,0.9263424,3.0,2.9457695,108.0,2.0645444,98.36246,99.0,90.0,18.0,1.519728,98.39616,-0.045667738,17175520.0,0.55018055,6.6301804,0.15768115,0.6455251,1.9228985,0.15768115,0.62873316,0.1328178,0.92115945,0.92115945,-0.3331513,0.67666054,0.15768115,1.3339131,0.42235196,1.5316247,0.6455251,1.9858603,968.91656,0.33802933,976.02026,0.22490972,0.7437993,2.0248027,61.05919,99.78816,51.376945,0.61214954,4.412654,43.666668,0.180947,30.517212,0.35058463,1.0255758,0.18183686,2.5514019,61.05919,99.78816,51.376945,0.61214954,43.666668,0.35058463,1.0255758,0.18183686,,Dead
Data/images/Dead_cells_6.png,25,0.9308478,58.24136,62.201286,54.21384,191.63962,0.07826817,2449.0,0.9153132,2700.0,2480.0,0.907037,0.3654071,55.84052,0.9875,93.0,104.0,24971688.0,1.1112914,5.0,22.47025,166.0,4.2434025,100.68722,101.0,88.0,78.0,2.375058,100.978645,3.4569929,24971688.0,0.50186217,58.771095,0.122961104,0.7890884,2.9289,0.122961104,0.537813,0.10784167,0.9385194,0.9385194,-0.49953184,0.8198165,0.122961104,1.6428273,0.39934486,1.674656,0.8152998,2.0254314,1459.7456,0.23586164,1229.0604,0.28936103,0.5324679,2.9959166,86.14489,269.1108,41.081676,0.5526357,5.122019,27.761364,0.14373213,37.739662,0.16713011,0.557357,0.091680735,3.1193182,86.14489,269.1108,41.081676,0.5526357,27.761364,0.16713011,0.557357,0.091680735,,Dead
Data/images/Dead_cells_6.png,26,0.95529586,51.709164,54.56189,49.39755,175.88225,0.08809529,1997.0,0.9005702,2401.0,2048.0,0.8317368,0.2956515,50.42479,0.97509766,97.0,106.0,20851048.0,0.7985678,4.0,11.350148,128.0,2.799407,102.10265,102.0,93.0,35.0,2.0033145,102.18212,1.7711538,20851048.0,0.6476668,16.23433,0.09856263,0.72673553,3.2895277,0.09856263,0.4644226,0.08884804,0.9507187,0.9507187,-0.4458885,0.71559453,0.09856263,1.7772074,0.5559464,1.2505618,0.7278981,1.6136215,1287.9083,0.21715748,1293.3906,0.17851515,0.41701442,3.3475213,124.05394,456.78424,40.949745,0.5532504,4.9753947,17.240664,0.120681025,55.391056,0.18146156,0.37186974,0.136677,2.8423235,124.05394,456.78424,40.949745,0.5532504,17.240664,0.18146156,0.37186974,0.136677,,Dead
Data/images/Dead_cells_6.png,29,0.8898058,51.199738,52.40229,45.557823,172.71068,0.09468787,1825.0,0.87659335,2200.0,1882.0,0.82954544,0.4563394,48.20438,0.9697131,98.0,104.0,18558168.0,0.92767346,3.0,3.163349,109.0,2.0126698,100.80932,100.0,95.0,14.0,1.4950631,100.84076,0.67404103,18558168.0,0.5492894,6.340626,0.13705584,0.6985425,2.8832488,0.13705584,0.5764761,0.11827154,0.93147206,0.93147206,-0.39424995,0.72181654,0.13705584,1.6505922,0.4270845,1.4990288,0.6985425,1.9448566,1048.3994,0.29877275,1002.4531,0.2253553,0.50726026,2.970959,76.932205,244.67796,34.99576,0.5754237,4.6624246,32.18644,0.16164383,38.660156,0.29960302,0.72019076,0.19445607,2.6983051,76.932205,244.67796,34.99576,0.5754237,32.18644,0.29960302,0.72019076,0.19445607,,Dead
Data/images/Dead_cells_6.png,30,0.92552745,51.910896,224.10934,48.044964,168.56854,0.092671,1820.0,0.8969015,26460.0,6118.0,0.06878307,0.37868044,48.1383,0.29748285,86.0,106.0,17341892.0,1.090703,11.0,4.246782,125.0,6.63726,97.232414,98.0,61.0,64.0,4.567894,97.6141,-0.6086083,17341892.0,0.4903677,74.36851,0.12302483,0.7756066,6.106659,0.12302483,0.5379936,0.10788972,0.9384876,0.9384876,-0.48610175,0.80861706,0.12302483,2.4277651,0.38766694,1.6520406,0.7767235,2.017806,1076.9264,0.23873204,892.46924,0.27415138,0.19823337,6.1961536,90.293236,529.2218,18.14894,0.2029292,5.0243416,22.338346,0.14615385,43.47883,0.1692268,1.1656237,0.035710838,6.43609,90.293236,529.2218,18.14894,0.2029292,22.338346,0.1692268,1.1656237,0.035710838,,Healthy
Data/images/Dead_cells_6.png,38,0.9662497,50.530174,52.554733,48.824764,178.46803,0.092446536,1931.0,0.87272894,2303.0,1984.0,0.83847153,0.2576073,49.58453,0.9732863,90.0,105.0,18707732.0,0.9958156,7.0,4.1294546,119.0,4.5825644,98.24081,99.0,75.0,44.0,3.0995994,98.42817,-0.30306503,18707732.0,0.5028976,36.848797,0.10425532,0.7898109,2.31383,0.10425532,0.4823413,0.09338615,0.94787234,0.94787234,-0.5155378,0.8007806,0.10425532,1.4553192,0.41060662,1.4758998,0.7898109,1.8784218,1219.3293,0.23180836,971.0953,0.24855119,0.6535474,2.3858104,111.793526,246.10121,78.2166,0.5931174,4.8701987,19.502024,0.127913,50.675312,0.21005645,0.59094316,0.114834785,2.6275303,111.793526,246.10121,78.2166,0.5931174,19.502024,0.21005645,0.59094316,0.114834785,,Dead
Data/images/Dead_cells_6.png,39,0.9536631,45.8299,47.759815,43.706284,156.95332,0.10000212,1570.0,0.8947776,1980.0,1620.0,0.7929293,0.30087653,44.710022,0.9691358,100.0,106.0,16586076.0,0.2035722,3.0,3.309798,112.0,1.7181289,102.76051,102.0,98.0,14.0,1.4207106,102.783165,0.6572343,16586076.0,0.9383342,4.657294,0.03672131,0.35885885,3.8931148,0.03672131,0.22705208,0.035372857,0.9816393,0.9816393,-0.16862586,0.2503497,0.03672131,1.9704918,0.9073522,0.35147634,0.35885885,0.6729343,1248.2458,0.14140776,1473.1847,0.030832894,0.27388534,3.9044585,478.41583,1910.9307,120.28713,0.4950495,4.605028,8.049505,0.06433121,236.78267,0.2600489,0.3661031,0.23353532,3.019802,478.41583,1910.9307,120.28713,0.4950495,8.049505,0.2600489,0.3661031,0.23353532,,Dead
Data/images/Dead_cells_6.png,40,0.8921404,55.165707,57.00877,49.215557,179.88225,0.08459076,2127.0,0.90876025,2544.0,2179.0,0.8360849,0.45175827,52.04018,0.97613585,96.0,109.0,22208188.0,0.84830123,6.0,8.518175,116.0,4.1203465,102.012695,102.0,70.0,46.0,2.8431249,102.18163,-1.6113702,22208188.0,0.62476975,34.495842,0.080520734,0.79945755,7.7150435,0.080520734,0.40401137,0.07403714,0.9597396,0.9597396,-0.53673434,0.77238035,0.080520734,2.7485535,0.55578446,1.2373793,0.79996514,1.5826356,1451.5848,0.18945923,1328.8853,0.20141645,0.15004179,7.745181,216.81363,1856.1637,26.870075,0.19103536,5.1449885,16.072727,0.10343207,123.3399,0.17454055,1.0099468,0.036447518,6.559091,216.81363,1856.1637,26.870075,0.19103536,16.072727,0.17454055,1.0099468,0.036447518,,Dead
Data/images/Dead_cells_6.png,42,0.76535654,50.417187,50.695168,38.58712,159.88225,0.10641082,1503.0,0.8594328,2009.0,1585.0,0.7481334,0.64360654,43.745617,0.94826496,97.0,112.0,16657141.0,0.692237,8.0,2.6837187,121.0,4.5915914,105.117096,105.0,93.0,28.0,3.3812017,105.27391,0.0737494,16657141.0,0.6976586,32.990944,0.062328767,0.7834744,3.4458904,0.062328767,0.33662072,0.058443893,0.9688356,0.9688356,-0.53629166,0.7150261,0.062328767,1.8256849,0.65369743,0.9769979,0.7834744,1.3270136,1084.9694,0.17579035,1048.5808,0.15117072,0.38922155,3.4431138,281.88806,1086.8732,80.64179,0.64179105,4.834294,9.567164,0.089155026,156.08003,0.21083187,0.3377924,0.17909174,2.4328358,281.88806,1086.8732,80.64179,0.64179105,9.567164,0.21083187,0.3377924,0.17909174,,Dead
Data/images/Dead_cells_6.png,44,0.8947782,52.037666,55.03635,46.56217,183.92389,0.097494766,1887.0,0.8371344,2350.0,1977.0,0.8029787,0.44651088,49.016354,0.9544765,99.0,109.0,20248814.0,0.53626746,5.0,5.5310545,124.0,3.2225225,103.49126,103.0,85.0,39.0,2.0779014,103.58905,0.28058726,20248814.0,0.78513855,20.250984,0.049726777,0.76163876,3.6202185,0.049726777,0.2852352,0.047254022,0.97513664,0.97513664,-0.5211957,0.6489576,0.049726777,1.881694,0.74412656,0.77559125,0.76163876,1.1263139,1407.9518,0.15133473,1481.5564,0.10743073,0.3418124,3.6327505,347.5743,1365.0203,93.21284,0.5540541,4.852359,8.945946,0.078431375,185.01183,0.16410938,0.3049384,0.12890214,2.7837837,347.5743,1365.0203,93.21284,0.5540541,8.945946,0.16410938,0.3049384,0.12890214,,Dead
Data/images/Dead_cells_6.png,46,0.9154953,54.885715,59.405388,50.247616,185.29646,0.086769596,2136.0,0.8840719,2400.0,2185.0,0.89,0.40232867,52.150166,0.97757435,95.0,104.0,21712480.0,0.953987,5.0,9.741555,127.0,3.1762724,100.710205,101.0,79.0,48.0,2.11255,100.82172,0.94598055,21712480.0,0.5490578,22.473604,0.10470701,0.7730686,2.9481268,0.10470701,0.4837413,0.09374345,0.9476465,0.9476465,-0.49316204,0.7819603,0.10470701,1.6642652,0.45397678,1.4442621,0.7775057,1.8225348,1349.8689,0.22914475,1172.7875,0.22924273,0.5012354,3.0117042,123.30882,409.65808,51.778698,0.5617851,5.0550823,21.867647,0.12734082,61.640137,0.21489468,0.6164554,0.12573816,2.8345587,123.30882,409.65808,51.778698,0.5617851,21.867647,0.21489468,0.6164554,0.12573816,,Dead
Data/images/Dead_cells_7.png,1,0.9457505,56.19908,58.830265,53.150303,194.1249,0.08319044,2334.0,0.8821199,2862.0,2406.0,0.8155136,0.32489398,54.51368,0.97007483,96.0,102.0,23182684.0,0.96045035,3.0,4.2411146,111.0,2.190319,99.61911,100.0,88.0,23.0,1.4022105,99.66242,-0.20532963,23182684.0,0.52716225,8.630843,0.11935059,0.7478137,2.7871873,0.11935059,0.5274913,0.105106026,0.9403247,0.9403247,-0.45675763,0.7644404,0.11935059,1.6156209,0.42163035,1.4831735,0.7478137,1.898007,1428.7866,0.2633871,1230.3967,0.23641886,0.5375964,2.8496144,121.070335,382.60245,55.68731,0.6055046,4.835619,33.311928,0.14010283,70.124794,0.2738495,0.66728187,0.17549141,2.5779817,121.070335,382.60245,55.68731,0.6055046,33.311928,0.2738495,0.66728187,0.17549141,,Dead
Data/images/Dead_cells_7.png,3,0.957261,53.650703,57.45433,51.357727,183.98276,0.08539464,2155.0,0.8943367,2500.0,2205.0,0.862,0.28922543,52.38159,0.97732425,94.0,102.0,20947536.0,0.9768524,3.0,3.9668977,107.0,2.326761,98.54478,99.0,86.0,21.0,1.656614,98.59226,-0.7662726,20947536.0,0.51595867,9.360756,0.16587453,0.65561634,2.1297529,0.16587453,0.6481799,0.13836017,0.91706276,0.91706276,-0.3396184,0.695516,0.16587453,1.40423,0.3799836,1.6161678,0.65561634,2.0640051,1155.7888,0.330866,1111.891,0.24202067,0.6919954,2.2320185,63.9425,128.795,47.729374,0.608125,4.445422,55.505,0.18561485,34.917343,0.33641917,1.015921,0.16654369,2.5675,63.9425,128.795,47.729374,0.608125,55.505,0.33641917,1.015921,0.16654369,,Dead
Data/images/Dead_cells_7.png,4,0.9264723,53.559834,55.072678,49.621704,176.56854,0.08490913,2080.0,0.9155268,2444.0,2126.0,0.85106385,0.3763629,51.46201,0.9783631,95.0,104.0,20894136.0,0.943161,5.0,3.4709191,112.0,2.8940506,100.159134,101.0,89.0,23.0,2.125808,100.22603,-0.5943138,20894136.0,0.5388776,13.404964,0.10059172,0.78129613,2.8742604,0.10059172,0.4708685,0.090473026,0.9497042,0.9497042,-0.507021,0.7842495,0.10059172,1.6415187,0.44958207,1.4055133,0.78129613,1.8023083,1342.2413,0.23460059,1120.8654,0.23056121,0.5204327,2.9182692,143.23438,494.9375,55.308594,0.61621094,4.860657,21.9375,0.12307692,77.21875,0.24382126,0.65258384,0.14163062,2.5351562,143.23438,494.9375,55.308594,0.61621094,21.9375,0.24382126,0.65258384,0.14163062,,Dead
Data/images/Dead_cells_7.png,5,0.94554704,56.916557,60.207973,53.817284,191.49748,0.08034297,2384.0,0.9037524,2650.0,2426.0,0.8996226,0.32548538,55.094494,0.98268753,93.0,101.0,22917356.0,0.9975816,4.0,9.392257,108.0,3.088432,97.94463,99.0,76.0,32.0,1.8985329,98.04583,-2.2302108,22917356.0,0.50167537,19.834183,0.15658516,0.6860522,2.3470614,0.15658516,0.62607723,0.13206625,0.92170745,0.92170745,-0.37313464,0.7247311,0.15658516,1.4751179,0.36917198,1.623958,0.6860522,2.069518,1316.0059,0.317466,1195.9941,0.2491623,0.64670724,2.413171,72.660286,172.06938,47.808014,0.6447368,4.616959,50.70335,0.17533557,40.132095,0.3181951,0.7483854,0.21064752,2.4210527,72.660286,172.06938,47.808014,0.6447368,50.70335,0.3181951,0.7483854,0.21064752,,Dead
Data/images/Dead_cells_7.png,6,0.95999116,52.74546,55.758408,50.635174,176.2254,0.08450031,2086.0,0.9186319,2450.0,2124.0,0.85142857,0.28003037,51.53618,0.98210925,90.0,102.0,19320434.0,0.7614149,6.0,10.717778,116.0,3.9415214,96.067116,97.0,60.0,56.0,2.5510864,96.239044,-1.5562618,19320434.0,0.6905715,33.06261,0.09086444,0.70784235,4.753929,0.09086444,0.43934864,0.0826081,0.9545678,0.9545678,-0.4439428,0.69518685,0.09086444,2.1549606,0.619945,1.1571397,0.798461,1.5025576,1407.0355,0.23207265,1440.5321,0.16103981,0.2345531,4.84372,166.70639,719.17444,40.59409,0.19858156,4.7699733,23.15319,0.1126558,87.91243,0.2969072,2.4763772,0.03912799,6.361702,166.70639,719.17444,40.59409,0.19858156,23.15319,0.2969072,2.4763772,0.03912799,,Dead
Data/images/Dead_cells_7.png,10,0.9523934,55.20755,58.249462,52.579308,186.91168,0.0824671,2267.0,0.90291387,2600.0,2312.0,0.8719231,0.30487168,53.725544,0.98053634,91.0,104.0,21897346.0,0.99155843,7.0,3.1336703,115.0,4.0401697,98.14909,99.0,84.0,31.0,2.8835886,98.28109,-0.46725845,21897346.0,0.5058398,25.928366,0.094808124,0.8083351,2.2975168,0.094808124,0.45231828,0.08581954,0.95259595,0.95259595,-0.5449795,0.8129742,0.094808124,1.448307,0.4195248,1.4437819,0.8083351,1.8211503,1483.5681,0.20594677,1146.7389,0.24708009,0.6655271,2.3378916,138.42366,316.60306,93.878815,0.64790076,5.1131554,16.984734,0.11557124,63.554935,0.16578892,0.4092026,0.10493549,2.408397,138.42366,316.60306,93.878815,0.64790076,16.984734,0.16578892,0.4092026,0.10493549,,Dead
Data/images/Dead_cells_7.png,11,0.93161213,53.81379,55.226807,50.13358,177.29646,0.08384794,2115.0,0.9194089,2548.0,2158.0,0.8300628,0.36345404,51.893177,0.98007417,96.0,102.0,20753388.0,0.97840834,2.0,4.6832743,111.0,1.871529,99.0227,99.0,90.0,21.0,1.2019182,99.057945,0.019594634,20753388.0,0.5148914,6.981991,0.15414445,0.68197286,2.160446,0.15414445,0.62011534,0.13038394,0.9229278,0.9229278,-0.36999777,0.7176213,0.15414445,1.4125061,0.38492644,1.5938123,0.68197286,2.0398293,1167.2817,0.31351653,1088.9952,0.2425543,0.68971634,2.2411346,63.916218,127.816216,47.941216,0.62905407,4.636134,42.745945,0.1749409,31.241089,0.3088921,0.82360774,0.1802132,2.4837837,63.916218,127.816216,47.941216,0.62905407,42.745945,0.3088921,0.82360774,0.1802132,,Dead
Data/images/Dead_cells_7.png,13,0.96901363,57.60619,61.03278,55.821186,195.98276,0.078221016,2506.0,0.90538704,2808.0,2547.0,0.89245015,0.2470072,56.48662,0.98390263,96.0,102.0,24945032.0,0.936852,2.0,3.4633386,105.0,1.8277867,99.742615,100.0,91.0,14.0,1.3474559,99.770355,-0.843317,24945032.0,0.54312843,5.533515,0.13219094,0.7079018,2.8959608,0.13219094,0.56341636,0.1147165,0.9339045,0.9339045,-0.40632677,0.72836345,0.13219094,1.6540188,0.43272707,1.4827976,0.7079018,1.8952264,1485.2267,0.2836092,1361.0798,0.2284358,0.5148643,2.9405427,104.21636,361.98682,39.773746,0.6437995,4.674212,41.849606,0.15123703,60.496002,0.29871717,0.6803177,0.20331702,2.424802,104.21636,361.98682,39.773746,0.6437995,41.849606,0.29871717,0.6803177,0.20331702,,Dead
Data/images/Dead_cells_7.png,17,0.9478689,51.73953,53.712196,49.042286,176.1249,0.089154586,1976.0,0.8945873,2400.0,2032.0,0.8233333,0.31866062,50.158962,0.97244096,91.0,103.0,18835518.0,0.869348,5.0,5.445012,118.0,3.8395462,97.47166,97.0,77.0,41.0,2.2666614,97.632706,0.034876518,18835518.0,0.5877924,31.42025,0.0961039,0.76178205,1.7927272,0.0961039,0.45652214,0.086867936,0.95194805,0.95194805,-0.4860408,0.7515208,0.0961039,1.2802597,0.50970364,1.2956531,0.76178205,1.6729819,1285.833,0.22330722,1161.4778,0.20610382,0.7821356,1.8714575,148.1695,209.4661,132.84534,0.5963983,4.860999,18.288136,0.1194332,78.06435,0.2259429,0.7799492,0.08744132,2.6144068,148.1695,209.4661,132.84534,0.5963983,18.288136,0.2259429,0.7799492,0.08744132,,Dead
Data/images/Dead_cells_7.png,19,0.9585116,54.78621,58.18075,52.513214,183.53911,0.081627354,2249.0,0.91584665,2601.0,2283.0,0.8646674,0.28505358,53.51183,0.9851073,96.0,103.0,22707840.0,0.90161383,3.0,3.307011,110.0,2.2527654,100.44286,101.0,91.0,19.0,1.7260709,100.48314,-0.3973435,22707840.0,0.56663114,8.092,0.09517304,0.7785504,3.014572,0.09517304,0.453505,0.08611514,0.9524135,0.9524135,-0.5068778,0.7725733,0.09517304,1.6873862,0.48411202,1.3380879,0.7785504,1.7162037,1496.5322,0.23739971,1274.3535,0.21668442,0.48810583,3.0475767,185.30153,668.8626,64.41126,0.6278626,4.64047,27.793894,0.11649622,111.617,0.30230808,0.85162836,0.16497803,2.4885497,185.30153,668.8626,64.41126,0.6278626,27.793894,0.30230808,0.85162836,0.16497803,,Dead
Data/images/Dead_cells_7.png,20,0.8967797,48.286728,49.73932,43.30256,160.46803,0.098537326,1629.0,0.8914773,2070.0,1685.0,0.78695655,0.44247726,45.542366,0.9667656,98.0,103.0,16335383.0,0.9748973,2.0,3.5854769,108.0,1.6186116,100.11602,100.0,95.0,13.0,1.0455313,100.1392,0.64916277,16335383.0,0.5172987,4.641542,0.17319848,0.6418993,2.6845765,0.17319848,0.6649695,0.14320077,0.91340077,0.91340077,-0.32404667,0.68473357,0.17319848,1.5903919,0.37314063,1.6362236,0.6418993,2.1149096,850.6722,0.35910586,842.67957,0.24135065,0.5552486,2.7790055,56.89408,159.64174,31.207165,0.6051402,4.3746786,48.320873,0.1970534,31.140827,0.36778003,0.85988194,0.24475454,2.5794392,56.89408,159.64174,31.207165,0.6051402,48.320873,0.36778003,0.85988194,0.24475454,,Dead
Data/images/Dead_cells_7.png,21,0.9406063,58.260952,62.201286,54.800617,191.74011,0.077549085,2473.0,0.919306,2700.0,2506.0,0.9159259,0.33949938,56.11347,0.9868316,100.0,107.0,26067796.0,0.43299147,4.0,17.093067,112.0,2.3843634,102.604935,102.0,75.0,37.0,1.6328912,102.66918,-2.299807,26067796.0,0.8379065,13.188443,0.060819197,0.6255464,3.70211,0.060819197,0.33068827,0.057120223,0.9695904,0.9695904,-0.36626485,0.521686,0.060819197,1.9108399,0.78045857,0.70848584,0.6255464,1.02391,1828.1039,0.16229104,2072.1428,0.08104676,0.31672058,3.7331176,326.3005,1291.2217,85.0702,0.5381773,4.923707,12.950739,0.08208653,177.89288,0.19984035,0.3361061,0.16577391,2.8472908,326.3005,1291.2217,85.0702,0.5381773,12.950739,0.19984035,0.3361061,0.16577391,,Dead
Data/images/Dead_cells_7.png,22,0.98653066,56.92041,61.611687,56.153732,195.63962,0.07912623,2473.0,0.9009824,2862.0,2528.0,0.8640811,0.16357645,56.11347,0.97824365,97.0,103.0,24978916.0,0.7960341,2.0,15.690399,108.0,2.2539132,100.44197,101.0,77.0,31.0,1.2743433,100.50201,-2.7669501,24978916.0,0.6345783,12.063859,0.07533113,0.7889952,3.2644868,0.07533113,0.38551056,0.06965635,0.96233445,0.96233445,-0.5330702,0.75221163,0.07533113,1.767384,0.5733322,1.1479365,0.7889952,1.4942837,1749.862,0.19636416,1569.3121,0.18271084,0.43044886,3.2782047,275.72803,1037.6527,85.246864,0.63912135,4.98723,20.313808,0.09664375,168.66182,0.25771558,0.60705966,0.17037955,2.4435146,275.72803,1037.6527,85.246864,0.63912135,20.313808,0.25771558,0.60705966,0.17037955,,Dead
Data/images/Dead_cells_7.png,23,0.8939107,56.018375,58.30952,50.075424,190.95332,0.08729295,2188.0,0.8682639,2550.0,2252.0,0.8580392,0.44824505,52.781136,0.9715808,101.0,109.0,23861436.0,0.15218693,4.0,3.8407996,118.0,2.5008903,104.38163,104.0,96.0,22.0,1.8703127,104.42985,0.90098387,23861436.0,0.95708686,10.068712,0.017832004,0.5037383,3.93618,0.017832004,0.12908842,0.017514024,0.991084,0.991084,-0.30518517,0.2780149,0.017832004,1.9816988,0.9465533,0.22336535,0.5037383,0.5166797,1866.9332,0.094835885,2094.106,0.021456573,0.2664534,3.9341865,911.45264,3642.4631,228.7,0.47105262,4.5535297,7.063158,0.043418646,380.999,0.21440722,0.30631307,0.19143075,3.1157894,911.45264,3642.4631,228.7,0.47105262,7.063158,0.21440722,0.30631307,0.19143075,,Dead
Data/images/Dead_cells_7.png,24,0.9471467,58.728863,63.126858,55.624847,196.95332,0.07746443,2543.0,0.90755326,2915.0,2598.0,0.8723842,0.3208007,56.902092,0.97882986,91.0,108.0,24993728.0,1.186173,6.0,7.6888814,136.0,5.6341276,98.76602,100.0,59.0,77.0,3.1789656,99.1385,-1.1788565,24993728.0,0.47116873,73.714424,0.12057878,0.80958873,6.4581995,0.12057878,0.53102225,0.10603954,0.9397106,0.9397106,-0.5273985,0.84557563,0.12057878,2.4903536,0.37200135,1.752467,0.83784115,2.094773,1534.2119,0.2295594,1198.1821,0.31525308,0.19954559,6.5407,86.06479,587.8507,15.606573,0.2070227,5.1387343,27.02817,0.1395989,34.75077,0.1491897,0.9164688,0.029738398,6.4704227,86.06479,587.8507,15.606573,0.2070227,27.02817,0.1491897,0.9164688,0.029738398,,Healthy
Data/images/Dead_cells_7.png,25,0.96024567,50.86127,55.97321,48.839317,179.88225,0.093469605,1925.0,0.8645211,2256.0,1972.0,0.8532801,0.27915627,49.507435,0.9761663,98.0,103.0,19734602.0,0.63555086,3.0,4.3929915,110.0,1.6170244,101.22805,102.0,93.0,17.0,1.1461862,101.250885,-0.5924803,19734602.0,0.730494,4.6227975,0.07946666,0.7078995,3.4730666,0.07946666,0.40029716,0.073151715,0.96026665,0.96026665,-0.43588927,0.6539283,0.07946666,1.8376,0.6547958,1.0010626,0.7078995,1.3754795,1335.107,0.21179855,1406.201,0.13475297,0.3703896,3.5184417,240.29648,924.6884,69.198494,0.5477387,4.784023,19.824121,0.10337663,146.72246,0.28705066,0.6307902,0.20111579,2.8090453,240.29648,924.6884,69.198494,0.5477387,19.824121,0.28705066,0.6307902,0.20111579,,Dead
Data/images/Dead_cells_7.png,26,0.85024,51.499096,54.378304,43.78659,167.29646,0.09491998,1763.0,0.88957536,2156.0,1810.0,0.81771797,0.52639526,47.37849,0.9740332,94.0,104.0,17554570.0,0.94833136,5.0,3.3176286,110.0,3.09507,99.71299,101.0,84.0,26.0,2.4254417,99.78584,-0.68799704,17554570.0,0.53538436,14.534755,0.05704307,0.87659943,2.8835855,0.05704307,0.31559342,0.05378916,0.97147846,0.97147846,-0.6696177,0.8472693,0.05704307,1.637369,0.48395133,1.2570056,0.87659943,1.60438,1301.0896,0.1540579,943.88257,0.23230784,0.5252411,2.8990357,302.76224,993.22375,130.14685,0.63286716,5.049698,9.601398,0.081111744,150.7661,0.14734441,0.36950138,0.09180516,2.4685314,302.76224,993.22375,130.14685,0.63286716,9.601398,0.14734441,0.36950138,0.09180516,,Dead
Data/images/Dead_cells_7.png,27,0.92671007,52.01978,55.569775,48.207256,175.39697,0.08997023,1950.0,0.892369,2256.0,2001.0,0.8643617,0.3757771,49.827873,0.97451276,97.0,102.0,19350452.0,0.99972606,3.0,3.8613212,108.0,1.8176063,99.58769,99.0,91.0,17.0,1.2434186,99.61581,0.08963672,19350452.0,0.5001899,5.600259,0.15376514,0.69238776,2.3986309,0.15376514,0.6191829,0.13012142,0.92311746,0.92311746,-0.38073298,0.7300345,0.15376514,1.4918379,0.3700118,1.6189557,0.69238776,2.0711398,1074.3148,0.31726602,975.37024,0.24990506,0.6323077,2.4707692,67.76676,181.41692,39.35423,0.63265306,4.591599,40.08455,0.17589743,35.44605,0.30936489,0.8439007,0.17573096,2.4693878,67.76676,181.41692,39.35423,0.63265306,40.08455,0.30936489,0.8439007,0.17573096,,Dead
Data/images/Dead_cells_7.png,28,0.9370144,55.469913,59.665737,51.97611,182.81119,0.08133979,2248.0,0.91928893,2550.0,2289.0,0.8815686,0.34929064,53.49993,0.98208827,92.0,106.0,22790880.0,0.8810733,5.0,4.197399,115.0,4.3317714,100.51779,102.0,83.0,32.0,2.6006958,100.68909,-1.150752,22790880.0,0.58014244,34.464985,0.061930783,0.8541901,3.0510018,0.061930783,0.3350622,0.058095362,0.9690346,0.9690346,-0.63169175,0.8213077,0.061930783,1.693989,0.51716816,1.2157624,0.8541901,1.5574268,1642.7758,0.15707755,1304.1602,0.2099288,0.47486654,3.1005337,251.04256,817.56384,109.41223,0.52925533,5.344901,9.212766,0.08362989,108.06202,0.13950655,0.33265233,0.0912201,2.8829787,251.04256,817.56384,109.41223,0.52925533,9.212766,0.13950655,0.33265233,0.0912201,,Dead
Data/images/Dead_cells_7.png,29,0.96448326,44.035942,45.453274,42.471928,151.63962,0.1036852,1463.0,0.89400554,1849.0,1520.0,0.7912385,0.26414397,43.15958,0.9625,100.0,106.0,15519837.0,0.3387904,2.0,2.5999162,109.0,1.7210752,102.97266,103.0,97.0,12.0,1.3381808,102.996254,0.12080847,15519837.0,0.8821399,4.8591294,0.03943662,0.6745678,3.7859154,0.03943662,0.23970312,0.037881374,0.9802817,0.9802817,-0.4356249,0.51026005,0.03943662,1.9352113,0.8409363,0.5415368,0.6745678,0.88791627,1143.3063,0.14162885,1290.5708,0.058930025,0.29716337,3.8113465,429.24243,1701.0303,111.295456,0.46212122,4.879446,6.5151515,0.067669176,210.85971,0.21614952,0.43987888,0.16021718,3.1515152,429.24243,1701.0303,111.295456,0.46212122,6.5151515,0.21614952,0.43987888,0.16021718,,Dead
Data/images/Dead_cells_7.png,33,0.9703952,54.767616,57.201397,53.146233,187.63962,0.08256969,2273.0,0.90060085,2600.0,2314.0,0.87423074,0.24152264,53.796593,0.98228174,97.0,104.0,22838892.0,0.95749956,3.0,5.1786027,112.0,2.1037357,100.19753,100.0,89.0,23.0,1.5214332,100.23925,-0.19436543,22838892.0,0.5291686,8.360891,0.14279279,0.69694537,2.7887387,0.14279279,0.5915064,0.12240301,0.9286036,0.9286036,-0.3900546,0.7255214,0.14279279,1.6200451,0.40641862,1.5423441,0.69694537,1.9655963,1293.6212,0.286443,1202.8003,0.2354157,0.53442585,2.8622966,81.99189,272.45947,34.375,0.6087838,4.735983,38.2,0.16278046,44.252453,0.26609945,0.6932817,0.15930387,2.5648649,81.99189,272.45947,34.375,0.6087838,38.2,0.26609945,0.6932817,0.15930387,,Dead
Data/images/Dead_cells_8.png,2,0.9743376,55.720673,58.59181,54.290745,191.88225,0.081323266,2360.0,0.8973877,2808.0,2415.0,0.84045583,0.2250918,54.81647,0.97722566,90.0,100.0,21739016.0,0.5423737,5.0,4.758269,113.0,3.6099856,95.84703,96.0,84.0,29.0,2.306811,95.97628,0.92068696,21739016.0,0.781886,24.793127,0.057316545,0.70069236,1.293096,0.057316545,0.31669918,0.054031357,0.9713417,0.9713417,-0.44530734,0.59543633,0.057316545,1.1072514,0.75447154,0.7642392,0.70069236,1.0616269,1783.3932,0.17688811,1845.2509,0.109057024,0.9065678,1.3737289,384.38095,413.36508,377.13492,0.5515873,4.243499,22.248676,0.08008475,228.46147,0.3208077,1.239115,0.09123089,2.7936509,384.38095,413.36508,377.13492,0.5515873,22.248676,0.3208077,1.239115,0.09123089,,Dead
Data/images/Dead_cells_8.png,3,0.9489286,55.531666,58.796257,52.695587,188.91168,0.08291055,2279.0,0.8957166,2548.0,2324.0,0.894427,0.31549084,53.86755,0.98063684,98.0,104.0,23512464.0,0.7282018,3.0,3.4448035,107.0,1.9385661,101.54322,102.0,93.0,14.0,1.2914988,101.57268,-0.98979485,23512464.0,0.6762288,5.9831033,0.06466098,0.79711306,3.3709025,0.06466098,0.3456759,0.060479935,0.9676695,0.9676695,-0.55154234,0.74023706,0.06466098,1.8010777,0.62081563,1.0425527,0.79711306,1.3738997,1669.2711,0.17488983,1541.1255,0.16188559,0.40236947,3.3905222,363.39285,1378.0051,109.7398,0.6020408,4.6878567,18.602041,0.08600263,228.19292,0.25132343,0.6850765,0.14288516,2.5918367,363.39285,1378.0051,109.7398,0.6020408,18.602041,0.25132343,0.6850765,0.14288516,,Dead
Data/images/Dead_cells_8.png,4,0.9620663,52.98553,56.435802,50.975594,177.63962,0.084089756,2113.0,0.9171988,2450.0,2152.0,0.862449,0.27281573,51.868633,0.9818773,94.0,104.0,20733232.0,1.0754583,5.0,10.635759,117.0,3.8291576,98.878845,99.0,65.0,52.0,2.1517656,99.05668,-1.4434234,20733232.0,0.4894719,35.199707,0.11057226,0.7960076,6.287585,0.11057226,0.50163966,0.09834603,0.9447139,0.9447139,-0.5212356,0.821168,0.11057226,2.4641125,0.39413536,1.5913368,0.80426884,1.9742507,1317.5149,0.23882803,1034.2542,0.27110472,0.19078982,6.3928065,133.53047,862.7025,24.511051,0.18677817,4.7955065,26.741936,0.13203976,76.17292,0.23676695,1.7213931,0.038268127,6.7060933,133.53047,862.7025,24.511051,0.18677817,26.741936,0.23676695,1.7213931,0.038268127,,Dead
Data/images/Dead_cells_8.png,5,0.9587443,55.087864,57.48913,52.815174,191.19595,0.084060654,2275.0,0.88423806,2808.0,2346.0,0.8101852,0.2842699,53.820255,0.96973574,98.0,102.0,22886044.0,0.8716836,2.0,3.465664,106.0,1.4451294,100.28176,101.0,93.0,13.0,1.0449791,100.29855,-0.42032388,22886044.0,0.5862722,3.368085,0.13063063,0.6837082,3.0603604,0.13063063,0.5591652,0.11356627,0.9346847,0.9346847,-0.3818992,0.69692034,0.13063063,1.7085586,0.4734271,1.4086797,0.6837082,1.8285979,1351.7894,0.2913078,1333.7693,0.20686391,0.46923077,3.123077,104.03768,375.23767,36.237682,0.6043478,4.577517,41.30145,0.15164836,60.55417,0.3184375,0.7979954,0.19854802,2.5826087,104.03768,375.23767,36.237682,0.6043478,41.30145,0.3184375,0.7979954,0.19854802,,Dead
Data/images/Dead_cells_8.png,6,0.9109339,57.94765,59.615433,52.78648,194.36754,0.08124035,2393.0,0.8920869,2800.0,2447.0,0.85464287,0.41255233,55.19839,0.97793216,92.0,101.0,22784906.0,0.90494406,4.0,6.506507,110.0,3.1662686,97.472626,98.0,78.0,32.0,1.8141578,97.57808,-1.399429,22784906.0,0.56442744,20.568516,0.14451115,0.6643718,1.8687822,0.14451115,0.59593225,0.12362768,0.92774445,0.92774445,-0.35650858,0.6874774,0.14451115,1.3136792,0.44580317,1.474828,0.6643718,1.902725,1354.0664,0.3022236,1350.6749,0.21778628,0.75961137,1.9615545,74.10804,112.904526,64.40892,0.6155779,4.602026,43.542713,0.16631843,37.95713,0.2969091,0.8821908,0.15058865,2.5376885,74.10804,112.904526,64.40892,0.6155779,43.542713,0.2969091,0.8821908,0.15058865,,Dead
Data/images/Dead_cells_8.png,10,0.9961256,50.966858,54.405884,50.76939,176.46803,0.08729559,2022.0,0.903183,2352.0,2069.0,0.8596939,0.08794211,50.739437,0.9772837,99.0,108.0,21431988.0,0.59694445,5.0,2.7445414,114.0,2.738255,102.899605,102.0,95.0,19.0,2.2572522,102.95339,0.5505874,21431988.0,0.75218344,11.072513,0.08574328,0.6274346,3.559107,0.08574328,0.42209953,0.078391366,0.95712835,0.95712835,-0.3506055,0.5718285,0.08574328,1.8673263,0.69146574,0.93145543,0.6274346,1.2604487,1367.8912,0.21179684,1520.9149,0.123908274,0.35867953,3.5652819,191.67273,750.3409,52.00568,0.6454545,4.4170647,21.218182,0.10880317,107.19992,0.25364232,0.36002243,0.22704728,2.418182,191.67273,750.3409,52.00568,0.6454545,21.218182,0.25364232,0.36002243,0.22704728,,Dead
Data/images/Dead_cells_8.png,11,0.95419323,52.93834,55.758408,50.513405,181.05382,0.08702419,2081.0,0.8930609,2448.0,2131.0,0.8500817,0.29919112,51.474377,0.9765368,97.0,103.0,21016820.0,0.8259767,3.0,6.495725,106.0,1.7890214,100.466606,101.0,86.0,20.0,1.3190689,100.4957,-1.0149064,21016820.0,0.6156895,5.846194,0.09068507,0.7630028,3.18137,0.09068507,0.43875235,0.08246128,0.9546575,0.9546575,-0.49085012,0.74456555,0.09068507,1.7422376,0.5348968,1.2425601,0.7630028,1.6238165,1386.6127,0.21957894,1281.2499,0.19215524,0.444618,3.221528,186.2161,691.29663,59.945976,0.5963983,4.8559427,21.050848,0.113407016,108.46256,0.2424247,0.5941546,0.15449221,2.6144068,186.2161,691.29663,59.945976,0.5963983,21.050848,0.2424247,0.5941546,0.15449221,,Dead
Data/images/Dead_cells_8.png,14,0.8446904,58.962856,61.7171,49.80536,185.63962,0.080941625,2294.0,0.9144999,2650.0,2325.0,0.86566037,0.53525525,54.044533,0.9866667,94.0,101.0,21951280.0,0.735829,3.0,4.956328,111.0,2.446987,97.761116,98.0,88.0,23.0,1.4902959,97.82125,0.69942546,21951280.0,0.67162544,11.761592,0.100446425,0.6874108,1.553125,0.100446425,0.47040915,0.090356946,0.94977677,0.94977677,-0.4011342,0.66380906,0.100446425,1.2011161,0.58830625,1.1578261,0.6874108,1.5334187,1499.2092,0.2442329,1540.7089,0.16418727,0.84470356,1.6211857,146.12903,178.01076,138.1586,0.6317204,4.780005,28.060932,0.12162162,78.52409,0.29695672,1.0032218,0.12039046,2.4731183,146.12903,178.01076,138.1586,0.6317204,28.060932,0.29695672,1.0032218,0.12039046,,Dead
Data/images/Dead_cells_8.png,16,0.9390195,58.297943,62.76942,54.742905,195.05382,0.07885742,2474.0,0.90387094,2915.0,2526.0,0.8487136,0.3438639,56.124813,0.9794141,99.0,106.0,25688216.0,0.58912957,3.0,3.8013692,113.0,2.0488672,101.86459,101.0,91.0,22.0,1.6515679,101.898346,0.4171106,25688216.0,0.7565063,6.8777843,0.104958676,0.55094236,3.5421488,0.104958676,0.48452,0.09394235,0.9475207,0.9475207,-0.27230814,0.5171056,0.104958676,1.864876,0.6723267,0.98707366,0.55094236,1.3300629,1598.6217,0.24600747,1871.5966,0.121746846,0.35640663,3.5743735,154.82468,608.0487,41.51867,0.6176948,4.4695134,34.733765,0.12449475,90.30414,0.3015366,0.5167791,0.24772595,2.5292208,154.82468,608.0487,41.51867,0.6176948,34.733765,0.3015366,0.5167791,0.24772595,,Dead
Data/images/Dead_cells_8.png,17,0.93476427,48.68514,51.42956,45.509125,165.19595,0.09540627,1732.0,0.89292866,2115.0,1788.0,0.8189125,0.35526863,46.9601,0.9686801,100.0,106.0,18271186.0,0.3367259,3.0,2.1827023,109.0,1.8572049,102.68591,103.0,98.0,11.0,1.6230211,102.70922,0.1439934,18271186.0,0.88306516,4.78703,0.05812574,0.50672317,3.782325,0.05812574,0.31995943,0.05474714,0.97093713,0.97093713,-0.26338643,0.4042567,0.05812574,1.9371293,0.8274169,0.5882547,0.50672317,0.92772937,1291.1028,0.17904784,1529.4689,0.05846743,0.29676676,3.812933,279.25,1109.9166,71.583336,0.515625,4.6069646,12.861111,0.08314088,134.58257,0.27379754,0.46863347,0.22508857,2.9375,279.25,1109.9166,71.583336,0.515625,12.861111,0.27379754,0.46863347,0.22508857,,Dead
Data/images/Dead_cells_8.png,20,0.9880456,54.73623,59.20304,54.08189,193.39697,0.0836673,2312.0,0.8812563,2652.0,2369.0,0.8717949,0.15416192,54.25615,0.9759392,98.0,106.0,24079428.0,0.64260507,3.25,4.6731806,111.0,2.4191513,102.000435,102.0,87.0,24.0,1.6838825,102.053795,-0.80641854,24079428.0,0.7264715,10.888841,0.054915857,0.7946493,3.4955714,0.054915857,0.30692303,0.051900104,0.97254205,0.97254205,-0.5567887,0.7107934,0.054915857,1.8410097,0.6806752,0.91194856,0.7946493,1.2333976,1735.757,0.15016583,1679.602,0.13676426,0.37262112,3.5095155,333.8764,1288.6179,95.19101,0.59129214,5.118907,10.134831,0.07698962,165.16841,0.1711045,0.26648533,0.1472593,2.6348314,333.8764,1288.6179,95.19101,0.59129214,10.134831,0.1711045,0.26648533,0.1472593,,Dead
Data/images/Dead_cells_9.png,1,0.9574711,49.33583,51.42956,47.23763,166.95332,0.09145621,1826.0,0.9071953,2303.0,1874.0,0.79287887,0.28852937,48.217583,0.97438633,75.0,107.0,14779218.0,1.0730473,10.0,5.9180126,144.0,9.057139,88.92552,87.0,58.0,86.0,4.890106,89.96536,1.3923457,14779218.0,0.633043,186.01855,0.11480022,0.80093616,4.413056,0.11480022,0.5142272,0.101621136,0.9425999,0.9425999,-0.48334405,0.788581,0.11480022,2.0450196,0.5770245,1.5257599,0.8350222,1.8275931,1145.0701,0.29122844,1155.9365,0.32303983,0.2976185,4.626506,190.78261,781.7233,49.749096,0.325785,4.5235214,56.636364,0.13855422,138.69186,0.42142823,3.310476,0.102807075,6.4268775,190.78261,781.7233,49.749096,0.325785,56.636364,0.42142823,3.310476,0.102807075,,Healthy
Data/images/Dead_cells_9.png,3,0.959896,55.378063,58.898216,53.157185,189.63962,0.083011426,2285.0,0.89345247,2650.0,2334.0,0.86226416,0.28035617,53.93841,0.979006,98.0,104.0,23206946.0,0.8561654,3.0,3.324941,109.0,1.7468314,100.75274,100.0,95.0,14.0,1.2753142,100.77804,0.62099993,23206946.0,0.5963384,5.0990353,0.15912147,0.59807277,3.1048858,0.15912147,0.6322037,0.13380183,0.92043924,0.92043924,-0.28979987,0.6220216,0.15912147,1.7281488,0.47030193,1.4435943,0.59807277,1.8496741,1243.2827,0.31035742,1362.6333,0.20183079,0.46039388,3.1584246,64.88753,239.3863,21.262836,0.63875306,4.394823,45.977997,0.17899343,33.67523,0.2850691,0.59288377,0.20811544,2.4449878,64.88753,239.3863,21.262836,0.63875306,45.977997,0.2850691,0.59288377,0.20811544,,Dead
Data/images/Dead_cells_9.png,5,0.9188677,53.774075,56.302753,49.41126,175.63962,0.08458445,2077.0,0.91970474,2397.0,2117.0,0.8664998,0.39456573,51.42488,0.9811053,98.0,105.0,21379408.0,0.7962552,3.0,3.4281194,113.0,2.183028,101.41791,101.0,93.0,20.0,1.595131,101.45643,0.21247214,21379408.0,0.63443995,7.814759,0.08444444,0.7706047,3.2281482,0.08444444,0.41764906,0.07731358,0.9577778,0.9577778,-0.50403786,0.7441213,0.08444444,1.7567902,0.55456877,1.1972747,0.7706047,1.5701711,1403.1704,0.20039922,1317.7318,0.18278001,0.43054888,3.2778046,171.6278,628.3139,57.45628,0.56278026,5.113613,16.228699,0.10736639,84.87904,0.19372016,0.43094292,0.13441446,2.748879,171.6278,628.3139,57.45628,0.56278026,16.228699,0.19372016,0.43094292,0.13441446,,Dead
Data/images/Dead_cells_9.png,6,0.93199676,58.489426,61.7171,54.511955,191.15433,0.07706282,2481.0,0.9236138,2805.0,2522.0,0.884492,0.36246663,56.20416,0.9837431,93.0,110.0,25612816.0,1.0189862,8.0,6.3607864,142.0,5.022335,101.3821,101.0,84.0,58.0,3.610714,101.60505,0.8574715,25612816.0,0.52088594,45.25424,0.09810387,0.80110097,2.899835,0.09810387,0.46295604,0.088479504,0.95094806,0.95094806,-0.5363213,0.8139438,0.09810387,1.6438582,0.43896875,1.482183,0.80188775,1.8124611,1597.0951,0.19491725,1292.318,0.24907556,0.52996105,2.9177752,128.28328,425.7645,54.265644,0.6546265,5.0798,20.201365,0.11809754,56.58342,0.1139492,0.18069454,0.09856064,2.4573379,128.28328,425.7645,54.265644,0.6546265,20.201365,0.1139492,0.18069454,0.09856064,,Dead
Data/images/Dead_cells_9.png,7,0.9204629,55.78637,58.59181,51.349285,187.68124,0.08369286,2243.0,0.8944381,2703.0,2300.0,0.8298187,0.3908299,53.4404,0.9752174,99.0,105.0,23113024.0,0.64184976,3.0,4.021232,112.0,1.7792897,101.48462,101.0,95.0,17.0,1.3405715,101.51115,0.5415699,23113024.0,0.7269031,5.385742,0.0964351,0.6432317,3.4684644,0.0964351,0.4575922,0.087135375,0.95178246,0.95178246,-0.35934642,0.60605896,0.0964351,1.838894,0.64256287,1.0450126,0.6432317,1.4190248,1479.2407,0.23799331,1630.4436,0.13654846,0.37238073,3.510477,183.47745,704.203,53.29605,0.5855263,4.6661267,27.067669,0.118591174,112.37324,0.29235545,0.49625275,0.24138111,2.6578948,183.47745,704.203,53.29605,0.5855263,27.067669,0.29235545,0.49625275,0.24138111,,Dead
Data/images/Dead_cells_9.png,9,0.91893965,53.808342,56.435802,49.44662,177.98276,0.086044356,2069.0,0.90584683,2400.0,2110.0,0.8620833,0.39439818,51.32575,0.9805687,98.0,105.2,21304480.0,0.8630293,4.0,4.390935,116.0,2.480499,101.42436,101.0,94.0,22.0,1.7192231,101.474106,0.80141646,21304480.0,0.59189594,10.093481,0.11188119,0.7235286,3.09901,0.11188119,0.5055643,0.09936379,0.94405943,0.94405943,-0.43333495,0.7242185,0.11188119,1.7183168,0.49596068,1.3437821,0.7235286,1.7428678,1298.4384,0.2560629,1224.6327,0.20405203,0.46423393,3.1430643,117.145454,411.9091,43.454544,0.6181818,4.8439927,25.472727,0.13291445,60.54035,0.27598956,0.534342,0.21140146,2.5272727,117.145454,411.9091,43.454544,0.6181818,25.472727,0.27598956,0.534342,0.21140146,,Dead
Data/images/Dead_cells_9.png,10,0.983699,53.12375,56.603886,52.25778,181.05382,0.08349266,2169.0,0.91175246,2499.0,2212.0,0.86794716,0.17982288,52.551464,0.9805606,99.0,105.0,22309070.0,0.7984279,3.0,3.1551778,112.0,2.033568,101.38773,101.0,96.0,16.0,1.6711843,101.417046,0.7189527,22309070.0,0.63307947,5.9441743,0.14933838,0.591815,3.2022684,0.14933838,0.60818213,0.12703642,0.9253308,0.9253308,-0.28801095,0.60666656,0.14933838,1.7589792,0.50710404,1.3639994,0.591815,1.7931075,1222.4385,0.3231426,1373.1494,0.18346027,0.43153527,3.273859,72.636856,265.0271,24.539295,0.60162604,4.4256763,47.742546,0.17012449,38.0854,0.34307256,0.7102271,0.25128394,2.5934958,72.636856,265.0271,24.539295,0.60162604,47.742546,0.34307256,0.7102271,0.25128394,,Dead
Data/images/Dead_cells_9.png,11,0.92165464,52.31335,55.226807,48.214844,172.95332,0.087637864,1974.0,0.9105307,2350.0,2017.0,0.84,0.38801125,50.13357,0.9786812,99.0,106.0,20425876.0,0.7098104,4.0,7.4045424,109.0,2.2960124,101.67579,101.0,83.0,26.0,1.7224278,101.72244,-0.80838656,20425876.0,0.6872447,9.489616,0.12597606,0.5998743,3.3498178,0.12597606,0.5462983,0.11010609,0.93701196,0.93701196,-0.30455413,0.5936329,0.12597606,1.8042686,0.5750527,1.2093756,0.5998743,1.6221741,1179.2837,0.28554082,1356.6211,0.15637764,0.39551672,3.4179332,107.42373,408.6746,32.111015,0.5754237,4.5775213,33.569492,0.14944276,62.647217,0.30973408,0.61711,0.23289008,2.6983051,107.42373,408.6746,32.111015,0.5754237,33.569492,0.30973408,0.61711,0.23289008,,Dead
Data/images/Dead_cells_9.png,13,0.9360936,57.00056,60.033325,53.35786,186.2254,0.07869233,2367.0,0.9260177,2650.0,2396.0,0.89320755,0.351751,54.897705,0.9878965,99.0,105.0,24537802.0,0.513315,2.0,12.942194,110.0,1.8009773,101.78031,102.0,83.0,27.0,1.2277524,101.81663,-1.7047261,24537802.0,0.79723454,7.3932247,0.06914434,0.6321532,3.650389,0.06914434,0.36272234,0.0643634,0.9654278,0.9654278,-0.36622247,0.5466549,0.06914434,1.894987,0.7476661,0.7918721,0.6321532,1.1107334,1731.4512,0.19743592,1887.0541,0.10138275,0.33586818,3.6565273,324.4554,1282.7089,84.89202,0.6302817,4.651226,24.12676,0.08998732,200.96384,0.32484466,0.5251291,0.27477357,2.4788733,324.4554,1282.7089,84.89202,0.6302817,24.12676,0.32484466,0.5251291,0.27477357,,Dead
Data/images/Dead_cells_9.png,14,0.9126251,53.319324,55.470715,48.660553,177.98276,0.08787102,2026.0,0.896382,2346.0,2072.0,0.86359763,0.40879753,50.7896,0.97779924,98.0,108.0,21475344.0,0.76002425,6.0,5.0248837,126.0,3.394002,102.86525,103.0,93.0,33.0,2.4709074,102.95569,0.6623158,21475344.0,0.6597641,18.613136,0.06896552,0.79828393,3.3154159,0.06896552,0.36205125,0.064209275,0.9655172,0.9655172,-0.54879326,0.7527302,0.06896552,1.7829615,0.59471035,1.1054753,0.80040795,1.4733056,1450.5054,0.19384332,1336.6821,0.17043878,0.4124438,3.3524187,217.55789,783.2737,76.134796,0.5532164,5.0273366,15.347368,0.093780845,103.85496,0.25166664,0.5637194,0.1795014,2.8105264,217.55789,783.2737,76.134796,0.5532164,15.347368,0.25166664,0.5637194,0.1795014,,Dead
Data/images/Dead_cells_9.png,16,0.9562359,56.195087,59.665737,53.73576,187.63962,0.08030798,2337.0,0.91319454,2600.0,2370.0,0.89884615,0.29259685,54.548702,0.98607594,94.0,102.0,22320036.0,0.84391606,5.0,3.0082889,108.0,2.4761302,97.68036,97.0,90.0,18.0,2.012146,97.7278,0.44890043,22320036.0,0.6042273,9.269246,0.08628997,0.7817883,1.7709155,0.08628997,0.42396346,0.07884401,0.956855,0.956855,-0.5165059,0.76260644,0.08628997,1.2713535,0.52571446,1.2511791,0.7817883,1.610934,1573.178,0.19519372,1412.0791,0.19788636,0.7962131,1.8151476,204.18726,272.66135,187.06873,0.65936255,5.0586643,18.91235,0.10740265,117.497055,0.17922187,0.4320377,0.1160179,2.3625498,204.18726,272.66135,187.06873,0.65936255,18.91235,0.17922187,0.4320377,0.1160179,,Dead
Data/images/Dead_cells_9.png,19,0.9559106,57.553978,61.05735,55.016457,193.74011,0.07877216,2460.0,0.90742093,2703.0,2497.0,0.91009986,0.2936578,55.965786,0.9851822,98.0,106.0,25538672.0,0.71948236,4.0,3.947435,110.0,2.395689,101.8439,102.0,89.0,21.0,1.8589315,101.89001,-0.5227825,25538672.0,0.6814664,9.393519,0.08890735,0.71755517,3.3685086,0.08890735,0.43281215,0.08100284,0.9555463,0.9555463,-0.44013205,0.68281657,0.08890735,1.8043207,0.6042194,1.1125009,0.71755517,1.4659965,1663.8707,0.20978981,1676.4073,0.1592668,0.39908537,3.4036586,206.09738,779.794,62.67322,0.6011236,4.8735313,22.617977,0.108536586,121.20911,0.24164237,0.41158572,0.19915654,2.5955057,206.09738,779.794,62.67322,0.6011236,22.617977,0.24164237,0.41158572,0.19915654,,Dead
Data/images/Dead_cells_9.png,21,0.90425193,55.376366,59.816387,50.074184,186.1249,0.086670496,2148.0,0.8826064,2496.0,2194.0,0.8605769,0.42699933,52.296448,0.9790337,98.0,105.0,22244696.0,0.71004,3.0,5.9224916,116.0,2.209229,101.718346,101.0,90.0,26.0,1.4865645,101.76445,0.7740359,22244696.0,0.6871079,9.382029,0.09030101,0.70709205,3.3836598,0.09030101,0.43747374,0.082146734,0.9548495,0.9548495,-0.42791834,0.6721359,0.09030101,1.8096035,0.60956186,1.1040734,0.70709205,1.4740484,1428.0513,0.2174731,1475.9078,0.15644604,0.39560056,3.4175978,183.01639,699.3484,53.933403,0.59733605,4.866347,19.754099,0.11359404,105.51868,0.23653582,0.46837622,0.17857572,2.6106558,183.01639,699.3484,53.933403,0.59733605,19.754099,0.23653582,0.46837622,0.17857572,,Dead
Data/images/Dead_cells_9.png,22,0.955481,54.959797,57.801384,52.513042,183.74011,0.08200853,2241.0,0.9132158,2499.0,2275.0,0.8967587,0.2950527,53.41657,0.98505497,101.0,107.0,24520784.0,0.21794808,3.0,3.9952655,109.0,1.8287598,104.577866,105.0,95.0,14.0,1.4198124,104.60351,-0.9980526,24520784.0,0.93281114,5.36308,0.020547945,0.640577,3.9013698,0.020547945,0.14450614,0.020125726,0.989726,0.989726,-0.42788514,0.38891548,0.020547945,1.9705479,0.922705,0.3012745,0.640577,0.5697434,1915.9344,0.093507454,2090.4297,0.03359444,0.27610442,3.8955824,916.94794,3660.2917,231.11198,0.53125,4.407778,7.75,0.04283802,372.01724,0.21156807,0.25257438,0.2013165,2.875,916.94794,3660.2917,231.11198,0.53125,7.75,0.21156807,0.25257438,0.2013165,,Dead
Data/images/Dead_cells_9.png,23,0.941709,53.758247,55.226807,50.624626,185.63962,0.087134294,2131.0,0.8814041,2548.0,2195.0,0.8363422,0.3364285,52.089092,0.97084284,95.0,103.0,20855776.0,1.027526,4.0,12.075538,112.0,2.9319124,98.82872,99.0,70.0,42.0,1.8246119,98.928505,-2.090037,20855776.0,0.49743602,19.733685,0.15158807,0.7038018,6.2853703,0.15158807,0.6138002,0.12860912,0.92420596,0.92420596,-0.39380538,0.7448545,0.15158807,2.4708855,0.37042344,1.6503246,0.70380676,2.0469186,1170.8217,0.2730183,1060.0361,0.2560081,0.18585432,6.3880806,53.317936,330.0625,10.116093,0.18402778,4.684783,33.869564,0.17268887,19.785023,0.18833639,1.3809732,0.030757084,6.570652,53.317936,330.0625,10.116093,0.18402778,33.869564,0.18833639,1.3809732,0.030757084,,Dead
Data/images/Dead_cells_9.png,24,0.96023405,54.230053,59.20304,52.073544,184.3259,0.0841863,2190.0,0.89989334,2450.0,2237.0,0.89387757,0.2791964,52.805252,0.9789897,97.0,107.0,22745164.0,0.81091607,4.0,4.200013,119.0,2.9121745,101.84018,102.0,89.0,30.0,2.1876457,101.91133,0.3118189,22745164.0,0.6252284,14.496833,0.09354537,0.75070107,3.2025256,0.09354537,0.44819438,0.08479463,0.95322734,0.95322734,-0.47458518,0.73291796,0.09354537,1.7497661,0.5399716,1.2381008,0.75070107,1.6209742,1454.4904,0.22557577,1369.2502,0.1873858,0.43732876,3.250685,149.61111,541.3611,51.67361,0.5833333,4.915341,21.492064,0.115068495,74.08673,0.2512121,0.51732415,0.18468408,2.6666667,149.61111,541.3611,51.67361,0.5833333,21.492064,0.2512121,0.51732415,0.18468408,,Dead
Data/images/Dead_cells_9.png,25,0.88806164,31.434582,32.649654,27.915848,103.84062,0.15148157,686.0,0.8938021,837.0,711.0,0.8195938,0.45972434,29.554058,0.96483827,95.0,99.0,6430833.0,0.14372617,2.0,2.637066,101.0,1.10213,96.81195,97.0,94.0,7.0,0.9808819,96.82144,0.097591005,6430833.0,0.96001667,1.8378164,0.01972686,0.37092924,1.0379362,0.01972686,0.13990417,0.01933771,0.99013656,0.99013656,-0.19517057,0.21212749,0.01972686,1.0159333,0.94930357,0.21288511,0.37092924,0.60697585,560.0204,0.13508826,658.5714,0.01999167,0.9846939,1.0612245,435.65,437.6,435.1625,0.8125,3.7037017,5.1,0.058309037,141.5275,0.2820767,0.89874333,0.12791,1.75,435.65,437.6,435.1625,0.8125,5.1,0.2820767,0.89874333,0.12791,,Dead
Data/images/Dead_cells_9.png,26,0.8913585,53.89599,57.201397,48.040646,175.63962,0.086928785,2021.0,0.9072185,2350.0,2069.0,0.86,0.4532991,50.726887,0.9768004,99.0,103.0,20704484.0,0.57253563,2.0,2.9110525,105.0,1.2466993,101.20435,101.0,96.0,9.0,1.0636749,101.21597,-0.3034937,20704484.0,0.765609,2.351609,0.090263695,0.604415,3.5608518,0.090263695,0.43734938,0.08211616,0.95486814,0.95486814,-0.32656446,0.55391586,0.090263695,1.8686613,0.6897061,0.9389618,0.604415,1.3033097,1375.0485,0.241471,1547.2959,0.11719547,0.35168234,3.5932705,217.67842,853.7181,58.668503,0.5936123,4.55029,29.431719,0.11232063,138.41351,0.35115978,0.67867965,0.2692798,2.6255507,217.67842,853.7181,58.668503,0.5936123,29.431719,0.35115978,0.67867965,0.2692798,,Dead
Data/images/Dead_cells_9.png,27,0.899395,61.580887,66.287254,55.38554,206.46803,0.0781336,2643.0,0.8825912,3016.0,2707.0,0.87632626,0.43713692,58.010105,0.9763576,96.0,109.0,27792162.0,0.8465166,6.0,3.3317225,118.0,4.0828977,102.40863,102.0,85.0,33.0,2.7668254,102.54455,0.036600955,27792162.0,0.6025567,27.857996,0.086300306,0.78240746,3.138932,0.086300306,0.42399865,0.078852564,0.9568499,0.9568499,-0.5172665,0.7634749,0.086300306,1.7273607,0.5245332,1.2532456,0.78240746,1.6059152,1778.4869,0.1898017,1592.5574,0.19872166,0.45516458,3.1793416,176.42908,644.6844,59.36525,0.59574467,5.0832143,18.524822,0.10669693,88.58831,0.1478676,0.33404154,0.101324126,2.6170213,176.42908,644.6844,59.36525,0.59574467,18.524822,0.1478676,0.33404154,0.101324126,,Dead
